subjectSlug,chapterSlug,chapterTitle,topicSlug,topicTitle,_id,answer,difficulty,dueAt,isDue,lapseCount,lastRating,lastReviewedAt,locked,nextReviewLabel,prompt,reps,scheduledDays,sectionId,sectionLabel,stability,state,explanation,sourceRef
"biology-11","02-molecular-biology","Molecular Biology","2-1-biochemistry-molecular-biology","2.1 Biochemistry and Molecular Biology","k573bt4yvpnxvts868m8az2d5n85q6np","Biochemistry is the study of the composition, structure, and chemical processes of living organisms. It is a sub-discipline of both **biology** and **chemistry**, applying chemical principles to understand biological problems.",,,"true",,,,"false",,"Define Biochemistry and state which two disciplines it bridges.",,,"biochemistry","Biochemistry",,"new",,
"biology-11","02-molecular-biology","Molecular Biology","2-1-biochemistry-molecular-biology","2.1 Biochemistry and Molecular Biology","k572mn65dx9rtft9a22pqrea5x85qhms","**Organic compounds** contain carbon–hydrogen (C–H) bonds; examples include carbohydrates, lipids, proteins, and nucleic acids. **Inorganic compounds** lack C–H bonds; examples include water ($H_2O$), $CO_2$, acids, bases, and salts.",,,"true",,,,"false",,"Differentiate between organic and inorganic compounds found in living organisms, with examples.",,,"biochemistry","Biochemistry",,"new",,
"biology-11","02-molecular-biology","Molecular Biology","2-1-biochemistry-molecular-biology","2.1 Biochemistry and Molecular Biology","k575sc319vxv8c29v52x7n3mg58cv8dp","Carbon forms four covalent bonds and stable chains and rings, allowing the structural diversity of carbohydrates, lipids, proteins and nucleic acids.",,,"true",,,,"false",,"Why is carbon central to biological molecules?",,,"biochemistry","Biochemistry",,"new","Carbon forms four covalent bonds and stable chains and rings, allowing the structural diversity of carbohydrates, lipids, proteins and nucleic acids.",
"biology-11","02-molecular-biology","Molecular Biology","2-1-biochemistry-molecular-biology","2.1 Biochemistry and Molecular Biology","k57an3eqww9dzvckr034f10cjx8cv7qm","Carbohydrates mainly provide energy and structural material; lipids store energy and form membranes; proteins perform catalytic and structural roles; nucleic acids store and express genetic information.",,,"true",,,,"false",,"How do the major biological molecules differ in structure and function?",,,"comparison-table","Comparison Table",,"new","Carbohydrates mainly provide energy and structural material; lipids store energy and form membranes; proteins perform catalytic and structural roles; nucleic acids store and express genetic information.",
"biology-11","02-molecular-biology","Molecular Biology","2-1-biochemistry-molecular-biology","2.1 Biochemistry and Molecular Biology","k57cgp0872p8nn4dw7kkt0v3dd85pqxs","Carbon is **tetravalent**, it can form four stable covalent bonds with other atoms (C, H, O, N, S). This allows carbon to form straight chains, branched chains, and ring structures, creating the complex molecular skeletons of all organic biological molecules.",,,"true",,,,"false",,"Why is carbon considered the 'backbone' element of all organic molecules?",,,"importance-of-carbon","Importance of Carbon",,"new",,
"biology-11","02-molecular-biology","Molecular Biology","2-1-biochemistry-molecular-biology","2.1 Biochemistry and Molecular Biology","k573760h1fx0tkeczvmtwegffx8ctt55","Molecular biology studies the molecular basis of biological processes, especially DNA, RNA, protein synthesis and gene regulation.",,,"true",,,,"false",,"What does molecular biology study?",,,"molecular-biology","Molecular Biology",,"new","Molecular biology studies the molecular basis of biological processes, especially DNA, RNA, protein synthesis and gene regulation.",
"biology-11","02-molecular-biology","Molecular Biology","2-1-biochemistry-molecular-biology","2.1 Biochemistry and Molecular Biology","k5719er4pfbq1sfbg5jfe01t4s8cvqf2","Biochemistry focuses on chemical reactions and molecules of life, while molecular biology emphasizes information flow and regulation in cells.",,,"true",,,,"false",,"How do biochemistry and molecular biology differ?",,,"molecular-biology","Molecular Biology",,"new","Biochemistry focuses on chemical reactions and molecules of life, while molecular biology emphasizes information flow and regulation in cells.",
"biology-11","02-molecular-biology","Molecular Biology","2-2-different-types-of-bonds-and-interactions-found-in-biological-molecules","2.2 Different Types of Bonds and Interactions in Biological Molecules","k57f30hvg4q50a8nwbz4v6ekdd85q0d9","A covalent bond involves the sharing of electron pairs between atoms (e.g., C–H in glucose). An ionic bond involves the complete transfer of electrons from one atom to another, creating oppositely charged ions held together by electrostatic attraction (e.g., salt bridges in proteins).",,,"true",,,,"false",,"What is the fundamental difference between an ionic bond and a covalent bond in biological systems?",,,"chemical-bonds","Chemical Bonds",,"new",,
"biology-11","02-molecular-biology","Molecular Biology","2-2-different-types-of-bonds-and-interactions-found-in-biological-molecules","2.2 Different Types of Bonds and Interactions in Biological Molecules","k5701ppyqa1j0net60a1z8s3ws85qsft","A disulfide bridge is a strong covalent bond formed between the sulfur atoms of two cysteine amino acid residues (–S–S–). It significantly stabilizes the tertiary and quaternary structures of proteins by cross-linking polypeptide chains or regions within a single chain.",,,"true",,,,"false",,"What is a disulfide bridge (disulfide bond) and what role does it play in protein structure?",,,"chemical-bonds","Chemical Bonds",,"new",,
"biology-11","02-molecular-biology","Molecular Biology","2-2-different-types-of-bonds-and-interactions-found-in-biological-molecules","2.2 Different Types of Bonds and Interactions in Biological Molecules","k57e1xej5qd2wza9zxqnt58hts8ctvc0","A covalent bond forms when atoms share electron pairs; it is a strong interaction that helps build biological molecules.",,,"true",,,,"false",,"What is a covalent bond?",,,"chemical-bonds","Chemical Bonds",,"new",,
"biology-11","02-molecular-biology","Molecular Biology","2-2-different-types-of-bonds-and-interactions-found-in-biological-molecules","2.2 Different Types of Bonds and Interactions in Biological Molecules","k57cbyrn1h7mmzd7bt9686v7an85ppxx","A weak electrostatic attraction between a partially positive hydrogen atom (covalently bonded to an electronegative atom like O or N) and a lone pair on a neighboring electronegative atom. Examples: (1) DNA base pairing, A–T (2 H-bonds) and G–C (3 H-bonds); (2) stabilization of alpha-helices and beta-sheets in proteins.",,,"true",,,,"false",,"Define hydrogen bonding in biological molecules and give two examples of its importance.",,,"intermolecular-and-intramolecular-interactions","Intermolecular and Intramolecular Interactions",,"new",,
"biology-11","02-molecular-biology","Molecular Biology","2-2-different-types-of-bonds-and-interactions-found-in-biological-molecules","2.2 Different Types of Bonds and Interactions in Biological Molecules","k57dsq5pgd85sqtqnts8111ab985pk9v","Hydrophobic interactions occur when nonpolar molecules or groups cluster together in an aqueous environment to minimize contact with water. They drive: (1) protein folding, nonpolar amino acids are buried in the protein core; (2) lipid bilayer formation, hydrophobic tails of phospholipids face inward, away from water.",,,"true",,,,"false",,"What are hydrophobic interactions and what two major biological structures do they drive?",,,"intermolecular-and-intramolecular-interactions","Intermolecular and Intramolecular Interactions",,"new",,
"biology-11","02-molecular-biology","Molecular Biology","2-2-different-types-of-bonds-and-interactions-found-in-biological-molecules","2.2 Different Types of Bonds and Interactions in Biological Molecules","k57bjytw02ykbv9nk81s24fy9d85qfkk","Van der Waals forces are weak, short-range attractions between nonpolar molecules caused by temporary dipoles arising from the movement of electrons. Although individually very weak, they collectively contribute to: stabilizing the interior (tertiary structure) of proteins and the stacking of base pairs in DNA.",,,"true",,,,"false",,"What are Van der Waals forces and what is their biological significance?",,,"intermolecular-and-intramolecular-interactions","Intermolecular and Intramolecular Interactions",,"new",,
"biology-11","02-molecular-biology","Molecular Biology","2-2-different-types-of-bonds-and-interactions-found-in-biological-molecules","2.2 Different Types of Bonds and Interactions in Biological Molecules","k57fj4c86401xbxsp79vga8gyd8cvdfx","Intramolecular bonds hold atoms together within a molecule; intermolecular interactions act between molecules and influence properties such as boiling and solubility.",,,"true",,,,"false",,"What is the difference between intra- and intermolecular interactions?",,,"intermolecular-and-intramolecular-interactions","Intermolecular and Intramolecular Interactions",,"new","Intramolecular bonds hold atoms together within a molecule; intermolecular interactions act between molecules and influence properties such as boiling and solubility.",
"biology-11","02-molecular-biology","Molecular Biology","2-2-different-types-of-bonds-and-interactions-found-in-biological-molecules","2.2 Different Types of Bonds and Interactions in Biological Molecules","k5729vy5889x79x8e4gzn07rbd8cvcpx","A covalent bond forms when atoms share electron pairs; it is a strong interaction that helps build biological molecules.",,,"true",,,,"false",,"What is a covalent bond?",,,"summary-table","Summary Table",,"new","A covalent bond forms when atoms share electron pairs; it is a strong interaction that helps build biological molecules.",
"biology-11","02-molecular-biology","Molecular Biology","2-3-protoplasm-and-biological-molecules","2.3 Protoplasm and Biological Molecules","k577tzqwhmc4c96azte4yk40bs85pxap","Metabolism is the sum total of all chemical reactions occurring within a cell. It includes: (1) Anabolism, synthesis of complex molecules from simpler ones (requires energy); (2) Catabolism, breakdown of complex molecules into simpler ones (releases energy).",,,"true",,,,"false",,"Define 'Metabolism' and name its two sub-processes.",,,"chemical-composition-of-protoplasm","Chemical Composition of Protoplasm",,"new",,
"biology-11","02-molecular-biology","Molecular Biology","2-3-protoplasm-and-biological-molecules","2.3 Protoplasm and Biological Molecules","k57f3gncbbeahpqq7k7g20v91h8cv5q6","Protoplasm contains water, inorganic ions and organic molecules such as carbohydrates, lipids, proteins and nucleic acids.",,,"true",,,,"false",,"What is protoplasm made of?",,,"chemical-composition-of-protoplasm","Chemical Composition of Protoplasm",,"new","Protoplasm contains water, inorganic ions and organic molecules such as carbohydrates, lipids, proteins and nucleic acids.",
"biology-11","02-molecular-biology","Molecular Biology","2-3-protoplasm-and-biological-molecules","2.3 Protoplasm and Biological Molecules","k573syp8h0rnk1zj9rm0hkq1pn85qzbh","The four major organic biomolecules are: (1) Carbohydrates, primary fuel for metabolism; (2) Lipids, reserved energy source and membrane components; (3) Proteins, structural and functional molecules including enzymes; (4) Nucleic Acids (DNA/RNA), carry and transmit genetic information.",,,"true",,,,"false",,"What are the four major types of organic biological molecules (biomolecules) found in all cells?",,,"fundamental-biological-molecules","Fundamental Biological Molecules",,"new",,
"biology-11","02-molecular-biology","Molecular Biology","2-3-protoplasm-and-biological-molecules","2.3 Protoplasm and Biological Molecules","k575a9s0qm68gy9pgc17ryfgh985p8ne","Micromolecules have low molecular weight (e.g., $H_2O$, amino acids, glucose) and are often monomeric building blocks. Macromolecules have high molecular weight (e.g., proteins, polysaccharides, DNA) and are formed by polymerization of micromolecules.",,,"true",,,,"false",,"Differentiate between Micromolecules and Macromolecules in a biological context.",,,"fundamental-biological-molecules","Fundamental Biological Molecules",,"new",,
"biology-11","02-molecular-biology","Molecular Biology","2-3-protoplasm-and-biological-molecules","2.3 Protoplasm and Biological Molecules","k571r43j1x6y0zjf5bj04s467n85pw74","Both bacterial and mammalian cells are composed of approximately 70% water, highlighting its universal importance as the primary biological solvent and medium for biochemical reactions.",,,"true",,,,"false",,"What percentage of water is found in both a typical bacterial cell and a mammalian cell?",,,"fundamental-biological-molecules","Fundamental Biological Molecules",,"new",,
"biology-11","02-molecular-biology","Molecular Biology","2-3-protoplasm-and-biological-molecules","2.3 Protoplasm and Biological Molecules","k5735zpt21jvnhrcwkgfqctjch8cte0w","The four major classes are carbohydrates, lipids, proteins and nucleic acids, each with characteristic structures and cellular roles.",,,"true",,,,"false",,"Which biological molecules are fundamental to cells?",,,"fundamental-biological-molecules","Fundamental Biological Molecules",,"new","The four major classes are carbohydrates, lipids, proteins and nucleic acids, each with characteristic structures and cellular roles.",
"biology-11","02-molecular-biology","Molecular Biology","2-3-protoplasm-and-biological-molecules","2.3 Protoplasm and Biological Molecules","k570pcftgbhnqejnyq2pzhjjd585pgcm","Protoplasm is the living content of a cell surrounded by the plasma membrane. It consists of the Nucleoplasm (inside the nucleus) and the Cytoplasm (between the nucleus and plasma membrane). Thomas Huxley called it the 'physical basis of life.'",,,"true",,,,"false",,"What is Protoplasm and what are its two main components?",,,"protoplasm","Protoplasm",,"new",,
"biology-11","02-molecular-biology","Molecular Biology","2-4-condensation-and-hydrolysis","2.4 Condensation and Hydrolysis","k579bn4cwwhv5k3ba9jygemhcn85pjb7","Condensation is an anabolic reaction where two or more monomers are joined to form a larger molecule (dimer or polymer) with the removal of a water molecule ($H_2O$). It requires specific enzymes and energy-rich (activated) monomers.",,,"true",,,,"false",,"Define Condensation (Dehydration Synthesis) in the context of biological macromolecules.",,,"condensation-dehydration-synthesis","Condensation (Dehydration Synthesis)",,"new",,
"biology-11","02-molecular-biology","Molecular Biology","2-4-condensation-and-hydrolysis","2.4 Condensation and Hydrolysis","k57ch13my6ey434npjcegzx6b185p56p","The amino group ($-NH_2$) of one amino acid reacts with the carboxyl group ($-COOH$) of another. The $-OH$ is removed from the carboxyl group and $-H$ from the amino group, releasing one water molecule ($H_2O$) and forming a peptide bond ($-CO-NH-$).",,,"true",,,,"false",,"Which functional groups are involved in the condensation reaction that forms a peptide bond between two amino acids?",,,"condensation-dehydration-synthesis","Condensation (Dehydration Synthesis)",,"new",,
"biology-11","02-molecular-biology","Molecular Biology","2-4-condensation-and-hydrolysis","2.4 Condensation and Hydrolysis","k577ak345tagewbpvbnw6815k585qkh4","In **condensation**, water is a *byproduct*, it is released when a covalent bond forms between monomers (dehydration). In **hydrolysis**, water is a *reactant*, it is consumed to break a covalent bond between monomers.",,,"true",,,,"false",,"How does the role of water differ between condensation and hydrolysis?",,,"condensation-dehydration-synthesis","Condensation (Dehydration Synthesis)",,"new",,
"biology-11","02-molecular-biology","Molecular Biology","2-4-condensation-and-hydrolysis","2.4 Condensation and Hydrolysis","k576ffa0h1qertwm1yv80w477h85pkzp","Hydrolysis is a catabolic reaction that breaks down polymers into monomers by the addition of a water molecule ($H_2O$). The water splits into $-OH$ and $-H$, which attach to the separated monomers. It requires specific hydrolase enzymes and releases energy.",,,"true",,,,"false",,"What is Hydrolysis and what is its primary requirement?",,,"hydrolysis","Hydrolysis",,"new",,
"biology-11","02-molecular-biology","Molecular Biology","2-4-condensation-and-hydrolysis","2.4 Condensation and Hydrolysis","k578fbwj58kr9hjee0t734bthh85qvx7","The digestion of starch (amylose) into alpha-glucose monomers in the digestive tract is a classic example of hydrolysis. The enzyme **amylase** catalyzes this reaction. More broadly, proteases hydrolyze proteins into amino acids, and lipases hydrolyze lipids into fatty acids and glycerol.",,,"true",,,,"false",,"Give a biological example of hydrolysis and name the enzyme involved.",,,"hydrolysis","Hydrolysis",,"new",,
"biology-11","02-molecular-biology","Molecular Biology","2-4-condensation-and-hydrolysis","2.4 Condensation and Hydrolysis","k57cshzhtaa7s859d08k6gg85n8cvnqd","Condensation joins monomers by removing water; hydrolysis breaks a bond by adding water.",,,"true",,,,"false",,"How do condensation and hydrolysis differ?",,,"hydrolysis","Hydrolysis",,"new","Condensation joins monomers by removing water; hydrolysis breaks a bond by adding water.",
"biology-11","02-molecular-biology","Molecular Biology","2-5-water-as-medium-of-life","2.5 Water as a Medium of Life","k574jmyg277ybazbsxkgd7pdc985prqe","Due to its polarity, water molecules orient their partial charges around ions and polar molecules, forming hydration shells that keep solutes in solution. This allows nearly all biochemical reactions in cells to occur in an aqueous medium.",,,"true",,,,"false",,"Why is water considered a 'Universal Solvent' for polar and ionic substances?",,,"properties-of-water","Properties of Water",,"new",,
"biology-11","02-molecular-biology","Molecular Biology","2-5-water-as-medium-of-life","2.5 Water as a Medium of Life","k570grnb8nqvpdp6rzq5n5es1d85q6mq","Cohesion (attraction between water molecules) keeps the water column intact, while adhesion (attraction to xylem walls) prevents it from falling back. Together they enable water to move upward through xylem against gravity via transpiration pull.",,,"true",,,,"false",,"How do cohesion and adhesion of water molecules enable transport in plants?",,,"properties-of-water","Properties of Water",,"new",,
"biology-11","02-molecular-biology","Molecular Biology","2-5-water-as-medium-of-life","2.5 Water as a Medium of Life","k5780c1jhyj8a53wzajrgngj0985pke4","Water's specific heat capacity is 1 Cal/g/°C (4.18 J/g/°C). A large amount of heat must first break hydrogen bonds before temperature rises. This allows water to act as a temperature buffer, protecting organisms from rapid thermal changes and helping maintain homeostasis.",,,"true",,,,"false",,"What is the specific heat capacity of water and what is its biological significance?",,,"properties-of-water","Properties of Water",,"new",,
"biology-11","02-molecular-biology","Molecular Biology","2-5-water-as-medium-of-life","2.5 Water as a Medium of Life","k570wcp8ks45zwe02sa0qwezqn85q4qm","Water's heat of vaporization is 574 calories/gram. Significant energy is needed to break hydrogen bonds and convert liquid water to vapor. Biologically, evaporation of sweat or water from leaves carries away large amounts of body heat, providing efficient cooling with minimal water loss.",,,"true",,,,"false",,"What is the heat of vaporization of water and what is its biological significance?",,,"properties-of-water","Properties of Water",,"new",,
"biology-11","02-molecular-biology","Molecular Biology","2-5-water-as-medium-of-life","2.5 Water as a Medium of Life","k5797j3m3g859qs24bxyapxrzx85qxpa","Hydrophobic exclusion is the tendency of non-polar (hydrophobic) molecules to aggregate and minimize contact with water. This forces the hydrophobic tails of phospholipids to face inward, away from the aqueous environment, driving spontaneous formation and maintaining the integrity of the lipid bilayer cell membrane.",,,"true",,,,"false",,"What is hydrophobic exclusion and how does it contribute to cell membrane formation?",,,"properties-of-water","Properties of Water",,"new",,
"biology-11","02-molecular-biology","Molecular Biology","2-6-carbohydrates","2.6 Carbohydrates","k57djwshx521w28jsj440fhvgs85p23x","Reducing sugars are carbohydrates that possess a free aldehyde or ketone group capable of reducing other compounds (e.g., Benedict's or Fehling's solution). All monosaccharides are reducing sugars. Example: glucose, fructose, galactose.",,,"true",,,,"false",,"What are Reducing Sugars? Give an example.",,,,,,"new",,
"biology-11","02-molecular-biology","Molecular Biology","2-6-carbohydrates","2.6 Carbohydrates","k579n0fgt5sxftjtr2jbjmrp9s85qm3s","Amylose is an unbranched polymer of glucose with $\alpha(1\rightarrow4)$ glycosidic linkages; it is soluble in hot water and gives a deep blue colour with iodine. Amylopectin is a branched polymer with both $\alpha(1\rightarrow4)$ and $\alpha(1\rightarrow6)$ linkages; it is insoluble in water.",,,"true",,,,"false",,"Differentiate between Amylose and Amylopectin.",,,,,,"new",,
"biology-11","02-molecular-biology","Molecular Biology","2-6-carbohydrates","2.6 Carbohydrates","k573bxwxhgtqv8bvhnb8yv60n985qz8m","Humans lack the enzyme cellulase required to hydrolyze the $\beta(1\rightarrow4)$ glycosidic linkages present in cellulose. As a result, cellulose passes through the digestive tract as dietary fibre.",,,"true",,,,"false",,"Why is cellulose indigestible by humans?",,,,,,"new",,
"biology-11","02-molecular-biology","Molecular Biology","2-6-carbohydrates","2.6 Carbohydrates","k574b5xp52sny0tvafap52zh2x85qpah","Carbohydrates are organic compounds that are either polyhydroxy aldehydes or polyhydroxy ketones (monosaccharides), or complex derivatives which upon hydrolysis yield polyhydroxy aldehydes or ketones. They consist of C, H, and O in an approximate ratio of $1:2:1$.",,,"true",,,,"false",,"Define carbohydrates according to their modern chemical definition.",,,"chemical-nature-of-carbohydrates","Chemical Nature of Carbohydrates",,"new",,
"biology-11","02-molecular-biology","Molecular Biology","2-6-carbohydrates","2.6 Carbohydrates","k572j18dg9wnqfjvap6ddmjrjs85qcr6","A glycosidic bond is a C–O–C covalent linkage formed between two monosaccharides through a condensation (dehydration synthesis) reaction, with the removal of one water molecule.",,,"true",,,,"false",,"What is a glycosidic bond and how is it formed?",,,"classification-of-carbohydrates","Classification of Carbohydrates",,"new",,
"biology-11","02-molecular-biology","Molecular Biology","2-6-carbohydrates","2.6 Carbohydrates","k57aje1xzmvady385c6rr3e25n8ct6sh","Carbohydrates are classified as monosaccharides, disaccharides, oligosaccharides or polysaccharides according to the number of sugar units.",,,"true",,,,"false",,"How are carbohydrates classified?",,,"classification-of-carbohydrates","Classification of Carbohydrates",,"new","Carbohydrates are classified as monosaccharides, disaccharides, oligosaccharides or polysaccharides according to the number of sugar units.",
"biology-11","02-molecular-biology","Molecular Biology","2-6-carbohydrates","2.6 Carbohydrates","k5738tzd469veqhfk62dk3k0458cv3dw","Carbohydrates provide immediate energy, store energy as starch or glycogen and contribute structural materials such as cellulose and chitin.",,,"true",,,,"false",,"What are the main functions of carbohydrates?",,,"classification-of-carbohydrates","Classification of Carbohydrates",,"new","Carbohydrates provide immediate energy, store energy as starch or glycogen and contribute structural materials such as cellulose and chitin.",
"biology-11","02-molecular-biology","Molecular Biology","2-6-carbohydrates","2.6 Carbohydrates","k5702059et73zraafg4cxzmxsx8cvp1d","They provide readily available energy, store energy as starch or glycogen, and contribute structural material such as cellulose and chitin.",,,"true",,,,"false",,"Why are carbohydrates important to living cells?",,,"possible-questions-and-answers","Possible Questions and Answers",,"new","They provide readily available energy, store energy as starch or glycogen, and contribute structural material such as cellulose and chitin.",
"biology-11","02-molecular-biology","Molecular Biology","2-7-monosaccharides","2.7 Monosaccharides","k57egxkp2m6q2tt2h43ff1ncgh85qrq7","The general formula is $(CH_2O)_n$, where $n$ ranges from 3 to 7. Chemically, they are either polyhydroxy aldehydes (aldoses) or polyhydroxy ketones (ketoses).",,,"true",,,,"false",,"What is the general formula for monosaccharides and what is their defining chemical nature?",,,"chemical-structures-of-monosaccharides","Chemical Structures of Monosaccharides",,"new",,
"biology-11","02-molecular-biology","Molecular Biology","2-7-monosaccharides","2.7 Monosaccharides","k5722pc7y9f1a140xd6zhde8s585qwgw","A furanose is a 5-membered ring (4 carbons + 1 oxygen) formed by pentoses (e.g., ribofuranose) and ketohexoses (e.g., fructose). A pyranose is a 6-membered ring (5 carbons + 1 oxygen) formed by aldohexoses (e.g., glucopyranose).",,,"true",,,,"false",,"What is the difference between a furanose and a pyranose ring structure in monosaccharides?",,,"chemical-structures-of-monosaccharides","Chemical Structures of Monosaccharides",,"new",,
"biology-11","02-molecular-biology","Molecular Biology","2-7-monosaccharides","2.7 Monosaccharides","k5715fkgbrqfkcn26zp7sx4r1x85qsfs","An Aldose contains an aldehyde group ($-CHO$) at the first carbon (e.g., Glucose, Ribose), while a Ketose contains a ketone group ($C=O$) usually at the second carbon (e.g., Fructose, Ribulose).",,,"true",,,,"false",,"Differentiate between an Aldose and a Ketose sugar.",,,"classification-of-monosaccharides","Classification of Monosaccharides",,"new",,
"biology-11","02-molecular-biology","Molecular Biology","2-7-monosaccharides","2.7 Monosaccharides","k5792etz5atebm48am260m3wa985qbvd","Trioses ($C_3$), Pentoses ($C_5$), and Hexoses ($C_6$). Hexoses like Glucose and Fructose are the most abundant. Pentoses like Ribose and Deoxyribose are components of RNA and DNA respectively.",,,"true",,,,"false",,"What are the most common monosaccharides found in nature based on carbon count?",,,"classification-of-monosaccharides","Classification of Monosaccharides",,"new",,
"biology-11","02-molecular-biology","Molecular Biology","2-7-monosaccharides","2.7 Monosaccharides","k57946y2sn795j9nvvez645q358cvb70","They may be classified by carbon number as trioses, tetroses, pentoses, hexoses and heptoses, and by aldehyde or ketone groups.",,,"true",,,,"false",,"How are monosaccharides classified?",,,"classification-of-monosaccharides","Classification of Monosaccharides",,"new","They may be classified by carbon number as trioses, tetroses, pentoses, hexoses and heptoses, and by aldehyde or ketone groups.",
"biology-11","02-molecular-biology","Molecular Biology","2-7-monosaccharides","2.7 Monosaccharides","k573bvhk6hm4vf5qzxtvzy2g0x8cte6n","A monosaccharide is a single sugar unit that cannot be hydrolysed into a simpler carbohydrate.",,,"true",,,,"false",,"What is a monosaccharide?",,,"definition","Definition",,"new","A monosaccharide is a single sugar unit that cannot be hydrolysed into a simpler carbohydrate.",
"biology-11","02-molecular-biology","Molecular Biology","2-7-monosaccharides","2.7 Monosaccharides","k57eq9ayggr5rzh7zbb5rp9thh85q05r","They possess a free aldehyde or ketone group (carbonyl group) that can donate electrons to other molecules (reducing them), such as in Benedict's or Fehling's tests, while the monosaccharide itself becomes oxidized.",,,"true",,,,"false",,"Why are monosaccharides called 'reducing sugars'?",,,"properties-of-monosaccharides","Properties of Monosaccharides",,"new",,
"biology-11","02-molecular-biology","Molecular Biology","2-7-monosaccharides","2.7 Monosaccharides","k57b7rrwj521xswbk73jx1bnvn8cv03k","Monosaccharides are generally soluble, sweet, crystalline reducing sugars that can form linear and ring structures.",,,"true",,,,"false",,"What properties do monosaccharides have?",,,"properties-of-monosaccharides","Properties of Monosaccharides",,"new","Monosaccharides are generally soluble, sweet, crystalline reducing sugars that can form linear and ring structures.",
"biology-11","02-molecular-biology","Molecular Biology","2-8-isomers-and-stereoisomers-of-glucose","2.8 Isomers and Stereoisomers of Glucose","k576rcbpb8qhtxz7th0kcptc5h85qhze","L-sugars taste sweet but cannot be metabolized by human digestive enzymes, which are **stereospecific** and only recognize D-isomers. Therefore, L-sugars provide sweetness with zero caloric value.",,,"true",,,,"false",,"Why are L-isomers of sugars often used as artificial sweeteners?",,,"biological-significance","Biological Significance",,"new",,
"biology-11","02-molecular-biology","Molecular Biology","2-8-isomers-and-stereoisomers-of-glucose","2.8 Isomers and Stereoisomers of Glucose","k57dp4s0j4bs1tr7559djhp60x85pcdd","Stereoisomers are molecules with the same molecular formula and sequence of bonded atoms but different three-dimensional spatial arrangements. In glucose, this arises from asymmetric (chiral) carbon atoms. The number of possible stereoisomers is $2^n$, where $n$ is the number of asymmetric carbons.",,,"true",,,,"false",,"What are stereoisomers in the context of glucose?",,,"stereoisomerism-in-glucose","Stereoisomerism in Glucose",,"new",,
"biology-11","02-molecular-biology","Molecular Biology","2-8-isomers-and-stereoisomers-of-glucose","2.8 Isomers and Stereoisomers of Glucose","k57f7qwdwc81z1n6cpxdsccbr985pa6x","Glucose has 4 chiral (asymmetric) carbon atoms: $C_2$, $C_3$, $C_4$, and $C_5$. Using the formula $2^n = 2^4 = 16$, glucose can have 16 possible stereoisomers.",,,"true",,,,"false",,"How many chiral centers does an open-chain glucose molecule have, and how many stereoisomers does this produce?",,,"stereoisomerism-in-glucose","Stereoisomerism in Glucose",,"new",,
"biology-11","02-molecular-biology","Molecular Biology","2-8-isomers-and-stereoisomers-of-glucose","2.8 Isomers and Stereoisomers of Glucose","k57cge5cwgepnn0sjbcb5fdm5n85pm3e","Anomers are cyclic stereoisomers that differ only at the anomeric carbon ($C_1$). In **α-glucose**, the $-OH$ group on $C_1$ points *downward* (same side as the ring oxygen). In **β-glucose**, the $-OH$ group on $C_1$ points *upward* (opposite side to the ring oxygen).",,,"true",,,,"false",,"What are alpha (α) and beta (β) anomers of glucose, and how do they differ?",,,"stereoisomerism-in-glucose","Stereoisomerism in Glucose",,"new",,
"biology-11","02-molecular-biology","Molecular Biology","2-8-isomers-and-stereoisomers-of-glucose","2.8 Isomers and Stereoisomers of Glucose","k5757ryv0zjvdzfbpcn926hfvd85qfv3","D-glucose and L-glucose are **enantiomers** (non-superimposable mirror images). The distinction is based on the penultimate carbon ($C_5$): in **D-glucose**, the $-OH$ group is on the *right*; in **L-glucose**, it is on the *left*. D-glucose is the naturally occurring form used in metabolism.",,,"true",,,,"false",,"Differentiate between D-glucose and L-glucose.",,,"stereoisomerism-in-glucose","Stereoisomerism in Glucose",,"new",,
"biology-11","02-molecular-biology","Molecular Biology","2-8-isomers-and-stereoisomers-of-glucose","2.8 Isomers and Stereoisomers of Glucose","k57f2th207f4zeqv1bcetkwam58cvbec","Different stereoisomers can interact differently with enzymes and receptors, so their biological roles and digestibility may differ.",,,"true",,,,"false",,"Why are glucose stereoisomers biologically significant?",,,"stereoisomerism-in-glucose","Stereoisomerism in Glucose",,"new","Different stereoisomers can interact differently with enzymes and receptors, so their biological roles and digestibility may differ.",
"biology-11","02-molecular-biology","Molecular Biology","2-9-properties-and-roles-of-disaccharides","2.9 Properties and Roles of Disaccharides","k576eytbnhzfecfd94e364ydhx8ctxrt","Disaccharides provide transportable or dietary energy and are hydrolysed to monosaccharides before absorption or metabolism.",,,"true",,,,"false",,"Why are disaccharides important?",,,"biological-significance","Biological Significance",,"new","Disaccharides provide transportable or dietary energy and are hydrolysed to monosaccharides before absorption or metabolism.",
"biology-11","02-molecular-biology","Molecular Biology","2-9-properties-and-roles-of-disaccharides","2.9 Properties and Roles of Disaccharides","k573hj2b0n2pskhbd99nfv2hyh8ctgxt","Disaccharides contain two monosaccharides joined by a glycosidic bond and can be hydrolysed into their component sugars.",,,"true",,,,"false",,"What are general properties of disaccharides?",,,"general-properties","General Properties",,"new","Disaccharides contain two monosaccharides joined by a glycosidic bond and can be hydrolysed into their component sugars.",
"biology-11","02-molecular-biology","Molecular Biology","2-9-properties-and-roles-of-disaccharides","2.9 Properties and Roles of Disaccharides","k57f2hrv2p96x66fnq1ex2jyvd85q0bx","A disaccharide is a sugar formed when two monosaccharides join via a glycosidic bond through a condensation reaction (dehydration synthesis), releasing one water molecule.",,,"true",,,,"false",,"What is a disaccharide and how is it formed?",,,"types-of-disaccharides","Types of Disaccharides",,"new",,
"biology-11","02-molecular-biology","Molecular Biology","2-9-properties-and-roles-of-disaccharides","2.9 Properties and Roles of Disaccharides","k576zrffmt0trqsp96dc3pgvcd85pdbh","Reducing sugars (e.g., Maltose, Lactose) have a free anomeric carbon (aldehyde or ketone group); non-reducing sugars (e.g., Sucrose) have their anomeric carbons locked in the glycosidic bond.",,,"true",,,,"false",,"Differentiate between reducing and non-reducing disaccharides.",,,"types-of-disaccharides","Types of Disaccharides",,"new",,
"biology-11","02-molecular-biology","Molecular Biology","2-9-properties-and-roles-of-disaccharides","2.9 Properties and Roles of Disaccharides","k5752zqq8th48xyevddgnzj46d85pzg5","Sucrose: Glucose + Fructose; Maltose: Glucose + Glucose; Lactose: Glucose + Galactose.",,,"true",,,,"false",,"What are the constituent monomers of Sucrose, Maltose, and Lactose?",,,"types-of-disaccharides","Types of Disaccharides",,"new",,
"biology-11","02-molecular-biology","Molecular Biology","2-9-properties-and-roles-of-disaccharides","2.9 Properties and Roles of Disaccharides","k57ebc018m4wyp4dqkq77yz5jx85qfh4","Sucrose is highly soluble and chemically non-reactive (non-reducing), making it ideal for transport through the phloem without reacting with other metabolites.",,,"true",,,,"false",,"Why is Sucrose the primary transport sugar in plants?",,,"types-of-disaccharides","Types of Disaccharides",,"new",,
"biology-11","02-molecular-biology","Molecular Biology","2-9-properties-and-roles-of-disaccharides","2.9 Properties and Roles of Disaccharides","k574e8hepp0jf6jdfw1h1qja5h85pmzf","Maltose contains an $\alpha(1 \rightarrow 4)$ glycosidic linkage between two $\alpha$-D-glucose units.",,,"true",,,,"false",,"What is the specific glycosidic linkage found in Maltose?",,,"types-of-disaccharides","Types of Disaccharides",,"new",,
"biology-11","02-molecular-biology","Molecular Biology","2-9-properties-and-roles-of-disaccharides","2.9 Properties and Roles of Disaccharides","k574vms2t725a9z4sp769zsgkn8cvhmr","Sucrose, maltose and lactose form when specific monosaccharides join by condensation reactions with characteristic glycosidic linkages.",,,"true",,,,"false",,"How are common disaccharides formed?",,,"types-of-disaccharides","Types of Disaccharides",,"new","Sucrose, maltose and lactose form when specific monosaccharides join by condensation reactions with characteristic glycosidic linkages.",
"biology-11","02-molecular-biology","Molecular Biology","2-9-properties-and-roles-of-disaccharides","2.9 Properties and Roles of Disaccharides","k57b4t2n83vynn0858tz9z41q98cvyj6","Two monosaccharides join by a condensation reaction forming a glycosidic bond; hydrolysis uses water to break that bond.",,,"true",,,,"false",,"How are disaccharides formed and broken down?",,,"types-of-disaccharides","Types of Disaccharides",,"new","Two monosaccharides join by a condensation reaction forming a glycosidic bond; hydrolysis uses water to break that bond.",
"biology-11","02-molecular-biology","Molecular Biology","2-10-glycosidic-bonds-in-disaccharides","2.10 Glycosidic Bonds in Disaccharides","k571pn1kkyq4wg64drj20q14dn8cvs4b","It is the covalent link formed when the hydroxyl groups of sugars react in condensation, joining monosaccharides into a disaccharide or polysaccharide.",,,"true",,,,"false",,"What is a glycosidic bond?",,,"glycoside","Glycoside",,"new","It is the covalent link formed when the hydroxyl groups of sugars react in condensation, joining monosaccharides into a disaccharide or polysaccharide.",
"biology-11","02-molecular-biology","Molecular Biology","2-10-glycosidic-bonds-in-disaccharides","2.10 Glycosidic Bonds in Disaccharides","k575a8vtng56aehfxrqrrw978x85q40h","A condensation reaction between two monosaccharides forms a disaccharide held together by a glycosidic bond, with the release of one water molecule ($\mathrm{H_2O}$).",,,"true",,,,"false",,"What is the result of a condensation reaction between two monosaccharides?",,,"types-of-glycosidic-linkages-in-disaccharides","Types of Glycosidic Linkages in Disaccharides",,"new",,
"biology-11","02-molecular-biology","Molecular Biology","2-10-glycosidic-bonds-in-disaccharides","2.10 Glycosidic Bonds in Disaccharides","k579ycqbpg8pgd4wjst3wj65g585p8ey","Sucrose contains an $\alpha$-1,2-glycosidic linkage formed between $\alpha$-glucose (C-1) and $\beta$-fructose (C-2). Both anomeric carbons are involved, making sucrose a non-reducing sugar.",,,"true",,,,"false",,"What specific glycosidic linkage is found in Sucrose, and what are its constituent monomers?",,,"types-of-glycosidic-linkages-in-disaccharides","Types of Glycosidic Linkages in Disaccharides",,"new",,
"biology-11","02-molecular-biology","Molecular Biology","2-10-glycosidic-bonds-in-disaccharides","2.10 Glycosidic Bonds in Disaccharides","k57fbyy64fh0j3rrgr1ms3zny185qhkg","In an $\alpha$-1,4 linkage, the C-1 hydroxyl of an $\alpha$-anomer sugar is below the ring plane (e.g., maltose: two $\alpha$-glucose units). In a $\beta$-1,4 linkage, the C-1 hydroxyl of a $\beta$-anomer sugar is above the ring plane (e.g., lactose: $\beta$-galactose + $\beta$-glucose).",,,"true",,,,"false",,"Differentiate between $\alpha$-1,4 and $\beta$-1,4 glycosidic linkages with one example each.",,,"types-of-glycosidic-linkages-in-disaccharides","Types of Glycosidic Linkages in Disaccharides",,"new",,
"biology-11","02-molecular-biology","Molecular Biology","2-10-glycosidic-bonds-in-disaccharides","2.10 Glycosidic Bonds in Disaccharides","k579xp03kpmyabdn9wed5ft3kx85qxj4","Lactose is milk sugar. It is formed by a $\beta$-1,4-glycosidic linkage between $\beta$-galactose (C-1) and $\beta$-glucose (C-4). Lactose is a reducing sugar because its glucose anomeric carbon remains free.",,,"true",,,,"false",,"Which disaccharide is known as 'milk sugar', what are its monomers, and what is its glycosidic linkage?",,,"types-of-glycosidic-linkages-in-disaccharides","Types of Glycosidic Linkages in Disaccharides",,"new",,
"biology-11","02-molecular-biology","Molecular Biology","2-10-glycosidic-bonds-in-disaccharides","2.10 Glycosidic Bonds in Disaccharides","k57e029t4aj73ksttmtt88tewn8cttzy","A glycoside is a compound in which a sugar’s anomeric carbon is bonded to another group, which may be another sugar or a non-sugar.",,,"true",,,,"false",,"What is a glycoside?",,,"types-of-glycosidic-linkages-in-disaccharides","Types of Glycosidic Linkages in Disaccharides",,"new","A glycoside is a compound in which a sugar’s anomeric carbon is bonded to another group, which may be another sugar or a non-sugar.",
"biology-11","02-molecular-biology","Molecular Biology","2-10-glycosidic-bonds-in-disaccharides","2.10 Glycosidic Bonds in Disaccharides","k57750gxzpf80tqg623tgzjk1n8cvhrg","A glycosidic bond is the covalent linkage formed when the anomeric carbon of one sugar reacts with a hydroxyl group of another molecule.",,,"true",,,,"false",,"What is a glycosidic bond?",,,"types-of-glycosidic-linkages-in-disaccharides","Types of Glycosidic Linkages in Disaccharides",,"new","A glycosidic bond is the covalent linkage formed when the anomeric carbon of one sugar reacts with a hydroxyl group of another molecule.",
"biology-11","02-molecular-biology","Molecular Biology","2-10-glycosidic-bonds-in-disaccharides","2.10 Glycosidic Bonds in Disaccharides","k57em11fet7kdjcg3vgwjcvnfd8cv86a","Reducing sugars retain a free anomeric carbon that can reduce reagents; non-reducing sugars have both anomeric carbons tied in the glycosidic bond.",,,"true",,,,"false",,"What is the difference between reducing and non-reducing sugars?",,,"types-of-glycosidic-linkages-in-disaccharides","Types of Glycosidic Linkages in Disaccharides",,"new","Reducing sugars retain a free anomeric carbon that can reduce reagents; non-reducing sugars have both anomeric carbons tied in the glycosidic bond.",
"biology-11","02-molecular-biology","Molecular Biology","2-11-polysaccharides","2.11 Polysaccharides","k57b6nfw0erdjnbeq4qfaw7wqh8cppam","A homopolysaccharide is formed by condensation of only one kind of monosaccharide (e.g. starch, glycogen, cellulose, chitin), while a heteropolysaccharide is formed from different kinds of monosaccharides (e.g. agar, pectin, peptidoglycan).",,,"true",,,,"false",,"What distinguishes a homopolysaccharide from a heteropolysaccharide?",,,"key-concepts","Key Concepts",,"new",,"{""blockIndex"":129,""chapterNumber"":2,""subjectSlug"":""biology-11""}"
"biology-11","02-molecular-biology","Molecular Biology","2-11-polysaccharides","2.11 Polysaccharides","k57awajzbejdx0cyzfkvar9sys8ctqk8","Starch stores plant energy, glycogen stores animal and fungal energy, cellulose supports plant walls and chitin supports arthropod exoskeletons and fungal walls.",,,"true",,,,"false",,"How do starch, glycogen, cellulose and chitin differ?",,,"possible-questions-and-answers","Possible Questions and Answers",,"new","Starch stores plant energy, glycogen stores animal and fungal energy, cellulose supports plant walls and chitin supports arthropod exoskeletons and fungal walls.",
"biology-11","02-molecular-biology","Molecular Biology","2-12-proteins","2.12 Proteins","k572gseq2z6tce9vc5gramenp585p4gq","Denaturation is the loss of a protein's native **three-dimensional conformation** due to extreme **pH**, high **temperature**, or chemicals, resulting in loss of biological function. The primary structure (amino acid sequence) remains intact.",,,"true",,,,"false",,"What is protein denaturation and what factors cause it?",,,,,,"new",,
"biology-11","02-molecular-biology","Molecular Biology","2-12-proteins","2.12 Proteins","k57frngtxe7zyr7wn20gwkaj5h85qndx","**Fibrous proteins** (e.g., Keratin, Collagen) are long, thread-like, water-insoluble, and serve structural roles. **Globular proteins** (e.g., Enzymes, Antibodies, Hemoglobin) are spherical, water-soluble, and serve functional/metabolic roles.",,,"true",,,,"false",,"Differentiate between Fibrous and Globular proteins with examples.",,,"classification-of-proteins","Classification of Proteins",,"new",,
"biology-11","02-molecular-biology","Molecular Biology","2-12-proteins","2.12 Proteins","k57bywd8kthe3c154bqe0jpc698ct2mw","Proteins may be classified by shape, composition or function as fibrous or globular, simple or conjugated, and structural, enzymatic or transport proteins.",,,"true",,,,"false",,"How can proteins be classified?",,,"classification-of-proteins","Classification of Proteins",,"new","Proteins may be classified by shape, composition or function as fibrous or globular, simple or conjugated, and structural, enzymatic or transport proteins.",
"biology-11","02-molecular-biology","Molecular Biology","2-12-proteins","2.12 Proteins","k57096qjw80dtdk0mq0epdvn658ct5nr","Proteins are polymers of amino acids linked by peptide bonds and fold into structures that determine their diverse functions.",,,"true",,,,"false",,"What are general characteristics of proteins?",,,"general-characteristics","General Characteristics",,"new","Proteins are polymers of amino acids linked by peptide bonds and fold into structures that determine their diverse functions.",
"biology-11","02-molecular-biology","Molecular Biology","2-12-proteins","2.12 Proteins","k57fpy10g31d47azxbpw803szs85qhxv","Primary structure is the specific **linear sequence of amino acids** in a polypeptide chain, determined by DNA. Even a single change in this sequence can cause disorders like **Sickle Cell Anemia** (Glutamic acid → Valine substitution).",,,"true",,,,"false",,"Define the Primary Structure of a protein and why is it significant?",,,"levels-of-protein-organization","Levels of Protein Organization",,"new",,
"biology-11","02-molecular-biology","Molecular Biology","2-12-proteins","2.12 Proteins","k57fyywyppfng1hjyhp7h7ss0n8cvd83","Primary structure is amino-acid sequence; secondary structure includes helices and sheets; tertiary structure is three-dimensional folding; quaternary structure joins subunits.",,,"true",,,,"false",,"What are the levels of protein organization?",,,"levels-of-protein-organization","Levels of Protein Organization",,"new","Primary structure is amino-acid sequence; secondary structure includes helices and sheets; tertiary structure is three-dimensional folding; quaternary structure joins subunits.",
"biology-11","02-molecular-biology","Molecular Biology","2-12-proteins","2.12 Proteins","k570jq67ttm4587yjhxb6axvwh85q9rt","The basic structural units are **amino acids**, which are linked together by **peptide bonds** (C-N linkage) formed through dehydration synthesis (condensation reactions).",,,"true",,,,"false",,"What is the basic structural unit (monomer) of proteins and how are these units linked together?",,,"structure-of-proteins","Structure of Proteins",,"new",,
"biology-11","02-molecular-biology","Molecular Biology","2-12-proteins","2.12 Proteins","k57bqm606fm7cytskmzszn460h85p6v6","Secondary structure involves the folding or coiling of the polypeptide chain into patterns like the **α-helix** or **β-pleated sheet**, stabilized primarily by **hydrogen bonds** between carbonyl oxygen and amino hydrogen atoms of the backbone.",,,"true",,,,"false",,"What characterizes the Secondary Structure of proteins and what bonds maintain it?",,,"structure-of-proteins","Structure of Proteins",,"new",,
"biology-11","02-molecular-biology","Molecular Biology","2-13-synthesis-and-breakage-of-peptide-linkages","2.13 Synthesis and Breakage of Peptide Linkages","k578cb12h4h45mf0tafajzq04585q72s","A covalent bond ($C-N$ link) formed between the **carboxyl group** ($-COOH$) of one amino acid and the **amino group** ($-NH_2$) of another amino acid, with the release of a water molecule.",,,"true",,,,"false",,"What is a peptide bond (peptide linkage)?",,,"peptide-bond","Peptide Bond",,"new",,
"biology-11","02-molecular-biology","Molecular Biology","2-13-synthesis-and-breakage-of-peptide-linkages","2.13 Synthesis and Breakage of Peptide Linkages","k57e7308dj4f8h11nb3bgfex8585qpat","By **condensation (dehydration synthesis)**, where a molecule of water ($H_2O$) is removed as the bond forms. This occurs on **ribosomes** during translation.",,,"true",,,,"false",,"By which process are peptide bonds synthesized, and where does this occur in the cell?",,,"peptide-bond","Peptide Bond",,"new",,
"biology-11","02-molecular-biology","Molecular Biology","2-13-synthesis-and-breakage-of-peptide-linkages","2.13 Synthesis and Breakage of Peptide Linkages","k576e7wajbt6vwtt4ywzdgwj8s85pmyx","A **dipeptide** consists of two amino acids joined by one peptide bond, with a free $-NH_2$ (N-terminal) and a free $-COOH$ (C-terminal) end. A **polypeptide** is a long chain of many amino acids joined by multiple peptide bonds.",,,"true",,,,"false",,"Differentiate between a dipeptide and a polypeptide.",,,"peptide-bond","Peptide Bond",,"new",,
"biology-11","02-molecular-biology","Molecular Biology","2-13-synthesis-and-breakage-of-peptide-linkages","2.13 Synthesis and Breakage of Peptide Linkages","k57cv30pzt40mcde8c102kqfsx85qgnt","Through **hydrolysis**, a water molecule is added to break the covalent bond. In digestion, enzymes such as **pepsin** and **trypsin** catalyse this reaction. Within cells, **lysosomal enzymes** break down proteins to recycle amino acids.",,,"true",,,,"false",,"How are peptide bonds broken down in the body, and which enzymes are involved?",,,"peptide-bond","Peptide Bond",,"new",,
"biology-11","02-molecular-biology","Molecular Biology","2-13-synthesis-and-breakage-of-peptide-linkages","2.13 Synthesis and Breakage of Peptide Linkages","k572f2fxt9s93thmhvxk1sngrn85phk7","The **carbon** atom of the carbonyl group ($C=O$) of one amino acid and the **nitrogen** atom of the amino group ($N-H$) of the next amino acid form the $C-N$ covalent peptide bond.",,,"true",,,,"false",,"Which atoms form the direct covalent link in a peptide bond?",,,"peptide-bond","Peptide Bond",,"new",,
"biology-11","02-molecular-biology","Molecular Biology","2-13-synthesis-and-breakage-of-peptide-linkages","2.13 Synthesis and Breakage of Peptide Linkages","k577kbabyw8mje6nkc1xbwe68d8ctg6j","A peptide bond forms by condensation between the carboxyl group of one amino acid and the amino group of another, releasing water.",,,"true",,,,"false",,"How is a peptide bond formed?",,,"peptide-bond","Peptide Bond",,"new","A peptide bond forms by condensation between the carboxyl group of one amino acid and the amino group of another, releasing water.",
"biology-11","02-molecular-biology","Molecular Biology","2-13-synthesis-and-breakage-of-peptide-linkages","2.13 Synthesis and Breakage of Peptide Linkages","k57b0xq51fr8ttxx1hzsf72pr18cv4w5","A dipeptide contains two amino acids joined by one peptide bond and has free amino and carboxyl ends.",,,"true",,,,"false",,"What is a dipeptide?",,,"peptide-bond","Peptide Bond",,"new","A dipeptide contains two amino acids joined by one peptide bond and has free amino and carboxyl ends.",
"biology-11","02-molecular-biology","Molecular Biology","2-13-synthesis-and-breakage-of-peptide-linkages","2.13 Synthesis and Breakage of Peptide Linkages","k570aq6fpbcephmhsnrkx6237h8ct4s6","Proteases hydrolyse peptide bonds by adding water, converting proteins or peptides into smaller peptides and amino acids.",,,"true",,,,"false",,"How are peptide bonds broken?",,,"peptide-bond","Peptide Bond",,"new","Proteases hydrolyse peptide bonds by adding water, converting proteins or peptides into smaller peptides and amino acids.",
"biology-11","02-molecular-biology","Molecular Biology","2-13-synthesis-and-breakage-of-peptide-linkages","2.13 Synthesis and Breakage of Peptide Linkages","k578thrzvt6pcyjns8g19xv3en8cts3k","Two amino acids join by condensation between the carboxyl group of one and amino group of the other, forming a peptide bond and releasing water.",,,"true",,,,"false",,"How is a dipeptide formed?",,,"peptide-bond","Peptide Bond",,"new","Two amino acids join by condensation between the carboxyl group of one and amino group of the other, forming a peptide bond and releasing water.",
"biology-11","02-molecular-biology","Molecular Biology","2-13-synthesis-and-breakage-of-peptide-linkages","2.13 Synthesis and Breakage of Peptide Linkages","k57f52ekr3bvzjrmb1xprg9q4s8cts7h","A protein’s three-dimensional conformation determines the shape of active sites and binding surfaces and therefore its function.",,,"true",,,,"false",,"Why does protein conformation matter?",,,"structural-conformations-in-proteins","Structural Conformations in Proteins",,"new","A protein’s three-dimensional conformation determines the shape of active sites and binding surfaces and therefore its function.",
"biology-11","02-molecular-biology","Molecular Biology","2-13-synthesis-and-breakage-of-peptide-linkages","2.13 Synthesis and Breakage of Peptide Linkages","k573917vmm25p177a3kpaxhj5d8ct5ct","Primary structure is the specific linear sequence of amino acids joined by peptide bonds.",,,"true",,,,"false",,"What is primary protein structure?",,,"structural-conformations-in-proteins","Structural Conformations in Proteins",,"new","Primary structure is the specific linear sequence of amino acids joined by peptide bonds.",
"biology-11","02-molecular-biology","Molecular Biology","2-13-synthesis-and-breakage-of-peptide-linkages","2.13 Synthesis and Breakage of Peptide Linkages","k57128pv6dzddxjx3qph3k1s6d8ctfss","Secondary structure includes alpha helices and beta sheets stabilized mainly by hydrogen bonds between backbone groups.",,,"true",,,,"false",,"What is secondary protein structure?",,,"structural-conformations-in-proteins","Structural Conformations in Proteins",,"new","Secondary structure includes alpha helices and beta sheets stabilized mainly by hydrogen bonds between backbone groups.",
"biology-11","02-molecular-biology","Molecular Biology","2-13-synthesis-and-breakage-of-peptide-linkages","2.13 Synthesis and Breakage of Peptide Linkages","k5746p1ajtwj2yr3zse02kxv4x8ctgr5","Tertiary structure is the overall three-dimensional folding of one polypeptide stabilized by hydrophobic interactions, ionic bonds, hydrogen bonds and disulfide bridges.",,,"true",,,,"false",,"What is tertiary protein structure?",,,"structural-conformations-in-proteins","Structural Conformations in Proteins",,"new","Tertiary structure is the overall three-dimensional folding of one polypeptide stabilized by hydrophobic interactions, ionic bonds, hydrogen bonds and disulfide bridges.",
"biology-11","02-molecular-biology","Molecular Biology","2-13-synthesis-and-breakage-of-peptide-linkages","2.13 Synthesis and Breakage of Peptide Linkages","k5774fhghfqsv76pqn8bpebsa98cteeg","Quaternary structure is the arrangement and interaction of two or more folded polypeptide subunits.",,,"true",,,,"false",,"What is quaternary protein structure?",,,"structural-conformations-in-proteins","Structural Conformations in Proteins",,"new","Quaternary structure is the arrangement and interaction of two or more folded polypeptide subunits.",
"biology-11","02-molecular-biology","Molecular Biology","2-14-significance-of-amino-acid-sequence","2.14 Significance of Amino Acid Sequence","k57638j9x9xc4n52pwtx6jj5p585qy8q","The sequence is determined by the order of nucleotides in the **DNA (gene)**. Each gene encodes the precise amino acid sequence of a polypeptide chain.",,,"true",,,,"false",,"What determines the specific sequence of amino acids in a protein?",,,,,,"new",,
"biology-11","02-molecular-biology","Molecular Biology","2-14-significance-of-amino-acid-sequence","2.14 Significance of Amino Acid Sequence","k57ewzqsyvdkc0whbwkft9178n85q915","Frederick Sanger was the first to determine the amino acid sequence of a protein, specifically the hormone **Insulin** (51 amino acids in two chains).",,,"true",,,,"false",,"Who was the first scientist to determine the amino acid sequence of a protein, and which protein was it?",,,,,,"new",,
"biology-11","02-molecular-biology","Molecular Biology","2-14-significance-of-amino-acid-sequence","2.14 Significance of Amino Acid Sequence","k576pv8bmr7wz4h9jqmzfrjbz18cvg45","Amino-acid sequence determines folding, active-site shape and interactions, so even one substitution can alter protein function.",,,"true",,,,"false",,"Why is amino-acid sequence functionally important?",,,"functional-importance","Functional Importance",,"new","Amino-acid sequence determines folding, active-site shape and interactions, so even one substitution can alter protein function.",
"biology-11","02-molecular-biology","Molecular Biology","2-14-significance-of-amino-acid-sequence","2.14 Significance of Amino Acid Sequence","k57b5h47d0qj3tmbdkk884hww185qg43","A hemoglobin molecule contains **574 amino acids** in four polypeptide chains: two alpha (α) chains with 141 amino acids each, and two beta (β) chains with 146 amino acids each ($141 \times 2 + 146 \times 2 = 574$).",,,"true",,,,"false",,"How many amino acids are present in a single hemoglobin molecule, and how are they distributed?",,,"normal-hemoglobin-hba","Normal Hemoglobin (HbA)",,"new",,
"biology-11","02-molecular-biology","Molecular Biology","2-14-significance-of-amino-acid-sequence","2.14 Significance of Amino Acid Sequence","k577jpey55bz12rk10pbas0ar185psvp","A point mutation causes **Glutamic acid** to be replaced by **Valine** at the 6th position of the beta (β) chain, producing abnormal sickle hemoglobin (HbS).",,,"true",,,,"false",,"What specific amino acid substitution in hemoglobin causes Sickle Cell Anemia?",,,"sickle-cell-anemia-and-sickle-hemoglobin-hbs","Sickle Cell Anemia and Sickle Hemoglobin (HbS)",,"new",,
"biology-11","02-molecular-biology","Molecular Biology","2-14-significance-of-amino-acid-sequence","2.14 Significance of Amino Acid Sequence","k5765nmw3czdf4ya8r8vjsphd585q8zk","HbS causes red blood cells to deform into a rigid **sickle (crescent) shape**. These cells are stiff, sticky, and fragile, they block small blood vessels, causing restricted blood flow, severe pain, tissue/organ damage, and impaired oxygen transport.",,,"true",,,,"false",,"What are the physiological consequences of the sickle cell mutation on red blood cells?",,,"sickle-cell-anemia-and-sickle-hemoglobin-hbs","Sickle Cell Anemia and Sickle Hemoglobin (HbS)",,"new",,
"biology-11","02-molecular-biology","Molecular Biology","2-14-significance-of-amino-acid-sequence","2.14 Significance of Amino Acid Sequence","k575hjck7c9r9jw0dnyaaksy9x8ctfy5","A point mutation in the beta-globin gene replaces one amino acid, causing haemoglobin to polymerize under low oxygen and distort red cells.",,,"true",,,,"false",,"What causes sickle-cell haemoglobin?",,,"sickle-cell-anemia-and-sickle-hemoglobin-hbs","Sickle Cell Anemia and Sickle Hemoglobin (HbS)",,"new","A point mutation in the beta-globin gene replaces one amino acid, causing haemoglobin to polymerize under low oxygen and distort red cells.",
"biology-11","02-molecular-biology","Molecular Biology","2-15-classification-of-proteins","2.15 Classification of Proteins","k57521zz59h38s0d433kx63dvx85p8yq","Proteins are classified into two main groups based on shape and structure: (1) Fibrous proteins, long, filament-like, insoluble in water, serve structural/contractile roles; (2) Globular proteins, spherical, soluble in water, serve metabolic, transport, and immune functions.",,,"true",,,,"false",,"What are the two main groups into which proteins are classified based on their molecular shape and structure?",,,"comparison-of-fibrous-and-globular-proteins","Comparison of Fibrous and Globular Proteins",,"new",,
"biology-11","02-molecular-biology","Molecular Biology","2-15-classification-of-proteins","2.15 Classification of Proteins","k57c0bn8y0nrga3hkw0hw4s0gx85qq49","Fibrous proteins have long, thread- or sheet-like polypeptide chains arranged in parallel. They exist in secondary structure (α-helix or β-pleated sheet), are insoluble in water, elastic in nature, cannot be crystallized, and serve structural/contractile roles. Examples: Collagen, Keratin, Actin, Myosin, Fibrinogen.",,,"true",,,,"false",,"What are the key characteristics of fibrous proteins?",,,"fibrous-proteins","Fibrous Proteins",,"new",,
"biology-11","02-molecular-biology","Molecular Biology","2-15-classification-of-proteins","2.15 Classification of Proteins","k5729pc0gwj3yzs33y81rvyp9985qxa4","Globular proteins have polypeptide chains folded into a compact spherical or ellipsoidal shape. They exist in tertiary or quaternary structure, are soluble in aqueous media, inelastic, and can be crystallized. They perform functional roles. Examples: Enzymes, Hormones (insulin), Antibodies, Hemoglobin, Channel proteins.",,,"true",,,,"false",,"Define globular proteins and list their key properties and examples.",,,"globular-proteins","Globular Proteins",,"new",,
"biology-11","02-molecular-biology","Molecular Biology","2-15-classification-of-proteins","2.15 Classification of Proteins","k572hz67ad5zt3j0sqmwpe43w985q16a","Simple proteins yield only amino acids upon complete hydrolysis (e.g., Albumin, Globulin). Conjugated proteins (proteids) consist of a simple protein united with a non-protein prosthetic group; examples include Glycoproteins (protein + carbohydrate) and Lipoproteins (protein + lipid).",,,"true",,,,"false",,"Differentiate between simple proteins and conjugated (proteids) proteins.",,,"simple-conjugated-and-derived-proteins","Simple, Conjugated, and Derived Proteins",,"new",,
"biology-11","02-molecular-biology","Molecular Biology","2-15-classification-of-proteins","2.15 Classification of Proteins","k5727tnrz2bx823y0nt33msj3x85p3h5","Derived proteins are substances formed from simple or conjugated proteins by the action of heat, enzymes, or chemical reagents. They are products of denaturation or partial hydrolysis. Examples: Proteoses, Peptones, Polypeptides.",,,"true",,,,"false",,"What are derived proteins and how are they formed?",,,"simple-conjugated-and-derived-proteins","Simple, Conjugated, and Derived Proteins",,"new",,
"biology-11","02-molecular-biology","Molecular Biology","2-15-classification-of-proteins","2.15 Classification of Proteins","k57fsb6rgp9kcxcsbretqh9b1d8ct0ae","Simple proteins yield only amino acids on hydrolysis; conjugated proteins also contain a non-protein group; derived proteins result from partial breakdown.",,,"true",,,,"false",,"How do simple, conjugated and derived proteins differ?",,,"simple-conjugated-and-derived-proteins","Simple, Conjugated, and Derived Proteins",,"new","Simple proteins yield only amino acids on hydrolysis; conjugated proteins also contain a non-protein group; derived proteins result from partial breakdown.",
"biology-11","02-molecular-biology","Molecular Biology","2-16-role-of-proteins","2.16 Role of Proteins","k57fahdamwha4665s8ky00gnyx8ct3ye","The Biuret test detects peptide bonds and produces a violet colour in the presence of proteins.",,,"true",,,,"false",,"How can proteins be detected chemically?",,,"biochemical-tests-for-proteins","Biochemical Tests for Proteins",,"new","The Biuret test detects peptide bonds and produces a violet colour in the presence of proteins.",
"biology-11","02-molecular-biology","Molecular Biology","2-16-role-of-proteins","2.16 Role of Proteins","k57dtw104z5krnbx4fc8t7v5rn85qm51","Proteins called enzymes lower the activation energy of chemical reactions, significantly increasing reaction rates without being consumed.",,,"true",,,,"false",,"How do proteins function as biological catalysts?",,,"functional-proteins","Functional Proteins",,"new",,
"biology-11","02-molecular-biology","Molecular Biology","2-16-role-of-proteins","2.16 Role of Proteins","k572n4dj1e5xn69d10z1sk3r9h85p9s0","Hemoglobin is a transport protein found in red blood cells that carries oxygen from the lungs to body tissues.",,,"true",,,,"false",,"What is the role of Hemoglobin in the human body?",,,"functional-proteins","Functional Proteins",,"new",,
"biology-11","02-molecular-biology","Molecular Biology","2-16-role-of-proteins","2.16 Role of Proteins","k572hc1zgqt91f2kah2tkx659x85p2rf","Antibodies (Immunoglobulins) are defensive proteins that recognize and neutralize foreign pathogens like bacteria and viruses.",,,"true",,,,"false",,"Define the role of Antibodies in the immune system.",,,"functional-proteins","Functional Proteins",,"new",,
"biology-11","02-molecular-biology","Molecular Biology","2-16-role-of-proteins","2.16 Role of Proteins","k5737m1vvqdg1ckdy6c5qjgcxx85pm4c","Actin and Myosin are contractile proteins that slide past each other to facilitate movement.",,,"true",,,,"false",,"Which proteins are responsible for muscle contraction?",,,"functional-proteins","Functional Proteins",,"new",,
"biology-11","02-molecular-biology","Molecular Biology","2-16-role-of-proteins","2.16 Role of Proteins","k5726eq3h1nc5q5kqj30bjpzm985q9r0","Keratin is the fibrous structural protein that provides strength and protection to these tissues.",,,"true",,,,"false",,"What is the primary structural protein found in human hair, nails, and the outer layer of skin?",,,"structural-proteins","Structural Proteins",,"new",,
"biology-11","02-molecular-biology","Molecular Biology","2-16-role-of-proteins","2.16 Role of Proteins","k574j8t57vaxt3x7xt8fyrea058ct120","Proteins act as enzymes, transporters, receptors, antibodies, hormones, structural fibers and contractile molecules.",,,"true",,,,"false",,"What are important functions of proteins?",,,"structural-proteins","Structural Proteins",,"new","Proteins act as enzymes, transporters, receptors, antibodies, hormones, structural fibers and contractile molecules.",
"biology-11","02-molecular-biology","Molecular Biology","2-17-lipids","2.17 Lipids","k575p3609y7pqyh670wstwknn58ctcnh","Lipids store concentrated energy, form membranes, insulate and protect tissues, waterproof surfaces and act as hormones or signaling molecules.",,,"true",,,,"false",,"What are major lipid functions?",,,"biological-functions","Biological Functions",,"new","Lipids store concentrated energy, form membranes, insulate and protect tissues, waterproof surfaces and act as hormones or signaling molecules.",
"biology-11","02-molecular-biology","Molecular Biology","2-17-lipids","2.17 Lipids","k572789fx8yrpynb9kefcxr2cx85ppjj","An acylglycerol (triglyceride) is an ester formed from one glycerol molecule and three fatty acid molecules joined by ester linkages via condensation (esterification) reactions, releasing three water molecules.",,,"true",,,,"false",,"What is the chemical composition of an acylglycerol (triglyceride) and how is it formed?",,,"chemical-composition","Chemical Composition",,"new",,
"biology-11","02-molecular-biology","Molecular Biology","2-17-lipids","2.17 Lipids","k57d2v08t4q1gdm1xmd02nc46n8ctb8z","Lipids are mainly carbon, hydrogen and oxygen compounds with relatively little oxygen; some also contain phosphorus, nitrogen or other groups.",,,"true",,,,"false",,"What is the chemical composition of lipids?",,,"chemical-composition","Chemical Composition",,"new","Lipids are mainly carbon, hydrogen and oxygen compounds with relatively little oxygen; some also contain phosphorus, nitrogen or other groups.",
"biology-11","02-molecular-biology","Molecular Biology","2-17-lipids","2.17 Lipids","k573czjtaejsd6e6zzycgnfdc985qx7x","Phospholipids are amphipathic molecules with a hydrophilic phosphate head and two hydrophobic fatty acid tails. This property drives them to form a bilayer in aqueous environments, making them the fundamental structural component of all biological membranes.",,,"true",,,,"false",,"Describe the amphipathic nature of phospholipids and their structural role in cells.",,,"classification-of-lipids","Classification of Lipids",,"new",,
"biology-11","02-molecular-biology","Molecular Biology","2-17-lipids","2.17 Lipids","k570jn7hcd00brwg8b8yfszshd85pr7t","Lipids are a heterogeneous group of organic compounds (including fats, oils, waxes, and steroids) that are hydrophobic, insoluble in water but soluble in nonpolar organic solvents such as ether, alcohol, acetone, and chloroform.",,,"true",,,,"false",,"Define lipids and state their solubility characteristics.",,,"definition-and-properties","Definition and Properties",,"new",,
"biology-11","02-molecular-biology","Molecular Biology","2-17-lipids","2.17 Lipids","k579c6w9e1eacb18zz0neab89n85q1sx","Saturated fatty acids have no carbon-carbon double bonds; they are usually solid at room temperature (e.g., stearic acid). Unsaturated fatty acids contain one or more $C=C$ double bonds; they are usually liquid (oils) at room temperature (e.g., oleic acid).",,,"true",,,,"false",,"Differentiate between saturated and unsaturated fatty acids.",,,"fatty-acids","Fatty Acids",,"new",,
"biology-11","02-molecular-biology","Molecular Biology","2-17-lipids","2.17 Lipids","k57fj9scya3n4h0cqnw2jvgs2985qw2a","Terpenoids are a large and diverse group of lipids built from repeating isoprene ($C_5H_8$) units. Important subgroups include: (1) Steroids, e.g., cholesterol, testosterone, estrogen; (2) Prostaglandins, hormone-like regulators derived from 20-carbon fatty acids.",,,"true",,,,"false",,"Define terpenoids and name two important subgroups with examples.",,,"fatty-acids","Fatty Acids",,"new",,
"biology-11","02-molecular-biology","Molecular Biology","2-17-lipids","2.17 Lipids","k576jg285r048m0w3z53f0sg358cvftx","A fatty acid is a hydrocarbon chain ending in a carboxyl group; it may be saturated or contain one or more double bonds.",,,"true",,,,"false",,"What is a fatty acid?",,,"fatty-acids","Fatty Acids",,"new","A fatty acid is a hydrocarbon chain ending in a carboxyl group; it may be saturated or contain one or more double bonds.",
"biology-11","02-molecular-biology","Molecular Biology","2-18-properties-and-roles-of-acylglycerols-phospholipids-terpenes-and-waxes","2.18 Properties and Roles of Acylglycerols, Phospholipids, Terpenes and Waxes","k570sdh71nqjsdjryhsrm920c185qsj1","Acylglycerols store double the amount of energy ($9 \text{ kcal/g}$) compared to carbohydrates ($4 \text{ kcal/g}$) due to a higher proportion of C-H bonds.",,,"true",,,,"false",,"How do Acylglycerols function as energy reservoirs compared to carbohydrates?",,,"1-acylglycerols-acyl-glycerides","1. Acylglycerols (Acyl glycerides)",,"new",,
"biology-11","02-molecular-biology","Molecular Biology","2-18-properties-and-roles-of-acylglycerols-phospholipids-terpenes-and-waxes","2.18 Properties and Roles of Acylglycerols, Phospholipids, Terpenes and Waxes","k572jawtck1acymc1fvyqt6bms8ct2gx","Acylglycerols are esters of glycerol and fatty acids; triacylglycerols are the main neutral fats used for long-term energy storage.",,,"true",,,,"false",,"What are acylglycerols?",,,"1-acylglycerols-acyl-glycerides","1. Acylglycerols (Acyl glycerides)",,"new","Acylglycerols are esters of glycerol and fatty acids; triacylglycerols are the main neutral fats used for long-term energy storage.",
"biology-11","02-molecular-biology","Molecular Biology","2-18-properties-and-roles-of-acylglycerols-phospholipids-terpenes-and-waxes","2.18 Properties and Roles of Acylglycerols, Phospholipids, Terpenes and Waxes","k57ek1nwssazdwzxca9vx22mgh8ctjw3","Acylglycerols store concentrated metabolic energy, provide insulation and cushioning, and can supply fatty acids for other pathways.",,,"true",,,,"false",,"What roles do acylglycerols play?",,,"1-acylglycerols-acyl-glycerides","1. Acylglycerols (Acyl glycerides)",,"new","Acylglycerols store concentrated metabolic energy, provide insulation and cushioning, and can supply fatty acids for other pathways.",
"biology-11","02-molecular-biology","Molecular Biology","2-18-properties-and-roles-of-acylglycerols-phospholipids-terpenes-and-waxes","2.18 Properties and Roles of Acylglycerols, Phospholipids, Terpenes and Waxes","k57dzwse10ngqpd8spsvahtg498cvcf9","Phospholipids contain glycerol, fatty acids, phosphate and a polar group; their amphipathic structure makes them major membrane components.",,,"true",,,,"false",,"What are phospholipids?",,,"2-phospholipids","2. Phospholipids",,"new","Phospholipids contain glycerol, fatty acids, phosphate and a polar group; their amphipathic structure makes them major membrane components.",
"biology-11","02-molecular-biology","Molecular Biology","2-18-properties-and-roles-of-acylglycerols-phospholipids-terpenes-and-waxes","2.18 Properties and Roles of Acylglycerols, Phospholipids, Terpenes and Waxes","k57f04na3st9xghkyt1dj1xybd8cthjp","Their hydrophilic heads interact with water while hydrophobic tails avoid it, causing spontaneous bilayer formation in aqueous environments.",,,"true",,,,"false",,"Why do phospholipids form bilayers?",,,"2-phospholipids","2. Phospholipids",,"new","Their hydrophilic heads interact with water while hydrophobic tails avoid it, causing spontaneous bilayer formation in aqueous environments.",
"biology-11","02-molecular-biology","Molecular Biology","2-18-properties-and-roles-of-acylglycerols-phospholipids-terpenes-and-waxes","2.18 Properties and Roles of Acylglycerols, Phospholipids, Terpenes and Waxes","k571h0wn7p75m3yz83ttwss5b18ct3h2","Phospholipids form selective membranes, anchor proteins, store signaling precursors and help organize cell compartments.",,,"true",,,,"false",,"What are phospholipid functions?",,,"2-phospholipids","2. Phospholipids",,"new","Phospholipids form selective membranes, anchor proteins, store signaling precursors and help organize cell compartments.",
"biology-11","02-molecular-biology","Molecular Biology","2-18-properties-and-roles-of-acylglycerols-phospholipids-terpenes-and-waxes","2.18 Properties and Roles of Acylglycerols, Phospholipids, Terpenes and Waxes","k5717dzefbs7qpszkge38x5bn58ctwd9","Terpenes function in plant defense, attraction, photosynthesis, membrane regulation and synthesis of vitamins and hormones.",,,"true",,,,"false",,"What roles do terpenes have?",,,"2-phospholipids","2. Phospholipids",,"new","Terpenes function in plant defense, attraction, photosynthesis, membrane regulation and synthesis of vitamins and hormones.",
"biology-11","02-molecular-biology","Molecular Biology","2-18-properties-and-roles-of-acylglycerols-phospholipids-terpenes-and-waxes","2.18 Properties and Roles of Acylglycerols, Phospholipids, Terpenes and Waxes","k571yqd1p4f7gmja4q1ph0c1gn85ptbw","The basic unit is the isoprene (isoprenoid) unit with formula $C_5H_8$. Terpenes are classified based on the number of these units (e.g., monoterpenes = 2 units, diterpenes = 4 units, triterpenes = 6 units).",,,"true",,,,"false",,"What is the basic repeating unit of Terpenes?",,,"3-terpenes","3. Terpenes",,"new",,
"biology-11","02-molecular-biology","Molecular Biology","2-18-properties-and-roles-of-acylglycerols-phospholipids-terpenes-and-waxes","2.18 Properties and Roles of Acylglycerols, Phospholipids, Terpenes and Waxes","k57ckmqp5b7kv0n44sznvsznj18ctqyt","Terpenes are hydrocarbons built from isoprene units and include pigments, plant scents, vitamins and signaling compounds.",,,"true",,,,"false",,"What are terpenes?",,,"3-terpenes","3. Terpenes",,"new","Terpenes are hydrocarbons built from isoprene units and include pigments, plant scents, vitamins and signaling compounds.",
"biology-11","02-molecular-biology","Molecular Biology","2-18-properties-and-roles-of-acylglycerols-phospholipids-terpenes-and-waxes","2.18 Properties and Roles of Acylglycerols, Phospholipids, Terpenes and Waxes","k57cwky9xzsp0019zj8a1vv3zn85pqj0","Waxes are esters of long-chain fatty acids and long-chain monohydric alcohols. Their primary biological role is to act as a water-repellent protective coating (cuticle) on plant leaves and animal surfaces to prevent water loss and pathogen entry.",,,"true",,,,"false",,"What are Waxes chemically, and what is their primary biological role?",,,"4-waxes","4. Waxes",,"new",,
"biology-11","02-molecular-biology","Molecular Biology","2-18-properties-and-roles-of-acylglycerols-phospholipids-terpenes-and-waxes","2.18 Properties and Roles of Acylglycerols, Phospholipids, Terpenes and Waxes","k574r1bds1rtrdcnemkt5ep2t58cvz17","Waxes are esters of long-chain fatty acids and long-chain alcohols, forming water-resistant protective coatings.",,,"true",,,,"false",,"What are waxes?",,,"4-waxes","4. Waxes",,"new","Waxes are esters of long-chain fatty acids and long-chain alcohols, forming water-resistant protective coatings.",
"biology-11","02-molecular-biology","Molecular Biology","2-18-properties-and-roles-of-acylglycerols-phospholipids-terpenes-and-waxes","2.18 Properties and Roles of Acylglycerols, Phospholipids, Terpenes and Waxes","k57dp92x6gb0tz5m421dwzdg3s8cvcqk","Waxes reduce water loss and protect plant surfaces, feathers, skin and other structures from moisture and abrasion.",,,"true",,,,"false",,"How do waxes protect organisms?",,,"4-waxes","4. Waxes",,"new","Waxes reduce water loss and protect plant surfaces, feathers, skin and other structures from moisture and abrasion.",
"biology-11","02-molecular-biology","Molecular Biology","2-19-molecular-structure-of-an-acylglycerol-a-phospholipid-and-a-terpene","2.19 Molecular Structure of Acylglycerol, Phospholipid and Terpene","k57azp9pawjfzss7xmgy4d5ckd8cqcwb","An acylglycerol (fat/oil) is an ester of glycerol and one, two, or three fatty acid molecules, formed by esterification: an alcohol (glycerol's -OH) reacts with a carboxylic acid (a fatty acid's -COOH), forming an ester linkage and releasing a water molecule.",,,"true",,,,"false",,"How is an acylglycerol formed, and what type of chemical reaction produces it?",,,"key-concepts","Key Concepts",,"new",,"{""blockIndex"":197,""chapterNumber"":2,""subjectSlug"":""biology-11""}"
"biology-11","02-molecular-biology","Molecular Biology","2-19-molecular-structure-of-an-acylglycerol-a-phospholipid-and-a-terpene","2.19 Molecular Structure of Acylglycerol, Phospholipid and Terpene","k577anskrqd0y7w1jnx7sa2ftn8cva0p","The structures of acylglycerols, phospholipids and terpenes determine their roles in energy storage, membranes, signaling and protection.",,,"true",,,,"false",,"Why are lipid structures biologically important?",,,"possible-questions-and-answers","Possible Questions and Answers",,"new","The structures of acylglycerols, phospholipids and terpenes determine their roles in energy storage, membranes, signaling and protection.",
"biology-11","02-molecular-biology","Molecular Biology","2-20-steroids-and-prostaglandins","2.20 Steroids and Prostaglandins","k575q8rza14k769hkmp7wdk09n8cvr9h","The grease-spot test and Sudan dyes reveal lipids; positive samples show a translucent spot or stain because lipids are non-polar.",,,"true",,,,"false",,"How can lipids be tested in food?",,,"biochemical-tests-for-lipids-steam-activity-23","Biochemical Tests for Lipids (STEAM Activity 2.3)",,"new","The grease-spot test and Sudan dyes reveal lipids; positive samples show a translucent spot or stain because lipids are non-polar.",
"biology-11","02-molecular-biology","Molecular Biology","2-20-steroids-and-prostaglandins","2.20 Steroids and Prostaglandins","k57c87y8qzwq06y3z51qjbtzxs85px58","Prostaglandins are derived from arachidonic acid, a 20-carbon polyunsaturated fatty acid. They are found in virtually every mammalian tissue and act as local hormones.",,,"true",,,,"false",,"What is the precursor molecule for prostaglandins, and how many carbons does it contain?",,,"prostaglandins","Prostaglandins",,"new",,
"biology-11","02-molecular-biology","Molecular Biology","2-20-steroids-and-prostaglandins","2.20 Steroids and Prostaglandins","k57bfggbe4mz0wpmxdhk2pm86585py6w","Prostaglandins act as local hormones with diverse effects: (1) regulate blood pressure (some raise, some lower it), (2) mediate inflammation, fever, and pain sensitization, (3) regulate platelet aggregation (blood clotting), and (4) cause uterine contractions during childbirth.",,,"true",,,,"false",,"What are the primary physiological effects of prostaglandins?",,,"prostaglandins","Prostaglandins",,"new",,
"biology-11","02-molecular-biology","Molecular Biology","2-20-steroids-and-prostaglandins","2.20 Steroids and Prostaglandins","k574ffkjsxe246c2cac6mymehx8ctqqv","Steroids act as membrane components and hormones, while prostaglandins act locally as lipid signals controlling diverse physiological responses.",,,"true",,,,"false",,"Why are steroids and prostaglandins biologically important?",,,"prostaglandins","Prostaglandins",,"new","Steroids act as membrane components and hormones, while prostaglandins act locally as lipid signals controlling diverse physiological responses.",
"biology-11","02-molecular-biology","Molecular Biology","2-20-steroids-and-prostaglandins","2.20 Steroids and Prostaglandins","k57epwzb1tq6ys52h75mb2tjk18cv30v","Understanding lipids informs nutrition, cardiovascular health, pharmaceuticals, agriculture and industrial products.",,,"true",,,,"false",,"Why are lipid studies socially important?",,,"science-technology-and-society-connections","Science, Technology and Society Connections",,"new","Understanding lipids informs nutrition, cardiovascular health, pharmaceuticals, agriculture and industrial products.",
"biology-11","02-molecular-biology","Molecular Biology","2-20-steroids-and-prostaglandins","2.20 Steroids and Prostaglandins","k5797hgp6dk56hj6rt10hbwek985q83a","Unlike acylglycerols, steroids do not contain fatty acids or glycerol. Instead, they have a four-fused-ring carbon skeleton (steroid nucleus). They are classified as lipids because they are hydrophobic and insoluble in water.",,,"true",,,,"false",,"How do steroids differ from other lipids like acylglycerols?",,,"steroids","Steroids",,"new",,
"biology-11","02-molecular-biology","Molecular Biology","2-20-steroids-and-prostaglandins","2.20 Steroids and Prostaglandins","k572atdjkxt3sk1fyq7a8c6c2n85q52n","Steroids are composed of a steroid nucleus: 17 carbon atoms arranged in four fused rings, three six-carbon rings (cyclohexane) and one five-carbon ring (cyclopentane). Different steroids vary in their side chains attached to this core.",,,"true",,,,"false",,"What is the basic structural framework of a steroid molecule?",,,"steroids","Steroids",,"new",,
"biology-11","02-molecular-biology","Molecular Biology","2-20-steroids-and-prostaglandins","2.20 Steroids and Prostaglandins","k5767g7xkt2sfg3xbjn4s2rqk585pdg1","1. Structural component of animal cell membranes (regulates fluidity). 2. Precursor for steroid hormones (testosterone, estrogen, progesterone). 3. Precursor for bile salts and Vitamin D. Cholesterol is generally absent from prokaryotic membranes.",,,"true",,,,"false",,"Name three biological roles of cholesterol in humans.",,,"steroids","Steroids",,"new",,
"biology-11","02-molecular-biology","Molecular Biology","2-21-nucleic-acid","2.21 Nucleic Acid","k573vk5bc091fr7bpjh96rap1185pgmp","DNA contains deoxyribose, which lacks an $-OH$ group at the $2'$ carbon. RNA contains ribose, which has an $-OH$ group at the $2'$ carbon.",,,"true",,,,"false",,"What is the structural difference between the sugars in DNA and RNA?",,,"chemical-structure-of-nucleic-acids","Chemical Structure of Nucleic Acids",,"new",,
"biology-11","02-molecular-biology","Molecular Biology","2-21-nucleic-acid","2.21 Nucleic Acid","k57cmms17571xgpp9xzhqhy5yh85pxmd","A nucleoside = pentose sugar + nitrogenous base (no phosphate). A nucleotide = nucleoside + one or more phosphate groups attached at the $5'$ carbon.",,,"true",,,,"false",,"Define a Nucleoside and distinguish it from a Nucleotide.",,,"chemical-structure-of-nucleic-acids","Chemical Structure of Nucleic Acids",,"new",,
"biology-11","02-molecular-biology","Molecular Biology","2-21-nucleic-acid","2.21 Nucleic Acid","k5770phcjdj8y1vcf45g6d022s85pn3c","A phosphodiester bond, formed between the $3'$ hydroxyl group of one sugar and the $5'$ phosphate group of the next nucleotide.",,,"true",,,,"false",,"What type of bond links nucleotides together in a polynucleotide chain?",,,"chemical-structure-of-nucleic-acids","Chemical Structure of Nucleic Acids",,"new",,
"biology-11","02-molecular-biology","Molecular Biology","2-21-nucleic-acid","2.21 Nucleic Acid","k57et5318bvjmwzygkgnpt01318ctywc","Nucleic acids were identified as acidic nuclear substances and later shown through chemical and genetic experiments to contain hereditary information.",,,"true",,,,"false",,"How were nucleic acids discovered?",,,"chemical-structure-of-nucleic-acids","Chemical Structure of Nucleic Acids",,"new","Nucleic acids were identified as acidic nuclear substances and later shown through chemical and genetic experiments to contain hereditary information.",
"biology-11","02-molecular-biology","Molecular Biology","2-21-nucleic-acid","2.21 Nucleic Acid","k57a65g3mbnw84zs6jxk140q798ct7f1","A nucleotide contains a nitrogenous base, pentose sugar and phosphate; a nucleoside contains only the base and sugar.",,,"true",,,,"false",,"What is the nomenclature of nucleic acids?",,,"chemical-structure-of-nucleic-acids","Chemical Structure of Nucleic Acids",,"new","A nucleotide contains a nitrogenous base, pentose sugar and phosphate; a nucleoside contains only the base and sugar.",
"biology-11","02-molecular-biology","Molecular Biology","2-21-nucleic-acid","2.21 Nucleic Acid","k579zngkgg3g71m6ppqx282f4n8cvvwy","Nucleic acids are polymers of nucleotides joined by phosphodiester bonds with a sugar-phosphate backbone and bases projecting from it.",,,"true",,,,"false",,"What is the general structure of a nucleic acid?",,,"chemical-structure-of-nucleic-acids","Chemical Structure of Nucleic Acids",,"new","Nucleic acids are polymers of nucleotides joined by phosphodiester bonds with a sugar-phosphate backbone and bases projecting from it.",
"biology-11","02-molecular-biology","Molecular Biology","2-21-nucleic-acid","2.21 Nucleic Acid","k576nkttavpbgh8pv1z36b20h58cttnk","DNA contains deoxyribose and thymine and is usually double-stranded; RNA contains ribose and uracil and is usually single-stranded.",,,"true",,,,"false",,"How do DNA and RNA chemically differ?",,,"chemical-structure-of-nucleic-acids","Chemical Structure of Nucleic Acids",,"new","DNA contains deoxyribose and thymine and is usually double-stranded; RNA contains ribose and uracil and is usually single-stranded.",
"biology-11","02-molecular-biology","Molecular Biology","2-21-nucleic-acid","2.21 Nucleic Acid","k576ndtg5pwgjb3ypsswnfnyax8cvn6r","Experiments by Griffith, Avery and Hershey–Chase progressively showed that a transferable substance, and specifically DNA, carries hereditary information.",,,"true",,,,"false",,"Which experiments established nucleic acids as genetic material?",,,"discovery","Discovery",,"new","Experiments by Griffith, Avery and Hershey–Chase progressively showed that a transferable substance, and specifically DNA, carries hereditary information.",
"biology-11","02-molecular-biology","Molecular Biology","2-21-nucleic-acid","2.21 Nucleic Acid","k578n72wft572n6g08rm4h7jgd8ctm8j","A nucleotide contains a nitrogenous base, a five-carbon sugar and one or more phosphate groups; nucleotides polymerise through phosphodiester bonds.",,,"true",,,,"false",,"What is the basic structure of a nucleotide?",,,"general-structure","General Structure",,"new","A nucleotide contains a nitrogenous base, a five-carbon sugar and one or more phosphate groups; nucleotides polymerise through phosphodiester bonds.",
"biology-11","02-molecular-biology","Molecular Biology","2-21-nucleic-acid","2.21 Nucleic Acid","k57c83ntbedb3bvtmz9663j2ws85qzr3","A nucleotide consists of: (1) a pentose sugar (ribose in RNA, deoxyribose in DNA), (2) a phosphate group, and (3) a nitrogenous base (purine or pyrimidine).",,,"true",,,,"false",,"What are the three chemical components of a nucleotide?",,,"nitrogenous-bases","Nitrogenous Bases",,"new",,
"biology-11","02-molecular-biology","Molecular Biology","2-21-nucleic-acid","2.21 Nucleic Acid","k572dm2atmrmk64eahzzkh9ab985pq1k","Purines (Adenine and Guanine) have a double-ring structure. Pyrimidines (Cytosine, Thymine, and Uracil) have a single-ring structure.",,,"true",,,,"false",,"Differentiate between Purines and Pyrimidines.",,,"nitrogenous-bases","Nitrogenous Bases",,"new",,
"biology-11","02-molecular-biology","Molecular Biology","2-21-nucleic-acid","2.21 Nucleic Acid","k5729tdnww2pb1w4k3wcavkfnn8ct0bh","A nucleotide is named from its nitrogenous base, its pentose sugar and the number of phosphate groups; removing phosphate gives a nucleoside.",,,"true",,,,"false",,"How are nucleotides named?",,,"nomenclature","Nomenclature",,"new","A nucleotide is named from its nitrogenous base, its pentose sugar and the number of phosphate groups; removing phosphate gives a nucleoside.",
"biology-11","02-molecular-biology","Molecular Biology","2-22-nitrogenous-bases-in-the-nucleotide","2.22 Nitrogenous Bases in the Nucleotide","k571dcc1j34p1276etw8kz5s418cvzwa","Nucleotides form nucleic acids and also act as energy carriers, signaling molecules and activated metabolic intermediates.",,,"true",,,,"false",,"Why are nucleotides biologically important?",,,"biological-significance","Biological Significance",,"new","Nucleotides form nucleic acids and also act as energy carriers, signaling molecules and activated metabolic intermediates.",
"biology-11","02-molecular-biology","Molecular Biology","2-22-nitrogenous-bases-in-the-nucleotide","2.22 Nitrogenous Bases in the Nucleotide","k578s3x82tm6yncq57x34r1xts85pdj0","Purines (Adenine and Guanine) have a double-ring structure (a six-membered ring fused to a five-membered ring). Pyrimidines (Cytosine, Thymine, Uracil) have a single six-membered ring.",,,"true",,,,"false",,"What are the two main categories of nitrogenous bases found in nucleotides, and how do they differ structurally?",,,"classification-of-nitrogenous-bases","Classification of Nitrogenous Bases",,"new",,
"biology-11","02-molecular-biology","Molecular Biology","2-22-nitrogenous-bases-in-the-nucleotide","2.22 Nitrogenous Bases in the Nucleotide","k578sdhzez832mxbvj6pvwyp1s85pdkr","Adenine (A) and Guanine (G) are purines. They have a double-ring structure consisting of a six-membered pyrimidine ring fused to a five-membered imidazole ring.",,,"true",,,,"false",,"Identify the purine bases found in nucleic acids and describe their structural characteristic.",,,"classification-of-nitrogenous-bases","Classification of Nitrogenous Bases",,"new",,
"biology-11","02-molecular-biology","Molecular Biology","2-22-nitrogenous-bases-in-the-nucleotide","2.22 Nitrogenous Bases in the Nucleotide","k57ehtkc56ssfagb7tf0bjmg4d85png1","Cytosine (C), Thymine (T), and Uracil (U) are pyrimidines. They consist of a single six-membered ring. Thymine is found only in DNA; Uracil is found only in RNA.",,,"true",,,,"false",,"Identify the pyrimidine bases found in nucleic acids and their structural characteristic.",,,"classification-of-nitrogenous-bases","Classification of Nitrogenous Bases",,"new",,
"biology-11","02-molecular-biology","Molecular Biology","2-22-nitrogenous-bases-in-the-nucleotide","2.22 Nitrogenous Bases in the Nucleotide","k576f5tmrb45kpes1s3wx54k6d85qxqj","Thymine (T) is found exclusively in DNA. Uracil (U) is found exclusively in RNA, replacing Thymine. Both are pyrimidines.",,,"true",,,,"false",,"Which nitrogenous base is unique to DNA, and which replaces it in RNA?",,,"classification-of-nitrogenous-bases","Classification of Nitrogenous Bases",,"new",,
"biology-11","02-molecular-biology","Molecular Biology","2-22-nitrogenous-bases-in-the-nucleotide","2.22 Nitrogenous Bases in the Nucleotide","k5740sc8h82r68y5p9kavedw9x85pgjj","A nucleotide consists of: (1) a nitrogenous base, (2) a pentose sugar (ribose in RNA, deoxyribose in DNA), and (3) one or more phosphate groups. The nitrogenous base attaches to the $C\text{-}1$ of the pentose sugar via an N-glycosidic bond.",,,"true",,,,"false",,"What are the three components of a nucleotide, and at which carbon of the pentose sugar does the nitrogenous base attach?",,,"components-of-nucleotides","Components of Nucleotides",,"new",,
"biology-11","02-molecular-biology","Molecular Biology","2-22-nitrogenous-bases-in-the-nucleotide","2.22 Nitrogenous Bases in the Nucleotide","k578snx52vxq38gqn8rr0wrfxd8ct3vz","A nucleotide consists of a phosphate group, a five-carbon sugar and a nitrogenous base.",,,"true",,,,"false",,"What are the components of a nucleotide?",,,"components-of-nucleotides","Components of Nucleotides",,"new","A nucleotide consists of a phosphate group, a five-carbon sugar and a nitrogenous base.",
"biology-11","02-molecular-biology","Molecular Biology","2-22-nitrogenous-bases-in-the-nucleotide","2.22 Nitrogenous Bases in the Nucleotide","k57bh9ddfbn45es3scprnq70dn8ctfb9","A nucleoside has a sugar plus base; adding one or more phosphate groups produces a nucleotide.",,,"true",,,,"false",,"How do nucleosides and nucleotides differ?",,,"nucleosides-vs-nucleotides","Nucleosides vs. Nucleotides",,"new","A nucleoside has a sugar plus base; adding one or more phosphate groups produces a nucleotide.",
"biology-11","02-molecular-biology","Molecular Biology","2-23-formation-of-phosphodiester-bond-polymerization-of-nucleotides","2.23 Formation of Phosphodiester Bond and Polymerization of Nucleotides","k570bzs936a0vwq4qaq9fmvdsx85pq82","It is a condensation reaction. Unlike most condensation reactions, it releases **pyrophosphate ($PP_i$)**, two linked phosphate groups, rather than water. The $PP_i$ is subsequently hydrolyzed into two inorganic phosphates ($P_i$), driving the reaction forward.",,,"true",,,,"false",,"What type of reaction is the formation of a phosphodiester bond, and what molecule is released as a byproduct?",,,,,,"new",,
"biology-11","02-molecular-biology","Molecular Biology","2-23-formation-of-phosphodiester-bond-polymerization-of-nucleotides","2.23 Formation of Phosphodiester Bond and Polymerization of Nucleotides","k57fy7zzwj0f9secy4cwxqk4yd8ctdr8","A phosphodiester bond links the 3′ hydroxyl of one nucleotide sugar to the 5′ phosphate of the next, forming the nucleic-acid backbone.",,,"true",,,,"false",,"What is a phosphodiester bond?",,,"key-concepts","Key Concepts",,"new","A phosphodiester bond links the 3′ hydroxyl of one nucleotide sugar to the 5′ phosphate of the next, forming the nucleic-acid backbone.",
"biology-11","02-molecular-biology","Molecular Biology","2-23-formation-of-phosphodiester-bond-polymerization-of-nucleotides","2.23 Formation of Phosphodiester Bond and Polymerization of Nucleotides","k573n0asz041qtq1yt5fdx5wjn85phyk","A strong covalent bond formed between the $3'$ hydroxyl (-OH) group of one nucleotide's sugar and the $5'$ phosphate group of the next nucleotide, linking them via a phosphate group. It forms the backbone of polynucleotide chains (DNA and RNA).",,,"true",,,,"false",,"What is a phosphodiester bond?",,,"mechanism-of-polymerization","Mechanism of Polymerization",,"new",,
"biology-11","02-molecular-biology","Molecular Biology","2-23-formation-of-phosphodiester-bond-polymerization-of-nucleotides","2.23 Formation of Phosphodiester Bond and Polymerization of Nucleotides","k573qdq3jye0x8ppfrgv4cccx585p5g1","Polymerization occurs in the $5'$ to $3'$ direction, as new nucleotides are always added to the free $3'$-OH end of the growing chain.",,,"true",,,,"false",,"In which direction does the polymerization of nucleotides occur during DNA/RNA synthesis?",,,"mechanism-of-polymerization","Mechanism of Polymerization",,"new",,
"biology-11","02-molecular-biology","Molecular Biology","2-23-formation-of-phosphodiester-bond-polymerization-of-nucleotides","2.23 Formation of Phosphodiester Bond and Polymerization of Nucleotides","k57fts5m5revzh8rsvxsppyewx85p0m3","The energy comes from the incoming **nucleoside triphosphate (NTP)**. When the bond forms, pyrophosphate ($PP_i$) is released from the NTP. The subsequent hydrolysis of $PP_i$ into two inorganic phosphates ($P_i$) releases additional energy, making the overall reaction irreversible.",,,"true",,,,"false",,"What provides the energy to drive the formation of a phosphodiester bond during nucleotide polymerization?",,,"mechanism-of-polymerization","Mechanism of Polymerization",,"new",,
"biology-11","02-molecular-biology","Molecular Biology","2-23-formation-of-phosphodiester-bond-polymerization-of-nucleotides","2.23 Formation of Phosphodiester Bond and Polymerization of Nucleotides","k57567fqw6d35tt0nz7yz7xr7s85qmzs","The repeating sequence of alternating **sugar** and **phosphate** groups linked by phosphodiester bonds. The nitrogenous bases project inward (in DNA) or outward and are not part of the backbone.",,,"true",,,,"false",,"What constitutes the 'backbone' of a nucleic acid strand?",,,"summary","Summary",,"new",,
"biology-11","02-molecular-biology","Molecular Biology","2-24-chemical-nature-and-role-of-atp-and-nad","2.24 Chemical Nature and Role of ATP and NAD","k57depqgv7qmybty2sdwcv6y2185qt0r","ATP is a nucleotide consisting of three components: a nitrogenous base (Adenine), a five-carbon sugar (Ribose), and three phosphate groups linked in a chain.",,,"true",,,,"false",,"What is the chemical composition of Adenosine Triphosphate (ATP)?",,,"adenosine-triphosphate-atp","Adenosine Triphosphate (ATP)",,"new",,
"biology-11","02-molecular-biology","Molecular Biology","2-24-chemical-nature-and-role-of-atp-and-nad","2.24 Chemical Nature and Role of ATP and NAD","k5734w6d5a5eambkg27dmjcbnn85qhrn","Because it provides a readily available form of chemical energy to drive endergonic reactions, and it can be easily regenerated from ADP and inorganic phosphate ($P_i$).",,,"true",,,,"false",,"Why is ATP referred to as the 'Energy Currency' of the cell?",,,"atp-function","ATP Function",,"new",,
"biology-11","02-molecular-biology","Molecular Biology","2-24-chemical-nature-and-role-of-atp-and-nad","2.24 Chemical Nature and Role of ATP and NAD","k5723p9s95t8qn9pchkhm8tzqs85pf8r","Approximately $7.3\text{ kcal/mol}$ (or $30.6\text{ kJ/mol}$) of energy is released under standard conditions.",,,"true",,,,"false",,"How much energy is released during the hydrolysis of one mole of ATP to ADP?",,,"atp-function","ATP Function",,"new",,
"biology-11","02-molecular-biology","Molecular Biology","2-24-chemical-nature-and-role-of-atp-and-nad","2.24 Chemical Nature and Role of ATP and NAD","k572snj53atzz071tfh4njnjeh8cttdh","ATP couples energy-releasing reactions to cellular work such as biosynthesis, active transport and movement.",,,"true",,,,"false",,"What is ATP’s main function?",,,"atp-function","ATP Function",,"new","ATP couples energy-releasing reactions to cellular work such as biosynthesis, active transport and movement.",
"biology-11","02-molecular-biology","Molecular Biology","2-24-chemical-nature-and-role-of-atp-and-nad","2.24 Chemical Nature and Role of ATP and NAD","k5753tm4hsf7vfe42by280mp898cve8j","ATP contains adenine, ribose and three phosphate groups, with high-transfer-potential bonds between the phosphates.",,,"true",,,,"false",,"What is ATP made of?",,,"atp-structure","ATP Structure",,"new","ATP contains adenine, ribose and three phosphate groups, with high-transfer-potential bonds between the phosphates.",
"biology-11","02-molecular-biology","Molecular Biology","2-24-chemical-nature-and-role-of-atp-and-nad","2.24 Chemical Nature and Role of ATP and NAD","k57fwa9j4edtg1bkj0aqmdffc58cvqxq","ATP transfers usable chemical energy, while NAD carries electrons; together they link catabolism to cellular work and biosynthesis.",,,"true",,,,"false",,"Why are ATP and NAD biologically significant?",,,"biological-significance","Biological Significance",,"new","ATP transfers usable chemical energy, while NAD carries electrons; together they link catabolism to cellular work and biosynthesis.",
"biology-11","02-molecular-biology","Molecular Biology","2-24-chemical-nature-and-role-of-atp-and-nad","2.24 Chemical Nature and Role of ATP and NAD","k5710x1zy7d226nfm5dqyhw8sh85p84t","$NAD^+$ is the oxidized form (electron acceptor), while $NADH$ is the reduced form (electron donor) carrying high-energy electrons to the Electron Transport Chain.",,,"true",,,,"false",,"Differentiate between the oxidized and reduced forms of NAD.",,,"nad-function","NAD Function",,"new",,
"biology-11","02-molecular-biology","Molecular Biology","2-24-chemical-nature-and-role-of-atp-and-nad","2.24 Chemical Nature and Role of ATP and NAD","k578fgnr38qnayfe9j3mfwpvfx8ctw6y","NAD accepts and transfers high-energy electrons and hydrogen during redox reactions, especially cellular respiration.",,,"true",,,,"false",,"What does NAD do?",,,"nad-function","NAD Function",,"new","NAD accepts and transfers high-energy electrons and hydrogen during redox reactions, especially cellular respiration.",
"biology-11","02-molecular-biology","Molecular Biology","2-24-chemical-nature-and-role-of-atp-and-nad","2.24 Chemical Nature and Role of ATP and NAD","k578g3edt5ts651st82ry3es8h8ct747","NAD is a nucleotide-derived coenzyme that alternates between oxidized NAD+ and reduced NADH forms.",,,"true",,,,"false",,"What is NAD?",,,"nad-structure","NAD Structure",,"new","NAD is a nucleotide-derived coenzyme that alternates between oxidized NAD+ and reduced NADH forms.",
"biology-11","02-molecular-biology","Molecular Biology","2-24-chemical-nature-and-role-of-atp-and-nad","2.24 Chemical Nature and Role of ATP and NAD","k573hbdr4af4c3acbvh5bxshph8ctw9h","NAD is a dinucleotide made of two nucleotides joined by phosphate groups: one contains adenine and the other contains nicotinamide, with each attached to ribose.",,,"true",,,,"false",,"What are the structural components of NAD?",,,"nad-structure","NAD Structure",,"new","NAD's two nucleotide units form the coenzyme's electron-carrying structure.",
"biology-11","02-molecular-biology","Molecular Biology","2-24-chemical-nature-and-role-of-atp-and-nad","2.24 Chemical Nature and Role of ATP and NAD","k570wbgka4p72g9jhrak6vzvr985ph3d","NAD acts as a coenzyme and an electron carrier. It accepts electrons (becoming reduced to $NADH + H^+$) during catabolic reactions like glycolysis and the Krebs cycle.",,,"true",,,,"false",,"What is the primary role of Nicotinamide Adenine Dinucleotide (NAD) in metabolism?",,,"nicotinamide-adenine-dinucleotide-nad","Nicotinamide Adenine Dinucleotide (NAD)",,"new",,
"biology-11","02-molecular-biology","Molecular Biology","2-25-watson-and-crick-model-of-dna","2.25 Watson and Crick Model of DNA","k57az8e3dqfe3mj0ctdqdxw2hs8cvmsc","Chargaff’s base ratios, Franklin’s diffraction data and earlier evidence that DNA is hereditary helped establish the double-helix model.",,,"true",,,,"false",,"What discoveries supported the DNA model?",,,"historical-context-and-foundational-discoveries","Historical Context and Foundational Discoveries",,"new","Chargaff’s base ratios, Franklin’s diffraction data and earlier evidence that DNA is hereditary helped establish the double-helix model.",
"biology-11","02-molecular-biology","Molecular Biology","2-25-watson-and-crick-model-of-dna","2.25 Watson and Crick Model of DNA","k5743f186223kfjdx663vw67td85qtsj","Chargaff's Rule states that in any DNA molecule, $A = T$ and $G = C$ (purines equal pyrimidines). This provided the biochemical basis for the complementary base-pairing rules in the Watson-Crick double helix model.",,,"true",,,,"false",,"What is Chargaff's Rule and how did it contribute to the Watson-Crick model of DNA?",,,"the-watson-and-crick-model-1953","The Watson and Crick Model (1953)",,"new",,
"biology-11","02-molecular-biology","Molecular Biology","2-25-watson-and-crick-model-of-dna","2.25 Watson and Crick Model of DNA","k57ehnakz01pwchj0qqkbcskvh85ppka","The two strands are antiparallel: one runs in the $5' \rightarrow 3'$ direction while the complementary strand runs in the $3' \rightarrow 5'$ direction. The backbone of each strand consists of alternating deoxyribose sugar and phosphate groups.",,,"true",,,,"false",,"According to the Watson-Crick model, what is the orientation of the two strands in a DNA double helix?",,,"the-watson-and-crick-model-1953","The Watson and Crick Model (1953)",,"new",,
"biology-11","02-molecular-biology","Molecular Biology","2-25-watson-and-crick-model-of-dna","2.25 Watson and Crick Model of DNA","k57285f0pscjh8ycdm5j3ejnj585q2kp","The backbone is composed of alternating deoxyribose sugar and phosphate groups linked by phosphodiester bonds. The nitrogenous bases project inward and pair with bases on the complementary strand.",,,"true",,,,"false",,"What constitutes the 'backbone' of the DNA molecule in the Watson-Crick model?",,,"the-watson-and-crick-model-1953","The Watson and Crick Model (1953)",,"new",,
"biology-11","02-molecular-biology","Molecular Biology","2-25-watson-and-crick-model-of-dna","2.25 Watson and Crick Model of DNA","k57a1t1m17ye26x292d2py044s85q82x","Guanine and Cytosine form **3** hydrogen bonds ($G \equiv C$), while Adenine and Thymine form **2** hydrogen bonds ($A = T$). G–C pairs are therefore more thermally stable than A–T pairs.",,,"true",,,,"false",,"How many hydrogen bonds form between Guanine–Cytosine and Adenine–Thymine base pairs in DNA?",,,"the-watson-and-crick-model-1953","The Watson and Crick Model (1953)",,"new",,
"biology-11","02-molecular-biology","Molecular Biology","2-25-watson-and-crick-model-of-dna","2.25 Watson and Crick Model of DNA","k57e12thchafjnb2meq6y0w4xd85qt2d","The DNA double helix is $2\text{ nm}$ wide. Each full turn of the helix is $3.4\text{ nm}$ long and contains 10 base pairs, so consecutive base pairs are $0.34\text{ nm}$ apart.",,,"true",,,,"false",,"What are the key dimensions of the DNA double helix according to the Watson-Crick model?",,,"the-watson-and-crick-model-1953","The Watson and Crick Model (1953)",,"new",,
"biology-11","02-molecular-biology","Molecular Biology","2-25-watson-and-crick-model-of-dna","2.25 Watson and Crick Model of DNA","k57ft0sheytkbd7hhryypjhs9n8cvg9h","A gene is a DNA sequence that contains information for a functional RNA or protein and contributes to a heritable characteristic.",,,"true",,,,"false",,"What is a gene?",,,"what-is-a-gene","What is a Gene?",,"new","A gene is a DNA sequence that contains information for a functional RNA or protein and contributes to a heritable characteristic.",
"biology-11","02-molecular-biology","Molecular Biology","2-26-ribonucleic-acid-rna","2.26 Ribonucleic Acid (RNA)","k57axrcdk1h9p787yxg0qfddf185qavh","1. A ribose sugar (pentose).
2. A phosphate group.
3. A nitrogenous base (Adenine, Guanine, Cytosine, or Uracil).",,,"true",,,,"false",,"What are the three structural components of an RNA nucleotide?",,,"chemical-composition","Chemical Composition",,"new",,
"biology-11","02-molecular-biology","Molecular Biology","2-26-ribonucleic-acid-rna","2.26 Ribonucleic Acid (RNA)","k57ewmkqaxckk8wqj93hanahx58ctpzb","RNA contains ribose sugar, phosphate groups and the bases adenine, guanine, cytosine and uracil.",,,"true",,,,"false",,"What is RNA made of?",,,"chemical-composition","Chemical Composition",,"new","RNA contains ribose sugar, phosphate groups and the bases adenine, guanine, cytosine and uracil.",
"biology-11","02-molecular-biology","Molecular Biology","2-26-ribonucleic-acid-rna","2.26 Ribonucleic Acid (RNA)","k57dv42gb4ncfc0g3bzmjhz4an85pevp","RNA contains ribose sugar, which has a hydroxyl group (-OH) at the 2' carbon position, whereas DNA contains deoxyribose (lacking oxygen at the 2' position).",,,"true",,,,"false",,"How does the sugar in RNA differ from the sugar in DNA?",,,"comparison-rna-vs-dna","Comparison: RNA vs DNA",,"new",,
"biology-11","02-molecular-biology","Molecular Biology","2-26-ribonucleic-acid-rna","2.26 Ribonucleic Acid (RNA)","k570xc2fyynn973c004fx7n3qh85q83y","mRNA carries the genetic code (as a sequence of codons) from the DNA in the nucleus to the ribosomes in the cytoplasm, where it serves as the template for protein synthesis.",,,"true",,,,"false",,"What is the function of Messenger RNA (mRNA)?",,,"comparison-rna-vs-dna","Comparison: RNA vs DNA",,"new",,
"biology-11","02-molecular-biology","Molecular Biology","2-26-ribonucleic-acid-rna","2.26 Ribonucleic Acid (RNA)","k57fs02gr5ef85vj8tw3bjy6wh8ct4nf","RNA polymerase builds a complementary RNA strand from a DNA template in the 5′ to 3′ direction without a primer.",,,"true",,,,"false",,"How is RNA synthesized?",,,"comparison-rna-vs-dna","Comparison: RNA vs DNA",,"new","RNA polymerase builds a complementary RNA strand from a DNA template in the 5′ to 3′ direction without a primer.",
"biology-11","02-molecular-biology","Molecular Biology","2-26-ribonucleic-acid-rna","2.26 Ribonucleic Acid (RNA)","k57f4px5w39k7pat9qapqjsymn8ctjmc","RNA usually has ribose, uracil and one strand and functions in information transfer or catalysis; DNA has deoxyribose, thymine and usually two strands for stable storage.",,,"true",,,,"false",,"How do RNA and DNA differ?",,,"comparison-rna-vs-dna","Comparison: RNA vs DNA",,"new","RNA usually has ribose, uracil and one strand and functions in information transfer or catalysis; DNA has deoxyribose, thymine and usually two strands for stable storage.",
"biology-11","02-molecular-biology","Molecular Biology","2-26-ribonucleic-acid-rna","2.26 Ribonucleic Acid (RNA)","k57051k9th4227pr3ecf4y85ys85qkzn","tRNA molecules pick up specific amino acids from the cytoplasm and transfer them to the ribosomes, aligning them according to the mRNA codons.",,,"true",,,,"false",,"What is the function of Transfer RNA (tRNA)?",,,"function-and-types","Function and Types",,"new",,
"biology-11","02-molecular-biology","Molecular Biology","2-26-ribonucleic-acid-rna","2.26 Ribonucleic Acid (RNA)","k5777ar9de7jhca32j72qsgjvd85pvws","rRNA, together with ribosomal proteins, forms the structural and functional core of ribosomes. It acts as the site where translation (protein synthesis) occurs, catalysing peptide bond formation.",,,"true",,,,"false",,"What is the role of Ribosomal RNA (rRNA) in protein synthesis?",,,"function-and-types","Function and Types",,"new",,
"biology-11","02-molecular-biology","Molecular Biology","2-26-ribonucleic-acid-rna","2.26 Ribonucleic Acid (RNA)","k57445awbd4q5y465sbxsram9n8ctbnc","RNA polymerase copies a DNA template strand by complementary base pairing, joining ribonucleotides in the 5′ to 3′ direction.",,,"true",,,,"false",,"How is RNA synthesised?",,,"synthesis","Synthesis",,"new","RNA polymerase copies a DNA template strand by complementary base pairing, joining ribonucleotides in the 5′ to 3′ direction.",
"biology-11","02-molecular-biology","Molecular Biology","2-27-roles-and-types-of-rna","2.27 Roles and Types of RNA","k57f7njzn9rw20hdxc15wpe76985prp2","A polysome is a cluster of multiple ribosomes attached simultaneously to a single mRNA molecule, allowing many copies of the same polypeptide to be synthesized at the same time.",,,"true",,,,"false",,"What is a polysome (polyribosome)?",,,,,,"new",,
"biology-11","02-molecular-biology","Molecular Biology","2-27-roles-and-types-of-rna","2.27 Roles and Types of RNA","k57epmq0x2cmgj9p3j20hgn05985paz9","The three main types are Ribosomal RNA (rRNA) ~80%, Transfer RNA (tRNA) ~15%, and Messenger RNA (mRNA) ~3-4%.",,,"true",,,,"false",,"What are the three main types of RNA and their approximate percentages in a cell?",,,"1-messenger-rna-mrna","1. Messenger RNA (mRNA)",,"new",,
"biology-11","02-molecular-biology","Molecular Biology","2-27-roles-and-types-of-rna","2.27 Roles and Types of RNA","k5784sk3t4p26d0r8swbx2f1f18ct6bm","Ribosomal RNA forms much of the ribosome’s structure and catalyzes peptide-bond formation during translation.",,,"true",,,,"false",,"What is the role of rRNA?",,,"2-ribosomal-rna-rrna","2. Ribosomal RNA (rRNA)",,"new","Ribosomal RNA forms much of the ribosome’s structure and catalyzes peptide-bond formation during translation.",
"biology-11","02-molecular-biology","Molecular Biology","2-27-roles-and-types-of-rna","2.27 Roles and Types of RNA","k573y1r6damchj3b655b2jjs818ctv61","Transfer RNA carries a specific amino acid and uses its anticodon to pair with the matching codon on mRNA.",,,"true",,,,"false",,"What is the role of tRNA?",,,"3-transfer-rna-trna","3. Transfer RNA (tRNA)",,"new","Transfer RNA carries a specific amino acid and uses its anticodon to pair with the matching codon on mRNA.",
"biology-11","02-molecular-biology","Molecular Biology","2-27-roles-and-types-of-rna","2.27 Roles and Types of RNA","k5745wdbsf5ad8n6pdqtn7mqnh85q85a","mRNA carries the genetic information (genetic code) from the DNA in the nucleus to the ribosomes in the cytoplasm, where it serves as the template for translation (protein assembly).",,,"true",,,,"false",,"Define the role of mRNA in protein synthesis.",,,"comparison-of-rna-types","Comparison of RNA Types",,"new",,
"biology-11","02-molecular-biology","Molecular Biology","2-27-roles-and-types-of-rna","2.27 Roles and Types of RNA","k579vpj9bp24awebehrdxeh54d85py3f","The anticodon loop contains a triplet of bases (the anticodon) that is complementary to a specific mRNA codon. It base-pairs with the codon during translation, ensuring the correct amino acid is incorporated into the growing polypeptide.",,,"true",,,,"false",,"What is the function of the anticodon loop in tRNA?",,,"comparison-of-rna-types","Comparison of RNA Types",,"new",,
"biology-11","02-molecular-biology","Molecular Biology","2-27-roles-and-types-of-rna","2.27 Roles and Types of RNA","k5737pjm66mjbywz0m9gqpb1xd85qn2f","The 3' CCA terminal is the amino acid attachment site. The specific amino acid is covalently bonded here by the enzyme aminoacyl-tRNA synthetase, forming an aminoacyl-tRNA ready for translation.",,,"true",,,,"false",,"What is the function of the CCA sequence at the 3' end of tRNA?",,,"comparison-of-rna-types","Comparison of RNA Types",,"new",,
"biology-11","02-molecular-biology","Molecular Biology","2-27-roles-and-types-of-rna","2.27 Roles and Types of RNA","k574a5n5fsv42kswj6fhgn9q058cv6f1","mRNA carries coding information, tRNA delivers amino acids and rRNA forms the catalytic ribosome; together they produce proteins.",,,"true",,,,"false",,"How do mRNA, tRNA and rRNA work together?",,,"comparison-of-rna-types","Comparison of RNA Types",,"new","mRNA carries coding information, tRNA delivers amino acids and rRNA forms the catalytic ribosome; together they produce proteins.",
"biology-11","02-molecular-biology","Molecular Biology","2-28-central-dogma-of-life","2.28 Central Dogma of Life","k57668xqp8emj84e4jqj33a3bs85qdw7","Francis Crick proposed the Central Dogma in 1957 (and formally restated it in 1970). It describes the unidirectional flow of genetic information: DNA → RNA → Protein.",,,"true",,,,"false",,"Who proposed the Central Dogma of molecular biology, and in what year?",,,"dna-vs-rna-stability","DNA vs. RNA Stability",,"new",,
"biology-11","02-molecular-biology","Molecular Biology","2-28-central-dogma-of-life","2.28 Central Dogma of Life","k57d0g01v2m1vxbdqcpt28ebm185qdy1","Transcription is the process where RNA polymerase uses a specific DNA strand (the non-coding/template strand) as a template to synthesize a complementary strand of mRNA. It occurs in the nucleus of eukaryotic cells.",,,"true",,,,"false",,"Define Transcription in the context of the Central Dogma.",,,"dna-vs-rna-stability","DNA vs. RNA Stability",,"new",,
"biology-11","02-molecular-biology","Molecular Biology","2-28-central-dogma-of-life","2.28 Central Dogma of Life","k572gnfrd3c2qkkk8wk9npkde98cvsfa","DNA lacks the reactive 2′ hydroxyl of ribose and is usually double-stranded, making it better suited for long-term information storage.",,,"true",,,,"false",,"Why is DNA more stable than RNA?",,,"dna-vs-rna-stability","DNA vs. RNA Stability",,"new","DNA lacks the reactive 2′ hydroxyl of ribose and is usually double-stranded, making it better suited for long-term information storage.",
"biology-11","02-molecular-biology","Molecular Biology","2-28-central-dogma-of-life","2.28 Central Dogma of Life","k574psgzwd1j8f43gbyrgjq69185qtky","Reverse Transcription is the synthesis of DNA from an RNA template, catalyzed by the enzyme Reverse Transcriptase. Found in retroviruses (e.g., HIV), it represents an exception to the standard unidirectional flow (DNA → RNA → Protein) of the Central Dogma.",,,"true",,,,"false",,"What is Reverse Transcription and how does it relate to the Central Dogma?",,,"reverse-transcription","Reverse Transcription",,"new",,
"biology-11","02-molecular-biology","Molecular Biology","2-28-central-dogma-of-life","2.28 Central Dogma of Life","k573c0dztpqncm6bvh64w6wcyd85q38y","The Central Dogma describes how genetic information flows in one direction: from DNA to RNA (Transcription) and from RNA to Protein (Translation). It was proposed by Francis Crick in 1957.",,,"true",,,,"false",,"What is the Central Dogma of Life?",,,"transcription","Transcription",,"new",,
"biology-11","02-molecular-biology","Molecular Biology","2-28-central-dogma-of-life","2.28 Central Dogma of Life","k57706b5ag57c3n0f4pjr0c9ps85p51r","Translation is the process where ribosomes in the cytoplasm decode the mRNA sequence, reading codons (triplets of nucleotides), and tRNA molecules deliver the corresponding amino acids to build a specific polypeptide chain (protein).",,,"true",,,,"false",,"Define Translation in the context of the Central Dogma.",,,"translation","Translation",,"new",,
"biology-11","02-molecular-biology","Molecular Biology","2-29-conjugated-molecuels","2.29 Conjugated Molecules","k576kytv5bx18z74ze77hkfv2585qgv6","Conjugated molecules are complex biological molecules formed when two or more different types of biomolecules (e.g., carbohydrates + proteins, or lipids + proteins) are joined together through covalent bonding to perform specialized biological functions.",,,"true",,,,"false",,"What are conjugated molecules?",,,"types-of-conjugated-molecules","Types of Conjugated Molecules",,"new",,
"biology-11","02-molecular-biology","Molecular Biology","2-29-conjugated-molecuels","2.29 Conjugated Molecules","k573gkjqjnkntnrpk2na7azpyh85qbwj","Glycolipids are formed by the union of carbohydrates and lipids (e.g., cerebrosides found in brain white matter and myelin sheath). Glycoproteins are formed by carbohydrates and proteins (e.g., blood group antigens on red blood cells). Both act as cell surface markers for recognition.",,,"true",,,,"false",,"Differentiate between Glycolipids and Glycoproteins.",,,"types-of-conjugated-molecules","Types of Conjugated Molecules",,"new",,
"biology-11","02-molecular-biology","Molecular Biology","2-29-conjugated-molecuels","2.29 Conjugated Molecules","k570zq2emvhffemrxr35wj599985paft","Glycoproteins are conjugated molecules formed by the union of carbohydrates and proteins. They are widely distributed in cells and include blood group antigens (ABO system) on red blood cell surfaces. They function as hormones, transport proteins, receptors, and cell recognition molecules.",,,"true",,,,"false",,"Define Glycoproteins and give two examples of their biological roles.",,,"types-of-conjugated-molecules","Types of Conjugated Molecules",,"new",,
"biology-11","02-molecular-biology","Molecular Biology","2-29-conjugated-molecuels","2.29 Conjugated Molecules","k57f7cbjvv3k4zxhmgcm9mhcv985q234","Lipoproteins are conjugated molecules formed by the combination of lipids and proteins. They are found in milk, blood, cell nucleus, egg yolk membrane, and chloroplasts. Their primary roles are transporting lipids through the bloodstream and serving as structural components of biological membranes.",,,"true",,,,"false",,"What are Lipoproteins and what is their primary biological significance?",,,"types-of-conjugated-molecules","Types of Conjugated Molecules",,"new",,
"biology-11","02-molecular-biology","Molecular Biology","2-29-conjugated-molecuels","2.29 Conjugated Molecules","k57bswm3kydpva2bjddwbp9q0h85p90m","Nucleoproteins are conjugated molecules formed by the association of nucleic acids (DNA or RNA) with basic proteins (e.g., histones). They are found in chromosomes and ribosomes. They function in packaging DNA into chromosomes and forming the structural machinery of ribosomes for protein synthesis.",,,"true",,,,"false",,"What are Nucleoproteins, where are they found, and what are their functions?",,,"types-of-conjugated-molecules","Types of Conjugated Molecules",,"new",,
"biology-11","02-molecular-biology","Molecular Biology","2-29-conjugated-molecuels","2.29 Conjugated Molecules","k571psmycnjt9xc245m4qtw3md8cvvf6","Conjugated molecules combine different chemical components to perform specialized roles in membranes, transport, cell recognition and genetic material.",,,"true",,,,"false",,"Why are conjugated molecules important?",,,"types-of-conjugated-molecules","Types of Conjugated Molecules",,"new","Conjugated molecules combine different chemical components to perform specialized roles in membranes, transport, cell recognition and genetic material.",
"biology-11","02-molecular-biology","Molecular Biology","2-29-conjugated-molecuels","2.29 Conjugated Molecules","k57f75pb2q4ngkmeheprm3bv9n8ct093","Conjugated molecules combine different chemical groups, allowing specialised roles such as cell recognition, signalling, transport and structural support.",,,"true",,,,"false",,"Why are conjugated molecules biologically important?",,,"types-of-conjugated-molecules","Types of Conjugated Molecules",,"new","Conjugated molecules combine different chemical groups, allowing specialised roles such as cell recognition, signalling, transport and structural support.",