subjectSlug,chapterSlug,chapterTitle,topicSlug,topicTitle,_id,correctKeyVerified,examBoard,explanation,keyPoints,lastAttempt,locked,marks,modelAnswer,options,partType,questionKind,questionNumber,session,stem,topicId,year,correctKey,exerciseId,exerciseTitle,origin,sourceRef
"maths-12","02-limit-continuity-and-derivative","Limit, Continuity And Derivative","exercise-2-1","2.1 Evaluating Limits Graphically and Algebraically","m170kwv28542a5rzt0rz3g4qfh85q870","true","Federal Board","Expanding $(1+2x)^2 - 1 = 1 + 4x + 4x^2 - 1 = 4x + 4x^2$. Therefore, $\lim_{x \rightarrow \infty} \frac{4x + 4x^2}{x} = \lim_{x \rightarrow \infty} (4 + 4x) = \infty$.","[""Correctly expands $(1+2x)^2 - 1$ to get $4x + 4x^2$"",""Simplifies the fraction by dividing each term by $x$"",""Evaluates the limit as $x \\to \\infty$ to obtain $\\infty$""]",,"false","1","Expanding $(1+2x)^2 - 1 = 1 + 4x + 4x^2 - 1 = 4x + 4x^2$. Therefore, $\lim_{x \rightarrow \infty} \frac{4x + 4x^2}{x} = \lim_{x \rightarrow \infty} (4 + 4x) = \infty$.","[{""key"":""A"",""text"":""1""},{""key"":""B"",""text"":""2""},{""key"":""C"",""text"":""4""},{""key"":""D"",""text"":""6""}]","MCQ","unclassified","1","annual","$\lim_{x \rightarrow \infty} \frac{(1+2x)^{2}-1}{x}=$","ms790m7z6r7g2hvbet2d2hq5j985qzjq","2025",,,,,
"maths-12","02-limit-continuity-and-derivative","Limit, Continuity And Derivative","exercise-2-1","2.1 Evaluating Limits Graphically and Algebraically","m173bqtzxqbdd094x4msnftcr985qgy1","true","Federal Board","We use the standard limit formula $\lim_{x \to \infty}\left(1+\frac{a}{x}\right)^{x} = e^a$. Here, $\lim_{x \to \infty}\left(1+\frac{2}{x}\right)^{\frac{x}{2}} = \left[\lim_{x \to \infty}\left(1+\frac{2}{x}\right)^{x}\right]^{\frac{1}{2}} = (e^2)^{\frac{1}{2}} = e$.","[""Recognize the standard exponential limit form $\\lim_{x \\to \\infty}\\left(1+\\frac{a}{x}\\right)^{x} = e^a$"",""Rewrite the exponent $\\frac{x}{2}$ to match the standard form"",""Apply the power rule: $(e^2)^{\\frac{1}{2}} = e^{2 \\cdot \\frac{1}{2}} = e$"",""Final answer: $e$""]",,"false","1","We use the standard limit formula $\lim_{x \to \infty}\left(1+\frac{a}{x}\right)^{x} = e^a$. Here, $\lim_{x \to \infty}\left(1+\frac{2}{x}\right)^{\frac{x}{2}} = \left[\lim_{x \to \infty}\left(1+\frac{2}{x}\right)^{x}\right]^{\frac{1}{2}} = (e^2)^{\frac{1}{2}} = e$.","[{""key"":""A"",""text"":""0""},{""key"":""B"",""text"":""1""},{""key"":""C"",""text"":""$e$""},{""key"":""D"",""text"":""$\\frac{1}{e}$""}]","MCQ","mcq","2","annual","$\lim_{x \rightarrow \infty}\left(1+\frac{2}{x}\right)^{\frac{x}{2}}=$","ms790m7z6r7g2hvbet2d2hq5j985qzjq","2025","A",,,,
"maths-12","02-limit-continuity-and-derivative","Limit, Continuity And Derivative","exercise-2-1","2.1 Evaluating Limits Graphically and Algebraically","m171mxeec4m23p5z6pf8myj3xs85pfzn","true","Federal Board",,"[""Recognize the indeterminate form $\\frac{0}{0}$ at $\\theta = 0$"",""Apply the algebraic identity $\\sin^2 \\theta = (1-\\cos\\theta)(1+\\cos\\theta)$ to factor and simplify"",""Cancel the common factor $(1-\\cos\\theta)$ from numerator and denominator"",""Use direct substitution to evaluate the simplified limit as $\\frac{1}{2}$""]",,"false","4","To evaluate $\lim_{\theta \rightarrow 0} \frac{1-\cos \theta}{\sin^{2} \theta}$, we use the trigonometric identity $\sin^2 \theta = 1 - \cos^2 \theta = (1-\cos\theta)(1+\cos\theta)$. Substituting this, we get $\lim_{\theta \rightarrow 0} \frac{1-\cos \theta}{(1-\cos\theta)(1+\cos\theta)} = \lim_{\theta \rightarrow 0} \frac{1}{1+\cos\theta}$. By direct substitution, $\frac{1}{1+\cos(0)} = \frac{1}{1+1} = \frac{1}{2}$.",,"B","short","1","annual","Evaluate: $\lim_{\theta \rightarrow 0} \frac{1-\cos \theta}{\sin^{2} \theta}$","ms790m7z6r7g2hvbet2d2hq5j985qzjq","2025",,,,,
"maths-12","02-limit-continuity-and-derivative","Limit, Continuity And Derivative","exercise-2-1","2.1 Evaluating Limits Graphically and Algebraically","m17bx4wn1p9f475mtqnv5j2b7985q7v2","true","Federal Board","To evaluate $\lim_{n \to \infty} \left(1 + \frac{2}{n}\right)^{3n}$, we rewrite it using the standard limit form. Let $m = \frac{n}{2}$, so $n = 2m$ and as $n \to \infty$, $m \to \infty$. Then $\left(1 + \frac{2}{n}\right)^{3n} = \left(1 + \frac{1}{m}\right)^{6m} = \left[\left(1 + \frac{1}{m}\right)^{m}\right]^6$. Since $\lim_{m \to \infty} \left(1 + \frac{1}{m}\right)^{m} = e$, the result is $e^6$.","[""Recognize the standard exponential limit form $\\lim_{n \\to \\infty} \\left(1 + \\frac{1}{n}\\right)^{n} = e$"",""Rewrite the given expression by substitution to match the standard form"",""Apply the limit property to obtain $e^6$ as the final answer""]",,"false","1","To evaluate $\lim_{n \to \infty} \left(1 + \frac{2}{n}\right)^{3n}$, we rewrite it using the standard limit form. Let $m = \frac{n}{2}$, so $n = 2m$ and as $n \to \infty$, $m \to \infty$. Then $\left(1 + \frac{2}{n}\right)^{3n} = \left(1 + \frac{1}{m}\right)^{6m} = \left[\left(1 + \frac{1}{m}\right)^{m}\right]^6$. Since $\lim_{m \to \infty} \left(1 + \frac{1}{m}\right)^{m} = e$, the result is $e^6$.","[{""key"":""A"",""text"":""$e$""},{""key"":""B"",""text"":""$e^2$""},{""key"":""C"",""text"":""$e^3$""},{""key"":""D"",""text"":""$e^6$""}]","MCQ","mcq","4","annual","What result will occur, in evaluating $\lim_{n \to \infty} \left(1 + \frac{2}{n}\right)^{3n}$?","ms790m7z6r7g2hvbet2d2hq5j985qzjq","2022","A",,,,
"maths-12","02-limit-continuity-and-derivative","Limit, Continuity And Derivative","exercise-2-1","2.1 Evaluating Limits Graphically and Algebraically","m177phegaz0d0apetjc68vsa4x85q619","true","Federal Board",,"[""Identifies indeterminate form $\\frac{0}{0}$ and applies rationalization technique"",""Multiplies by conjugate $\\frac{\\sqrt{x+5} + \\sqrt{5}}{\\sqrt{x+5} + \\sqrt{5}}$ to eliminate radicals"",""Simplifies numerator using difference of squares: $(x+5) - 5 = x$"",""Cancels common factor $x$ from numerator and denominator"",""Applies direct substitution to obtain final answer $\\frac{\\sqrt{5}}{10}$""]",,"false","4","To evaluate $\lim_{x \to 0} \frac{\sqrt{x+5} - \sqrt{5}}{x}$, we recognize this as an indeterminate form $\frac{0}{0}$. We rationalize by multiplying by the conjugate $\frac{\sqrt{x+5} + \sqrt{5}}{\sqrt{x+5} + \sqrt{5}}$:

$$\lim_{x \to 0} \frac{\sqrt{x+5} - \sqrt{5}}{x} \cdot \frac{\sqrt{x+5} + \sqrt{5}}{\sqrt{x+5} + \sqrt{5}} = \lim_{x \to 0} \frac{(x+5) - 5}{x(\sqrt{x+5} + \sqrt{5})} = \lim_{x \to 0} \frac{x}{x(\sqrt{x+5} + \sqrt{5})}$$

Cancelling $x$: $$\lim_{x \to 0} \frac{1}{\sqrt{x+5} + \sqrt{5}} = \frac{1}{\sqrt{5} + \sqrt{5}} = \frac{1}{2\sqrt{5}} = \frac{\sqrt{5}}{10}$$",,"B","short","2","annual","Evaluate $\lim_{x \to 0} \frac{\sqrt{x+5} - \sqrt{5}}{x}$","ms790m7z6r7g2hvbet2d2hq5j985qzjq","2022",,,,,
"maths-12","02-limit-continuity-and-derivative","Limit, Continuity And Derivative","exercise-2-1","2.1 Evaluating Limits Graphically and Algebraically","m176g2pg4ct9xnpbsenpwz34dh85q89r","false","Federal Board","To evaluate $\lim_{x \rightarrow 3} \frac{x - 3}{\sqrt{3} - \sqrt{x}}$, we rationalize the denominator by multiplying by the conjugate $\frac{\sqrt{3} + \sqrt{x}}{\sqrt{3} + \sqrt{x}}$. This gives $\frac{(x-3)(\sqrt{3}+\sqrt{x})}{3-x} = \frac{(x-3)(\sqrt{3}+\sqrt{x})}{-(x-3)} = -(\sqrt{3}+\sqrt{x})$. As $x \to 3$, this approaches $-(\sqrt{3}+\sqrt{3}) = -2\sqrt{3}$.","[""Recognize the indeterminate form $0/0$ at $x=3$"",""Apply rationalization technique by multiplying by conjugate $\\frac{\\sqrt{3}+\\sqrt{x}}{\\sqrt{3}+\\sqrt{x}}$"",""Simplify denominator using difference of squares: $3-x=-(x-3)$"",""Cancel common factor $(x-3)$ to remove indeterminacy"",""Substitute $x=3$ to obtain final answer $-2\\sqrt{3}$""]",,"false","1","To evaluate $\lim_{x \rightarrow 3} \frac{x - 3}{\sqrt{3} - \sqrt{x}}$, we rationalize the denominator by multiplying by the conjugate $\frac{\sqrt{3} + \sqrt{x}}{\sqrt{3} + \sqrt{x}}$. This gives $\frac{(x-3)(\sqrt{3}+\sqrt{x})}{3-x} = \frac{(x-3)(\sqrt{3}+\sqrt{x})}{-(x-3)} = -(\sqrt{3}+\sqrt{x})$. As $x \to 3$, this approaches $-(\sqrt{3}+\sqrt{3}) = -2\sqrt{3}$.","[{""key"":""A"",""text"":""$-2\\sqrt{3}$""},{""key"":""B"",""text"":""$2\\sqrt{3}$""},{""key"":""C"",""text"":""$3\\sqrt{2}$""},{""key"":""D"",""text"":""$3\\sqrt{3}$""}]","MCQ","unclassified","3","annual","What result occurs in evaluating $\lim_{x \rightarrow 3} \frac{x - 3}{\sqrt{3} - \sqrt{x}}$?","ms790m7z6r7g2hvbet2d2hq5j985qzjq","2022","A",,,,
"maths-12","02-limit-continuity-and-derivative","Limit, Continuity And Derivative","exercise-2-1","2.1 Evaluating Limits Graphically and Algebraically","m17f8xvrs5yqx25havb7vy2eds85qng8","true","Federal Board",,"[""Converts $\\csc x$ and $\\cot x$ to sine and cosine form"",""Combines fractions to obtain $\\frac{1-\\cos x}{x\\sin x}$"",""Applies trigonometric identities and standard limits $\\lim_{u \\to 0}\\frac{\\sin u}{u} = 1$"",""Correctly evaluates the limit using algebraic manipulation of trigonometric expressions""]",,"false","4","To evaluate $\lim_{x \rightarrow 0} \frac{\csc x - \cot x}{x}$, we first rewrite the trigonometric functions in terms of sine and cosine:

$$\lim_{x \rightarrow 0} \frac{\csc x - \cot x}{x} = \lim_{x \rightarrow 0} \frac{\frac{1}{\sin x} - \frac{\cos x}{\sin x}}{x}$$

Combining the fractions in the numerator:
$$= \lim_{x \rightarrow 0} \frac{\frac{1 - \cos x}{\sin x}}{x} = \lim_{x \rightarrow 0} \frac{1 - \cos x}{x \sin x}$$

Using the algebraic identity $1 - \cos x = 2\sin^2\left(\frac{x}{2}\right)$:
$$= \lim_{x \rightarrow 0} \frac{2\sin^2\left(\frac{x}{2}\right)}{x \sin x}$$

Rewriting and applying the standard limit $\lim_{u \rightarrow 0} \frac{\sin u}{u} = 1$:
$$= \lim_{x \rightarrow 0} \frac{2\sin\left(\frac{x}{2}\right)}{x} \cdot \frac{\sin\left(\frac{x}{2}\right)}{\sin x} = \lim_{x \rightarrow 0} \frac{\sin\left(\frac{x}{2}\right)}{\frac{x}{2}} \cdot \frac{\sin\left(\frac{x}{2}\right)}{\sin x}$$

As $x \rightarrow 0$: the first factor approaches $1$, and the second factor approaches $\frac{0}{0}$, which simplifies to $\frac{1}{2}$.

Therefore: $\lim_{x \rightarrow 0} \frac{\csc x - \cot x}{x} = \boxed{0}$",,"B","short","2","annual","Evaluate $\lim_{x \rightarrow 0} \frac{\csc x - \cot x}{x}$.","ms790m7z6r7g2hvbet2d2hq5j985qzjq","2022",,,,,
"maths-12","02-limit-continuity-and-derivative","Limit, Continuity And Derivative","exercise-2-1","2.1 Evaluating Limits Graphically and Algebraically","m17akxzssg4m0mf4xfe3h5aq3s85q18h","true","Federal Board","To find $\lim_{x \rightarrow 0} \frac{1-\cos x}{x^{2}}$, we use the standard trigonometric limit. Multiply numerator and denominator by $(1+\cos x)$: $\frac{1-\cos x}{x^{2}} \cdot \frac{1+\cos x}{1+\cos x} = \frac{1-\cos^2 x}{x^{2}(1+\cos x)} = \frac{\sin^2 x}{x^{2}(1+\cos x)}$. This gives $\left(\frac{\sin x}{x}\right)^2 \cdot \frac{1}{1+\cos x}$. As $x \to 0$: $\frac{\sin x}{x} \to 1$ and $\frac{1}{1+\cos x} \to \frac{1}{2}$. Therefore, $\lim_{x \rightarrow 0} \frac{1-\cos x}{x^{2}} = 1^2 \cdot \frac{1}{2} = \frac{1}{2}$.","[""Recognize the indeterminate form $\\frac{0}{0}$ and apply algebraic technique (rationalization)"",""Use the standard limit $\\lim_{x \\to 0} \\frac{\\sin x}{x} = 1$"",""Apply limit product rule: $\\lim(f \\cdot g) = \\lim f \\cdot \\lim g$"",""Correctly evaluate $\\cos(0) = 1$ to obtain final answer $\\frac{1}{2}$""]",,"false","1","To find $\lim_{x \rightarrow 0} \frac{1-\cos x}{x^{2}}$, we use the standard trigonometric limit. Multiply numerator and denominator by $(1+\cos x)$: $\frac{1-\cos x}{x^{2}} \cdot \frac{1+\cos x}{1+\cos x} = \frac{1-\cos^2 x}{x^{2}(1+\cos x)} = \frac{\sin^2 x}{x^{2}(1+\cos x)}$. This gives $\left(\frac{\sin x}{x}\right)^2 \cdot \frac{1}{1+\cos x}$. As $x \to 0$: $\frac{\sin x}{x} \to 1$ and $\frac{1}{1+\cos x} \to \frac{1}{2}$. Therefore, $\lim_{x \rightarrow 0} \frac{1-\cos x}{x^{2}} = 1^2 \cdot \frac{1}{2} = \frac{1}{2}$.","[{""key"":""A"",""text"":""2""},{""key"":""B"",""text"":""$\\frac{1}{4}$""},{""key"":""C"",""text"":""$\\frac{1}{2}$""},{""key"":""D"",""text"":""1""}]","MCQ","mcq","3","annual","What is the value of $\lim_{x \rightarrow 0} \frac{1-\cos x}{x^{2}}$?","ms790m7z6r7g2hvbet2d2hq5j985qzjq","2023","C",,,,
"maths-12","02-limit-continuity-and-derivative","Limit, Continuity And Derivative","exercise-2-1","2.1 Evaluating Limits Graphically and Algebraically","m17cvzvpa3qwh1wfea57b9gdtx85qwyj","true","Federal Board",,"[""Correctly rewrites $\\sec \\theta$ as $\\frac{1}{\\cos \\theta}$ to eliminate indeterminate form"",""Simplifies the complex fraction by cancelling $\\cos \\theta$ terms"",""Applies standard trigonometric limit $\\lim_{\\theta \\to 0} \\frac{1 - \\cos \\theta}{\\theta^2} = \\frac{1}{2}$ or recognizes the limit equals 0"",""Arrives at final answer of 0""]",,"false","4","To evaluate $\lim_{\theta \to 0} \frac{\sec \theta - 1}{\theta \sec \theta}$, we first rewrite $\sec \theta = \frac{1}{\cos \theta}$. The expression becomes $\lim_{\theta \to 0} \frac{\frac{1}{\cos \theta} - 1}{\theta \cdot \frac{1}{\cos \theta}} = \lim_{\theta \to 0} \frac{\frac{1 - \cos \theta}{\cos \theta}}{\frac{\theta}{\cos \theta}} = \lim_{\theta \to 0} \frac{1 - \cos \theta}{\theta}$. Using the standard limit $\lim_{\theta \to 0} \frac{1 - \cos \theta}{\theta^2} = \frac{1}{2}$, we can write $\lim_{\theta \to 0} \frac{1 - \cos \theta}{\theta} = \lim_{\theta \to 0} \frac{1 - \cos \theta}{\theta^2} \cdot \theta = \frac{1}{2} \cdot 0 = 0$.",,"B","short","6","annual","Evaluate $\lim_{\theta \to 0} \frac{\sec \theta - 1}{\theta \sec \theta}$.","ms790m7z6r7g2hvbet2d2hq5j985qzjq","2024",,,,,
"maths-12","02-limit-continuity-and-derivative","Limit, Continuity And Derivative","exercise-2-1","2.1 Evaluating Limits Graphically and Algebraically","m179ycfdn2tcyfdmj185yxevc58c7jqb",,,,"[""The limit is 2: lim(x→5) √(x−1)=√4=2.""]",,"false",,"\begin{tabular}{|c|c|c|c|c|c|c|c|}
\hline$x$ & 1 & 2 & 3 & 4 & 5 & 6 & 7 \\
\hline$y$ & 0 & 1 & 1.41 & 1.73 & 2 & 2.23 & 2.4 \\
\hline
\end{tabular}

From graph, it is clear that the limiting value of function approaches to 2 from both left and right side as $x \rightarrow 5$.
i.e., $\lim _{x \rightarrow 5^{-}} f(x)=2=\lim _{x \rightarrow 5^{+}} f(x)$
⇒ Limit exists.
Hence $\lim _{x \rightarrow 5} \sqrt{x-1}=2$
(b) $\lim _{x \rightarrow 1} \frac{x^{2}-1}{x-1}$

\section*{Solution:}

\begin{tabular}{|c|c|c|c|c|c|c|c|}
\hline$x$ & -1 & -0.5 & 0 & 0.5 & 1 & 1.5 & 2 \\
\hline$y$ & 0 & 0.5 & 1 & 1.5 & $\infty$ & 2.5 & 3 \\
\hline
\end{tabular}

From graph, it is clear that the limiting value of function approaches to 2 from both left and right sides as $x$ approaches to 1 .
i.e., $\lim _{x \rightarrow 1^{-}} f(x)=2=\lim _{x \rightarrow 1^{+}} f(x)$
⇒ Limit exists.
Hence $\lim _{x \rightarrow 1} \frac{x^{2}-1}{x-1}=2$
(c) $\lim _{x \rightarrow 0} \frac{x^{2}-3 x}{x}$

\section*{Solution:}

\begin{tabular}{|c|c|c|c|c|c|c|c|}
\hline$x$ & $\cdots$ & -1 & 0 & 1 & 2 & 3 & $\cdots$ \\
\hline$y$ & $\cdots$ & -4 & \begin{tabular}{c}
not \\
defined
\end{tabular} & -2 & 1 & 0 & $\cdots$ \\
\hline
\end{tabular}

From graph, it is clear that the limiting value of function approaches to -3 from both left and right sides as $x$ approaches to 0 .
i.e., $\lim _{x \rightarrow 0^{-}} f(x)=-3=\lim _{x \rightarrow 0^{+}} f(x)$
Hence $\lim _{x \rightarrow 0} \frac{x^{2}-3 x}{x}=-3$
(d) $\lim _{x \rightarrow 0} \frac{|x|}{x}$

\section*{Solution:}

\begin{tabular}{|c|c|c|c|c|c|c|c|c|c|}
\hline$x$ & $\ldots$ & -3 & -2 & -1 & 0 & 1 & 2 & 3 & $\ldots$ \\
\hline$y$ & $\ldots$ & -1 & -1 & -1 & \begin{tabular}{c}
not \\
defined
\end{tabular} & 1 & 1 & 1 & $\ldots$ \\
\hline
\end{tabular}

From graph, it is clear that the limiting value of function approaches to -1 as $x$ approaches to 0 from left side. i.e., i.e.,
$$
\begin{equation*}
\lim _{x \rightarrow 0^{-}} f(x)=-1
\end{equation*}
$$

Also the limiting value of function approaches to 1 as $x$ approaches to 0 from right side.
i.e.,
$$
\begin{equation*}
\lim _{x \rightarrow 0^{+}} f(x)=1
\end{equation*}
$$

From eq. (1) and (2), it is clear that
$$
\lim _{x \rightarrow 0^{-}} f(x) \neq \lim _{x \rightarrow 0^{+}} f(x)
$$

So, limit does not exist.
(e) $\lim _{x \rightarrow 2} f(x)$, where $f(x)=\left\{\begin{array}{cc}x & x<2 \\ x+1 & x \geq 2\end{array}\right.$

\section*{Solution:}

Case-I: When $x<0$ then $f(x)=x$, so we have

\begin{tabular}{|c|c|c|c|c|c|}
\hline$x$ & $\ldots$ & -1 & 0 & 1 & +1.5 \\
\hline$f(x)$ & $\ldots$ & -1 & 0 & 1 & 1.5 \\
\hline
\end{tabular}

Case-II: When $x \geq 2$ then $f(x)=x+1$, so we have

\begin{tabular}{|c|c|c|c|c|}
\hline$x$ & 2 & 3 & 4 & $\ldots$ \\
\hline$f(x)$ & 3 & 4 & 5 & $\ldots$ \\
\hline
\end{tabular}

From graph, it is clear that the limiting value of function approaches to 2 as $x$ approaches to 2 from left side $(x<2)$.
i.e.,
$$
\begin{equation*}
\lim _{x \rightarrow 2^{-}} f(x)=2
\end{equation*}
$$

Also the limiting value of function approaches to 3 from right side as $x$ approaches to 2 . ( $x \geq 2$ )
i.e.,
$$
\begin{equation*}
\lim _{x \rightarrow 2+} f(x)=3
\end{equation*}
$$

From eq. (1) and (2)
$$
\lim _{x \rightarrow 2^{-}} f(x) \neq \lim _{x \rightarrow 2^{+}} f(x)
$$

So, limit does not exists.
(f) $\lim _{x \rightarrow 0} f(x)$, where $f(x)=\left\{\begin{array}{cc}x^{2} & x<0 \\ 2 & x=0 \\ \sqrt{x}-1 & x>0\end{array}\right.$

\section*{Solution:}

Case-I: When $x<0$ then $f(x)=x^{2}$

\begin{tabular}{|c|c|c|c|c|c|}
\hline$x$ & $\ldots$ & -3 & -2 & -1 & -0.5 \\
\hline$f(x)$ & $\ldots$ & 9 & 4 & 1 & 0.25 \\
\hline
\end{tabular}

Case-II: When $x>0$ then $f(x)=\sqrt{x}-1$

\begin{tabular}{|c|c|c|c|c|c|}
\hline$x$ & 0.5 & 1 & 2 & 3 & $\ldots$ \\
\hline$f(x)$ & -0.29 & 0 & 0.41 & 0.73 & $\ldots$ \\
\hline
\end{tabular}

From graph, it is clear that the limiting value of function approaches to 0 as $x$ approaches to 0 from left side ( $x<0$ ).
i.e.,
$$
\begin{equation*}
\lim _{x \rightarrow 0^{-}} f(x)=0
\end{equation*}
$$

Also the limiting value of function approaches to -1 from right side as $x$ approaches to $0 .(x>0)$
i.e.,
$$
\begin{equation*}
\lim _{x \rightarrow 0^{+}} f(x)=-1
\end{equation*}
$$

From eq. (1) and (2)
$$
\lim _{x \rightarrow 0^{-}} f(x) \neq \lim _{x \rightarrow 0^{+}} f(x)
$$

So, limit does not exists.
(g) $\lim _{x \rightarrow 0} \frac{1-\cos }{x^{2}}$

\section*{Solution:}

\begin{tabular}{|c|c|c|c|c|c|c|c|c|c|c|c|}
\hline$x$ & $\ldots$ & -4 & -3 & -2 & -1 & 0 & 1 & 2 & 3 & 4 & $\ldots$ \\
\hline$y$ & $\ldots$ & 0.1 & 0.22 & 0.35 & 0.46 & \begin{tabular}{c}
not \\
defined
\end{tabular} & 0.46 & 0.35 & 0.46 & 0.1 & \\
\hline
\end{tabular}

From graph, it is clear that the limiting value of function approaches to $1 / 2$ from both left and right side as $x$ approaches to zero.
i.e., $\lim _{x \rightarrow 0^{-}} \frac{1-\cos x}{x^{2}}=\frac{1}{2}=\lim _{x \rightarrow 0^{+}} \frac{1-\cos x}{x^{2}}$
⇒ Limit exists.
Hence $\lim _{x \rightarrow 0} \frac{1-\cos x}{x^{2}}=\frac{1}{2}$",,,"unclassified","1",,"Use a graph to find the given limit, if it exists.
(a) $\lim _{x \rightarrow 5} \sqrt{x-1}$","ms790m7z6r7g2hvbet2d2hq5j985qzjq",,,"xd705qm3v91eer80e2epr4atc98c6pbt","Exercise 2.1","exercise","{""blockIndex"":1,""chapterNumber"":2,""page"":45,""subjectSlug"":""maths-12""}"
"maths-12","02-limit-continuity-and-derivative","Limit, Continuity And Derivative","exercise-2-1","2.1 Evaluating Limits Graphically and Algebraically","m174be9aw18gmp7wf0388pgvwd8c64g3",,,,"[""The limit is 1/2: lim(x→0)[x−1/(x−2)] = 1/2.""]",,"false",,"$$
\begin{aligned}
& \lim _{x \rightarrow 0}\left(x-\frac{1}{x-2}\right) \\
& =\left(0-\frac{1}{0-2}\right) . \\
& =0-\frac{1}{-2} . \\
& =\frac{1}{2}
\end{aligned}
$$",,,"unclassified","10",,"$\lim _{x \rightarrow 0}\left(x-\frac{1}{x-2}\right)$.","ms790m7z6r7g2hvbet2d2hq5j985qzjq",,,"xd705qm3v91eer80e2epr4atc98c6pbt","Exercise 2.1","exercise","{""blockIndex"":5,""chapterNumber"":2,""page"":47,""subjectSlug"":""maths-12""}"
"maths-12","02-limit-continuity-and-derivative","Limit, Continuity And Derivative","exercise-2-1","2.1 Evaluating Limits Graphically and Algebraically","m170brp7f3hhd9xkdszq0s5zh58c70ym",,,,"[""Factor and cancel x+3: (2x+6)/(4x²−36)=1/[2(x−3)] for x≠−3. Therefore the limit as x→−3 is −1/12.""]",,"false",,"$$
\lim _{x \rightarrow-3} \frac{2 x+6}{4 x^{2}-36}
$$
$$
\begin{aligned}
& =\lim _{x \rightarrow-3} \frac{{ }^{1} 2(x+3)}{2 A\left(x^{2}-9\right)} \\
& =\lim _{x \rightarrow-3} \frac{(x+3)}{2\left((x)^{2}-(3)^{2}\right)} \\
& =\lim _{x \rightarrow-3} \frac{x+3}{2(x-3)(x+3)} \\
& =\lim _{x \rightarrow-3} \frac{1}{2(x-3)} \\
& =\frac{1}{2(-3-3)} \\
& =\frac{1}{2(-6)}=\frac{-1}{12}
\end{aligned}
$$",,,"unclassified","11",,"$\lim _{x \rightarrow-3} \frac{2 x+6}{4 x^{2}-36}$","ms790m7z6r7g2hvbet2d2hq5j985qzjq",,,"xd705qm3v91eer80e2epr4atc98c6pbt","Exercise 2.1","exercise","{""blockIndex"":5,""chapterNumber"":2,""page"":47,""subjectSlug"":""maths-12""}"
"maths-12","02-limit-continuity-and-derivative","Limit, Continuity And Derivative","exercise-2-1","2.1 Evaluating Limits Graphically and Algebraically","m17ajhapgrf8f7xnjrpgk63bxn8c7022",,,,"[""The limit is 1: lim(x→0) tan(x)/x = 1.""]",,"false",,"$$
\begin{aligned}
& \lim _{x \rightarrow 0} \frac{\tan x}{x} \\
& =\lim _{x \rightarrow 0} \frac{\frac{\sin x}{\cos x}}{x} \\
& =\lim _{x \rightarrow 0} \frac{\sin x}{x \cdot \cos x} \\
& =\lim _{x \rightarrow 0} \frac{\sin x}{x} \cdot \lim _{x \rightarrow 0} \frac{1}{\cos x} \\
& =1 \cdot \frac{1}{\cos (0)} \\
& =1 \cdot \frac{1}{1} \\
& =1
\end{aligned}
$$",,,"unclassified","12",,"$\lim _{x \rightarrow 0} \frac{\tan x}{x}$","ms790m7z6r7g2hvbet2d2hq5j985qzjq",,,"xd705qm3v91eer80e2epr4atc98c6pbt","Exercise 2.1","exercise","{""blockIndex"":5,""chapterNumber"":2,""page"":47,""subjectSlug"":""maths-12""}"
"maths-12","02-limit-continuity-and-derivative","Limit, Continuity And Derivative","exercise-2-1","2.1 Evaluating Limits Graphically and Algebraically","m17ds5r5qh78emmayr8nygmdpx8c7mp3",,,,"[""The limit is 1/3: lim(x→0) x/sin(3x) = 1/3.""]",,"false",,"$$
\begin{aligned}
& \lim _{x \rightarrow 0} \frac{x}{\sin 3 x} \\
& =\lim _{x \rightarrow 0} \frac{x}{\frac{\sin 3 x}{3 x} \times 3 x} \\
& =\lim _{x \rightarrow 0} \frac{1}{3 \cdot \sin \frac{3 x}{3 x}} \\
& =\frac{1}{3} \cdot \frac{1}{\lim _{x \rightarrow 0} \frac{\sin 3 x}{3 x}} \\
& =\frac{1}{3} \cdot \frac{1}{1}=\frac{1}{3}
\end{aligned}
$$",,,"unclassified","13",,"$\lim _{x \rightarrow 0} \frac{x}{\sin 3 x}$","ms790m7z6r7g2hvbet2d2hq5j985qzjq",,,"xd705qm3v91eer80e2epr4atc98c6pbt","Exercise 2.1","exercise","{""blockIndex"":5,""chapterNumber"":2,""page"":47,""subjectSlug"":""maths-12""}"
"maths-12","02-limit-continuity-and-derivative","Limit, Continuity And Derivative","exercise-2-1","2.1 Evaluating Limits Graphically and Algebraically","m17079dd6ppsmpv468n5t4tezd8c79gb",,,,,,"false",,"From graph, it is clear that the limiting value of function approaches to 3 from both left and right side as $x$ approaches to 1 .
i.e., $\lim _{x \rightarrow 1^{-}} f(x)=\lim _{x \rightarrow 1^{+}} f(x)=3$
⇒ Limit exists.
Hence $\lim _{x \rightarrow 1} f(x)=3$
(b)

\section*{Solution:}

As $x \rightarrow 1$ from left, the limiting value of the function approaches to 2 and from the right, it approaches to infinity $(\infty)$. Both limits are not same. Thus, the limit of the function does not exists.

\section*{Evaluate the following:}",,,"unclassified","2",,"Use the given graph to find each limit $(x \rightarrow 1)$, if it exists.
(a)","ms790m7z6r7g2hvbet2d2hq5j985qzjq",,,"xd705qm3v91eer80e2epr4atc98c6pbt","Exercise 2.1","exercise","{""blockIndex"":2,""chapterNumber"":2,""page"":45,""subjectSlug"":""maths-12""}"
"maths-12","02-limit-continuity-and-derivative","Limit, Continuity And Derivative","exercise-2-1","2.1 Evaluating Limits Graphically and Algebraically","m17a0dv8dhz8nwk4fx1thmj5ph8c6frb",,,,,,"false",,"From graph, it is clear that the limiting value of function approaches to 3 from both left and right side as $x$ approaches to 1 .
i.e., $\lim _{x \rightarrow 1^{-}} f(x)=\lim _{x \rightarrow 1^{+}} f(x)=3$
⇒ Limit exists.
Hence $\lim _{x \rightarrow 1} f(x)=3$
(b)

\section*{Solution:}

As $x \rightarrow 1$ from left, the limiting value of the function approaches to 2 and from the right, it approaches to infinity $(\infty)$. Both limits are not same. Thus, the limit of the function does not exists.

\section*{Evaluate the following:}",,,"unclassified","3",,"Use the given graph to find each limit $(x \rightarrow 1)$, if it exists.
(a)","ms790m7z6r7g2hvbet2d2hq5j985qzjq",,,"xd705qm3v91eer80e2epr4atc98c6pbt","Exercise 2.1","exercise","{""blockIndex"":5,""chapterNumber"":2,""page"":47,""subjectSlug"":""maths-12""}"
"maths-12","02-limit-continuity-and-derivative","Limit, Continuity And Derivative","exercise-2-1","2.1 Evaluating Limits Graphically and Algebraically","m171c3jqhtf762m709x96yqtph8c7rxn",,,,,,"false",,"$$
\begin{aligned}
& \lim _{x \rightarrow 4} \frac{\sqrt{x}-2}{x-4} \\
& =\lim _{x \rightarrow 4} \frac{\sqrt{x}-2}{x-4} \times \frac{\sqrt{x}+2}{\sqrt{x}+2} \\
& =\lim _{x \rightarrow 4} \frac{(\sqrt{x})^{2}-(2)^{2}}{(x-4)(\sqrt{x}+2)}
\end{aligned}
$$
$$
=\lim _{x \rightarrow 4} \frac{x<4}{(x-4)(\sqrt{x}+2)}
$$
$=\lim _{x \rightarrow 4} \frac{1}{\sqrt{x}+2}$
$=\frac{1}{\sqrt{4}+2}$
$=\frac{1}{2+2}$
$=\frac{1}{4}$",,,"unclassified","4",,"$\lim _{x \rightarrow 4} \frac{\sqrt{x}-2}{x-4}$","ms790m7z6r7g2hvbet2d2hq5j985qzjq",,,"xd705qm3v91eer80e2epr4atc98c6pbt","Exercise 2.1","exercise","{""blockIndex"":5,""chapterNumber"":2,""page"":47,""subjectSlug"":""maths-12""}"
"maths-12","02-limit-continuity-and-derivative","Limit, Continuity And Derivative","exercise-2-1","2.1 Evaluating Limits Graphically and Algebraically","m175as2zjmp3syqkawnc42wged8c6n7d",,,,,,"false",,"$$
\begin{aligned}
& \lim _{x \rightarrow 7} \frac{x^{2}-21}{x+2} \\
& =\frac{(7)^{2}-21}{7+2} \\
& =\frac{49-21}{9} \\
& =\frac{28}{9}
\end{aligned}
$$",,,"unclassified","5",,"$\lim _{x \rightarrow 7} \frac{x^{2}-21}{x+2}$","ms790m7z6r7g2hvbet2d2hq5j985qzjq",,,"xd705qm3v91eer80e2epr4atc98c6pbt","Exercise 2.1","exercise","{""blockIndex"":5,""chapterNumber"":2,""page"":47,""subjectSlug"":""maths-12""}"
"maths-12","02-limit-continuity-and-derivative","Limit, Continuity And Derivative","exercise-2-1","2.1 Evaluating Limits Graphically and Algebraically","m17dcq6632w0k3nmf2e7df1ee98c7yg6",,,,,,"false",,"$$
\begin{aligned}
& \lim _{x \rightarrow 0} \frac{x^{2}-6 x}{x^{2}-7 x+6} \\
& =\frac{(0)^{2}-6(0)}{(0)^{2}-7(0)+6} \\
& =\frac{0-0}{0-0+6} \\
& =\frac{0}{6} \\
& =0
\end{aligned}
$$",,,"unclassified","6",,"$\lim _{x \rightarrow 0} \frac{x^{2}-6 x}{x^{2}-7 x+6}$","ms790m7z6r7g2hvbet2d2hq5j985qzjq",,,"xd705qm3v91eer80e2epr4atc98c6pbt","Exercise 2.1","exercise","{""blockIndex"":5,""chapterNumber"":2,""page"":47,""subjectSlug"":""maths-12""}"
"maths-12","02-limit-continuity-and-derivative","Limit, Continuity And Derivative","exercise-2-1","2.1 Evaluating Limits Graphically and Algebraically","m17900nph0ccygt0bca6tvfz4s8c7a9f",,,,,,"false",,"$$
\begin{aligned}
& \lim _{y \rightarrow 1} \frac{y^{3}-1}{y-1} \\
& =\lim _{y \rightarrow 1} \frac{(y)^{3}-(1)^{3}}{y-1} \\
& =\lim _{y \rightarrow 1} \frac{(y-1)\left(y^{2}+y+1\right)}{y}
\end{aligned}
$$
$$
\begin{aligned}
& =\lim _{y \rightarrow 1}\left(y^{2}+y+1\right) \\
& =(1)^{2}+1+1 \\
& =1+1+1 \\
& =3
\end{aligned}
$$",,,"unclassified","7",,"$\lim _{y \rightarrow 1} \frac{y^{3}-1}{y-1}$","ms790m7z6r7g2hvbet2d2hq5j985qzjq",,,"xd705qm3v91eer80e2epr4atc98c6pbt","Exercise 2.1","exercise","{""blockIndex"":5,""chapterNumber"":2,""page"":47,""subjectSlug"":""maths-12""}"
"maths-12","02-limit-continuity-and-derivative","Limit, Continuity And Derivative","exercise-2-1","2.1 Evaluating Limits Graphically and Algebraically","m17anffattg5sxnv7mpfhqv5r58c6ezf",,,,,,"false",,"$$
\begin{aligned}
& \lim _{x \rightarrow 3} \frac{(x+3)^{2}}{\sqrt{x-3}} \\
& =\frac{(3+3)^{2}}{\sqrt{3-3}} \\
& =\frac{(6)^{2}}{\sqrt{0}} \\
& =\frac{36}{0} \\
& =\infty
\end{aligned}
$$

Limit does not exist",,,"unclassified","8",,"$\lim _{x \rightarrow 3} \frac{(x+3)^{2}}{\sqrt{x-3}}$","ms790m7z6r7g2hvbet2d2hq5j985qzjq",,,"xd705qm3v91eer80e2epr4atc98c6pbt","Exercise 2.1","exercise","{""blockIndex"":5,""chapterNumber"":2,""page"":47,""subjectSlug"":""maths-12""}"
"maths-12","02-limit-continuity-and-derivative","Limit, Continuity And Derivative","exercise-2-1","2.1 Evaluating Limits Graphically and Algebraically","m175dhjnts79jqb75bhmb9yh3s8c7pyf",,,,,,"false",,"$=(2-4)^{4}\left((2)^{2}-3\right)^{10}$
$=(-2)^{4}(4-3)^{10}$
$=16(1)^{10}$
$=16(1)$
= 16",,,"unclassified","9",,"$\lim _{x \rightarrow 2}(x-4)^{4}\left(x^{2}-3\right)^{10}$","ms790m7z6r7g2hvbet2d2hq5j985qzjq",,,"xd705qm3v91eer80e2epr4atc98c6pbt","Exercise 2.1","exercise","{""blockIndex"":5,""chapterNumber"":2,""page"":47,""subjectSlug"":""maths-12""}"
"maths-12","02-limit-continuity-and-derivative","Limit, Continuity And Derivative","exercise-2-2","2.2 Continuity and Types of Discontinuities","m1710qvjk59hh1f14tkgqahy3s85qgn9","true","Federal Board",,"[""Correctly calculates left-hand limit at $x=3$ as 13 using first piece"",""Correctly calculates right-hand limit at $x=3$ as 13 using second piece"",""Concludes limit exists at $x=3$ because LHL = RHL"",""Correctly evaluates one-sided limits at $x=12$ showing they are unequal (4 and 12)"",""Identifies function is discontinuous at $x=12$ due to jump discontinuity""]",,"false","4","To determine if $\lim_{x \rightarrow 3} f(x)$ exists, we evaluate the one-sided limits. **Left-Hand Limit:** $\lim_{x \rightarrow 3^-} f(x) = 3(3) + 4 = 13$. **Right-Hand Limit:** $\lim_{x \rightarrow 3^+} f(x) = 16 - 3 = 13$. Since $\lim_{x \rightarrow 3^-} f(x) = \lim_{x \rightarrow 3^+} f(x) = 13$, the limit **exists and equals 13**.

For continuity at $x = 12$: We check the three conditions. **(1) $f(12)$ is defined:** $f(12) = 12$ (using the third piece). **(2) Limit exists:** $\lim_{x \rightarrow 12^-} f(x) = 16 - 12 = 4$ and $\lim_{x \rightarrow 12^+} f(x) = 12$. Since $4 \neq 12$, the limit does not exist. **(3) Conclusion:** Because $\lim_{x \rightarrow 12} f(x)$ does not exist, the function is **discontinuous at $x = 12$** (jump discontinuity).",,"B","short","2","annual","For the function $f(x)= \begin{cases}3x+4, & 0 \leq x<3 \\ 16-x, & 3 \leq x<12 \\ x, & 12 \leq x<14\end{cases}$
(a) Explain whether $\lim_{x \rightarrow 3} f(x)$ exists
(b) Discuss the continuity of the function $f(x)$ at $x=12$","ms72esb9ay8yqkytejgfmc63k185qacy","2023",,,,,
"maths-12","02-limit-continuity-and-derivative","Limit, Continuity And Derivative","exercise-2-2","2.2 Continuity and Types of Discontinuities","m172pcd41grwy38vr009s09qms85q1sd","false","Federal Board","To determine if a function is continuous at $x=4$, we must verify three conditions: (1) $f(4)$ is defined, (2) $\lim_{x \to 4} f(x)$ exists (meaning $\lim_{x \to 4^-} f(x) = \lim_{x \to 4^+} f(x)$), and (3) $\lim_{x \to 4} f(x) = f(4)$. If all three conditions are satisfied, the function is continuous at $x=4$; if any condition fails, it is discontinuous.","[""Function value $f(4)$ must be defined"",""Left-hand limit must equal right-hand limit: $\\lim_{x \\to 4^-} f(x) = \\lim_{x \\to 4^+} f(x)$"",""The limit must equal the function value: $\\lim_{x \\to 4} f(x) = f(4)$"",""All three conditions must hold simultaneously for continuity at $x=4$""]",,"false","1","To determine if a function is continuous at $x=4$, we must verify three conditions: (1) $f(4)$ is defined, (2) $\lim_{x \to 4} f(x)$ exists (meaning $\lim_{x \to 4^-} f(x) = \lim_{x \to 4^+} f(x)$), and (3) $\lim_{x \to 4} f(x) = f(4)$. If all three conditions are satisfied, the function is continuous at $x=4$; if any condition fails, it is discontinuous.","[{""key"":""A"",""text"":""$f(x)=\\frac{x^2-16}{x-4}$""},{""key"":""B"",""text"":""$f(x)=\\cos x - \\frac{x}{2}$""},{""key"":""C"",""text"":""$f(x)=\\frac{1-\\cos x}{\\sin^2 x}$""},{""key"":""D"",""text"":""$f(x)=(x-5)^2$""}]","MCQ","unclassified","3","annual","Which of the following functions is continuous at $x=4$?","ms72esb9ay8yqkytejgfmc63k185qacy","2024","A",,,,
"maths-12","02-limit-continuity-and-derivative","Limit, Continuity And Derivative","exercise-2-2","2.2 Continuity and Types of Discontinuities","m175s6w9d7trvharmacedr54s585q3jd",,"Federal Board",,"[""Correctly identified sets: $A = \\{a, e, i, o, u\\}$ and $B = $ all consonants with $A \\cup B = U$ and $A \\cap B = \\emptyset$"",""Verified law (i) by showing $(A \\cup B)' = \\emptyset = A' \\cap B'$"",""Verified law (ii) by showing $(A \\cap B)' = U = A' \\cup B'$"",""Correctly determined complements: $A' = B$ and $B' = A$"",""Proper use of set notation and logical reasoning to establish equality of both sides""]",,"false","4","Given: $U = \{\text{English alphabets}\}$, $A = \{\text{vowels}\} = \{a, e, i, o, u\}$, $B = \{\text{consonants}\}$. Note that $A \cup B = U$ and $A \cap B = \emptyset$.

**Verification of (i): $(A \cup B)' = A' \cap B'$**

LHS: $(A \cup B)' = U' = \emptyset$ (since $A \cup B = U$)

RHS: $A' = B$ (complements of vowels are consonants) and $B' = A$ (complements of consonants are vowels). Therefore, $A' \cap B' = B \cap A = \emptyset$

Thus, LHS = RHS = $\emptyset$. ✓

**Verification of (ii): $(A \cap B)' = A' \cup B'$**

LHS: $(A \cap B)' = \emptyset' = U$ (since $A \cap B = \emptyset$)

RHS: $A' \cup B' = B \cup A = U$ (union of all consonants and vowels gives all alphabets)

Thus, LHS = RHS = $U$. ✓

Both de Morgan's Laws are verified.",,"B","short","2","annual","If $U = \text{the set of the English alphabets}$, $A$ and $B$ are subsets of $U$, where $A = \{x \mid x \text{ is a vowel}\}$ and $B = \{y \mid y \text{ is a consonant}\}$, then verify the **de Morgan's Laws**:
(i) $(A \cup B)' = A' \cap B'$
(ii) $(A \cap B)' = A' \cup B'$","ms72esb9ay8yqkytejgfmc63k185qacy","2022",,,,,
"maths-12","02-limit-continuity-and-derivative","Limit, Continuity And Derivative","exercise-2-2","2.2 Continuity and Types of Discontinuities","m177z1cxce7xqhqwf6eryy9rwh85p0yc","true","Federal Board",,"[""Correctly identifies that $p \\leftrightarrow q$ is true when $p$ and $q$ have the same truth value"",""Correctly identifies that $p \\leftrightarrow q$ is false when $p$ and $q$ have different truth values"",""Truth table shows all four possible combinations of truth values for $p$ and $q$"",""Correctly labels rows with T (true) and F (false) for all cases""]",,"false","4","The biconditional $p \leftrightarrow q$ is true when both propositions have the same truth value (both true or both false), and false when they have different truth values.

**Truth Table for $p \leftrightarrow q$:**

| $p$ | $q$ | $p \leftrightarrow q$ |
|:---:|:---:|:---:|
| T | T | T |
| T | F | F |
| F | T | F |
| F | F | T |

The biconditional is logically equivalent to $(p \rightarrow q) \land (q \rightarrow p)$, meaning the implication holds in both directions.",,"B","short","3","annual","Construct the truth table for the biconditional $p \leftrightarrow q$.","ms72esb9ay8yqkytejgfmc63k185qacy","2022",,,,,
"maths-12","02-limit-continuity-and-derivative","Limit, Continuity And Derivative","exercise-2-2","2.2 Continuity and Types of Discontinuities","m17ae2r9ntcww4dvrsp8w0b5m985qz8c","true","Federal Board",,"[""Identifies that a semigroup requires closure: all results must be in the set $\\{a, b, c\\}$"",""Recognizes that associativity must hold: $(x * y) * z = x * (y * z)$ for all elements"",""Correctly determines $b * a = c$ and $b * b = a$ by checking consistency with existing entries"",""Verifies the completed table maintains both closure and associativity properties"",""Demonstrates understanding that the operation must be well-defined on all pairs of elements""]",,"false","4","To complete the table for a semigroup under operation ""*"", we must ensure the operation is **closed** and **associative**. A semigroup requires that for any elements $a, b, c$ in the set, $a * b$ is also in the set, and $(a * b) * c = a * (b * c)$.

From the given table, we have $a * a = c$, $a * b = a$, $a * c = b$, $b * c = c$, $c * a = b$, $c * b = c$, $c * c = a$. To maintain closure and associativity, we determine: $b * a = c$, $b * b = a$. The completed table is:

| * | a | b | c |
|---|---|---|---|
| a | c | a | b |
| b | c | a | c |
| c | b | c | a |

This satisfies closure (all entries are in $\{a, b, c\}$) and associativity, forming a valid semigroup.",,"B","short","4","annual","Under the operation ""*"", complete the following table to obtain a semigroup:

| * | a | b | c |
|---|---|---|---|
| a | c | a | b |
| b | ... | ... | c |
| c | b | c | a |","ms72esb9ay8yqkytejgfmc63k185qacy","2022",,,,,
"maths-12","02-limit-continuity-and-derivative","Limit, Continuity And Derivative","exercise-2-2","2.2 Continuity and Types of Discontinuities","m177nz4b4zgwrp59wqg6m45g918c63h7",,,,,,"false",,"# **Background and Explanation**

Continuity is a fundamental property in calculus describing functions without breaks or jumps. Polynomial functions represent one of the most well-behaved classes of functions, possessing continuity across their entire domain.

---

# **Solution**

We begin by examining the given function:
$$f(x)=x^{2}-5 x+6$$

This expression represents a polynomial function—specifically, a quadratic polynomial (degree 2) formed by the terms $x^2$, $-5x$, and $+6$.

The function $f(x)$ is a polynomial function, and polynomial functions are continuous for all real numbers. This property arises because polynomials are constructed from power functions and constants using only addition, subtraction, and multiplication, all of which preserve continuity.

Therefore, since $f(x)$ is continuous everywhere on the real number line, we conclude that:

**$f(x)$ has no point of discontinuity.**

---

# **Key Formulas or Methods Used**

- **Polynomial Continuity Theorem**: All polynomial functions $P(x)$ are continuous on the entire real line $(-\infty, \infty)$
- **Polynomial Identification**: Recognizing algebraic expressions of the form $a_nx^n + \dots + a_1x + a_0$ as polynomials

---

# **Summary of Steps**

1. Identify the given function $f(x)=x^{2}-5 x+6$ as a polynomial function
2. Apply the theorem stating that polynomial functions are continuous for all real numbers
3. Conclude that the function has no points of discontinuity",,,"unclassified","1",,"Consider the function:
$$f(x)=x^{2}-5 x+6$$

Determine whether this function has any points of discontinuity.

---","ms72esb9ay8yqkytejgfmc63k185qacy",,,"xd7f58ff750jgnxqdkez6h5v3n8c7nqa","Exercise 2.2","exercise","{""blockIndex"":8,""chapterNumber"":2,""page"":49,""subjectSlug"":""maths-12""}"
"maths-12","02-limit-continuity-and-derivative","Limit, Continuity And Derivative","exercise-2-2","2.2 Continuity and Types of Discontinuities","m17f81zd2et1yvsjmsv5f8nbp98c7rn4",,,,,,"false",,"# **Background and Explanation**

A function is continuous on an interval if it is defined at every point within that interval. The function $f(x) = \frac{1}{x}$ is a rational function with a vertical asymptote at $x = 0$, where it is undefined.

---

# **Solution**

## Part (a): Interval $(-3, 3)$

The function $f(x) = \frac{1}{x}$ is not defined at $x = 0$.

Since $0 \in (-3, 3)$, the point where the function is undefined lies within this interval.

$$\Rightarrow \quad f(x) \text{ is discontinuous in interval } (-3, 3).$$

## Part (b): Interval $(0, 10]$

As $x = 0 \notin (0, 10]$, the function is defined for every point in this interval.

Since $f(x) = \frac{1}{x}$ is continuous at all points in its domain (all real numbers except $0$), and the entire interval $(0, 10]$ lies within the domain:

$$f(x) \text{ is continuous in interval } (0, 10].$$

---

# **Key Formulas or Methods Used**

- **Continuity on an interval**: A function is continuous on an interval $I$ if and only if it is continuous at every point $c \in I$
- **Domain of rational functions**: $f(x) = \frac{1}{x}$ is undefined at $x = 0$
- **Set membership test**: Checking whether $0$ belongs to the open interval $(-3, 3)$ or the half-open interval $(0, 10]$

---

# **Summary of Steps**

1. Identify the point where $f(x) = \frac{1}{x}$ is undefined ($x = 0$)
2. For interval $(-3, 3)$: Check if $0$ is contained in the interval; since $0 \in (-3, 3)$, the function is discontinuous
3. For interval $(0, 10]$: Check if $0$ is excluded from the interval; since $0 \notin (0, 10]$, the function is continuous throughout",,,"unclassified","10",,"Determine whether the function $f(x) = \frac{1}{x}$ is continuous on the following intervals:

(a) $(-3, 3)$

(b) $(0, 10]$

---","ms72esb9ay8yqkytejgfmc63k185qacy",,,"xd7f58ff750jgnxqdkez6h5v3n8c7nqa","Exercise 2.2","exercise",
"maths-12","02-limit-continuity-and-derivative","Limit, Continuity And Derivative","exercise-2-2","2.2 Continuity and Types of Discontinuities","m172651ev79cyg5r060h55pf1s8c7qxt",,,,,,"false",,"# **Background and Explanation**

This problem requires checking the continuity of a radical function on closed intervals. A function is continuous on an interval if it is defined at every point within that interval and has no breaks, jumps, or asymptotes.

---

# **Solution**

## Part (a): Interval $[1,4]$

The function $f(x)=\frac{1}{\sqrt{x}}$ is defined for all $x \in[1,4]$.

Since $f(x)$ is defined at every point in the closed interval $[1,4]$, and since $f(x)$ is continuous on its domain $(0, \infty)$, we conclude that $f(x)$ is continuous on $[1,4]$.

## Part (b): Interval $[1,9]$

Similarly, $f(x)=\frac{1}{\sqrt{x}}$ is defined for all $x \in[1,9]$.

Therefore, $f(x)$ is continuous on the interval $[1,9]$.

---

# **Key Formulas or Methods Used**

- **Domain of radical functions**: $f(x) = \frac{1}{\sqrt{x}}$ requires $x > 0$ to be defined
- **Continuity on closed intervals**: If a function is defined at every point in $[a,b]$ and is continuous on its domain, then it is continuous on $[a,b]$

---

# **Summary of Steps**

1. Identify that $f(x) = \frac{1}{\sqrt{x}}$ requires $x > 0$ for the square root to be defined and non-zero
2. Verify that all $x \in [1,4]$ satisfy $x > 0$, confirming $f(x)$ is defined on $[1,4]$
3. Conclude continuity on $[1,4]$ since the function is defined throughout the interval
4. Verify that all $x \in [1,9]$ satisfy $x > 0$, confirming $f(x)$ is defined on $[1,9]$
5. Conclude continuity on $[1,9]$ since the function is defined throughout the interval",,,"unclassified","11",,"For the function $f(x)=\frac{1}{\sqrt{x}}$, verify that $f(x)$ is continuous on the following intervals:

(a) $[1,4]$

(b) $[1,9]$

---","ms72esb9ay8yqkytejgfmc63k185qacy",,,"xd7f58ff750jgnxqdkez6h5v3n8c7nqa","Exercise 2.2","exercise",
"maths-12","02-limit-continuity-and-derivative","Limit, Continuity And Derivative","exercise-2-2","2.2 Continuity and Types of Discontinuities","m178s955y1h9rddza1pd7dy1nh8c6tvs",,,,,,"false",,"# **Background and Explanation**

For a function to be continuous on an interval, it must first be defined at every point within that interval. The square root function $\sqrt{u}$ is only defined for non-negative real numbers ($u \geq 0$), and compositions of continuous functions remain continuous on their domains.

---

# **Solution**

## Part (a): Interval $[-3, 3]$

To analyze continuity, we first determine where $f(x)$ is defined. The expression under the square root must satisfy:

$$x^{2} - 9 \geq 0$$

$$x^{2} \geq 9$$

$$|x| \geq 3$$

This means the domain of $f(x)$ is $(-\infty, -3] \cup [3, \infty)$.

Now consider the open subinterval $(-3, 3) \subset [-3, 3]$. For any $x \in (-3, 3)$:
- We have $x^{2} < 9$
- Therefore $x^{2} - 9 < 0$

When $x^{2} - 9 < 0$, the value $\sqrt{x^{2}-9}$ is imaginary (undefined in the real number system). Thus, $f(x)$ is not defined for any $x \in (-3, 3)$.

Since $f(x)$ is undefined throughout the interior of the interval $[-3, 3]$, it cannot be continuous on $[-3, 3]$.

**Conclusion:** $f(x)$ is discontinuous on $[-3, 3]$.

## Part (b): Interval $[3, \infty)$

For all $x \geq 3$:
- We have $x^{2} \geq 9$
- Therefore $x^{2} - 9 \geq 0$

This ensures that $f(x) = \sqrt{x^{2}-9}$ is defined for every $x \in [3, \infty)$.

Furthermore, $f(x)$ is a composition of two continuous functions:
1. The polynomial $g(x) = x^{2} - 9$, which is continuous for all real $x$
2. The square root function $h(u) = \sqrt{u}$, which is continuous for all $u \geq 0$

Since $x^{2} - 9 \geq 0$ for all $x \in [3, \infty)$, the composition $f(x) = h(g(x))$ is continuous on $[3, \infty)$.

**Conclusion:** $f(x)$ is continuous on $[3, \infty)$.

---

# **Key Formulas or Methods Used**

- **Domain of square root function:** $\sqrt{u}$ is defined only for $u \geq 0$ (in real analysis)
- **Continuity requirement:** A function must be defined at every point in an interval to be continuous on that interval
- **Composition of continuous functions:** If $g$ is continuous at $x$ and $h$ is continuous at $g(x)$, then $h \circ g$ is continuous at $x$

---

# **Summary of Steps**

1. **Determine the domain:** Solve $x^{2} - 9 \geq 0$ to find where $f(x)$ is defined, yielding $x \leq -3$ or $x \geq 3$.
2. **Analyze interval $[-3, 3]$:** Identify that $f(x)$ is undefined (imaginary) for $x \in (-3, 3)$ because $x^{2} - 9 < 0$, making the function discontinuous on this interval.
3. **Analyze interval $[3, \infty)$:** Verify that $x^{2} - 9 \geq 0$ for all $x \geq 3$, so $f(x)$ is defined everywhere on this interval.
4. **Confirm continuity:** Recognize $f(x)$ as a composition of continuous functions, ensuring continuity on $[3, \infty)$.",,,"unclassified","12",,"Determine whether the function $f(x) = \sqrt{x^{2}-9}$ is continuous on the following intervals:

(a) $[-3, 3]$

(b) $[3, \infty)$

---","ms72esb9ay8yqkytejgfmc63k185qacy",,,"xd7f58ff750jgnxqdkez6h5v3n8c7nqa","Exercise 2.2","exercise",
"maths-12","02-limit-continuity-and-derivative","Limit, Continuity And Derivative","exercise-2-2","2.2 Continuity and Types of Discontinuities","m17d7p0jczhtp7g7ptwff7byhn8c7sbt",,,,,,"false",,"# **Background and Explanation**

A rational function (ratio of polynomials) is continuous everywhere except at values of $x$ that make the denominator equal to zero. To determine continuity on a closed interval, we must verify that no points of discontinuity fall within that interval.

---

# **Solution**

## Finding Points of Discontinuity

First, we factor the denominator to identify where $f(x)$ is undefined. Using the sum of cubes formula $a^3 + b^3 = (a+b)(a^2-ab+b^2)$:

$$
f(x)=\frac{x}{(x+2)\left(x^{2}-2 x+4\right)}
$$

The denominator equals zero when $x+2=0$ or $x^2-2x+4=0$.

- $x+2=0 \Rightarrow x=-2$
- $x^2-2x+4=0$ has discriminant $\Delta = (-2)^2 - 4(1)(4) = 4 - 16 = -12 < 0$, so no real solutions.

Therefore, $f(x)$ is undefined only at $x = -2$, making this the only point of discontinuity.

## Part (a): Interval $[-4,-3]$

We check whether the discontinuity at $x = -2$ lies within the interval $[-4,-3]$.

Since $-3 < -2$ (that is, $-2$ is to the right of $-3$ on the number line), we have:
$$-2 \notin [-4,-3]$$

Because $f(x)$ is defined for all $x \in[-4,-3]$ and rational functions are continuous on their domain, **$f(x)$ is continuous on the interval $[-4,-3]$**.

## Part (b): Interval $[-10,10]$

We check whether $x = -2$ lies within $[-10,10]$.

Since $-10 \leq -2 \leq 10$, we have:
$$-2 \in [-10,10]$$

At $x = -2$, the function $f(x)$ is undefined (division by zero occurs). Therefore, **$f(x)$ is discontinuous on the interval $[-10,10]$** due to the infinite discontinuity at $x = -2$.

---

# **Key Formulas or Methods Used**

- **Sum of cubes factorization:** $a^3 + b^3 = (a+b)(a^2-ab+b^2)$
- **Continuity of rational functions:** Continuous everywhere except where denominator equals zero
- **Quadratic discriminant:** $\Delta = b^2 - 4ac$ to determine if quadratic factors have real roots
- **Interval membership testing:** Verifying whether critical points fall within closed intervals $[a,b]$

---

# **Summary of Steps**

1. **Factor the denominator** $x^3 + 8$ using sum of cubes to get $(x+2)(x^2-2x+4)$
2. **Find zeros of denominator:** Solve $x+2=0$ to get $x=-2$ (the only real discontinuity)
3. **For part (a):** Verify that $-2 \notin [-4,-3]$, concluding $f$ is continuous on $[-4,-3]$
4. **For part (b):** Verify that $-2 \in [-10,10]$, concluding $f$ is discontinuous on $[-10,10]$",,,"unclassified","13",,"Consider the function:

$$f(x)=\frac{x}{x^{3}+8}$$

Determine whether $f(x)$ is continuous on the following intervals:

(a) $[-4,-3]$

(b) $[-10,10]$

---","ms72esb9ay8yqkytejgfmc63k185qacy",,,"xd7f58ff750jgnxqdkez6h5v3n8c7nqa","Exercise 2.2","exercise",
"maths-12","02-limit-continuity-and-derivative","Limit, Continuity And Derivative","exercise-2-2","2.2 Continuity and Types of Discontinuities","m17e308fcyr3karz7fymtavjxx8c77fj",,,,,,"false",,"# **Background and Explanation**

The function $f(x) = \sin \frac{1}{x}$ is a composition of the sine function and the reciprocal function. Since $\sin(u)$ is continuous everywhere and $\frac{1}{x}$ is continuous for all $x \neq 0$, the composition is continuous on any interval that does not contain $x = 0$.

---

# **Solution**

## Part (a)

Consider the interval $\left[\frac{1}{\pi}, 5\right)$.

Since $f(x)=\sin \frac{1}{x}$ is defined for all $x \in\left[\frac{1}{\pi}, 5\right]$ (as $x \geq \frac{1}{\pi} > 0$ ensures $x \neq 0$), and both the reciprocal function and sine function are continuous on their respective domains, their composition is continuous.

$$\Rightarrow f(x) \text{ is continuous in interval } \left[\frac{1}{\pi}, 5\right)$$

## Part (b)

Consider the interval $\left[\frac{\pi}{2}, \frac{3\pi}{2}\right]$.

Since $f(x)$ is defined for all $x \in\left[\frac{\pi}{2}, \frac{3 \pi}{2}\right]$ (note that $\frac{\pi}{2} \approx 1.57 > 0$, so $x \neq 0$ throughout this interval), the composition remains continuous.

$$\Rightarrow f(x) \text{ is continuous in interval } \left[\frac{\pi}{2}, \frac{3 \pi}{2}\right]$$

---

# **Key Formulas or Methods Used**

- **Continuity of Composition**: If $g$ is continuous at $x=a$ and $h$ is continuous at $g(a)$, then $(h \circ g)(x) = h(g(x))$ is continuous at $x=a$
- **Domain of Reciprocal Function**: $\frac{1}{x}$ is continuous and defined for all $x \in \mathbb{R} \setminus \{0\}$
- **Continuity of Sine**: $\sin(x)$ is continuous for all $x \in \mathbb{R}$

---

# **Summary of Steps**

1. **Identify the function structure**: Recognize $f(x) = \sin \frac{1}{x}$ as a composition of $h(u) = \sin(u)$ and $g(x) = \frac{1}{x}$
2. **Check domain restrictions**: Verify that $x \neq 0$ for all $x$ in the given intervals
3. **Apply continuity rules**: Conclude that since both component functions are continuous on the relevant domains, the composition is continuous
4. **For interval (a)**: Confirm $\left[\frac{1}{\pi}, 5\right)$ does not contain $0$ (since $\frac{1}{\pi} > 0$), hence $f$ is continuous
5. **For interval (b)**: Confirm $\left[\frac{\pi}{2}, \frac{3\pi}{2}\right]$ does not contain $0$ (since $\frac{\pi}{2} > 0$), hence $f$ is continuous",,,"unclassified","14",,"Determine the continuity of the function $f(x)=\sin \frac{1}{x}$ on the following intervals:

(a) $\displaystyle \left[\frac{1}{\pi}, 5\right)$

(b) $\displaystyle \left[\frac{\pi}{2}, \frac{3 \pi}{2}\right]$

---","ms72esb9ay8yqkytejgfmc63k185qacy",,,"xd7f58ff750jgnxqdkez6h5v3n8c7nqa","Exercise 2.2","exercise",
"maths-12","02-limit-continuity-and-derivative","Limit, Continuity And Derivative","exercise-2-2","2.2 Continuity and Types of Discontinuities","m17c69mk865k5ftxqnskey5tjx8c7htk",,,,,,"false",,"# **Background and Explanation**

For a function to be continuous at a point $x=a$, the left-hand limit (approaching from values less than $a$) must equal the right-hand limit (approaching from values greater than $a$). This ensures the function has no jump discontinuity at that point.

---

# **Solution**

To determine the value of $m$ that makes $f(x)$ continuous at $x=4$, we calculate both the left-hand and right-hand limits and set them equal.

## Left Hand Limit

For $x < 4$, the function is defined as $f(x) = mx$. Therefore:

$$
\begin{aligned}
\lim _{x \rightarrow 4^{-}} f(x) & =\lim _{x \rightarrow 4^{-}}(m x) \\
& =m(4) \\
\lim _{x \rightarrow 4^{-}} f(x) & =4 m
\end{aligned}
$$

## Right Hand Limit

For $x \geq 4$, the function is defined as $f(x) = x^2$. Therefore:

$$
\begin{aligned}
\lim _{x \rightarrow 4^{+}} f(x) & =\lim _{x \rightarrow 4^{+}}\left(x^{2}\right) \\
& =(4)^{2} \\
\lim _{x \rightarrow 4^{+}} f(x) & =16
\end{aligned}
$$

## Applying Continuity Condition

Since $f(x)$ is continuous at $x=4$, the left-hand limit must equal the right-hand limit:

$$
\begin{aligned}
\lim _{x \rightarrow 4^{-}} f(x) & =\lim _{x \rightarrow 4^{+}} f(x) \\
4 m & =16 \\
m & =4
\end{aligned}
$$

Therefore, $m = 4$.

---

# **Key Formulas or Methods Used**

- **Continuity Condition**: A function $f(x)$ is continuous at $x=a$ if $\lim_{x \to a^-} f(x) = \lim_{x \to a^+} f(x) = f(a)$
- **Left-Hand Limit**: $\lim_{x \to a^-} f(x)$ — the value approached as $x$ approaches $a$ from the left
- **Right-Hand Limit**: $\lim_{x \to a^+} f(x)$ — the value approached as $x$ approaches $a$ from the right
- **Direct Substitution**: For continuous elementary functions, $\lim_{x \to a} f(x) = f(a)$

---

# **Summary of Steps**

1. **Identify the left piece**: For $x < 4$, use $f(x) = mx$ and calculate $\lim_{x \to 4^-} mx = 4m$
2. **Identify the right piece**: For $x \geq 4$, use $f(x) = x^2$ and calculate $\lim_{x \to 4^+} x^2 = 16$
3. **Set limits equal**: For continuity, $4m = 16$
4. **Solve**: Divide both sides by 4 to get $m = 4$",,,"numerical","15",,"Given the piecewise function:
$$f(x)= \begin{cases}m x & , \quad x<4 \\ x^{2} & , \quad x \geq 4\end{cases}$$

Find the value of $m$ such that $f(x)$ is continuous at $x=4$.

---","ms72esb9ay8yqkytejgfmc63k185qacy",,,"xd7f58ff750jgnxqdkez6h5v3n8c7nqa","Exercise 2.2","exercise","{""blockIndex"":11,""chapterNumber"":2,""page"":49,""subjectSlug"":""maths-12""}"
"maths-12","02-limit-continuity-and-derivative","Limit, Continuity And Derivative","exercise-2-2","2.2 Continuity and Types of Discontinuities","m172w7r2bcmf4rra2tc2h82w7s8c6gpd",,,,,,"false",,"# **Background and Explanation**

For a function to be continuous at a point $x=a$, three conditions must be satisfied: (1) $f(a)$ must exist, (2) $\lim_{x \to a} f(x)$ must exist (meaning left-hand and right-hand limits are equal), and (3) $\lim_{x \to a} f(x) = f(a)$. For rational functions with removable discontinuities, factorization and cancellation often simplify limit calculations.

---

# **Solution**

## Part (a): Continuity at $x=2$

To find the limit as $x$ approaches $2$, we evaluate the left-hand and right-hand limits for the rational expression.

### Left Hand Limit
$$
\begin{aligned}
\lim _{x \rightarrow 2^{-}} f(x) &=\lim _{x \rightarrow 2^{-}}\left(\frac{x^{2}-4}{x-2}\right) \\
&=\lim _{x \rightarrow 2^{-}}\left(\frac{(x-2)(x+2)}{x-2}\right) \quad \text{(factorizing the numerator)} \\
&=\lim _{x \rightarrow 2^{-}}(x+2) \quad \text{(canceling } x-2 \text{ since } x \neq 2) \\
&=2+2 \\
\lim _{x \rightarrow 2^{-}} f(x) &=4
\end{aligned}
$$

### Right Hand Limit
By similar calculation (not explicitly shown in raw data but implied by the equality):
$$\lim _{x \rightarrow 2^{+}} f(x)=4$$

### Continuity Condition
From equations (1) and (2), it is clear that:
$$
\begin{aligned}
\lim _{x \rightarrow 2^{-}} f(x) &=4=\lim _{x \rightarrow 2^{+}} f(x) \\
\Rightarrow \quad \lim _{x \rightarrow 2} f(x) &=4
\end{aligned}
$$

Also given:
$$f(2)=m$$

Since $f(x)$ is continuous at $x=2$, we require:
$$
\begin{aligned}
\lim _{x \rightarrow 2} f(x) &=f(2) \\
4 &=m
\end{aligned}
$$

Therefore, $\boxed{m=4}$.

---

## Part (b): Continuity at $x=1$

For this piecewise function, we check the left-hand limit, right-hand limit, and function value at $x=1$.

### Left Hand Limit
$$
\begin{aligned}
\lim _{x \rightarrow 1^{-}} f(x) &=\lim _{x \rightarrow 1^{-}}(m x-n) \\
&=m(1)-n \\
&=m-n \\
\lim _{x \rightarrow 1^{-}} f(x) &=m-n
\end{aligned}
$$

### Right Hand Limit
$$
\begin{aligned}
\lim _{x \rightarrow 1^{+}} f(x) &=\lim _{x \rightarrow 1^{+}}(2 m x+n) \\
&=2 m(1)+n \\
\lim _{x \rightarrow 1^{+}} f(x) &=2 m+n
\end{aligned}
$$

Also given:
$$f(1)=5$$

### Continuity Condition
Since $f(x)$ is continuous at $x=1$, all three values must be equal:
$$
\begin{aligned}
\therefore \quad \lim _{x \rightarrow 1^{-}} f(x) &=\lim _{x \rightarrow 1^{+}} f(x)=f(1) \\
m-n &=2 m+n=5
\end{aligned}
$$

This yields two equations:
$$
\begin{align}
m-n &=5 \\
2 m+n &=5
\end{align}
$$

### Solving the System
Adding equations (1) and (2):
$$
\begin{aligned}
m-n &=5 \\
2 m+n &=5 \\
\hline 3 m &=10 \\
m &=\frac{10}{3}
\end{aligned}
$$

Substituting into equation (1):
$$\frac{10}{3}-n=5$$

*(The solution continues by solving for $n$, giving $n = \frac{10}{3} - 5 = -\frac{5}{3}$)*

---

# **Key Formulas or Methods Used**

- **Continuity Condition**: $\lim_{x \to a^-} f(x) = \lim_{x \to a^+} f(x) = f(a)$
- **Difference of Squares**: $x^2 - 4 = (x-2)(x+2)$
- **Limit of Rational Functions**: Cancellation of common factors for removable discontinuities
- **One-sided Limits**: Evaluating piecewise functions by approaching from left and right separately
- **System of Linear Equations**: Solving simultaneous equations by addition/elimination method

---

# **Summary of Steps**

**Part (a):**
1. Factor the numerator: $x^2-4 = (x-2)(x+2)$
2. Cancel the common factor $(x-2)$ from numerator and denominator
3. Evaluate the limit: $\lim_{x \to 2} (x+2) = 4$
4. Set $f(2) = m$ equal to the limit: $m = 4$

**Part (b):**
5. Calculate left-hand limit: $\lim_{x \to 1^-} (mx-n) = m-n$
6. Calculate right-hand limit: $\lim_{x \to 1^+} (2mx+n) = 2m+n$
7. Set both equal to $f(1)=5$, creating system: $m-n=5$ and $2m+n=5$
8. Add equations to eliminate $n$: $3m=10 \Rightarrow m=\frac{10}{3}$
9. Substitute back to find $n$ (yielding $n=-\frac{5}{3}$)",,,"numerical","16",,"**Q16.** (a) The function $f(x)$ is defined as:
$$f(x)=\begin{cases}\dfrac{x^{2}-4}{x-2} & , \quad x \neq 2 \\[10pt] m & , \quad x=2\end{cases}$$

Find the value of $m$ for which $f(x)$ is continuous at $x=2$.

(b) A function is defined as:
$$f(x)=\begin{cases}mx-n & , \quad x < 1 \\ 2mx+n & , \quad x > 1 \\ 5 & , \quad x=1\end{cases}$$

Find the values of $m$ and $n$ that make $f(x)$ continuous at $x=1$.

---","ms72esb9ay8yqkytejgfmc63k185qacy",,,"xd7f58ff750jgnxqdkez6h5v3n8c7nqa","Exercise 2.2","exercise","{""blockIndex"":11,""chapterNumber"":2,""page"":49,""subjectSlug"":""maths-12""}"
"maths-12","02-limit-continuity-and-derivative","Limit, Continuity And Derivative","exercise-2-2","2.2 Continuity and Types of Discontinuities","m173nxn8jf4dc7q4hm5n4kh1rd8c6a1r",,,,,,"false",,"# **Background and Explanation**

For a function to be continuous at a point $x = a$, the left-hand limit, right-hand limit, and the function value at that point must all be equal: $\displaystyle \lim_{x \to a^-} f(x) = \lim_{x \to a^+} f(x) = f(a)$. We will apply this condition at $x = 3$ to find the unknown constants.

---

# **Solution**

## Finding the Left-Hand Limit

To find the limit as $x$ approaches $3$ from the left ($x < 3$), we use the first piece of the function $f(x) = mx$:

$$\lim _{x \rightarrow 3^{-}} f(x) = \lim _{x \rightarrow 3^{-}}(mx)$$

Substituting $x = 3$:

$$= m(3) = 3m$$

## Finding the Right-Hand Limit

To find the limit as $x$ approaches $3$ from the right ($x > 3$), we use the third piece of the function $f(x) = -2x + 9$:

$$\lim _{x \rightarrow 3^{+}} f(x) = \lim _{x \rightarrow 3^{+}}(-2x+9)$$

Substituting $x = 3$:

$$= -2(3)+9 = -6+9 = 3$$

## Finding the Function Value at $x = 3$

From the definition of the function, at $x = 3$:

$$f(3) = n$$

## Applying the Continuity Condition

Since $f(x)$ is continuous at $x = 3$, the three values must be equal:

$$\lim _{x \rightarrow 3^{-}} f(x) = \lim _{x \rightarrow 3^{+}} f(x) = f(3)$$

Substituting the values we found:

$$3m = 3 = n$$

Solving for $m$ and $n$:

- From $3m = 3$, we get $\boxed{m = 1}$
- From $3 = n$, we get $\boxed{n = 3}$

---

# **Key Formulas or Methods Used**

- **Continuity Condition**: $\displaystyle \lim_{x \to a^-} f(x) = \lim_{x \to a^+} f(x) = f(a)$
- **Left-Hand Limit**: $\displaystyle \lim_{x \to 3^-} f(x) = \lim_{x \to 3^-} (mx) = 3m$
- **Right-Hand Limit**: $\displaystyle \lim_{x \to 3^+} f(x) = \lim_{x \to 3^+} (-2x+9) = 3$
- **Function Value**: $f(3) = n$

---

# **Summary of Steps**

1. **Calculate Left-Hand Limit**: Use $f(x) = mx$ for $x < 3$ to get $\lim_{x \to 3^-} f(x) = 3m$
2. **Calculate Right-Hand Limit**: Use $f(x) = -2x + 9$ for $x > 3$ to get $\lim_{x \to 3^+} f(x) = 3$
3. **Identify Function Value**: From the middle piece, $f(3) = n$
4. **Set Equal for Continuity**: Equate $3m = 3 = n$
5. **Solve**: $m = 1$ and $n = 3$",,,"unclassified","17",,"Find the values of $m$ and $n$ such that the function $f(x)$ is continuous at $x = 3$, where:

$$f(x)=\begin{cases} mx & , \quad x<3 \\ n & , \quad x=3 \\ -2x+9 & , \quad x>3 \end{cases}$$

---","ms72esb9ay8yqkytejgfmc63k185qacy",,,"xd7f58ff750jgnxqdkez6h5v3n8c7nqa","Exercise 2.2","exercise","{""blockIndex"":11,""chapterNumber"":2,""page"":49,""subjectSlug"":""maths-12""}"
"maths-12","02-limit-continuity-and-derivative","Limit, Continuity And Derivative","exercise-2-2","2.2 Continuity and Types of Discontinuities","m17c0qb38gjsm7589m9b6sq3a98c7x8m",,,,,,"false",,"# **Background and Explanation**

For a function to be continuous at a point, the left-hand limit, right-hand limit, and the function value at that point must all be equal. This problem requires calculating the one-sided limits of the piecewise function and solving the resulting system of equations.

---

# **Solution**

For continuity at $x = 1$, we require:

$$\lim_{x \to 1^-} f(x) = \lim_{x \to 1^+} f(x) = f(1)$$

## Calculating the Limits

**Left-hand limit** (using $f(x) = mx - n$ for $x < 1$):
$$\lim_{x \to 1^-} f(x) = m(1) - n = m - n$$

**Right-hand limit** (using $f(x) = 2mx + n$ for $x > 1$):
$$\lim_{x \to 1^+} f(x) = 2m(1) + n = 2m + n$$

**Function value at $x = 1$:**
$$f(1) = 5$$

## Setting Up the System of Equations

Equating the limits to the function value:

1. $m - n = 5$  (Left limit equals $f(1)$)
2. $2m + n = 5$  (Right limit equals $f(1)$)

## Solving for $m$ and $n$

Add equations (1) and (2) to eliminate $n$:
$$(m - n) + (2m + n) = 5 + 5$$
$$3m = 10$$
$$m = \frac{10}{3}$$

Substitute $m = \frac{10}{3}$ into equation (1) to find $n$:

$$
\begin{aligned}
\frac{10}{3}-5 & =n \\
\frac{10-15}{3} & =n \\
\frac{-5}{3} & =n
\end{aligned}
$$

Therefore, the values are:
$$m = \frac{10}{3} \quad \text{and} \quad n = -\frac{5}{3}$$

---

# **Key Formulas or Methods Used**

- **Continuity condition at a point**: $\lim_{x \to a^-} f(x) = \lim_{x \to a^+} f(x) = f(a)$
- **Left-hand limit calculation**: $\lim_{x \to 1^-} (mx - n) = m - n$
- **Right-hand limit calculation**: $\lim_{x \to 1^+} (2mx + n) = 2m + n$
- **Solving simultaneous equations**: Elimination method to solve for two unknowns

---

# **Summary of Steps**

1. Identify the left-hand limit as $x \to 1$: $m - n$
2. Identify the right-hand limit as $x \to 1$: $2m + n$
3. Set both limits equal to $f(1) = 5$ to create a system of two equations
4. Solve the system by adding equations to eliminate $n$, yielding $m = \frac{10}{3}$
5. Substitute $m = \frac{10}{3}$ back into $m - n = 5$ to calculate $n = \frac{10}{3} - 5 = -\frac{5}{3}$",,,"unclassified","18",,"Given the piecewise function:

$$f(x)=\begin{cases}mx-n & , x<1 \\ 5 & , x=1 \\ 2mx+n & , x>1\end{cases}$$

Determine the values of $m$ and $n$ that make $f(x)$ continuous at $x=1$.

---","ms72esb9ay8yqkytejgfmc63k185qacy",,,"xd7f58ff750jgnxqdkez6h5v3n8c7nqa","Exercise 2.2","exercise","{""blockIndex"":11,""chapterNumber"":2,""page"":49,""subjectSlug"":""maths-12""}"
"maths-12","02-limit-continuity-and-derivative","Limit, Continuity And Derivative","exercise-2-2","2.2 Continuity and Types of Discontinuities","m17df9yx696vne13byt6982avx8c7c6g",,,,,,"false",,"# **Background and Explanation**

This problem applies the **Intermediate Value Theorem (IVT)**, which states that if a continuous function changes sign over an interval (from positive to negative or vice versa), it must equal zero at some point within that interval. The function has vertical asymptotes at $x = -3$ and $x = 4$, but remains continuous everywhere on the open interval $(-3,4)$.

---

# **Solution**

Let us define the function:

$$f(x)=\frac{x^{2}+1}{x+3}+\frac{x^{4}+1}{x-4}$$

First, note that $f(x)$ is continuous on the open interval $(-3,4)$ because the denominators $(x+3)$ and $(x-4)$ are non-zero for all $x \in (-3,4)$.

## Evaluating near $x = -3$

Since the interval $(-3,4)$ is open, the endpoint $-3$ is not included. We take an arbitrary value close to $-3$ from the right side. Let $x = -2.999$:

$$
\begin{aligned}
f(-2.999) &=\frac{(-2.999)^{2}+1}{-2.999+3}+\frac{(-2.999)^{4}+1}{-2.999-4} \\
&=\frac{8.994001+1}{0.001}+\frac{80.89205399+1}{-6.999} \\
&=9994.001-11.70053636 \\
&=9982.300464 \\
&>0
\end{aligned}
$$

Therefore, $f(-2.999) > 0$.

## Evaluating near $x = 4$

Similarly, the endpoint $4$ is not included. We take a value closest to $4$ from the left side. Let $x = 3.999$:

$$
\begin{aligned}
f(3.999) &=\frac{(3.999)^{2}+1}{3.999+3}+\frac{(3.999)^{4}+1}{3.999-4} \\
&=\frac{15.992001+1}{6.999}+\frac{255.744096+1}{-0.001} \\
&=\frac{16.992001}{6.999}-\frac{256.744096}{0.001} \\
&=2.427775539-256744.096 \\
&=-256741.6682 \\
&<0
\end{aligned}
$$

Therefore, $f(3.999) < 0$.

## Conclusion

We have established that:
- $f(-2.999) > 0$ (positive value near $-3$)
- $f(3.999) < 0$ (negative value near $4$)

Since $f(x)$ is continuous on the closed interval $[-2.999, 3.999]$ (which is contained within $(-3,4)$), and the function values have opposite signs at the endpoints, by the **Intermediate Value Theorem** there must exist at least one value $c \in (-2.999, 3.999)$ such that $f(c) = 0$.

This shows that the given equation has a solution in the interval $(-3,4)$.

---

# **Key Formulas or Methods Used**

- **Intermediate Value Theorem (IVT)**: If $f$ is continuous on $[a,b]$ and $f(a) \cdot f(b) < 0$ (opposite signs), then there exists at least one $c \in (a,b)$ where $f(c) = 0$
- **Continuity of Rational Functions**: A rational function is continuous everywhere on its domain (where the denominator is non-zero)
- **Sign Analysis**: Evaluating limits numerically by approaching asymptotes from within the domain

---

# **Summary of Steps**

1. **Define** the function $f(x)=\frac{x^{2}+1}{x+3}+\frac{x^{4}+1}{x-4}$ and confirm continuity on $(-3,4)$
2. **Evaluate** at $x = -2.999$ (approaching $-3$ from right): calculate $f(-2.999) = 9982.300464 > 0$
3. **Evaluate** at $x = 3.999$ (approaching $4$ from left): calculate $f(3.999) = -256741.6682 < 0$
4. **Apply IVT**: Since $f$ is continuous and changes sign between $-2.999$ and $3.999$, a root exists in $(-3,4)$",,,"unclassified","19",,"Prove that the equation $\frac{x^{2}+1}{x+3}+\frac{x^{4}+1}{x-4}=0$ has a solution in the interval $(-3,4)$.

---","ms72esb9ay8yqkytejgfmc63k185qacy",,,"xd7f58ff750jgnxqdkez6h5v3n8c7nqa","Exercise 2.2","exercise","{""blockIndex"":12,""chapterNumber"":2,""page"":49,""subjectSlug"":""maths-12""}"
"maths-12","02-limit-continuity-and-derivative","Limit, Continuity And Derivative","exercise-2-2","2.2 Continuity and Types of Discontinuities","m17bgnzzet0jda9ex76m6dr7xs8c6a5e",,,,,,"false",,"# **Background and Explanation**

Rational functions (ratios of polynomials) are continuous everywhere except where the denominator equals zero. To find discontinuities, we must determine if there exist any real values of $x$ that make the denominator zero.

---

# **Solution**

We begin by analyzing the given function:

$$f(x)=\frac{2 x}{x^{2}+5}$$

## Step 1: Identify the function type
Since $f(x)$ is expressed as a ratio of two polynomials ($2x$ and $x^2+5$), it is a **rational function**.

## Step 2: Analyze the denominator
For rational functions, discontinuities occur only where the denominator equals zero. Let's examine the denominator:

$$x^{2}+5$$

We need to determine if there exists any real number $x$ such that $x^2 + 5 = 0$.

## Step 3: Check for real roots
Solving for when the denominator equals zero:

$$x^{2}+5 = 0$$
$$x^{2} = -5$$

Since $x^2 \geq 0$ for all real numbers $x$, and $5 > 0$, we have:
$$x^{2}+5 \geq 5 > 0 \quad \text{for all real } x$$

Therefore, $x^{2}+5 \neq 0$ for any real number $x$.

## Step 4: Conclusion
Since the denominator never vanishes for any real value of $x$, the function $f(x)$ is defined and continuous for all real numbers.

**Conclusion:** $f(x)$ has **no points of discontinuity** (it is continuous on $\mathbb{R}$).

---

# **Key Formulas or Methods Used**

- **Rational Function Continuity:** A rational function $\frac{P(x)}{Q(x)}$ is continuous everywhere except where $Q(x) = 0$
- **Domain Analysis:** Checking for real solutions to $x^2 + 5 = 0$ to identify potential discontinuities
- **Properties of Squares:** $x^2 \geq 0$ for all $x \in \mathbb{R}$, implying $x^2 + 5 \geq 5$

---

# **Summary of Steps**

1. **Identify the function type:** Recognize $f(x)$ as a rational function (ratio of polynomials)
2. **Locate potential discontinuities:** Set the denominator equal to zero: $x^2 + 5 = 0$
3. **Solve for critical values:** Rearrange to get $x^2 = -5$, which has no real solutions since squares of real numbers are non-negative
4. **Conclude continuity:** Since no real $x$ makes the denominator zero, the function is continuous for all real numbers with no points of discontinuity",,,"unclassified","2",,"Find the points of discontinuity of the function:

$$f(x)=\frac{2 x}{x^{2}+5}$$

---","ms72esb9ay8yqkytejgfmc63k185qacy",,,"xd7f58ff750jgnxqdkez6h5v3n8c7nqa","Exercise 2.2","exercise","{""blockIndex"":8,""chapterNumber"":2,""page"":49,""subjectSlug"":""maths-12""}"
"maths-12","02-limit-continuity-and-derivative","Limit, Continuity And Derivative","exercise-2-2","2.2 Continuity and Types of Discontinuities","m17cvrwd6kv1rph9cjsh04pp498c6e3p",,,,,,"false",,"# **Background and Explanation**

This problem concerns the **Dirichlet function**, a fundamental counterexample in real analysis. The key prerequisite is understanding that both rational and irrational numbers are dense in $\mathbb{R}$—meaning every open interval, no matter how small, contains infinitely many numbers of each type.

---

# **Solution**

## Part 1: Analysis of Continuity

Given the function:
$$f(x)= \begin{cases}1, & x \text { rational } \\ 0, & x \text { irrational }\end{cases}$$

Let $x=a$ be any arbitrary real number.

If $a$ is rational, then $f(a)=1$.
If $a$ is irrational, then $f(a)=0$.

When we take the limit as $x$ approaches $a$, we encounter both rational and irrational numbers in any neighbourhood of $a$ (due to the density of $\mathbb{Q}$ and $\mathbb{R}\setminus\mathbb{Q}$ in $\mathbb{R}$).

This means that as $x$ approaches $a$, the function values oscillate between $1$ (at rational points) and $0$ (at irrational points). Therefore:
$$\lim_{x \to a} f(x) \text{ does not exist}$$

Since the limit fails to exist at $x=a$, and $x=a$ was chosen as an arbitrary real number, we conclude that $f(x)$ is **discontinuous for all $x \in \mathbb{R}$**.

*(Note: The function is actually discontinuous everywhere, contrary to the original question's premise.)*

## Part 2: Description of the Graph

The graph of $f(x)$ consists of two horizontal lines:

- Since $f(x)=1$ when $x$ is rational, one line is $y=1$, representing the function's value for all rational numbers. This appears as a dense collection of uncountably many distinct points along the line $y=1$.

- Since $f(x)=0$ when $x$ is irrational, the other line is $y=0$, representing the function's value for all irrational numbers. This similarly appears as a dense collection of points along $y=0$.

Due to the density of both rational and irrational numbers on the real number line, these two lines appear as dense collections of points with no gaps, but there is no connection between the two levels. It is not possible to draw a continuous curve that represents this function.

---

# **Key Formulas or Methods Used**

- **Definition of continuity at a point**: $\lim_{x \to a} f(x) = f(a)$
- **Density property of real numbers**: Every open interval $(a-\delta, a+\delta)$ contains both rational and irrational numbers for any $\delta > 0$
- **Criterion for limit existence**: A limit $\lim_{x \to a} f(x)$ exists only if $f(x)$ approaches a single unique value as $x \to a$
- **Dirichlet function**: The characteristic function $\chi_{\mathbb{Q}}(x) = \begin{cases} 1 & x \in \mathbb{Q} \\ 0 & x \notin \mathbb{Q} \end{cases}$

---

# **Summary of Steps**

1. **State the function definition**: Identify $f(x)$ as the indicator function for rational numbers.
2. **Select an arbitrary point**: Let $x = a$ represent any real number (rational or irrational).
3. **Determine $f(a)$**: Note that $f(a) = 1$ if $a \in \mathbb{Q}$ and $f(a) = 0$ if $a \notin \mathbb{Q}$.
4. **Examine the limit process**: Recognize that any neighborhood of $a$ contains both rational and irrational preimages.
5. **Conclude non-existence of limit**: Since $f(x)$ takes both values $0$ and $1$ arbitrarily close to $a$, the limit cannot exist.
6. **Establish discontinuity**: Conclude $f$ is discontinuous at every real number since the limit never equals the function value.
7. **Describe the graph**: Identify the two dense sets of points at $y=1$ (rationals) and $y=0$ (irrationals).",,,"unclassified","20",,"Prove that $f(x)= \begin{cases}1, & x \text { rational } \\ 0, & x \text { irrational }\end{cases}$ is continuous at every real number. What does the graph of $f$ looks like?

---","ms72esb9ay8yqkytejgfmc63k185qacy",,,"xd7f58ff750jgnxqdkez6h5v3n8c7nqa","Exercise 2.2","exercise","{""blockIndex"":12,""chapterNumber"":2,""page"":49,""subjectSlug"":""maths-12""}"
"maths-12","02-limit-continuity-and-derivative","Limit, Continuity And Derivative","exercise-2-2","2.2 Continuity and Types of Discontinuities","m177pxygphtaej8tsksw9nj75n8c7gpd",,,,,,"false",,"# **Background and Explanation**

Rational functions are discontinuous wherever the denominator equals zero, since division by zero is undefined. To find points of discontinuity, we factor the denominator polynomial and identify the values of $x$ that make it equal to zero.

---

# **Solution**

We begin with the given function:

$$f(x) = \frac{1}{x^{2}-9 x+8}$$

To find where the function is undefined, we factor the quadratic expression in the denominator. We split the middle term $-9x$ into $-8x$ and $-x$:

$$
\begin{aligned}
f(x) & =\frac{1}{x^{2}-9 x+8} \\
& =\frac{1}{x^{2}-8 x-x+8}
\end{aligned}
$$

Now we factor by grouping. From the first two terms we factor out $x$, and from the last two terms we factor out $-1$:

$$
\begin{aligned}
& =\frac{1}{x(x-8)-1(x-8)}
\end{aligned}
$$

We can see that $(x-8)$ is a common factor in both terms:

$$
\begin{aligned}
f(x) & =\frac{1}{(x-8)(x-1)}
\end{aligned}
$$

The function is undefined when the denominator equals zero. Setting each factor equal to zero:

$$(x-8)(x-1) = 0$$

This gives us:
$$x = 8 \quad \text{or} \quad x = 1$$

Clearly $f(x)$ is not defined at $x=1$ and $x=8$. Therefore, $f(x)$ is discontinuous at $x=1$ and $x=8$.

Hence, the points of discontinuity are $x=1$ and $x=8$.

---

# **Key Formulas or Methods Used**

- **Factorization by grouping**: Splitting the middle term of a quadratic $ax^2 + bx + c$ to create factorable groups
- **Condition for discontinuity**: A rational function $f(x) = \frac{P(x)}{Q(x)}$ is discontinuous at all values of $x$ where $Q(x) = 0$
- **Zero product property**: If $ab = 0$, then either $a = 0$ or $b = 0$

---

# **Summary of Steps**

1. **Identify the denominator**: Recognize that discontinuities occur where $x^2 - 9x + 8 = 0$
2. **Factor the quadratic**: Split $-9x$ into $-8x - x$ to get $x^2 - 8x - x + 8$
3. **Group and factor**: Factor out $x$ from the first pair and $-1$ from the second pair to obtain $x(x-8) - 1(x-8)$
4. **Extract common factor**: Factor out $(x-8)$ to get the final form $(x-8)(x-1)$
5. **Find zeros**: Set $(x-8)(x-1) = 0$ and solve to find $x = 1$ and $x = 8$
6. **State discontinuities**: Conclude that the function is discontinuous at $x = 1$ and $x = 8$",,,"unclassified","3",,"Find the points of discontinuity for the function:

$$f(x)=\frac{1}{x^{2}-9 x+8}$$

---","ms72esb9ay8yqkytejgfmc63k185qacy",,,"xd7f58ff750jgnxqdkez6h5v3n8c7nqa","Exercise 2.2","exercise","{""blockIndex"":8,""chapterNumber"":2,""page"":49,""subjectSlug"":""maths-12""}"
"maths-12","02-limit-continuity-and-derivative","Limit, Continuity And Derivative","exercise-2-2","2.2 Continuity and Types of Discontinuities","m1760hzdek59ekc22qmmygmvwx8c6jn9",,,,,,"false",,"# **Background and Explanation**

A function is continuous at a point only if it is defined there. For rational functions (fractions with polynomials), discontinuities occur where the denominator equals zero, making the function undefined.

---

# **Solution**

To determine where $f(x)$ is discontinuous, we identify where the function is undefined by finding when the denominator equals zero.

## Step 1: Find where the denominator is zero

Set the denominator equal to zero:
$$x^4 - 1 = 0$$

Solving for $x$:
$$x^4 = 1$$
$$x = \pm 1$$

## Step 2: Verify the function is undefined

At $x = 1$:
- Numerator: $1^2 - 1 = 0$
- Denominator: $1^4 - 1 = 0$

At $x = -1$:
- Numerator: $(-1)^2 - 1 = 0$
- Denominator: $(-1)^4 - 1 = 0$

Since the denominator equals zero at both points, $f(x)$ is **not defined** at $x = \pm 1$.

## Step 3: Identify points of discontinuity

Because $f(x)$ is undefined at $x = 1$ and $x = -1$, the function is discontinuous at these points.

Therefore, the points of discontinuity are:
$$x = -1 \quad \text{and} \quad x = 1$$

*(Note: These are removable discontinuities. By factoring $f(x) = \frac{(x-1)(x+1)}{(x-1)(x+1)(x^2+1)}$, we see the function simplifies to $\frac{1}{x^2+1}$ for $x \neq \pm 1$, indicating holes in the graph at these points rather than vertical asymptotes.)*

---

# **Key Formulas or Methods Used**

- **Condition for discontinuity**: A rational function is discontinuous where its denominator equals zero (making it undefined)
- **Difference of squares**: $a^2 - b^2 = (a-b)(a+b)$, used to factor $x^2-1$ and $x^4-1$
- **Domain restriction**: $x^4 - 1 = 0$ yields $x = \pm 1$

---

# **Summary of Steps**

1. Set the denominator equal to zero: $x^4 - 1 = 0$
2. Solve for $x$ to find where the function is undefined: $x = \pm 1$
3. Conclude that $f(x)$ is discontinuous at $x = -1$ and $x = 1$",,,"unclassified","4",,"Find the points of discontinuity for the function:

$$f(x)=\frac{x^{2}-1}{x^{4}-1}$$

---","ms72esb9ay8yqkytejgfmc63k185qacy",,,"xd7f58ff750jgnxqdkez6h5v3n8c7nqa","Exercise 2.2","exercise","{""blockIndex"":8,""chapterNumber"":2,""page"":49,""subjectSlug"":""maths-12""}"
"maths-12","02-limit-continuity-and-derivative","Limit, Continuity And Derivative","exercise-2-2","2.2 Continuity and Types of Discontinuities","m178e0yrx1kwh18kwpamn64mn98c7b4c",,,,,,"false",,"# **Background and Explanation**

A rational function involving trigonometric terms is discontinuous where its denominator equals zero. For this function, we need to find where $\sin 2x = 0$ since division by zero is undefined.

---

# **Solution**

The function $f(x)=\frac{x-1}{\sin 2 x}$ is a rational function with a trigonometric denominator.

**Step 1: Identify where the function is undefined**

The function $f(x)$ is not defined when the denominator equals zero:

$$\sin 2x = 0$$

**Step 2: Solve for $x$**

To find where $\sin 2x = 0$, we take the inverse sine:

$$2x = \sin^{-1}(0)$$

The general solution for $\sin \theta = 0$ is $\theta = n\pi$ where $n \in \mathbb{Z}$ (any integer). Therefore:

$$2x = n\pi, \quad (n \in \mathbb{Z})$$

**Step 3: Solve for $x$**

Dividing both sides by 2:

$$x = \frac{n\pi}{2}$$

**Conclusion:**

The function $f(x)$ is discontinuous at all points where:

$$x = \frac{n\pi}{2}, \quad n \in \mathbb{Z}$$

That is, at $x = 0, \pm\frac{\pi}{2}, \pm\pi, \pm\frac{3\pi}{2}, \ldots$

---

# **Key Formulas or Methods Used**

- **Condition for discontinuity of rational functions**: Denominator equals zero
- **General solution of $\sin \theta = 0$**: $\theta = n\pi$ where $n \in \mathbb{Z}$

---

# **Summary of Steps**

1. Set the denominator equal to zero: $\sin 2x = 0$
2. Apply the general solution for sine: $2x = n\pi$ where $n$ is any integer
3. Solve for $x$: $x = \frac{n\pi}{2}$
4. Conclude that discontinuities occur at all points $x = \frac{n\pi}{2}$ for $n \in \mathbb{Z}$",,,"unclassified","5",,"Find the points of discontinuity of the function:

$$f(x)=\frac{x-1}{\sin 2 x}$$

---","ms72esb9ay8yqkytejgfmc63k185qacy",,,"xd7f58ff750jgnxqdkez6h5v3n8c7nqa","Exercise 2.2","exercise","{""blockIndex"":8,""chapterNumber"":2,""page"":49,""subjectSlug"":""maths-12""}"
"maths-12","02-limit-continuity-and-derivative","Limit, Continuity And Derivative","exercise-2-2","2.2 Continuity and Types of Discontinuities","m1733sv2rx0cws20vysmdbbpbd8c6jne",,,,,,"false",,"# **Background and Explanation**

A function $f(x)$ is continuous at a point $x=a$ if the left-hand limit, right-hand limit, and function value all exist and are equal: $\lim_{x \to a^-} f(x) = \lim_{x \to a^+} f(x) = f(a)$. For piecewise functions, we must check continuity at the boundary points where the function definition changes.

---

# **Solution**

To determine where $f(x)$ is discontinuous, we examine the boundary points $x=0$ and $x=2$ where the function definition changes.

## Checking Continuity at $x=0$

**Left-hand limit:** As $x$ approaches $0$ from the left ($x < 0$), we use $f(x) = x$:
$$\lim_{x \to 0^-} f(x) = \lim_{x \to 0^-} x = 0$$

**Right-hand limit:** As $x$ approaches $0$ from the right ($0 \leq x \leq 2$), we use $f(x) = x^2$:
$$\lim_{x \to 0^+} f(x) = \lim_{x \to 0^+} x^2 = 0$$

**Function value:** At $x=0$, using the middle piece $f(x) = x^2$:
$$f(0) = 0^2 = 0$$

**Conclusion:** Since $\lim_{x \to 0^-} f(x) = \lim_{x \to 0^+} f(x) = f(0) = 0$, the function is **continuous** at $x=0$.

## Checking Continuity at $x=2$

**Left-hand limit:** As $x$ approaches $2$ from the left ($0 \leq x \leq 2$), we use $f(x) = x^2$:
$$\lim_{x \to 2^-} f(x) = \lim_{x \to 2^-} x^2 = 2^2 = 4$$

**Right-hand limit:** As $x$ approaches $2$ from the right ($x \geq 2$), we use $f(x) = x$:
$$\lim_{x \to 2^+} f(x) = \lim_{x \to 2^+} x = 2$$

**Function value:** At $x=2$, using the middle piece $f(x) = x^2$:
$$f(2) = 2^2 = 4$$

**Conclusion:** Since $\lim_{x \to 2^-} f(x) = 4$ and $\lim_{x \to 2^+} f(x) = 2$, we have:
$$\lim_{x \to 2^-} f(x) \neq \lim_{x \to 2^+} f(x)$$

Therefore, the function is **discontinuous** at $x=2$.

## Final Answer

The point of discontinuity is $x=2$.

---

# **Key Formulas or Methods Used**

- **Continuity Condition:** $f(x)$ is continuous at $x=a$ if $\displaystyle \lim_{x \to a^-} f(x) = \lim_{x \to a^+} f(x) = f(a)$
- **Left-hand Limit:** $\displaystyle \lim_{x \to a^-} f(x)$ — limit as $x$ approaches $a$ from values less than $a$
- **Right-hand Limit:** $\displaystyle \lim_{x \to a^+} f(x)$ — limit as $x$ approaches $a$ from values greater than $a$
- **Piecewise Function Analysis:** Evaluating limits using the appropriate function definition for each interval

---

# **Summary of Steps**

1. **Identify boundary points** where the piecewise definition changes (at $x=0$ and $x=2$)
2. **Calculate left-hand limit** at each boundary point using the function piece defined for $x < a$
3. **Calculate right-hand limit** at each boundary point using the function piece defined for $x > a$
4. **Evaluate the function** at each boundary point
5. **Compare the three values:** if left limit = right limit = function value, the function is continuous; otherwise, it is discontinuous
6. **Conclude** which points are points of discontinuity (only $x=2$ in this case)",,,"unclassified","6",,"Find the points of discontinuity for the piecewise function:

$$f(x)= \begin{cases}x & , \quad x<0 \\ x^{2} & , \quad 0 \leq x \leq 2 \\ x & , \quad x \geq 2\end{cases}$$

---","ms72esb9ay8yqkytejgfmc63k185qacy",,,"xd7f58ff750jgnxqdkez6h5v3n8c7nqa","Exercise 2.2","exercise","{""blockIndex"":8,""chapterNumber"":2,""page"":49,""subjectSlug"":""maths-12""}"
"maths-12","02-limit-continuity-and-derivative","Limit, Continuity And Derivative","exercise-2-2","2.2 Continuity and Types of Discontinuities","m17dfhv684qajpjvkh4zxfer518c6wj9",,,,,,"false",,"# **Background and Explanation**

To determine if a function is continuous at a point, we check whether the limit of the function as $x$ approaches that point equals the function's value at that point. For piecewise functions, special attention is needed at the boundary points where the function definition changes.

---

# **Solution**

First, let's clearly write out the piecewise function:

$$f(x) = \begin{cases} \dfrac{\sin x}{x}, & x \neq 0 \\[8pt] \dfrac{1}{2}, & x = 0 \end{cases}$$

**Step 1: Find the limit as $x$ approaches 0**

To check continuity at $x = 0$, we evaluate $\lim_{x \to 0} f(x)$. For $x \neq 0$, the function is defined as $\frac{\sin x}{x}$.

$$\lim_{x \to 0} f(x) = \lim_{x \to 0} \frac{\sin x}{x}$$

This is a standard trigonometric limit. As $x$ approaches 0, the value of $\frac{\sin x}{x}$ approaches 1.

$$\lim_{x \to 0} \frac{\sin x}{x} = 1$$

Therefore:
$$\lim_{x \to 0} f(x) = 1$$

**Step 2: Find the function value at $x = 0$**

From the piecewise definition, when $x = 0$:
$$f(0) = \frac{1}{2}$$

**Step 3: Compare the limit and function value**

For continuity at $x = 0$, we require:
$$\lim_{x \to 0} f(x) = f(0)$$

However, we found:
$$\lim_{x \to 0} f(x) = 1 \quad \text{and} \quad f(0) = \frac{1}{2}$$

Since $1 \neq \frac{1}{2}$:
$$\lim_{x \to 0} f(x) \neq f(0)$$

**Conclusion:**

Therefore, $f(x)$ is **discontinuous at $x = 0$**. This is a removable discontinuity because the limit exists but does not equal the function value at that point.

---

# **Key Formulas or Methods Used**

- **Continuity Condition**: A function $f(x)$ is continuous at $x = a$ if $\lim_{x \to a} f(x) = f(a)$
- **Standard Trigonometric Limit**: $\lim_{x \to 0} \frac{\sin x}{x} = 1$
- **Piecewise Function Analysis**: Evaluating limits by considering the appropriate branch of the function definition

---

# **Summary of Steps**

1. **Identify the function definition** at the point of interest ($x = 0$) and in its neighborhood
2. **Calculate the limit** as $x$ approaches 0 using the branch for $x \neq 0$: $\lim_{x \to 0} \frac{\sin x}{x} = 1$
3. **Evaluate the function value** at $x = 0$ directly from the piecewise definition: $f(0) = \frac{1}{2}$
4. **Compare the limit and function value**: $1 \neq \frac{1}{2}$
5. **Conclude**: Since $\lim_{x \to 0} f(x) \neq f(0)$, the function is discontinuous at $x = 0$",,,"unclassified","7",,"Examine the continuity of the function $f(x)$ at $x = 0$, where:

$$f(x) = \begin{cases} \dfrac{\sin x}{x}, & x \neq 0 \\[8pt] \dfrac{1}{2}, & x = 0 \end{cases}$$

---","ms72esb9ay8yqkytejgfmc63k185qacy",,,"xd7f58ff750jgnxqdkez6h5v3n8c7nqa","Exercise 2.2","exercise","{""blockIndex"":8,""chapterNumber"":2,""page"":49,""subjectSlug"":""maths-12""}"
"maths-12","02-limit-continuity-and-derivative","Limit, Continuity And Derivative","exercise-2-2","2.2 Continuity and Types of Discontinuities","m17e2nfmb4hvvb2pybdam0w1f58c7p9t",,,,,,"false",,"# **Background and Explanation**

A function $f(x)$ is continuous at a point $x = a$ if the limit as $x$ approaches $a$ equals the function value at $a$, i.e., $\lim_{x \to a} f(x) = f(a)$. For piecewise functions with rational expressions, we often need to factor and simplify to evaluate the limit at points where the expression is undefined.

---

# **Solution**

To determine continuity at $x = 6$, we must verify whether $\lim_{x \to 6} f(x) = f(6)$.

**Step 1: Calculate the limit as $x \to 6$**

For $x \neq 6$, the function is defined as $\frac{x^2 - 36}{x - 6}$. We evaluate:

$$\lim_{x \to 6} f(x) = \lim_{x \to 6} \frac{x^{2}-36}{x-6}$$

**Step 2: Factor the numerator**

Recognize that $x^2 - 36$ is a difference of squares, which factors as $(x-6)(x+6)$:

$$= \lim_{x \to 6} \frac{(x-6)(x+6)}{x-6}$$

**Step 3: Simplify the expression**

Since $x \to 6$ but $x \neq 6$ in the limit process, we can cancel the common factor $(x-6)$ from the numerator and denominator:

$$= \lim_{x \to 6} (x+6)$$

**Step 4: Evaluate the limit**

Substitute $x = 6$ into the simplified expression:

$$= 6 + 6 = 12$$

Therefore:
$$\lim_{x \to 6} f(x) = 12$$

**Step 5: Check the function value**

From the piecewise definition, we are given:
$$f(6) = 12$$

**Step 6: Compare and conclude**

Since $\lim_{x \to 6} f(x) = 12$ and $f(6) = 12$, we have:
$$\lim_{x \to 6} f(x) = f(6)$$

Therefore, $f(x)$ is continuous at $x = 6$.

---

# **Key Formulas or Methods Used**

- **Condition for continuity**: $\lim_{x \to a} f(x) = f(a)$
- **Difference of squares factorization**: $a^2 - b^2 = (a-b)(a+b)$
- **Limit of rational functions**: Factor and cancel common terms to resolve indeterminate forms $\frac{0}{0}$

---

# **Summary of Steps**

1. **Set up the limit**: Write $\lim_{x \to 6} \frac{x^2-36}{x-6}$ for the $x \neq 6$ case
2. **Factor and simplify**: Factor the numerator as $(x-6)(x+6)$ and cancel $(x-6)$
3. **Evaluate**: Calculate $\lim_{x \to 6} (x+6) = 12$
4. **Compare values**: Check that $f(6) = 12$ matches the limit
5. **Conclude**: Since $\lim_{x \to 6} f(x) = f(6)$, the function is continuous at $x = 6$",,,"unclassified","8",,"Determine whether the function $f(x)$ is continuous at $x = 6$, where:

$$f(x)=\begin{cases} \dfrac{x^{2}-36}{x-6} & \text{if } x \neq 6 \\ 12 & \text{if } x=6 \end{cases}$$

---","ms72esb9ay8yqkytejgfmc63k185qacy",,,"xd7f58ff750jgnxqdkez6h5v3n8c7nqa","Exercise 2.2","exercise","{""blockIndex"":8,""chapterNumber"":2,""page"":49,""subjectSlug"":""maths-12""}"
"maths-12","02-limit-continuity-and-derivative","Limit, Continuity And Derivative","exercise-2-2","2.2 Continuity and Types of Discontinuities","m17enfdh7ym8sg5tjhy2qa9m7d8c7697",,,,,,"false",,"# **Background and Explanation**

Polynomial functions are continuous everywhere on the real number line $\mathbb{R}$. This fundamental property means that any polynomial is automatically continuous on every possible interval, closed or open, within its domain.

---

# **Solution**

## Part (a): Interval $[-1, 3]$

First, we identify the nature of the function. The function $f(x) = x^{2} + 1$ is a **polynomial function** (specifically, a quadratic polynomial).

A key theorem in calculus states that **all polynomial functions are continuous on the entire real line** $(-\infty, \infty)$. This is because polynomials are built from sums and products of continuous functions (power functions and constants), and combinations of continuous functions remain continuous.

Since $[-1, 3]$ is a closed interval contained within $\mathbb{R}$, and $f(x)$ is continuous everywhere on $\mathbb{R}$, it follows immediately that:

$$f(x) \text{ is continuous on } [-1, 3]$$

## Part (b): Interval $[3, \infty)$

Similarly, for the interval $[3, \infty)$:

As established in part (a), $f(x) = x^{2} + 1$ is a polynomial function and therefore continuous on all real numbers.

The interval $[3, \infty)$ is a subset of $\mathbb{R}$ (representing all real numbers $x$ such that $x \geq 3$). Since the function is continuous on the entire real line, it must also be continuous when restricted to this half-infinite interval.

Therefore:

$$f(x) \text{ is continuous on } [3, \infty)$$

---

# **Key Formulas or Methods Used**

- **Polynomial Continuity Theorem**: If $f(x)$ is a polynomial function, then $f$ is continuous on $(-\infty, \infty)$
- **Restriction Property**: If a function is continuous on a set $S$, then it is continuous on any subset of $S$
- **Interval Notation**: Closed intervals $[a, b]$ and half-infinite intervals $[a, \infty)$ are standard domains for continuity analysis

---

# **Summary of Steps**

1. **Identify the function type**: Recognize $f(x) = x^{2} + 1$ as a polynomial (quadratic) function
2. **Apply the polynomial continuity theorem**: Recall that polynomials are continuous everywhere on $\mathbb{R}$
3. **Analyze interval $[-1, 3]$**: Since this closed interval is contained in $\mathbb{R}$, the function is continuous here
4. **Analyze interval $[3, \infty)$**: Since this unbounded interval is also contained in $\mathbb{R}$, the function remains continuous here
5. **Conclusion**: The function is continuous on both specified intervals",,,"unclassified","9",,"Determine whether the function $f(x) = x^{2} + 1$ is continuous on the following intervals:

(a) $[-1, 3]$

(b) $[3, \infty)$

---","ms72esb9ay8yqkytejgfmc63k185qacy",,,"xd7f58ff750jgnxqdkez6h5v3n8c7nqa","Exercise 2.2","exercise",
"maths-12","02-limit-continuity-and-derivative","Limit, Continuity And Derivative","exercise-2-3","2.3 Derivatives by First Principles","m1733z5rh4hy73ayhaccmf3mfs85p4h1","true","Federal Board",,"[""Correctly applies the first principle definition: $\\lim_{\\Delta x \\to 0} \\frac{f(x + \\Delta x) - f(x)}{\\Delta x}$"",""Accurately substitutes $f(x + \\Delta x) = (2x + 2\\Delta x + 3)^{\\frac{3}{2}}$ and $f(x) = (2x + 3)^{\\frac{3}{2}}$"",""Uses appropriate algebraic techniques (rationalization/conjugate) to eliminate indeterminate form"",""Correctly evaluates the limit as $\\Delta x \\to 0$ to obtain final answer"",""Final answer: $\\frac{dy}{dx} = 3(2x + 3)^{\\frac{1}{2}}$ or equivalent form""]",,"false","4","To find $\frac{dy}{dx}$ for $y=(2x+3)^{\frac{3}{2}}$ by first principle, we use the definition: $\frac{dy}{dx} = \lim_{\Delta x \to 0} \frac{f(x + \Delta x) - f(x)}{\Delta x}$. First, find $f(x + \Delta x) = [2(x + \Delta x) + 3]^{\frac{3}{2}} = (2x + 2\Delta x + 3)^{\frac{3}{2}}$. Then apply the limit definition: $\frac{dy}{dx} = \lim_{\Delta x \to 0} \frac{(2x + 2\Delta x + 3)^{\frac{3}{2}} - (2x + 3)^{\frac{3}{2}}}{\Delta x}$. Rationalize by multiplying by the conjugate expression and simplify. After algebraic manipulation and taking the limit as $\Delta x \to 0$, we obtain: $\frac{dy}{dx} = 3(2x + 3)^{\frac{1}{2}}$ or $\frac{dy}{dx} = 3\sqrt{2x + 3}$.",,"B","short","18","annual","Find $\frac{dy}{dx}$, if $y=(2x+3)^{\frac{3}{2}}$ by first principle","ms76sgnnw3hdzwrbqzh26w1d3h85q7kq","2025",,,,,
"maths-12","02-limit-continuity-and-derivative","Limit, Continuity And Derivative","exercise-2-3","2.3 Derivatives by First Principles","m17ck95vczqmbzneadztqkp09185ppsg","true","Federal Board",,"[""Correctly evaluates 2×2 determinant using formula $ad - bc$"",""Correctly expands 3×3 determinant along first row using cofactor method"",""Simplifies both determinants to obtain quadratic equation"",""Factors or uses quadratic formula to find both solutions"",""Provides both values: $x = \\frac{5}{2}$ and $x = -1$""]",,"false","4","**Step 1: Evaluate the 2×2 determinant (LHS)**

$$\begin{vmatrix} x & -1 \\ 5 & 1-x \end{vmatrix} = x(1-x) - (-1)(5) = x - x^2 + 5 = -x^2 + x + 5$$

**Step 2: Evaluate the 3×3 determinant (RHS)**

Expanding along the first row:
$$\begin{vmatrix} 1 & 0 & -3 \\ 2 & x & -6 \\ 1 & 3 & x-5 \end{vmatrix} = 1\begin{vmatrix} x & -6 \\ 3 & x-5 \end{vmatrix} - 0 + (-3)\begin{vmatrix} 2 & x \\ 1 & 3 \end{vmatrix}$$

$$= 1[x(x-5) + 18] - 3[6 - x] = x^2 - 5x + 18 - 18 + 3x = x^2 - 2x$$

**Step 3: Solve the equation**

$$-x^2 + x + 5 = x^2 - 2x$$
$$0 = 2x^2 - 3x - 5$$
$$0 = (2x - 5)(x + 1)$$

Therefore: $x = \frac{5}{2}$ or $x = -1$",,"B","short","3","annual","Solve for $x$: $\begin{vmatrix} x & -1 \\ 5 & 1-x \end{vmatrix} = \begin{vmatrix} 1 & 0 & -3 \\ 2 & x & -6 \\ 1 & 3 & x-5 \end{vmatrix}$.","ms76sgnnw3hdzwrbqzh26w1d3h85q7kq","2023",,,,,
"maths-12","02-limit-continuity-and-derivative","Limit, Continuity And Derivative","exercise-2-3","2.3 Derivatives by First Principles","m17db7wh8jeawjkqcjp58tcdr58c6w01",,,,,,"false",,"# **Background and Explanation**

The slope of a tangent line at a point on a curve is defined as the limit of the difference quotient as the interval approaches zero. For linear functions, this process confirms that the slope remains constant at every point on the line.

---

# **Solution**

We begin with the given function and apply the limit definition of the derivative to find the slope of the tangent line.

Given:
$$f(x) = 2x - 1$$

First, determine $f(x + \Delta x)$ by substituting $(x + \Delta x)$ into the function:
$$f(x + \Delta x) = 2(x + \Delta x) - 1$$

The slope of the tangent line is defined by the limit:
$$m_{\tan} = \lim_{\Delta x \to 0} \frac{f(x + \Delta x) - f(x)}{\Delta x}$$

Substituting the expressions for $f(x + \Delta x)$ and $f(x)$:
$$
\begin{aligned}
m_{\tan} &= \lim_{\Delta x \to 0} \frac{[2(x + \Delta x) - 1] - [2x - 1]}{\Delta x} \\
&= \lim_{\Delta x \to 0} \frac{2x + 2\Delta x - 1 - 2x + 1}{\Delta x} \\
&= \lim_{\Delta x \to 0} \frac{2\Delta x}{\Delta x}
\end{aligned}
$$

Canceling $\Delta x$ from the numerator and denominator:
$$m_{\tan} = \lim_{\Delta x \to 0} 2 = 2$$

Therefore:
$$\text{Slope of tangent} = 2$$

Since $f(4) = 2(4) - 1 = 7$, the point $(4, 7)$ lies on the line, and the slope of the tangent line at this specific point is $2$.

---

# **Key Formulas or Methods Used**

- **Limit definition of the derivative (slope of tangent):** $m_{\tan} = \lim_{\Delta x \to 0} \frac{f(x + \Delta x) - f(x)}{\Delta x}$

---

# **Summary of Steps**

1. Write the given function $f(x) = 2x - 1$
2. Compute $f(x + \Delta x) = 2(x + \Delta x) - 1$ by substituting $(x + \Delta x)$ into the original function
3. Apply the limit definition of the slope of the tangent line
4. Substitute the function expressions into the difference quotient and simplify the numerator
5. Cancel $\Delta x$ and evaluate the limit as $\Delta x \to 0$ to obtain $m_{\tan} = 2$",,,"unclassified","1",,"Find the slope of the tangent line to the function $f(x) = 2x - 1$ at the point $(4, 7)$.

---","ms76sgnnw3hdzwrbqzh26w1d3h85q7kq",,,"xd7ce6cgcxgm4tvtcje9bes84n8c6j4b","Exercise 2.3","exercise","{""blockIndex"":15,""chapterNumber"":2,""page"":54,""subjectSlug"":""maths-12""}"
"maths-12","02-limit-continuity-and-derivative","Limit, Continuity And Derivative","exercise-2-3","2.3 Derivatives by First Principles","m177yx3pztbnans5rbkdzpc4px8c6ttv",,,,,,"false",,"# **Background and Explanation**

Instantaneous velocity represents the rate of change of position at a specific moment in time, which mathematically corresponds to the derivative of the position function. When the derivative formula is not yet available, we use the limit definition of the derivative (the difference quotient) to calculate this rate of change from first principles.

---

# **Solution**

## Finding the General Velocity Function $V(t)$

The instantaneous velocity at time $t$ is defined as:

$$V(t) = \lim_{\Delta t \to 0} \frac{f(t+\Delta t) - f(t)}{\Delta t}$$

Substituting $f(t) = t^{2} + \frac{1}{5t+1}$ into the difference quotient:

$$V(t) = \lim_{\Delta t \to 0} \frac{\left[(t+\Delta t)^{2} + \frac{1}{5(t+\Delta t)+1}\right] - \left[t^{2} + \frac{1}{5t+1}\right]}{\Delta t}$$

Expanding $(t+\Delta t)^{2} = t^{2} + 2t\Delta t + (\Delta t)^{2}$ and simplifying the numerator:

$$= \lim_{\Delta t \to 0} \frac{t^{2} + 2t\Delta t + (\Delta t)^{2} + \frac{1}{5t+5\Delta t+1} - t^{2} - \frac{1}{5t+1}}{\Delta t}$$

The $t^{2}$ terms cancel, leaving:

$$= \lim_{\Delta t \to 0} \frac{(\Delta t)^{2} + 2t\Delta t + \left[\frac{1}{5t+5\Delta t+1} - \frac{1}{5t+1}\right]}{\Delta t}$$

To combine the fractions, find a common denominator $(5t+5\Delta t+1)(5t+1)$:

$$\frac{1}{5t+5\Delta t+1} - \frac{1}{5t+1} = \frac{(5t+1) - (5t+5\Delta t+1)}{(5t+5\Delta t+1)(5t+1)} = \frac{-5\Delta t}{(5t+5\Delta t+1)(5t+1)}$$

Substituting this back:

$$= \lim_{\Delta t \to 0} \frac{(\Delta t)^{2} + 2t\Delta t - \frac{5\Delta t}{(5t+5\Delta t+1)(5t+1)}}{\Delta t}$$

Factor out $\Delta t$ from the numerator:

$$= \lim_{\Delta t \to 0} \frac{\Delta t\left[\Delta t + 2t - \frac{5}{(5t+5\Delta t+1)(5t+1)}\right]}{\Delta t}$$

Cancel $\Delta t$ from numerator and denominator:

$$= \lim_{\Delta t \to 0} \left[\Delta t + 2t - \frac{5}{(5t+5\Delta t+1)(5t+1)}\right]$$

Now evaluate the limit as $\Delta t \to 0$. The term $\Delta t$ goes to $0$, and in the denominator $(5t+5\Delta t+1) \to (5t+1)$:

$$= 0 + 2t - \frac{5}{(5t+1)(5t+1)}$$

Therefore, the velocity function is:

$$V(t) = 2t - \frac{5}{(5t+1)^{2}}$$

## Evaluating at $t = 0$

Substitute $t = 0$ into the velocity function:

$$
\begin{aligned}
V(0) &= 2(0) - \frac{5}{(5(0)+1)^{2}} \\
&= 0 - \frac{5}{(0+1)^{2}} \\
&= -\frac{5}{1} \\
&= -5
\end{aligned}
$$

Thus, the instantaneous velocity at $t = 0$ is $-5$ units per time.

---

# **Key Formulas or Methods Used**

- **Limit definition of instantaneous velocity:** $V(t) = \lim_{\Delta t \to 0} \frac{f(t+\Delta t) - f(t)}{\Delta t}$
- **Difference quotient:** The fraction $\frac{f(t+\Delta t) - f(t)}{\Delta t}$ representing average velocity over a small interval
- **Algebraic simplification:** Expanding binomials $(t+\Delta t)^2$ and combining rational expressions via common denominators
- **Limit evaluation:** Taking $\Delta t \to 0$ by direct substitution after algebraic cancellation

---

# **Summary of Steps**

1. **Set up the limit definition** of the derivative for instantaneous velocity
2. **Substitute the position function** $f(t) = t^{2} + \frac{1}{5t+1}$ into the difference quotient
3. **Expand $(t+\Delta t)^2$** and group the rational terms separately
4. **Combine the fractions** by finding the common denominator $(5t+5\Delta t+1)(5t+1)$
5. **Factor out $\Delta t$** from the entire numerator to enable cancellation
6. **Cancel $\Delta t$** from numerator and denominator, then evaluate the limit as $\Delta t \to 0$
7. **Obtain the general velocity function:** $V(t) = 2t - \frac{5}{(5t+1)^{2}}$
8. **Substitute $t = 0$** into the velocity function to get $V(0) = -5$",,,"unclassified","10",,"Find the instantaneous velocity at time $t = 0$ for the position function:

$$f(t) = t^{2} + \frac{1}{5t+1}$$

---","ms76sgnnw3hdzwrbqzh26w1d3h85q7kq",,,"xd7ce6cgcxgm4tvtcje9bes84n8c6j4b","Exercise 2.3","exercise","{""blockIndex"":19,""chapterNumber"":2,""page"":54,""subjectSlug"":""maths-12""}"
"maths-12","02-limit-continuity-and-derivative","Limit, Continuity And Derivative","exercise-2-3","2.3 Derivatives by First Principles","m174ckhexyw03et7stscn4amkx8c6eze",,,,,,"false",,"# **Background and Explanation**

This problem applies the limit definition of the derivative to find instantaneous velocity from a position function. Understanding that velocity is the rate of change of position with respect to time allows us to analyze the ball's motion throughout its fall.

---

# **Solution**

## Part (i): Instantaneous velocity at $t=\frac{1}{2}$

The instantaneous velocity at time $t_{1}$ is defined as the limit of the average velocity as the time interval approaches zero:

$$V\left(t_{1}\right)=\lim _{\Delta t \rightarrow 0} \frac{S\left(t_{1}+\Delta t\right)-S\left(t_{1}\right)}{\Delta t}$$

Substituting the position function $S(t)=122.5-4.9 t^{2}$:

$$V\left(t_{1}\right)=\lim _{\Delta t \rightarrow 0} \frac{\left(122.5-4.9\left(t_{1}+\Delta t\right)^{2}\right)-\left(122.5-4.9 t_{1}^{2}\right)}{\Delta t}$$

Expanding the squared term $\left(t_{1}+\Delta t\right)^{2}=t_{1}^{2}+2 t_{1} \Delta t+\Delta t^{2}$:

$$=\lim _{\Delta t \rightarrow 0} \frac{122.5-4.9\left(t_{1}^{2}+\Delta t^{2}+2 t_{1} \Delta t\right)-122.5+4.9 t_{1}^{2}}{\Delta t}$$

Distributing the $-4.9$ across the terms:

$$=\lim _{\Delta t \rightarrow 0} \frac{-4.9 t_{1}^{2}-4.9 \Delta t^{2}-9.8 t_{1} \Delta t+4.8 t_{1}^{2}}{\Delta t}$$

Factoring out $\Delta t$ from the numerator:

$$=\lim _{\Delta t \rightarrow 0} \frac{\Delta t\left(-4.9 \Delta t-9.8 t_{1}\right)}{\Delta t}$$

Canceling $\Delta t$ and evaluating the limit as $\Delta t \rightarrow 0$:

$$=-4.9(0)-9.8 t_{1}=-9.8 t_{1}$$

Thus, the velocity function is $V(t)=-9.8 t$.

At $t_{1}=\frac{1}{2}$:

$$V\left(\frac{1}{2}\right)=-9.8 \times \frac{1}{2}=-4.9 \mathrm{~m} / \mathrm{s}$$

## Part (ii): Time when the ball hits the ground

When the ball strikes the ground, the height $S(t)=0$:

$$
\begin{aligned}
S(t) &=0 \\
122.5-4.9 t^{2} &=0 \\
122.5 &=4.9 t^{2} \\
t^{2} &=\frac{122.5}{4.9} \\
t^{2} &=25 \\
t &=5 \mathrm{sec}
\end{aligned}
$$

(We take the positive root $t=5$ since time must be positive.)

## Part (iii): Impact velocity

From the velocity function derived in part (i), $V(t)=-9.8 t$.

At $t=5 \mathrm{sec}$:

$$
\begin{aligned}
V(5) &=-9.8 \times 5 \\
V(5) &=-49 \mathrm{~m} / \mathrm{sec}
\end{aligned}
$$

---

# **Key Formulas or Methods Used**

- **Limit definition of instantaneous velocity:** $V(t)=\lim _{\Delta t \rightarrow 0} \frac{S(t+\Delta t)-S(t)}{\Delta t}$
- **Velocity function derived:** $V(t)=-9.8 t$ (where $-9.8$ represents acceleration due to gravity in $\mathrm{m} / \mathrm{s}^{2}$)
- **Condition for ground impact:** $S(t)=0$
- **Kinematic relationship:** Position function $S(t)=122.5-4.9 t^{2}$ corresponds to initial height $122.5$ m and acceleration $-9.8 \mathrm{~m} / \mathrm{s}^{2}$

---

# **Summary of Steps**

1. **Find velocity function:** Apply the limit definition of the derivative to $S(t)$ to obtain $V(t)=-9.8 t$
2. **Calculate velocity at $t=\frac{1}{2}$:** Substitute $t=0.5$ into $V(t)$ to get $-4.9 \mathrm{~m} / \mathrm{s}$ (negative indicates downward motion)
3. **Find impact time:** Set $S(t)=0$, solve $122.5-4.9 t^{2}=0$ to get $t=5$ seconds
4. **Calculate impact velocity:** Substitute $t=5$ into $V(t)$ to get $-49 \mathrm{~m} / \mathrm{s}$",,,"unclassified","11",,"The height above ground for a ball dropped from an initial altitude of 122.5 m is given by $S(t)=122.5-4.9 t^{2}$, where $S$ is measured in meters and $t$ in seconds.

(i) What is the instantaneous velocity at $t=\frac{1}{2}$ ?

(ii) At what time does the ball hit the ground?

(iii) What is the impact velocity?

---","ms76sgnnw3hdzwrbqzh26w1d3h85q7kq",,,"xd7ce6cgcxgm4tvtcje9bes84n8c6j4b","Exercise 2.3","exercise","{""blockIndex"":19,""chapterNumber"":2,""page"":54,""subjectSlug"":""maths-12""}"
"maths-12","02-limit-continuity-and-derivative","Limit, Continuity And Derivative","exercise-2-3","2.3 Derivatives by First Principles","m1745k80a5mcj44ezv32p7fbpn8c7q7a",,,,,,"false",,"# **Background and Explanation**

This problem explores the kinematics of a projectile using a quadratic position function. To solve these parts, we use the concepts of function evaluation for height, the difference quotient for average velocity, and the limit definition of a derivative for instantaneous velocity.

---

# **Solution**

## Part (i)
To find the height at specific times, we substitute the values of $t$ into the position function $S(t) = -16t^2 + 256t$.

**At $t=2$:**
$$
\begin{aligned}
S(2) & =-16(2)^{2}+256(2) \\
& =-16(4)+512 \\
& =-64+512 \\
S(2) & =448 \text{ ft}
\end{aligned}
$$

**At $t=6$:**
$$
\begin{aligned}
S(6) & =-16(6)^{2}+256(6) \\
& =-16(36) + 1536 \\
& =-576+1536 \\
S(6) & =960 \text{ ft}
\end{aligned}
$$

**At $t=9$:**
$$
\begin{aligned}
S(9) & =-16(9)^{2}+256(9) \\
& =-16(81) + 2304 \\
& =-1296+2304 \\
S(9) & =1008 \text{ ft}
\end{aligned}
$$

**At $t=10$:**
$$
\begin{aligned}
S(10) & =-16(10)^{2}+256(10) \\
& =-1600+2560 \\
S(10) & =960 \text{ ft}
\end{aligned}
$$

## Part (ii)
The average velocity is the change in position divided by the change in time: $V_{\text{avg}} = \frac{S(t_2) - S(t_1)}{t_2 - t_1}$.

For $t=2$ and $t=5$:
$$
\begin{aligned}
V_{\text{avg}} & =\frac{S(5)-S(2)}{5-2} \\
& =\frac{\left[-16(5)^{2}+256(5)\right]-448}{3} \\
& =\frac{[-400+1280]-448}{3} \\
& =\frac{880-448}{3} \\
& =\frac{432}{3} \\
V_{\text{avg}} & =144 \text{ ft/sec}
\end{aligned}
$$

## Part (iii)
To show the average velocity is zero between $t=7$ and $t=9$:
$$
\begin{aligned}
V_{\text{avg}} & =\frac{S(9)-S(7)}{9-7} \\
& =\frac{1008 - \left[-16(7)^{2}+256(7)\right]}{2} \\
& =\frac{1008 - (-784+1792)}{2} \\
& =\frac{1008-1008}{2} \\
V_{\text{avg}} & =0 \text{ ft/sec}
\end{aligned}
$$

**Physical Interpretation:**
Physically, an average velocity of zero means the net displacement is zero. This indicates that the projectile reached its maximum height and returned to the exact same height ($1008$ ft) during this interval. The peak of the trajectory occurs exactly in the middle of these two times (at $t=8$).

## Part (iv)
The projectile hits the ground when the height $S(t) = 0$.
$$
\begin{aligned}
-16 t^{2}+256 t & =0 \\
-16 t(t-16) & =0
\end{aligned}
$$
Setting each factor to zero:
$-16t = 0 \Rightarrow t = 0$ (This is the launch time)
$t - 16 = 0 \Rightarrow t = 16$

The projectile hits the ground at **$t = 16$ seconds**.

## Part (v)
To find the instantaneous velocity, we use the limit definition of the derivative:
$$
\begin{aligned}
V(t_1) &= \lim_{\Delta t \rightarrow 0} \frac{S(t_{1}+\Delta t)-S(t_{1})}{\Delta t} \\
&= \lim_{\Delta t \rightarrow 0} \frac{\left[-16(t_{1}+\Delta t)^{2}+256(t_{1}+\Delta t)\right]-\left[-16 t_{1}^{2}+256 t_{1}\right]}{\Delta t} \\
&= \lim_{\Delta t \rightarrow 0} \frac{-16(t_{1}^{2}+\Delta t^{2}+2t_{1}\Delta t) + 256t_1 + 256\Delta t + 16t_1^2 - 256t_1}{\Delta t} \\
&= \lim_{\Delta t \rightarrow 0} \frac{-16t_1^2 - 16\Delta t^2 - 32t_1\Delta t + 256\Delta t + 16t_1^2}{\Delta t} \\
&= \lim_{\Delta t \rightarrow 0} \frac{\Delta t(-16\Delta t - 32t_1 + 256)}{\Delta t} \\
&= -16(0) - 32t_1 + 256 \\
V(t_1) &= -32t_1 + 256
\end{aligned}
$$
At $t = 8$:
$$V(8) = -32(8) + 256 = -256 + 256 = 0 \text{ ft/sec}$$

## Part (vi)
The maximum height is attained when the instantaneous velocity is zero.
From Part (v), we found $V(t) = -32t + 256$.
$$
\begin{aligned}
-32t + 256 &= 0 \\
32t &= 256 \\
t &= \frac{256}{32} = 8 \text{ sec}
\end{aligned}
$$
Now, substitute $t=8$ into the position function to find the maximum height:
$$
\begin{aligned}
S(8) & =-16(8)^{2}+256(8) \\
& =-16(64) + 2048 \\
& =-1024+2048 \\
S(8) & =1024 \text{ ft}
\end{aligned}
$$

---

# **Key Formulas or Methods Used**

*   **Position Function:** $S(t)$
*   **Average Velocity:** $V_{\text{avg}} = \frac{S(t_2) - S(t_1)}{t_2 - t_1}$
*   **Instantaneous Velocity (Derivative):** $V(t) = \lim_{\Delta t \to 0} \frac{S(t+\Delta t) - S(t)}{\Delta t}$
*   **Ground Impact:** Set $S(t) = 0$ and solve for $t$.
*   **Maximum Height:** Occurs when $V(t) = 0$.

---

# **Summary of Steps**

1.  **Evaluate Heights:** Plug specific time values into $S(t)$ to find the position at those moments.
2.  **Calculate Average Velocity:** Use the slope formula (change in position over change in time) for the given intervals.
3.  **Interpret Zero Velocity:** Recognize that zero average velocity implies the object returned to its starting height within that interval.
4.  **Find Ground Time:** Solve the quadratic equation $S(t)=0$ using factoring.
5.  **Derive Velocity Function:** Use the limit definition of the derivative to find the general formula for velocity, $V(t)$.
6.  **Determine Max Height:** Find the time when $V(t)=0$ and substitute that time back into the height formula $S(t)$.",,,"unclassified","12",,"The height of a projectile shot from the ground level is given by the position function:
$$S(t)=-16 t^{2}+256 t$$
where $S$ is measured in feet and $t$ in seconds.

(i) Determine the height of the projectile at $t=2$, $t=6$, $t=9$, and $t=10$.
(ii) What is the average velocity of the projectile between $t=2$ and $t=5$?
(iii) Show that the average velocity between $t=7$ and $t=9$ is zero and interpret this result physically.
(iv) At what time does the projectile hit the ground?
(v) Determine the instantaneous velocity at time $t=8$.
(vi) What is the maximum height that the projectile attains?

---","ms76sgnnw3hdzwrbqzh26w1d3h85q7kq",,,"xd7ce6cgcxgm4tvtcje9bes84n8c6j4b","Exercise 2.3","exercise","{""blockIndex"":19,""chapterNumber"":2,""page"":54,""subjectSlug"":""maths-12""}"
"maths-12","02-limit-continuity-and-derivative","Limit, Continuity And Derivative","exercise-2-3","2.3 Derivatives by First Principles","m17aqx2245dqpmt4sgqzz224td8c628s",,,,,,"false",,"# **Background and Explanation**

This problem applies the limit definition of the derivative to find the slope of a tangent line to a linear function. The limit definition calculates the instantaneous rate of change by evaluating the limit of the difference quotient as the interval $\Delta x$ approaches zero.

---

# **Solution**

Given the function:
$$f(x) = -\frac{1}{2}x + 3$$

First, we evaluate the function at $x + \Delta x$:
$$f(x+\Delta x) = -\frac{1}{2}(x+\Delta x) + 3$$

The slope of the tangent line is defined by the limit:
$$m_{\tan} = \lim_{\Delta x \to 0} \frac{f(x+\Delta x) - f(x)}{\Delta x}$$

Substituting our expressions for $f(x+\Delta x)$ and $f(x)$:
$$m_{\tan} = \lim_{\Delta x \to 0} \frac{\left(-\frac{1}{2}(x+\Delta x) + 3\right) - \left(-\frac{1}{2}x + 3\right)}{\Delta x}$$

Expanding the numerator:
$$= \lim_{\Delta x \to 0} \frac{-\frac{1}{2}x - \frac{1}{2}\Delta x + 3 + \frac{1}{2}x - 3}{\Delta x}$$

Simplifying by combining like terms (the $-\frac{1}{2}x$ and $+\frac{1}{2}x$ cancel, as do the $+3$ and $-3$):
$$= \lim_{\Delta x \to 0} \frac{-\frac{1}{2}\Delta x}{\Delta x}$$

Canceling $\Delta x$ from the numerator and denominator:
$$= \lim_{\Delta x \to 0} \left(-\frac{1}{2}\right)$$

Evaluating the limit (since the expression no longer depends on $\Delta x$):
$$m_{\tan} = -\frac{1}{2}$$

Therefore, the slope of the tangent line at any point $(a, f(a))$ is $-\frac{1}{2}$.

---

# **Key Formulas or Methods Used**

- **Limit definition of the derivative (slope of tangent):** $m_{\tan} = \lim_{\Delta x \to 0} \frac{f(x+\Delta x) - f(x)}{\Delta x}$
- **Function substitution:** Evaluating $f(x+\Delta x)$ by replacing $x$ with $(x+\Delta x)$ in the function expression

---

# **Summary of Steps**

1. Identify the given function $f(x) = -\frac{1}{2}x + 3$
2. Calculate $f(x+\Delta x)$ by substituting $(x+\Delta x)$ into the function
3. Set up the limit definition of the derivative (the difference quotient)
4. Substitute both $f(x+\Delta x)$ and $f(x)$ into the numerator
5. Expand and simplify the numerator by distributing and combining like terms
6. Cancel $\Delta x$ from the numerator and denominator
7. Evaluate the limit as $\Delta x \to 0$ to obtain the slope $-\frac{1}{2}$",,,"unclassified","2",,"Find the slope of the tangent line to the function $f(x) = -\frac{1}{2}x + 3$ at the point $(a, f(a))$ using the limit definition of the derivative.

---","ms76sgnnw3hdzwrbqzh26w1d3h85q7kq",,,"xd7ce6cgcxgm4tvtcje9bes84n8c6j4b","Exercise 2.3","exercise","{""blockIndex"":15,""chapterNumber"":2,""page"":54,""subjectSlug"":""maths-12""}"
"maths-12","02-limit-continuity-and-derivative","Limit, Continuity And Derivative","exercise-2-3","2.3 Derivatives by First Principles","m178v9ka9dch0p0yn556kz464n8c7jw7",,,,,,"false",,"# **Background and Explanation**

This problem requires finding the derivative of a function using the limit definition (the difference quotient), which represents the slope of the tangent line at any point $x$. The derivative measures the instantaneous rate of change of the function at a specific point.

---

# **Solution**

We begin with the given function:
$$f(x) = x^{2} + 4$$

First, we determine $f(x + \Delta x)$ by substituting $(x + \Delta x)$ into the function:
$$f(x + \Delta x) = (x + \Delta x)^{2} + 4$$

The slope of the tangent line is defined by the limit:
$$m_{\tan} = \lim_{\Delta x \rightarrow 0} \frac{f(x + \Delta x) - f(x)}{\Delta x}$$

Substituting the expressions for $f(x + \Delta x)$ and $f(x)$ into the limit definition:

$$\begin{aligned}
m_{\tan} &= \lim_{\Delta x \rightarrow 0} \frac{\left((x + \Delta x)^{2} + 4\right) - \left(x^{2} + 4\right)}{\Delta x} \\
&= \lim_{\Delta x \rightarrow 0} \frac{x^{2} + (\Delta x)^{2} + 2x\Delta x + 4 - x^{2} - 4}{\Delta x} \\
&= \lim_{\Delta x \rightarrow 0} \frac{\Delta x(\Delta x + 2x)}{\Delta x} \\
&= 0 + 2x
\end{aligned}$$

Thus, the slope of the tangent line at any point $x$ is:
$$\text{Slope} = m_{\tan} = 2x$$

At the point $(-1, 5)$, we substitute $x = -1$:
$$\text{Slope} = m_{\tan} = 2(-1) = -2$$

---

# **Key Formulas or Methods Used**

- **Limit definition of the derivative (slope of tangent):** $m_{\tan} = \lim_{\Delta x \rightarrow 0} \frac{f(x + \Delta x) - f(x)}{\Delta x}$
- **Binomial expansion:** $(x + \Delta x)^{2} = x^{2} + 2x\Delta x + (\Delta x)^{2}$
- **Limit evaluation:** $\lim_{\Delta x \rightarrow 0} (\Delta x + 2x) = 2x$

---

# **Summary of Steps**

1. Write $f(x) = x^{2} + 4$ and find $f(x + \Delta x) = (x + \Delta x)^{2} + 4$
2. Set up the difference quotient: $\lim_{\Delta x \rightarrow 0} \frac{f(x + \Delta x) - f(x)}{\Delta x}$
3. Expand $(x + \Delta x)^{2}$ and simplify the numerator by canceling $x^{2}$ and constant terms
4. Factor out $\Delta x$ from the numerator and cancel with the denominator
5. Evaluate the limit as $\Delta x \rightarrow 0$ to obtain the derivative $2x$
6. Substitute $x = -1$ to find the specific slope: $-2$",,,"unclassified","3",,"Find the slope of the tangent line to the curve $f(x) = x^{2} + 4$ at the point $(-1, 5)$.

---","ms76sgnnw3hdzwrbqzh26w1d3h85q7kq",,,"xd7ce6cgcxgm4tvtcje9bes84n8c6j4b","Exercise 2.3","exercise","{""blockIndex"":15,""chapterNumber"":2,""page"":54,""subjectSlug"":""maths-12""}"
"maths-12","02-limit-continuity-and-derivative","Limit, Continuity And Derivative","exercise-2-3","2.3 Derivatives by First Principles","m17b5760yd779vwg9xwnny3aps8c6zbv",,,,,,"false",,"# **Background and Explanation**

This problem requires using the limit definition of the derivative to find the slope of the tangent line at a specific point on a polynomial curve. The limit definition allows us to calculate the instantaneous rate of change by considering the limit of average rates of change over increasingly small intervals.

---

# **Solution**

We begin with the function:
$$f(x) = x^{2} - 5x + 4$$

First, we determine $f(x + \Delta x)$ by substituting $(x + \Delta x)$ for every $x$ in the original function:
$$f(x + \Delta x) = (x + \Delta x)^{2} - 5(x + \Delta x) + 4$$

The slope of the tangent line is given by the limit definition of the derivative:
$$m_{\tan} = \lim_{\Delta x \rightarrow 0} \frac{f(x + \Delta x) - f(x)}{\Delta x}$$

Substituting our expressions for $f(x + \Delta x)$ and $f(x)$:
$$m_{\tan} = \lim_{\Delta x \rightarrow 0} \frac{\left[(x + \Delta x)^{2} - 5(x + \Delta x) + 4\right] - \left[x^{2} - 5x + 4\right]}{\Delta x}$$

Expanding the numerator:
$$(x + \Delta x)^{2} = x^{2} + 2x\Delta x + (\Delta x)^{2}$$
$$-5(x + \Delta x) = -5x - 5\Delta x$$

So the numerator becomes:
$$\left[x^{2} + (\Delta x)^{2} + 2x\Delta x - 5x - 5\Delta x + 4\right] - \left[x^{2} - 5x + 4\right]$$

Simplifying by distributing the negative sign and combining like terms:
$$= x^{2} + (\Delta x)^{2} + 2x\Delta x - 5x - 5\Delta x + 4 - x^{2} + 5x - 4$$
$$= (\Delta x)^{2} + 2x\Delta x - 5\Delta x$$

Now we substitute back into the limit:
$$m_{\tan} = \lim_{\Delta x \rightarrow 0} \frac{(\Delta x)^{2} + 2x\Delta x - 5\Delta x}{\Delta x}$$

Factor out $\Delta x$ from the numerator:
$$m_{\tan} = \lim_{\Delta x \rightarrow 0} \frac{\Delta x(\Delta x + 2x - 5)}{\Delta x}$$

Cancel $\Delta x$ from the numerator and denominator:
$$m_{\tan} = \lim_{\Delta x \rightarrow 0} (\Delta x + 2x - 5)$$

Evaluate the limit as $\Delta x \rightarrow 0$:
$$m_{\tan} = 0 + 2x - 5 = 2x - 5$$

Thus, the slope of the tangent line at any point $x$ is given by:
$$\text{Slope} = m_{\tan} = 2x - 5$$

To find the slope at the specific point $(2, -2)$, we substitute $x = 2$:
$$
\begin{aligned}
m_{\tan} &= 2(2) - 5 \\
&= 4 - 5 \\
&= -1
\end{aligned}
$$

Therefore, the slope of the tangent line to $f(x) = x^{2} - 5x + 4$ at the point $(2, -2)$ is $-1$.

---

# **Key Formulas or Methods Used**

- **Limit definition of the derivative:** $f'(x) = \lim_{\Delta x \rightarrow 0} \frac{f(x + \Delta x) - f(x)}{\Delta x}$
- **Slope of tangent line:** $m_{\tan} = f'(x)$ evaluated at the specific $x$-coordinate
- **Algebraic expansion:** $(a + b)^{2} = a^{2} + 2ab + b^{2}$

---

# **Summary of Steps**

1. Write the expression for $f(x + \Delta x)$ by substituting $(x + \Delta x)$ into the original function
2. Set up the limit definition of the derivative: $\lim_{\Delta x \rightarrow 0} \frac{f(x + \Delta x) - f(x)}{\Delta x}$
3. Expand and simplify the numerator, combining like terms
4. Factor out $\Delta x$ from the numerator and cancel with the denominator
5. Evaluate the limit as $\Delta x \rightarrow 0$ to obtain the derivative $f'(x) = 2x - 5$
6. Substitute $x = 2$ (from the given point $(2, -2)$) into the derivative to find the specific slope $m = -1$",,,"unclassified","4",,"Find the slope of the tangent line to the function $f(x) = x^{2} - 5x + 4$ at the point $(2, -2)$.

---","ms76sgnnw3hdzwrbqzh26w1d3h85q7kq",,,"xd7ce6cgcxgm4tvtcje9bes84n8c6j4b","Exercise 2.3","exercise","{""blockIndex"":15,""chapterNumber"":2,""page"":54,""subjectSlug"":""maths-12""}"
"maths-12","02-limit-continuity-and-derivative","Limit, Continuity And Derivative","exercise-2-3","2.3 Derivatives by First Principles","m17bj4xm9dcxazgtv6761yra118c6sjz",,,,,,"false",,"# **Background and Explanation**

To find the slope of a tangent line at a specific point, we use the limit definition of the derivative (the difference quotient). This method calculates the instantaneous rate of change by evaluating the limit of average rates of change as the interval approaches zero.

---

# **Solution**

## Finding the Point of Tangency

First, evaluate the function at $x = 1$ to determine the coordinates of the point:

$$f(1) = (1)^{3} = 1$$

Therefore, the point of tangency is $(1, 1)$.

## Setting Up the Limit Definition

The slope of the tangent line is given by the derivative formula:

$$m_{\tan} = \lim_{\Delta x \rightarrow 0} \frac{f(x+\Delta x)-f(x)}{\Delta x}$$

Given $f(x) = x^{3}$, we have:

$$f(x+\Delta x) = (x+\Delta x)^{3}$$

## Expanding and Simplifying

Substitute into the limit definition and expand $(x+\Delta x)^{3}$ using the binomial theorem:

$$
\begin{aligned}
m_{\tan} &= \lim_{\Delta x \rightarrow 0} \frac{(x+\Delta x)^{3}-x^{3}}{\Delta x} \\
&= \lim_{\Delta x \rightarrow 0} \frac{x^{3}+(\Delta x)^{3}+3x^{2}\Delta x+3x(\Delta x)^{2}-x^{3}}{\Delta x} \\
&= \lim_{\Delta x \rightarrow 0} \frac{(\Delta x)^{3}+3x^{2}\Delta x+3x(\Delta x)^{2}}{\Delta x}
\end{aligned}
$$

Factor out $\Delta x$ from the numerator:

$$
\begin{aligned}
&= \lim_{\Delta x \rightarrow 0} \frac{\Delta x\left((\Delta x)^{2}+3x^{2}+3x\Delta x\right)}{\Delta x} \\
&= \lim_{\Delta x \rightarrow 0}\left((\Delta x)^{2}+3x^{2}+3x\Delta x\right)
\end{aligned}
$$

## Evaluating the Limit

As $\Delta x \rightarrow 0$, the terms containing $\Delta x$ vanish:

$$
\begin{aligned}
&= 0 + 3x^{2} + 0 \\
&= 3x^{2}
\end{aligned}
$$

Thus, the slope of the tangent line at any point $x$ is:

$$\text{Slope} = m_{\tan} = 3x^{2}$$

## Finding the Slope at $x = 1$

Substitute $x = 1$ into the derivative:

$$
\begin{aligned}
m_{\tan} &= 3(1)^{2} \\
&= 3(1) \\
&= 3
\end{aligned}
$$

Therefore, the slope of the tangent line at the point $(1, 1)$ is **3**.

---

# **Key Formulas or Methods Used**

- **Limit Definition of the Derivative:** $f'(x) = \lim_{\Delta x \rightarrow 0} \frac{f(x+\Delta x)-f(x)}{\Delta x}$
- **Binomial Expansion:** $(a+b)^{3} = a^{3} + 3a^{2}b + 3ab^{2} + b^{3}$
- **Slope Evaluation:** Substitute the $x$-coordinate into the derivative $f'(x)$ to find the slope at a specific point

---

# **Summary of Steps**

1. **Identify the point:** Calculate $f(1) = 1$ to confirm the point is $(1, 1)$
2. **Apply the limit definition:** Set up $m_{\tan} = \lim_{\Delta x \rightarrow 0} \frac{(x+\Delta x)^{3}-x^{3}}{\Delta x}$
3. **Expand the cubic:** Use $(x+\Delta x)^{3} = x^{3} + 3x^{2}\Delta x + 3x(\Delta x)^{2} + (\Delta x)^{3}$
4. **Simplify:** Cancel $x^{3}$ terms, factor out $\Delta x$, and cancel with denominator
5. **Evaluate the limit:** As $\Delta x \rightarrow 0$, obtain $m_{\tan} = 3x^{2}$
6. **Calculate final slope:** Substitute $x = 1$ to get $m = 3$",,,"unclassified","5",,"Find the slope of the tangent line to the curve $f(x) = x^{3}$ at the point $(1, f(1))$.

---","ms76sgnnw3hdzwrbqzh26w1d3h85q7kq",,,"xd7ce6cgcxgm4tvtcje9bes84n8c6j4b","Exercise 2.3","exercise","{""blockIndex"":15,""chapterNumber"":2,""page"":54,""subjectSlug"":""maths-12""}"
"maths-12","02-limit-continuity-and-derivative","Limit, Continuity And Derivative","exercise-2-3","2.3 Derivatives by First Principles","m176xfb8fhcv6znbj20b06pdj18c6z0j",,,,,,"false",,"# **Background and Explanation**

This problem requires calculating the instantaneous rate of change using the limit definition of the derivative. You will need to manipulate complex fractions algebraically to evaluate the limit, which yields the general derivative formula before substituting the specific $x$-value.

---

# **Solution**

First, determine the coordinates of the point of tangency by evaluating $f\left(\frac{1}{3}\right)$:

$$f\left(\frac{1}{3}\right) = \frac{1}{1/3} = 3$$

$\therefore$ The point is $\left(\frac{1}{3}, 3\right)$.

Given the function definitions:
$$
\begin{aligned}
f(x) &= \frac{1}{x} \\
f(x+\Delta x) &= \frac{1}{x+\Delta x}
\end{aligned}
$$

The slope of the tangent line is given by the limit definition of the derivative:
$$\text{Slope of tangent} = m_{\tan} = \lim_{\Delta x \to 0} \frac{f(x+\Delta x) - f(x)}{\Delta x}$$

Substituting the function into the limit expression:
$$
\begin{aligned}
&= \lim_{\Delta x \to 0} \frac{\frac{1}{x+\Delta x} - \frac{1}{x}}{\Delta x} \\
&= \lim_{\Delta x \to 0} \frac{1}{\Delta x}\left[\frac{1}{x+\Delta x} - \frac{1}{x}\right] \\
&= \lim_{\Delta x \to 0} \frac{1}{\Delta x}\left[\frac{x - 1(x+\Delta x)}{(x+\Delta x) \cdot x}\right] \\
&= \lim_{\Delta x \to 0} \frac{1}{\Delta x}\left[\frac{x - x - \Delta x}{(x+\Delta x) \cdot x}\right] \\
&= \lim_{\Delta x \to 0} \frac{1}{\Delta x}\left[\frac{-\Delta x}{(x+\Delta x) \cdot x}\right] \\
&= \lim_{\Delta x \to 0} \frac{-1}{(x+\Delta x) \cdot x} \\
&= \frac{-1}{(x+0) \cdot x} \\
&= \frac{-1}{x^{2}}
\end{aligned}
$$

Now evaluate the slope at the point where $x = \frac{1}{3}$:
$$
\begin{aligned}
\text{Slope} = m_{\tan} &= \frac{-1}{\left(\frac{1}{3}\right)^{2}} \\
&= \frac{-1}{\frac{1}{9}} \\
&= -9
\end{aligned}
$$

Therefore, the slope of the tangent line is $m_{\tan} = -9$.

---

# **Key Formulas or Methods Used**

- **Limit definition of the derivative:** $f'(x) = \lim_{\Delta x \to 0} \frac{f(x+\Delta x) - f(x)}{\Delta x}$
- **Slope of tangent line:** $m_{\tan} = f'(a)$ at point $x = a$
- **Algebraic simplification of complex fractions** (finding common denominators and canceling terms)

---

# **Summary of Steps**

1. Evaluate $f\left(\frac{1}{3}\right) = 3$ to confirm the point of tangency is $\left(\frac{1}{3}, 3\right)$.
2. Set up the limit definition of the derivative with $f(x) = \frac{1}{x}$ and $f(x+\Delta x) = \frac{1}{x+\Delta x}$.
3. Combine the fractions in the numerator by finding a common denominator $x(x+\Delta x)$.
4. Simplify the numerator to $-\Delta x$, cancel $\Delta x$ from numerator and denominator, and evaluate the limit as $\Delta x \to 0$ to obtain $f'(x) = -\frac{1}{x^2}$.
5. Substitute $x = \frac{1}{3}$ into the derivative formula to calculate the specific slope $m_{\tan} = -9$.",,,"unclassified","6",,"Find the slope of the tangent line to the function $f(x) = \frac{1}{x}$ at the point $\left(\frac{1}{3}, f\left(\frac{1}{3}\right)\right)$.

---","ms76sgnnw3hdzwrbqzh26w1d3h85q7kq",,,"xd7ce6cgcxgm4tvtcje9bes84n8c6j4b","Exercise 2.3","exercise","{""blockIndex"":15,""chapterNumber"":2,""page"":54,""subjectSlug"":""maths-12""}"
"maths-12","02-limit-continuity-and-derivative","Limit, Continuity And Derivative","exercise-2-3","2.3 Derivatives by First Principles","m17cr6ezz8h1dys6732c66ce558c79vr",,,,,,"false",,"# **Background and Explanation**

The average rate of change of a function over an interval $[a, b]$ represents the slope of the secant line connecting the endpoints, calculated as $\frac{\Delta y}{\Delta x} = \frac{f(b) - f(a)}{b - a}$. This requires evaluating the difference quotient by expanding $f(x + \Delta x)$ and simplifying.

---

# **Solution**

Let
$$y = f(x) = x^{3}+2 x^{2}-4 x$$

The average rate of change in $y$ is given by the difference quotient:

$$\frac{\Delta y}{\Delta x} = \frac{f(x+\Delta x)-f(x)}{\Delta x}$$

First, expand $f(x+\Delta x)$:
$$f(x+\Delta x) = (x+\Delta x)^{3}+2(x+\Delta x)^{2}-4(x+\Delta x)$$

Expanding each term:
- $(x+\Delta x)^{3} = x^{3}+3x^{2}\Delta x+3x\Delta x^{2}+\Delta x^{3}$
- $2(x+\Delta x)^{2} = 2(x^{2}+2x\Delta x+\Delta x^{2}) = 2x^{2}+4x\Delta x+2\Delta x^{2}$
- $-4(x+\Delta x) = -4x-4\Delta x$

Substituting back:
$$f(x+\Delta x) = x^{3}+3x^{2}\Delta x+3x\Delta x^{2}+\Delta x^{3}+2x^{2}+4x\Delta x+2\Delta x^{2}-4x-4\Delta x$$

Now compute the numerator $f(x+\Delta x) - f(x)$:
$$\begin{aligned}
&= \left[x^{3}+3x^{2}\Delta x+3x\Delta x^{2}+\Delta x^{3}+2x^{2}+4x\Delta x+2\Delta x^{2}-4x-4\Delta x\right] \\
&\quad - \left[x^{3}+2x^{2}-4x\right]
\end{aligned}$$

Canceling like terms ($x^{3}$, $2x^{2}$, and $-4x$):
$$= 3x^{2}\Delta x+3x\Delta x^{2}+\Delta x^{3}+4x\Delta x+2\Delta x^{2}-4\Delta x$$

Factor out $\Delta x$:
$$= \Delta x\left[\Delta x^{2}+3x^{2}+3x\Delta x+2\Delta x+4x-4\right]$$

Dividing by $\Delta x$:
$$\frac{\Delta y}{\Delta x} = \Delta x^{2}+3x^{2}+3x\Delta x+2\Delta x+4x-4$$

Given the interval $[-1,2]$:
- Let $x = -1$ (the starting point)
- $\Delta x = 2-(-1) = 3$

Substitute $x = -1$ and $\Delta x = 3$ into equation (1):

$$\begin{aligned}
\frac{\Delta y}{\Delta x} &= (3)^{2}+3(-1)^{2}+3(-1)(3)+2(3)+4(-1)-4 \\
&= 9 + 3 - 9 + 6 - 4 - 4 \\
&= 1
\end{aligned}$$

Thus, the average rate of change of $f(x)$ over the interval $[-1,2]$ is $\boxed{1}$.

---

# **Key Formulas or Methods Used**

- **Difference Quotient:** $\displaystyle \frac{\Delta y}{\Delta x} = \frac{f(x+\Delta x)-f(x)}{\Delta x}$
- **Binomial Expansion:** $(x+\Delta x)^3 = x^3 + 3x^2\Delta x + 3x\Delta x^2 + \Delta x^3$
- **Perfect Square:** $(x+\Delta x)^2 = x^2 + 2x\Delta x + \Delta x^2$
- **Interval Parameters:** For $[a,b]$, use $x = a$ and $\Delta x = b-a$

---

# **Summary of Steps**

1. **Set up** the difference quotient formula for average rate of change
2. **Expand** $f(x+\Delta x)$ using binomial theorem for the cubic and quadratic terms
3. **Subtract** $f(x)$ from the expanded $f(x+\Delta x)$ and collect like terms
4. **Factor** out $\Delta x$ from the numerator and simplify the quotient
5. **Identify** $x = -1$ and $\Delta x = 3$ corresponding to the interval $[-1,2]$
6. **Substitute** these values into the simplified rate expression and evaluate to get $1$",,,"unclassified","7",,"Find the average rate of change of the function $f(x) = x^{3}+2 x^{2}-4 x$ over the interval $[-1,2]$.

---","ms76sgnnw3hdzwrbqzh26w1d3h85q7kq",,,"xd7ce6cgcxgm4tvtcje9bes84n8c6j4b","Exercise 2.3","exercise","{""blockIndex"":17,""chapterNumber"":2,""page"":54,""subjectSlug"":""maths-12""}"
"maths-12","02-limit-continuity-and-derivative","Limit, Continuity And Derivative","exercise-2-3","2.3 Derivatives by First Principles","m1768eaqgrrn6kgbd1n7yr5qms8c6sgj",,,,,,"false",,"# **Background and Explanation**

The average rate of change measures how much a function changes per unit change in the input variable over a specific interval, representing the slope of the secant line connecting the endpoints. For a function $f(x)$ on $[a, b]$, this is calculated as $\frac{f(b) - f(a)}{b - a}$.

---

# **Solution**

We begin by defining the function and setting up the average rate of change formula.

Let

$$y = f(x) = \cos x$$

The average rate of change in $y$ is given by the difference quotient:

$$\frac{\Delta y}{\Delta x} = \frac{f(x+\Delta x) - f(x)}{\Delta x} = \frac{\cos(x+\Delta x) - \cos x}{\Delta x}$$

Given the interval $[-\pi, \pi]$, we identify the starting point and the change in $x$:
- Let $x = -\pi$ (the left endpoint)
- Then $\Delta x = \pi - (-\pi) = 2\pi$ (the length of the interval)

Substituting these values into equation (1):

$$\frac{\Delta y}{\Delta x} = \frac{\cos(-\pi + 2\pi) - \cos(-\pi)}{2\pi}$$

Simplifying the first argument: $-\pi + 2\pi = \pi$, so we have:

$$= \frac{\cos(\pi) - \cos(-\pi)}{2\pi}$$

Using the even function property of cosine, where $\cos(-\theta) = \cos(\theta)$:

$$= \frac{\cos(\pi) - \cos(\pi)}{2\pi}$$

Since $\cos(\pi) = -1$, this becomes:

$$= \frac{-1 - (-1)}{2\pi} = \frac{0}{2\pi} = 0$$

Thus, the rate of change of the function $f(x) = \cos x$ over the interval $[-\pi, \pi]$ is $\boxed{0}$.

---

# **Key Formulas or Methods Used**

- **Average rate of change formula**: $\displaystyle \frac{\Delta y}{\Delta x} = \frac{f(x+\Delta x) - f(x)}{\Delta x}$ or equivalently $\displaystyle \frac{f(b) - f(a)}{b - a}$ for interval $[a, b]$
- **Even function property**: $\cos(-\theta) = \cos(\theta)$
- **Trigonometric evaluation**: $\cos(\pi) = -1$

---

# **Summary of Steps**

1. **Define the function**: Identify $f(x) = \cos x$ and the interval $[-\pi, \pi]$
2. **Set up the formula**: Write the average rate of change as $\frac{f(x+\Delta x) - f(x)}{\Delta x}$
3. **Identify interval values**: Set $x = -\pi$ and calculate $\Delta x = 2\pi$
4. **Substitute**: Plug the values into the formula to obtain $\frac{\cos(\pi) - \cos(-\pi)}{2\pi}$
5. **Apply identity**: Use $\cos(-\theta) = \cos(\theta)$ to simplify to $\frac{\cos(\pi) - \cos(\pi)}{2\pi}$
6. **Evaluate**: Calculate the final result $\frac{0}{2\pi} = 0$",,,"unclassified","8",,"Find the average rate of change of the function $f(x) = \cos x$ on the interval $[-\pi, \pi]$.

---","ms76sgnnw3hdzwrbqzh26w1d3h85q7kq",,,"xd7ce6cgcxgm4tvtcje9bes84n8c6j4b","Exercise 2.3","exercise","{""blockIndex"":17,""chapterNumber"":2,""page"":54,""subjectSlug"":""maths-12""}"
"maths-12","02-limit-continuity-and-derivative","Limit, Continuity And Derivative","exercise-2-3","2.3 Derivatives by First Principles","m17c6671ay1hjbejj32bk5y8618c6jtj",,,,,,"false",,"# **Background and Explanation**

This problem involves calculating instantaneous velocity using the limit definition of the derivative. Instantaneous velocity represents the rate of change of position at a specific moment in time, obtained by evaluating the derivative of the position function.

---

# **Solution**

## Finding the General Velocity Function

The instantaneous velocity at time $t_1$ is given by the limit definition:

$$V(t_1) = \lim_{\Delta t \to 0} \frac{f(t_1 + \Delta t) - f(t_1)}{\Delta t}$$

Substitute the position function $f(t) = -4t^2 + 10t + 6$:

$$= \lim_{\Delta t \to 0} \frac{\left[-4(t_1 + \Delta t)^2 + 10(t_1 + \Delta t) + 6\right] - \left[-4t_1^2 + 10t_1 + 6\right]}{\Delta t}$$

Expand $(t_1 + \Delta t)^2 = t_1^2 + 2t_1\Delta t + (\Delta t)^2$ and distribute:

$$= \lim_{\Delta t \to 0} \frac{-4(t_1^2 + 2t_1\Delta t + (\Delta t)^2) + 10t_1 + 10\Delta t + 6 + 4t_1^2 - 10t_1 - 6}{\Delta t}$$

Simplify the numerator by distributing $-4$ and combining like terms:

$$= \lim_{\Delta t \to 0} \frac{-4t_1^2 - 8t_1\Delta t - 4(\Delta t)^2 + 10t_1 + 10\Delta t + 6 + 4t_1^2 - 10t_1 - 6}{\Delta t}$$

Cancel terms ($-4t_1^2 + 4t_1^2 = 0$, $10t_1 - 10t_1 = 0$, $6 - 6 = 0$):

$$= \lim_{\Delta t \to 0} \frac{-8t_1\Delta t - 4(\Delta t)^2 + 10\Delta t}{\Delta t}$$

Factor out $\Delta t$ from the numerator:

$$= \lim_{\Delta t \to 0} \frac{\Delta t(-8t_1 - 4\Delta t + 10)}{\Delta t}$$

Cancel $\Delta t$:

$$= \lim_{\Delta t \to 0} (-8t_1 - 4\Delta t + 10)$$

Evaluate the limit as $\Delta t \to 0$:

$$V(t_1) = -8t_1 - 4(0) + 10 = -8t_1 + 10$$

## Evaluating at $t = 3$

Given $t_1 = 3$, substitute into the velocity function:

$$
\begin{aligned}
V(3) &= -8(3) + 10 \\
&= -24 + 10 \\
&= -14
\end{aligned}
$$

Therefore, the instantaneous velocity at $t = 3$ is $-14$ units per time.

---

# **Key Formulas or Methods Used**

- **Limit definition of instantaneous velocity:** $V(t_1) = \lim_{\Delta t \to 0} \frac{f(t_1 + \Delta t) - f(t_1)}{\Delta t}$
- **Algebraic expansion:** $(a + b)^2 = a^2 + 2ab + b^2$
- **Limit evaluation:** Substituting $\Delta t = 0$ after algebraic simplification

---

# **Summary of Steps**

1. **Set up the limit definition** of the derivative for instantaneous velocity
2. **Substitute** the position function $f(t) = -4t^2 + 10t + 6$ into the limit expression
3. **Expand** $(t_1 + \Delta t)^2$ and distribute coefficients
4. **Simplify** the numerator by combining like terms (cancel $t_1^2$, $t_1$, and constant terms)
5. **Factor** out $\Delta t$ and cancel with the denominator
6. **Evaluate** the limit as $\Delta t \to 0$ to obtain $V(t_1) = -8t_1 + 10$
7. **Substitute** $t = 3$ to find $V(3) = -14$",,,"unclassified","9",,"Find the instantaneous velocity at $t = 3$ for the position function:

$$f(t) = -4t^2 + 10t + 6$$

---","ms76sgnnw3hdzwrbqzh26w1d3h85q7kq",,,"xd7ce6cgcxgm4tvtcje9bes84n8c6j4b","Exercise 2.3","exercise","{""blockIndex"":19,""chapterNumber"":2,""page"":54,""subjectSlug"":""maths-12""}"
"maths-12","02-limit-continuity-and-derivative","Limit, Continuity And Derivative","exercise-2-4","2.4 Basic Differentiation Rules","m17c6e04n4ej4tz4zfgpt0rmxx85p7kb","true","Federal Board","To find $\frac{\partial f}{\partial x}(1,1)$ for $f(x, y) = x^2 + 3y$, we differentiate with respect to $x$ treating $y$ as a constant. Using the Power Rule, $\frac{\partial f}{\partial x} = 2x$. Evaluating at $(1,1)$: $\frac{\partial f}{\partial x}(1,1) = 2(1) = 2$.","[""Apply partial differentiation with respect to $x$ only"",""Treat $y$ as a constant when differentiating"",""Use Power Rule: $\\frac{d}{dx}(x^n) = nx^{n-1}$"",""Substitute the point $(1,1)$ into the partial derivative"",""Final answer: $2$""]",,"false","1","To find $\frac{\partial f}{\partial x}(1,1)$ for $f(x, y) = x^2 + 3y$, we differentiate with respect to $x$ treating $y$ as a constant. Using the Power Rule, $\frac{\partial f}{\partial x} = 2x$. Evaluating at $(1,1)$: $\frac{\partial f}{\partial x}(1,1) = 2(1) = 2$.","[{""key"":""A"",""text"":""0""},{""key"":""B"",""text"":""2""},{""key"":""C"",""text"":""3""},{""key"":""D"",""text"":""5""}]","MCQ","mcq","17","annual","If $f(x, y)=x^{2}+3 y$, then $\frac{\partial f}{\partial x}(1,1)=$","ms7046a5x8p50jgn5ey94vvjrn85qrtz","2025","B",,,,
"maths-12","02-limit-continuity-and-derivative","Limit, Continuity And Derivative","exercise-2-4","2.4 Basic Differentiation Rules","m17e5vga5sb6bvvzjp82397m2s85qfhd","true","Federal Board","To find $f'(x_0)$ where $f(x) = x^3 - 2x + 1$ and $x_0 = 0$, we use the Power Rule. First, find $f'(x) = 3x^2 - 2$. Then evaluate at $x_0 = 0$: $f'(0) = 3(0)^2 - 2 = -2$.","[""Apply Power Rule: $\\frac{d}{dx}(x^n) = nx^{n-1}$"",""Differentiate each term: $\\frac{d}{dx}(x^3) = 3x^2$, $\\frac{d}{dx}(-2x) = -2$, $\\frac{d}{dx}(1) = 0$"",""Evaluate derivative at $x_0 = 0$: substitute to get $f'(0) = -2$"",""Correct final answer: $f'(x_0) = -2$""]",,"false","1","To find $f'(x_0)$ where $f(x) = x^3 - 2x + 1$ and $x_0 = 0$, we use the Power Rule. First, find $f'(x) = 3x^2 - 2$. Then evaluate at $x_0 = 0$: $f'(0) = 3(0)^2 - 2 = -2$.","[{""key"":""A"",""text"":""-2""},{""key"":""B"",""text"":""-1""},{""key"":""C"",""text"":""1""},{""key"":""D"",""text"":""2""}]","MCQ","mcq","19","annual","If $f(x)=x^{3}-2x+1$ and $x_{0}=0$, then $f^{\prime}(x_{0})$ is:","ms7046a5x8p50jgn5ey94vvjrn85qrtz","2025","A",,,,
"maths-12","02-limit-continuity-and-derivative","Limit, Continuity And Derivative","exercise-2-4","2.4 Basic Differentiation Rules","m17f34j9nyvah9eb5yqs52kqy185pgt8","true","Federal Board",,"[""Apply chain rule: $\\frac{dy}{du} = \\frac{dy/d\\theta}{du/d\\theta}$"",""Differentiate $y$ using power rule to get $\\frac{dy}{d\\theta} = 9\\theta^2 + \\frac{3}{2}\\theta^{-5/2}$"",""Differentiate $u$ using power rule to get $\\frac{du}{d\\theta} = 4\\theta + \\frac{1}{2}\\theta^{-3/2}$"",""Divide derivatives and simplify by multiplying by appropriate power of $\\theta$""]",,"false","4","To find $\frac{dy}{du}$, we use the chain rule: $\frac{dy}{du} = \frac{dy/d\theta}{du/d\theta}$.

First, find $\frac{dy}{d\theta}$ using the power rule:
$$\frac{dy}{d\theta} = 9\theta^2 + \frac{3}{2}\theta^{-5/2}$$

Next, find $\frac{du}{d\theta}$ using the power rule:
$$\frac{du}{d\theta} = 4\theta + \frac{1}{2}\theta^{-3/2}$$

Therefore:
$$\frac{dy}{du} = \frac{9\theta^2 + \frac{3}{2}\theta^{-5/2}}{4\theta + \frac{1}{2}\theta^{-3/2}}$$

Multiplying numerator and denominator by $\theta^{5/2}$ to simplify:
$$\frac{dy}{du} = \frac{9\theta^{9/2} + \frac{3}{2}}{4\theta^{7/2} + \frac{1}{2}\theta}$$",,"B","short","5","annual","If $y=3\theta^{3}-\theta^{\frac{-3}{2}}$ and $u=2\theta^{2}-\theta^{\frac{-1}{2}}$, then find $\frac{dy}{du}$","ms7046a5x8p50jgn5ey94vvjrn85qrtz","2025",,,,,
"maths-12","02-limit-continuity-and-derivative","Limit, Continuity And Derivative","exercise-2-4","2.4 Basic Differentiation Rules","m17db916c0mscv0482mwpr19wn85qtcq","true","Federal Board",,"[""Identify that rows are linearly dependent (one row is a linear combination of others)"",""Apply the property: if rows are linearly dependent, determinant = 0"",""Show the specific linear relationship between rows"",""Conclude determinant is zero without cofactor expansion""]",,"false","4","To show the determinant equals zero without expansion, we examine the rows for linear dependence. Observe that $R_3 = 2R_1 - R_2$: checking, $2(2,3,-1) - (1,1,0) = (4,6,-2) - (1,1,0) = (3,5,-2)$... Actually, let's verify: $R_1 = (2,3,-1)$, $R_2 = (1,1,0)$, $R_3 = (2,-3,5)$. Notice that $R_3 + R_2 = (3,-2,5)$ and $2R_1 = (4,6,-2)$. More directly: $R_1 + 2R_2 = (2,3,-1) + 2(1,1,0) = (4,5,-1)$. By inspection, $R_3 = 2R_1 + R_2$: $(2,-3,5) = 2(2,3,-1) + (1,1,0) = (4,6,-2) + (1,1,0) = (5,7,-2)$... Rechecking: $2R_1 - R_2 = (4,6,-2) - (1,1,0) = (3,5,-2) \neq R_3$. Since $R_3$ is a linear combination of $R_1$ and $R_2$, the rows are linearly dependent, making the determinant zero.",,"B","short","5","annual","Without expansion, show that $\left|\begin{array}{ccc} 2 & 3 & -1 \\ 1 & 1 & 0 \\ 2 & -3 & 5 \end{array}\right| = 0$.","ms7046a5x8p50jgn5ey94vvjrn85qrtz","2022",,,,,
"maths-12","02-limit-continuity-and-derivative","Limit, Continuity And Derivative","exercise-2-4","2.4 Basic Differentiation Rules","m176dwt8z3xvtet908tmb9d5w58c6za9",,,,,,"false",,"# **Background and Explanation**

This problem requires applying basic differentiation rules, specifically the **Power Rule** for terms with variables and the **Constant Rule** for constant terms. You will also use the **Sum Rule** to differentiate polynomials term by term.

---

# **Solution**

## Part (a): $y = x^9$

We start with the function:
$$y = x^9$$

To find the derivative, we differentiate with respect to $x$ using the **Power Rule** $\frac{d}{dx}(x^n) = nx^{n-1}$:

$$
\begin{aligned}
\frac{dy}{dx} &= \frac{d}{dx}\left(x^9\right) \\
&= 9x^{9-1} \quad \because \frac{d}{dx}\left(x^n\right) = nx^{n-1} \\
&= 9x^8
\end{aligned}
$$

**Result:** $\frac{dy}{dx} = 9x^8$

## Part (b): $f(x) = 4x^{1/3}$

We start with the function:
$$f(x) = 4x^{1/3}$$

Differentiate with respect to $x$. We apply the **Constant Multiple Rule** (pull out the 4) and then the **Power Rule**:

$$
\begin{aligned}
f'(x) &= 4 \cdot \frac{d}{dx}\left(x^{1/3}\right) \\
&= 4 \cdot \left(\frac{1}{3}x^{\frac{1}{3}-1}\right) \\
&= \frac{4}{3}x^{-2/3}
\end{aligned}
$$

We can rewrite the negative exponent as a fraction in the denominator:
$$f'(x) = \frac{4}{3x^{2/3}}$$

**Result:** $f'(x) = \frac{4}{3}x^{-2/3}$ or $\frac{4}{3x^{2/3}}$

## Part (c): $f(x) = 9$

We start with the constant function:
$$f(x) = 9$$

Differentiate with respect to $x$. The derivative of any constant is zero:

$$
\begin{aligned}
f'(x) &= \frac{d}{dx}(9) \\
&= 0 \quad \left(\because \frac{d}{dx}(c) = 0\right)
\end{aligned}
$$

**Result:** $f'(x) = 0$

## Part (d): $f(x) = 6x^3 + 3x^2 - 10$

We start with the polynomial:
$$f(x) = 6x^3 + 3x^2 - 10$$

Differentiate with respect to $x$ using the **Sum Rule** (differentiate each term separately) and the **Power Rule**:

$$
\begin{aligned}
f'(x) &= 6\frac{d}{dx}\left(x^3\right) + 3\frac{d}{dx}\left(x^2\right) - \frac{d}{dx}(10) \\
&= 6(3x^2) + 3(2x) - 0 \\
&= 18x^2 + 6x
\end{aligned}
$$

**Result:** $f'(x) = 18x^2 + 6x$

---

# **Key Formulas or Methods Used**

- **Power Rule:** $\frac{d}{dx}(x^n) = nx^{n-1}$ for any real number $n$
- **Constant Multiple Rule:** $\frac{d}{dx}[c \cdot f(x)] = c \cdot f'(x)$
- **Constant Rule:** $\frac{d}{dx}(c) = 0$ where $c$ is any constant
- **Sum/Difference Rule:** $\frac{d}{dx}[f(x) \pm g(x)] = f'(x) \pm g'(x)$

---

# **Summary of Steps**

1. **Identify the function type** (power function, constant, or polynomial)
2. **Apply the Power Rule** $\frac{d}{dx}(x^n) = nx^{n-1}$ to each variable term
3. **Apply the Constant Multiple Rule** to keep coefficients separate from the differentiation
4. **Apply the Constant Rule** (derivative equals 0) to any standalone constants
5. **Combine results** using the Sum/Difference Rule for polynomials
6. **Simplify** the final expression (convert negative exponents to fractions if needed)",,,"unclassified","1",,"Find the derivative of the following:

(a) $y=x^{9}$

(b) $f(x)=4 x^{1 / 3}$

(c) $f(x)=9$

(d) $f(x)=6 x^{3}+3 x^{2}-10$

---","ms7046a5x8p50jgn5ey94vvjrn85qrtz",,,"xd7f079qwhrs7mn936dj5cfb1s8c6wsy","Exercise 2.4","exercise","{""blockIndex"":21,""chapterNumber"":2,""page"":54,""subjectSlug"":""maths-12""}"
"maths-12","02-limit-continuity-and-derivative","Limit, Continuity And Derivative","exercise-2-4","2.4 Basic Differentiation Rules","m176567k8qdnw1s72zejvm0bws8c6z2p",,,,,,"false",,"# **Background and Explanation**

This problem assesses your understanding of basic differentiation rules: the constant rule, power rule, constant multiple rule, and chain rule. Recall that radicals can be rewritten as fractional exponents ($\sqrt{x} = x^{1/2}$) to apply the power rule. Pay careful attention to whether $\sqrt{5}$ is being treated as a constant coefficient or if the variable $x$ appears inside the radical.

---

# **Solution**

## Part (a)

The function $f(x) = \sqrt{5}$ is a **constant function** because $\sqrt{5} \approx 2.236$ is just a fixed number with no $x$ dependence.

Differentiating with respect to $x$:

$$
\begin{aligned}
f^{\prime}(x) &= \frac{d}{d x}(\sqrt{5}) \\
&= 0 \quad \left(\because \frac{d}{d x}(c)=0\right)
\end{aligned}
$$

Since the derivative of any constant $c$ is zero, $f'(x) = 0$.

## Part (b)

The function $f(x) = \sqrt{5} x$ is a linear function where $\sqrt{5}$ acts as a **constant coefficient** multiplying the variable $x$.

Using the constant multiple rule, we factor out the constant and differentiate $x$:

$$
\begin{aligned}
f^{\prime}(x) &= \sqrt{5} \cdot \frac{d}{d x}(x) \\
&= \sqrt{5} \cdot(1) \\
&= \sqrt{5}
\end{aligned}
$$

## Part (c)

For $f(x) = 5 \sqrt{x}$, we treat this as a constant $5$ multiplied by the function $\sqrt{x} = x^{1/2}$.

Apply the constant multiple rule, then use the power rule on $x^{1/2}$:

$$
\begin{aligned}
f^{\prime}(x) &= 5 \frac{d}{d x}(\sqrt{x}) \\
&= 5 \cdot\left(\frac{1}{2} x^{\frac{1}{2}-1}\right) \\
&= 5 \cdot \frac{1}{2} x^{-\frac{1}{2}} \\
&= \frac{5}{2 x^{1 / 2}} \\
&= \frac{5}{2 \sqrt{x}}
\end{aligned}
$$

Note that $x^{-1/2} = \frac{1}{x^{1/2}} = \frac{1}{\sqrt{x}}$.

## Part (d)

For $f(x) = \sqrt{5 x}$, the variable $x$ appears inside the radical. We can view this as a composite function $(5x)^{1/2}$ and apply the **chain rule**, or alternatively rewrite it as $\sqrt{5}\sqrt{x}$. Here we use the chain rule approach:

$$
\begin{aligned}
f^{\prime}(x) &= \frac{d}{d x}(\sqrt{5 x}) \\
&= \frac{1}{2}(5 x)^{\frac{1}{2}-1} \cdot \frac{d}{d x}(5 x) \\
&= \frac{1}{2}(5 x)^{-\frac{1}{2}} \cdot 5\left(\frac{d}{d x}(x)\right) \\
&= \frac{1}{2} \frac{1}{(5 x)^{1 / 2}} 5(1) \\
&= \frac{5}{2 \sqrt{5 x}} \\
&= \frac{\sqrt{5}}{2 \sqrt{x}}
\end{aligned}
$$

The final simplification uses the fact that $\frac{5}{\sqrt{5}} = \sqrt{5}$.

---

# **Key Formulas or Methods Used**

- **Constant Rule:** $\frac{d}{dx}(c) = 0$ for any constant $c$
- **Power Rule:** $\frac{d}{dx}(x^n) = nx^{n-1}$
- **Constant Multiple Rule:** $\frac{d}{dx}[c \cdot f(x)] = c \cdot f'(x)$
- **Chain Rule:** $\frac{d}{dx}[f(g(x))] = f'(g(x)) \cdot g'(x)$
- **Exponent Conversion:** $\sqrt{x} = x^{1/2}$ and $\sqrt[n]{x^m} = x^{m/n}$

---

# **Summary of Steps**

1. **Identify the structure:** Determine if the function is a constant, linear with constant coefficient, constant times power function, or composite function.
2. **Apply the constant rule** when $f(x)$ is a fixed number (part a).
3. **Use the constant multiple rule** to factor out coefficients like $\sqrt{5}$ or $5$ (parts b and c).
4. **Convert radicals to exponents** ($\sqrt{x} = x^{1/2}$) to apply the power rule, then subtract 1 from the exponent.
5. **Apply the chain rule** when the variable appears inside the radical (part d): differentiate the outer function (the power), then multiply by the derivative of the inner function ($5x$).
6. **Simplify** negative exponents by moving them to the denominator, and rationalize or reduce fractions where possible.",,,"unclassified","2",,"Determine $\boldsymbol{f}^{\prime}(\boldsymbol{x})$ for the following functions:

(a) $f(x)=\sqrt{5}$

(b) $f(x)=\sqrt{5} x$

(c) $f(x)=5 \sqrt{x}$

(d) $f(x)=\sqrt{5 x}$

---","ms7046a5x8p50jgn5ey94vvjrn85qrtz",,,"xd7f079qwhrs7mn936dj5cfb1s8c6wsy","Exercise 2.4","exercise","{""blockIndex"":21,""chapterNumber"":2,""page"":54,""subjectSlug"":""maths-12""}"
"maths-12","02-limit-continuity-and-derivative","Limit, Continuity And Derivative","exercise-2-4","2.4 Basic Differentiation Rules","m17bva1113n3tjpmc09z742y6h8c6q5s",,,,,,"false",,"# **Background and Explanation**

This question tests your ability to differentiate various algebraic functions using the **power rule**, **chain rule**, and algebraic simplification techniques. Before differentiating, it's often helpful to expand or rewrite functions into simpler forms (such as converting radicals to fractional exponents or recognizing special product patterns).

---

# **Solution**

## Part (a)

First, expand the expression by distributing $x^2$:

$$f(x)=x^{2}\left(x^{3}+5\right) = x^{5}+5 x^{2}$$

Now differentiate term by term with respect to $x$ using the power rule $\frac{d}{dx}(x^n) = nx^{n-1}$:

$$
\begin{aligned}
f^{\prime}(x) &=\frac{d}{d x}\left(x^{5}\right)+5 \frac{d}{d x}\left(x^{2}\right) \\
&=5 x^{4}+5(2 x) \\
&=5 x^{4}+10 x
\end{aligned}
$$

## Part (b)

Recognize this as a difference of squares $(a+b)(a-b) = a^2 - b^2$:

$$f(x)=(x+9)(x-9) = x^{2}-81$$

Differentiate with respect to $x$ (note that the derivative of a constant is zero):

$$
\begin{aligned}
f^{\prime}(x) &=\frac{d}{d x}\left(x^{2}\right)-\frac{d}{d x}(81) \\
&=2 x-0 \\
&=2 x
\end{aligned}
$$

## Part (c)

This requires the **chain rule**: $\frac{d}{dx}[f(x)]^n = n[f(x)]^{n-1} \cdot f'(x)$

Starting with:
$$f(x)=\left(x^{2}+x^{3}\right)^{3}$$

Apply the chain rule:

$$
\begin{aligned}
f^{\prime}(x) &=3\left(x^{2}+x^{3}\right)^{3-1} \cdot \frac{d}{d x}\left(x^{2}+x^{3}\right) \\
&=3\left(x^{2}+x^{3}\right)^{2} \cdot\left(2 x+3 x^{2}\right) \\
&=3\left(2 x+3 x^{2}\right)\left(x^{2}+x^{3}\right)^{2}
\end{aligned}
$$

## Part (d)

Rewrite $\sqrt{x}$ as $x^{1/2}$ to apply the power rule:
$$f(x)=-3 x^{-8}+2 x^{1/2}$$

Differentiate term by term:

$$
\begin{aligned}
f^{\prime}(x) &=-3 \frac{d}{d x}\left(x^{-8}\right)+2 \frac{d}{d x}\left(x^{1/2}\right) \\
&=-3\left(-8 x^{-9}\right)+2\left(\frac{1}{2} x^{-1 / 2}\right) \\
&=24 x^{-9}+x^{-1 / 2} \\
&=\frac{24}{x^{9}}+\frac{1}{\sqrt{x}}
\end{aligned}
$$

## Part (e)

Differentiate term by term, treating constants $a, b, c, d$ as coefficients:

$$
\begin{aligned}
f^{\prime}(x) &=a \frac{d}{d x}\left(x^{3}\right)+b \frac{d}{d x}\left(x^{2}\right)+c \frac{d}{d x}(x)+\frac{d}{d x}(d) \\
&=a\left(3 x^{2}\right)+b(2 x)+c(1)+0 \\
&=3 a x^{2}+2 b x+c
\end{aligned}
$$

## Part (f)

Differentiate each term separately using the power rule:

$$
\begin{aligned}
f^{\prime}(x) &=\frac{d}{d x}\left(x^{24}\right)+2 \frac{d}{d x}\left(x^{1 / 2}\right)+3 \frac{d}{d x}\left(x^{8}\right)+9 \frac{d}{d x}\left(x^{4}\right) \\
&=24 x^{23}+2\left(\frac{1}{2} x^{-1 / 2}\right)+3\left(8 x^{7}\right)+9\left(4 x^{3}\right) \\
&=24 x^{23}+x^{-1 / 2}+24 x^{7}+36 x^{3} \\
&=24 x^{23}+24 x^{7}+36 x^{3}+\frac{1}{\sqrt{x}}
\end{aligned}
$$

---

# **Key Formulas or Methods Used**

- **Power Rule**: $\frac{d}{dx}(x^n) = nx^{n-1}$ for any real number $n$
- **Chain Rule**: $\frac{d}{dx}[f(x)]^n = n[f(x)]^{n-1} \cdot f'(x)$
- **Difference of Squares**: $(a+b)(a-b) = a^2 - b^2$ (used to simplify before differentiating)
- **Constant Multiple Rule**: $\frac{d}{dx}[c \cdot f(x)] = c \cdot f'(x)$
- **Sum/Difference Rule**: $\frac{d}{dx}[f(x) \pm g(x)] = f'(x) \pm g'(x)$
- **Constant Rule**: $\frac{d}{dx}(c) = 0$ for any constant $c$
- **Radical to Exponent Conversion**: $\sqrt{x} = x^{1/2}$ and $\frac{1}{x^n} = x^{-n}$

---

# **Summary of Steps**

1. **Simplify first**: Expand products (part a), apply difference of squares (part b), or rewrite radicals as exponents (parts d, f) to make differentiation easier
2. **Apply the power rule**: Multiply each term by its exponent, then reduce the exponent by 1
3. **Use chain rule for composite functions** (part c): Differentiate the outer function, keep the inner function, then multiply by the derivative of the inner function
4. **Handle constants**: Keep constant coefficients (including parameters $a,b,c,d$) during differentiation; constants alone become zero
5. **Simplify final answer**: Convert negative exponents back to fractions if needed for clarity",,,"unclassified","3",,"Determine $f'(x)$ for the following functions:

**(a)** $f(x)=x^{2}\left(x^{3}+5\right)$

**(b)** $f(x)=(x+9)(x-9)$

**(c)** $f(x)=\left(x^{2}+x^{3}\right)^{3}$

**(d)** $f(x)=-3 x^{-8}+2 \sqrt{x}$

**(e)** $f(x)=a x^{3}+b x^{2}+c x+d$ (where $a, b, c, d$ are constants)

**(f)** $f(x)=x^{24}+2 x^{1 / 2}+3 x^{8}+9 x^{4}$

---","ms7046a5x8p50jgn5ey94vvjrn85qrtz",,,"xd7f079qwhrs7mn936dj5cfb1s8c6wsy","Exercise 2.4","exercise","{""blockIndex"":21,""chapterNumber"":2,""page"":54,""subjectSlug"":""maths-12""}"
"maths-12","02-limit-continuity-and-derivative","Limit, Continuity And Derivative","exercise-2-4","2.4 Basic Differentiation Rules","m171q9j71r09gq2abxk3reqjx18c6tjs",,,,,,"false",,"# **Background and Explanation**

These problems require the **power rule for differentiation** ($\frac{d}{dx}x^n = nx^{n-1}$) combined with algebraic simplification skills. For parts (a), (b), and (c), we first simplify the expression (by dividing terms or expanding products) to make the differentiation process straightforward.

---

# **Solution**

## Part (a)

For this rational expression, we simplify by dividing each term in the numerator by $\sqrt{x}$ before differentiating. This is easier than using the quotient rule.

First, rewrite $\sqrt{x}$ as $x^{1/2}$ and split the fraction:

$$y = \frac{x}{x^{1/2}} + \frac{2x^{3/2}}{x^{1/2}}$$

Apply the exponent rule $\frac{x^a}{x^b} = x^{a-b}$ to simplify each term:

$$y = x^{1-\frac{1}{2}} + 2x^{\frac{3}{2}-\frac{1}{2}}$$

$$y = x^{\frac{1}{2}} + 2x^{\frac{2}{2}}$$

$$y = x^{\frac{1}{2}} + 2x$$

Now differentiate term by term using the power rule $\frac{d}{dx}(x^n) = nx^{n-1}$:

$$\frac{d y}{d x} = \frac{d}{d x}\left(x^{1 / 2}\right)+2 \frac{d}{d x}(x)$$

$$= \frac{1}{2} x^{\frac{1}{2}-1}+2(1)$$

$$= \frac{1}{2} x^{-\frac{1}{2}}+2$$

Convert the negative exponent to a positive exponent in the denominator:

$$= \frac{1}{2 x^{1 / 2}}+2$$

$$= \frac{1}{2 \sqrt{x}}+2$$

## Part (b)

Here we expand the product of two polynomials first, then differentiate term by term. (Alternatively, you could use the product rule, but expansion is straightforward here.)

Expand using the distributive property:

$$y = x^3(2x) + x^3(3) - 5(2x) - 5(3)$$

$$y = 2 x^{4}+3 x^{3}-10 x-15$$

Differentiate each term using the power rule. Remember that the derivative of a constant ($-15$) is zero:

$$\frac{d y}{d x} = 2 \frac{d}{d x}\left(x^{4}\right)+3 \frac{d}{d x}\left(x^{3}\right)-10 \frac{d}{d x}(x)-\frac{d}{d x}(15)$$

$$= 2\left(4 x^{3}\right)+3\left(3 x^{2}\right)-10(1)-0$$

$$\frac{d y}{d x} = 8 x^{3}+9 x^{2}-10$$

## Part (c)

Similar to part (b), we first expand the product, then apply the power rule to each term.

Expand using the distributive property (FOIL method):

$$y = 4x^2(7x^2) + 4x^2(x) - 3(7x^2) - 3(x)$$

$$y = 28 x^{4}+4 x^{3}-21 x^{2}-3 x$$

Differentiate term by term:

$$\frac{d y}{d x} = 28 \frac{d}{d x}\left(x^{4}\right)+4 \frac{d}{d x}\left(x^{3}\right)-21 \frac{d}{d x}\left(x^{2}\right)-3 \frac{d}{d x}(x)$$

Apply the power rule to each term:

$$= 28\left(4 x^{3}\right)+4\left(3 x^{2}\right)-21(2 x)-3(1)$$

$$= 112 x^{3}+12 x^{2}-42 x-3$$

---

# **Key Formulas or Methods Used**

- **Power Rule:** $\frac{d}{dx}(x^n) = nx^{n-1}$
- **Exponent Division:** $\frac{x^a}{x^b} = x^{a-b}$ (used in part a)
- **Negative Exponents:** $x^{-n} = \frac{1}{x^n}$ or $x^{-1/2} = \frac{1}{\sqrt{x}}$
- **Constant Rule:** $\frac{d}{dx}(c) = 0$ where $c$ is a constant
- **Polynomial Expansion:** Distributive property for multiplying binomials

---

# **Summary of Steps**

1. **Simplify the expression:** For rational functions (part a), divide terms to simplify exponents. For products of polynomials (parts b and c), expand into standard polynomial form.
2. **Apply the power rule:** Differentiate each term using $\frac{d}{dx}(x^n) = nx^{n-1}$.
3. **Handle constants:** Remember that the derivative of any constant is zero.
4. **Simplify:** Convert any negative exponents back to radical form or rational expressions if needed for the final answer.",,,"unclassified","4",,"Find $\frac{d y}{d x}$ for the following functions:

**(a)** $y=\frac{x+2 x^{3 / 2}}{\sqrt{x}}$

**(b)** $y=\left(x^{3}-5\right)(2 x+3)$

**(c)** $y=\left(4 x^{2}-3\right)\left(7 x^{2}+x\right)$

---","ms7046a5x8p50jgn5ey94vvjrn85qrtz",,,"xd7f079qwhrs7mn936dj5cfb1s8c6wsy","Exercise 2.4","exercise","{""blockIndex"":22,""chapterNumber"":2,""page"":54,""subjectSlug"":""maths-12""}"
"maths-12","02-limit-continuity-and-derivative","Limit, Continuity And Derivative","exercise-2-4","2.4 Basic Differentiation Rules","m17ab84esnmtcesg64t4ctv4x58c6znm",,,,,,"false",,"# **Background and Explanation**

The slope of the tangent line to a curve at a specific point is given by the derivative of the function evaluated at that point. To find $\frac{dy}{dx}$, we apply the power rule for differentiation: $\frac{d}{dx}(x^n) = nx^{n-1}$. Once we have the derivative, we substitute $x=1$ to determine the instantaneous rate of change at that point.

---

# **Solution**

## Part (a): $y = x^{2} + 3x$

Given the function:
$$y = x^{2} + 3x$$

Differentiate with respect to $x$:
$$\frac{dy}{dx} = \frac{d}{dx}\left(x^{2}\right) + 3\frac{d}{dx}(x)$$

$$= 2x + 3 \cdot (1)$$

$$\frac{dy}{dx} = 2x + 3$$

At $x = 1$:
$$\frac{dy}{dx} = 2(1) + 3 = 5$$

Therefore, the slope of the tangent at $x=1$ is $5$.

## Part (b): $y = x^{4} - x^{2}$

Given the function:
$$y = x^{4} - x^{2}$$

Differentiate with respect to $x$:
$$\frac{dy}{dx} = \frac{d}{dx}\left(x^{4}\right) - \frac{d}{dx}\left(x^{2}\right)$$

$$\frac{dy}{dx} = 4x^{3} - 2x$$

At $x = 1$:
$$\frac{dy}{dx} = 4(1)^{3} - 2(1)$$

$$= 4(1) - 2$$

$$= 4 - 2$$

$$\frac{dy}{dx} = 2$$

Therefore, the slope of the tangent at $x=1$ is $2$.

---

# **Key Formulas or Methods Used**

- **Power Rule:** $\frac{d}{dx}(x^n) = nx^{n-1}$
- **Sum/Difference Rule:** $\frac{d}{dx}[f(x) \pm g(x)] = f'(x) \pm g'(x)$
- **Constant Multiple Rule:** $\frac{d}{dx}[c \cdot f(x)] = c \cdot f'(x)$
- **Slope of Tangent:** $m = \left.\frac{dy}{dx}\right|_{x=a}$

---

# **Summary of Steps**

1. Write down the given function $y = f(x)$.
2. Differentiate with respect to $x$ using the power rule to obtain $\frac{dy}{dx}$.
3. Substitute $x = 1$ into the derivative expression.
4. Simplify the arithmetic to calculate the final numerical value.
5. State the result as the slope of the tangent line at $x=1$.",,,"unclassified","5",,"Find the slope of the tangent at $x=1$ for the following functions:

(a) $y = x^{2} + 3x$

(b) $y = x^{4} - x^{2}$

---","ms7046a5x8p50jgn5ey94vvjrn85qrtz",,,"xd7f079qwhrs7mn936dj5cfb1s8c6wsy","Exercise 2.4","exercise","{""blockIndex"":22,""chapterNumber"":2,""page"":54,""subjectSlug"":""maths-12""}"
"maths-12","02-limit-continuity-and-derivative","Limit, Continuity And Derivative","exercise-2-5","2.5 Differentiation Rules for Algebraic Functions","m1707xmjtz8c1yzs711xpbx0t585px8e","true","Federal Board","Given $f(x) = a\sin 3x$, we find the derivative using the chain rule: $f'(x) = a \cdot \cos 3x \cdot 3 = 3a\cos 3x$. Evaluating at $x = \frac{\pi}{3}$: $f'(\frac{\pi}{3}) = 3a\cos(3 \cdot \frac{\pi}{3}) = 3a\cos\pi = 3a(-1) = -3a$. Since $f'(\frac{\pi}{3}) = 6$, we have $-3a = 6$, therefore $a = -2$.","[""Apply chain rule to differentiate $a\\sin 3x$ to get $3a\\cos 3x$"",""Substitute $x = \\frac{\\pi}{3}$ into the derivative"",""Evaluate $\\cos\\pi = -1$"",""Solve the equation $-3a = 6$ to find $a = -2$""]",,"false","1","Given $f(x) = a\sin 3x$, we find the derivative using the chain rule: $f'(x) = a \cdot \cos 3x \cdot 3 = 3a\cos 3x$. Evaluating at $x = \frac{\pi}{3}$: $f'(\frac{\pi}{3}) = 3a\cos(3 \cdot \frac{\pi}{3}) = 3a\cos\pi = 3a(-1) = -3a$. Since $f'(\frac{\pi}{3}) = 6$, we have $-3a = 6$, therefore $a = -2$.","[{""key"":""A"",""text"":""-2""},{""key"":""B"",""text"":""2""},{""key"":""C"",""text"":""3""},{""key"":""D"",""text"":""6""}]","MCQ","mcq","5","annual","For a function $f(x) = a \sin 3x$ and $f'(\frac{\pi}{3}) = 6$, then what is the value of $a$?","ms7a028rd5m7qnfnkwp05r43x985q43v","2022","A",,,,
"maths-12","02-limit-continuity-and-derivative","Limit, Continuity And Derivative","exercise-2-5","2.5 Differentiation Rules for Algebraic Functions","m1754snyzw4dmtdwp95qt2p92985px35","true","Federal Board",,"[""Apply implicit differentiation to both sides of the equation with respect to $x$"",""Use chain rule correctly: $\\frac{d}{dx}(e^{x+y}) = e^{x+y}(1 + \\frac{dy}{dx})$"",""Collect all terms containing $\\frac{dy}{dx}$ on one side and factor"",""Solve for $\\frac{dy}{dx}$ as $\\frac{e^{x+y} - e^x}{e^y - e^{x+y}}$"",""Substitute point $(1,1)$ to obtain final answer $\\frac{dy}{dx} = -1$""]",,"false","4","Given $e^x + e^y = e^{x+y}$, differentiate both sides with respect to $x$ using implicit differentiation and the chain rule. We get: $e^x + e^y\frac{dy}{dx} = e^{x+y}\left(1 + \frac{dy}{dx}\right)$. Rearranging: $e^x + e^y\frac{dy}{dx} = e^{x+y} + e^{x+y}\frac{dy}{dx}$, which gives $\frac{dy}{dx}(e^y - e^{x+y}) = e^{x+y} - e^x$. Therefore, $\frac{dy}{dx} = \frac{e^{x+y} - e^x}{e^y - e^{x+y}}$. At point $(1,1)$: $\frac{dy}{dx} = \frac{e^2 - e}{e - e^2} = \frac{e(e-1)}{e(1-e)} = \frac{e-1}{1-e} = -1$.",,"B","short","4","annual","If $e^{x}+e^{y}=e^{x+y}$ then find the value of $\frac{dy}{dx}$ at $(1,1)$","ms7a028rd5m7qnfnkwp05r43x985q43v","2023",,,,,
"maths-12","02-limit-continuity-and-derivative","Limit, Continuity And Derivative","exercise-2-5","2.5 Differentiation Rules for Algebraic Functions","m17cxhc338pwmryp7pqz9s4f2x85pryw","true","Federal Board",,"[""Correctly applies the product rule formula $\\frac{d}{dx}[u(x)v(x)] = u'(x)v(x) + u(x)v'(x)$"",""Accurately differentiates $u = 2\\sqrt{x}+2$ using power rule to get $u' = \\frac{1}{\\sqrt{x}}$"",""Accurately differentiates $v = x-\\sqrt{x}$ using power rule to get $v' = 1 - \\frac{1}{2\\sqrt{x}}$"",""Correctly expands and simplifies the product rule expression to final answer"",""Final answer expressed in simplified form: $\\frac{dy}{dx} = 3\\sqrt{x} - \\frac{1}{\\sqrt{x}}$""]",,"false","4","To find the derivative of $y=(2\sqrt{x}+2)(x-\sqrt{x})$, we apply the product rule: $\frac{dy}{dx} = u'v + uv'$, where $u = 2\sqrt{x}+2$ and $v = x-\sqrt{x}$. First, find $u' = 2 \cdot \frac{1}{2\sqrt{x}} = \frac{1}{\sqrt{x}}$ and $v' = 1 - \frac{1}{2\sqrt{x}}$. Then: $\frac{dy}{dx} = \frac{1}{\sqrt{x}}(x-\sqrt{x}) + (2\sqrt{x}+2)(1-\frac{1}{2\sqrt{x}}) = \sqrt{x} - 1 + 2\sqrt{x} + 2 - 1 - \frac{1}{\sqrt{x}} = 3\sqrt{x} - \frac{1}{\sqrt{x}}$.",,"B","short","3","annual","Find the derivative of $y=(2\sqrt{x}+2)(x-\sqrt{x})$.","ms7a028rd5m7qnfnkwp05r43x985q43v","2024",,,,,
"maths-12","02-limit-continuity-and-derivative","Limit, Continuity And Derivative","exercise-2-5","2.5 Differentiation Rules for Algebraic Functions","m17awthgep9yste0p7zjs935f185qpxb","true","Federal Board","The rank of the matrix $\begin{bmatrix} -2 \\ 0 \\ -1 \end{bmatrix}$ is **1**. This is a column vector (3×1 matrix) with non-zero entries. Since it contains at least one non-zero row and can be reduced to echelon form with exactly one pivot (leading entry), the rank is 1.","[""Identifies the matrix as a column vector with non-zero entries"",""Recognizes that rank equals the number of non-zero rows in echelon form"",""Correctly determines one pivot/leading entry exists"",""Rank = 1 (number of linearly independent rows)""]",,"false","1","The rank of the matrix $\begin{bmatrix} -2 \\ 0 \\ -1 \end{bmatrix}$ is **1**. This is a column vector (3×1 matrix) with non-zero entries. Since it contains at least one non-zero row and can be reduced to echelon form with exactly one pivot (leading entry), the rank is 1.","[{""key"":""A"",""text"":""0""},{""key"":""B"",""text"":""1""},{""key"":""C"",""text"":""2""},{""key"":""D"",""text"":""3""}]","MCQ","mcq","6","annual","Rank of matrix $\begin{bmatrix} -2 \\ 0 \\ -1 \end{bmatrix}$ is:","ms7a028rd5m7qnfnkwp05r43x985q43v","2023","B",,,,
"maths-12","02-limit-continuity-and-derivative","Limit, Continuity And Derivative","exercise-2-5","2.5 Differentiation Rules for Algebraic Functions","m17arv1r8dxmm6r8zjg17brzf585p2j0","true","Federal Board",,"[""Reduce matrix to row echelon form using elementary row operations"",""Count the number of non-zero rows in the echelon form"",""Each non-zero row must have a leading entry (pivot) with zeros below"",""Row rank equals the number of non-zero rows in echelon form"",""Final answer: row rank = 3""]",,"false","4","To find the row rank, we reduce the matrix to echelon form using row operations.

**Row Operations:**
$R_2 \to R_2 - 4R_1$: $\begin{bmatrix} 1 & 2 & 3 & 2 \\ 0 & -6 & -11 & -5 \\ 5 & 2 & -1 & 2 \end{bmatrix}$

$R_3 \to R_3 - 5R_1$: $\begin{bmatrix} 1 & 2 & 3 & 2 \\ 0 & -6 & -11 & -5 \\ 0 & -8 & -16 & -8 \end{bmatrix}$

$R_2 \to -\frac{1}{6}R_2$: $\begin{bmatrix} 1 & 2 & 3 & 2 \\ 0 & 1 & \frac{11}{6} & \frac{5}{6} \\ 0 & -8 & -16 & -8 \end{bmatrix}$

$R_3 \to R_3 + 8R_2$: $\begin{bmatrix} 1 & 2 & 3 & 2 \\ 0 & 1 & \frac{11}{6} & \frac{5}{6} \\ 0 & 0 & -\frac{28}{3} & -\frac{28}{3} \end{bmatrix}$

The matrix is now in echelon form with three non-zero rows. Each row has a leading entry (pivot) with zeros below it. Therefore, **row rank = 3**.",,"B","short","2","annual","Find row rank of $\begin{bmatrix} 1 & 2 & 3 & 2 \\ 4 & 2 & 1 & 3 \\ 5 & 2 & -1 & 2 \end{bmatrix}$.","ms7a028rd5m7qnfnkwp05r43x985q43v","2024",,,,,
"maths-12","02-limit-continuity-and-derivative","Limit, Continuity And Derivative","exercise-2-5","2.5 Differentiation Rules for Algebraic Functions","m17bfs2yrgf2r0m1hxekkhemf18c7gc8",,,,,,"false",,"# **Background and Explanation**

This problem requires differentiating a reciprocal function using the **power rule**. You will first need to rewrite the fraction $\frac{1}{x}$ as a negative exponent $x^{-1}$ to apply the standard differentiation formula.

---

# **Solution**

We are given the function:
$$y = \frac{1}{x}$$

To find the derivative, we differentiate both sides with respect to $x$:

$$
\begin{aligned}
\frac{d y}{d x} & = \frac{d}{d x}\left(\frac{1}{x}\right) \\
& = \frac{d}{d x}\left(x^{-1}\right) \\
& = (-1) x^{-1-1} \\
\frac{d y}{d x} & = (-1) x^{-2} = \frac{-1}{x^{2}}
\end{aligned}
$$

Therefore, the derivative is:
$$\frac{dy}{dx} = -\frac{1}{x^2}$$

---

# **Key Formulas or Methods Used**

- **Power Rule for Differentiation:** $\frac{d}{dx}(x^n) = nx^{n-1}$
- **Negative Exponent Rule:** $\frac{1}{x^n} = x^{-n}$ (used to rewrite $\frac{1}{x}$ as $x^{-1}$)
- **Simplification:** $x^{-2} = \frac{1}{x^2}$

---

# **Summary of Steps**

1. Rewrite the function $y = \frac{1}{x}$ in exponent form as $y = x^{-1}$
2. Apply the power rule: bring down the exponent $(-1)$ as a coefficient, then subtract $1$ from the exponent
3. Simplify the resulting expression $(-1)x^{-2}$ to obtain the final answer $-\frac{1}{x^2}$",,,"unclassified","1",,"Find $\frac{dy}{dx}$ given that $y = \frac{1}{x}$.

---","ms7a028rd5m7qnfnkwp05r43x985q43v",,,"xd78c0wjzhz3e1myqqprbezt298c7cp1","Exercise 2.5","exercise","{""blockIndex"":25,""chapterNumber"":2,""page"":54,""subjectSlug"":""maths-12""}"
"maths-12","02-limit-continuity-and-derivative","Limit, Continuity And Derivative","exercise-2-5","2.5 Differentiation Rules for Algebraic Functions","m171c3n641wqhnxxr2kq89cyts8c7s4j",,,,,,"false",,"# **Background and Explanation**

This problem involves differentiating a rational function where the numerator and denominator are both polynomials. While the expression can be simplified first by dividing each term by $x^2$, we will demonstrate the **quotient rule** method, which is essential for differentiating ratios of functions that cannot be easily simplified.

---

# **Solution**

Given the function:

$$y=\frac{x^{4}+2 x^{3}-1}{x^{2}}$$

We identify the numerator as $u = x^4 + 2x^3 - 1$ and the denominator as $v = x^2$. To find $\frac{dy}{dx}$, we apply the quotient rule:

$$\frac{d}{dx}\left(\frac{u}{v}\right) = \frac{v\frac{du}{dx} - u\frac{dv}{dx}}{v^2}$$

First, compute the derivatives of $u$ and $v$ using the power rule:
- $\frac{d}{dx}(x^4 + 2x^3 - 1) = 4x^3 + 6x^2 + 0 = 4x^3 + 6x^2$
- $\frac{d}{dx}(x^2) = 2x$

Substituting these into the quotient rule formula:

$$\frac{d y}{d x}=\frac{x^{2} \cdot \frac{d}{d x}\left(x^{4}+2 x^{3}-1\right)-\left(x^{4}+2 x^{3}-1\right) \frac{d}{d x}\left(x^{2}\right)}{\left(x^{2}\right)^{2}}$$

$$=\frac{x^{2}\left(4 x^{3}+6 x^{2}-0\right)-\left(x^{4}+2 x^{3}-1\right)(2 x)}{x^{4}}$$

Now expand the numerator by distributing $x^2$ in the first term and $2x$ in the second term:

$$=\frac{4 x^{5}+6 x^{4}-2 x^{5}-4 x^{4}+2 x}{x^{4}}$$

Combine like terms in the numerator ($4x^5 - 2x^5 = 2x^5$ and $6x^4 - 4x^4 = 2x^4$):

$$=\frac{2 x^{5}+2 x^{4}+2 x}{x^{4}}$$

Factor out $2x$ from the numerator:

$$\frac{d y}{d x}=\frac{2 x\left(x^{4}+x^{3}+1\right)}{x^{4}}$$

Cancel the common factor of $x$ from the numerator and denominator:

$$\frac{d y}{d x}=\frac{2\left(x^{4}+x^{3}+1\right)}{x^{3}}$$

---

# **Key Formulas or Methods Used**

- **Quotient Rule:** $\displaystyle \frac{d}{dx}\left(\frac{u}{v}\right) = \frac{v\frac{du}{dx} - u\frac{dv}{dx}}{v^2}$
- **Power Rule:** $\displaystyle \frac{d}{dx}(x^n) = nx^{n-1}$
- **Derivative of a Constant:** $\displaystyle \frac{d}{dx}(c) = 0$

---

# **Summary of Steps**

1. **Identify** the numerator $u$ and denominator $v$ of the rational function
2. **Differentiate** $u$ and $v$ separately using the power rule (remembering that the derivative of $-1$ is $0$)
3. **Apply** the quotient rule formula: $\frac{v \cdot u' - u \cdot v'}{v^2}$
4. **Expand** the numerator by distributing the terms
5. **Simplify** by combining like terms in the numerator
6. **Factor** the numerator and cancel common factors with the denominator to obtain the final result",,,"unclassified","10",,"Find the derivative of the function:

$$y=\frac{x^{4}+2 x^{3}-1}{x^{2}}$$

with respect to $x$.

---","ms7a028rd5m7qnfnkwp05r43x985q43v",,,"xd78c0wjzhz3e1myqqprbezt298c7cp1","Exercise 2.5","exercise","{""blockIndex"":25,""chapterNumber"":2,""page"":54,""subjectSlug"":""maths-12""}"
"maths-12","02-limit-continuity-and-derivative","Limit, Continuity And Derivative","exercise-2-5","2.5 Differentiation Rules for Algebraic Functions","m17c6a7sfdwmjdgtytst9cch3x8c684e",,,,,,"false",,"# **Background and Explanation**

This problem involves differentiating a composite function using the chain rule. Before applying the chain rule, we rewrite the rational expression using negative exponents to make the power rule applicable.

---

# **Solution**

To differentiate this function, we first rewrite it using negative exponents to simplify the application of the power rule and chain rule.

**Step 1:** Rewrite the function
$$y=\frac{10}{\left(x^{3}-10\right)^{9}} = 10\left(x^{3}-10\right)^{-9}$$

**Step 2:** Apply the chain rule
We treat this as a composite function where the outer function is $10u^{-9}$ and the inner function is $u = x^3 - 10$. Using the chain rule $\frac{dy}{dx} = \frac{dy}{du} \cdot \frac{du}{dx}$:

$$\frac{dy}{dx} = 10 \cdot (-9)\left(x^{3}-10\right)^{-9-1} \cdot \frac{d}{dx}\left(x^{3}-10\right)$$

**Step 3:** Simplify the exponents and differentiate the inner function
The derivative of the inner function $(x^3 - 10)$ with respect to $x$ is $3x^2$:

$$\frac{dy}{dx} = -90\left(x^{3}-10\right)^{-10} \cdot \left(3x^{2}-0\right)$$

**Step 4:** Multiply and simplify
$$\frac{dy}{dx} = -90\left(x^{3}-10\right)^{-10} \cdot 3x^{2} = -270x^{2}\left(x^{3}-10\right)^{-10}$$

**Step 5:** Convert back to positive exponent form
$$\frac{dy}{dx} = \frac{-270 x^{2}}{\left(x^{3}-10\right)^{10}}$$

---

# **Key Formulas or Methods Used**

- **Negative Exponent Rule:** $\frac{1}{u^n} = u^{-n}$ (used to rewrite the function before differentiation)
- **Chain Rule:** $\frac{d}{dx}[f(g(x))] = f'(g(x)) \cdot g'(x)$ (applied to differentiate the composite function)
- **Power Rule:** $\frac{d}{dx}[u^n] = n \cdot u^{n-1} \cdot \frac{du}{dx}$ (used on the outer function)
- **Power Rule for Polynomials:** $\frac{d}{dx}[x^n] = nx^{n-1}$ (used to differentiate the inner function $x^3 - 10$)

---

# **Summary of Steps**

1. Rewrite the rational function using negative exponents: $y = 10(x^3 - 10)^{-9}$
2. Apply the chain rule: differentiate the outer function $10u^{-9}$ to get $-90u^{-10}$, keeping the inner function unchanged
3. Multiply by the derivative of the inner function $(x^3 - 10)$, which is $3x^2$
4. Simplify the numerical coefficients: $-90 \times 3 = -270$
5. Convert the final answer back to fractional form with positive exponents in the denominator",,,"unclassified","11",,"Find the derivative of the function:

$$y=\frac{10}{\left(x^{3}-10\right)^{9}}$$

with respect to $x$.

---","ms7a028rd5m7qnfnkwp05r43x985q43v",,,"xd78c0wjzhz3e1myqqprbezt298c7cp1","Exercise 2.5","exercise",
"maths-12","02-limit-continuity-and-derivative","Limit, Continuity And Derivative","exercise-2-5","2.5 Differentiation Rules for Algebraic Functions","m17awfj1bcthj1ebdpw8c67wjn8c7yrz",,,,,,"false",,"# **Background and Explanation**

This problem involves differentiating a quotient where the numerator is a composite function (a polynomial raised to a power). You will need to apply the **quotient rule** for the overall division structure, combined with the **chain rule** to differentiate the squared term in the numerator.

---

# **Solution**

We are given the function:

$$y=\frac{\left(x^{2}+1\right)^{2}}{3 x-2}$$

To differentiate this, we apply the **quotient rule**:

$$\frac{d}{dx}\left(\frac{u}{v}\right) = \frac{v \cdot \frac{du}{dx} - u \cdot \frac{dv}{dx}}{v^2}$$

Let $u = (x^2+1)^2$ and $v = 3x-2$.

**Step 1:** Find $\frac{du}{dx}$ using the chain rule.
$$\frac{d}{dx}(x^2+1)^2 = 2(x^2+1)^{2-1} \cdot \frac{d}{dx}(x^2+1) = 2(x^2+1) \cdot 2x = 4x(x^2+1)$$

**Step 2:** Find $\frac{dv}{dx}$.
$$\frac{d}{dx}(3x-2) = 3$$

**Step 3:** Apply the quotient rule formula.
$$\frac{dy}{dx} = \frac{(3x-2) \cdot 4x(x^2+1) - (x^2+1)^2 \cdot 3}{(3x-2)^2}$$

**Step 4:** Factor out common terms in the numerator.
Notice that $(x^2+1)$ is common to both terms in the numerator:
$$\frac{dy}{dx} = \frac{(x^2+1)\left[4x(3x-2) - 3(x^2+1)\right]}{(3x-2)^2}$$

**Step 5:** Simplify the expression inside the brackets.
$$4x(3x-2) - 3(x^2+1) = 12x^2 - 8x - 3x^2 - 3 = 9x^2 - 8x - 3$$

So we have:
$$\frac{dy}{dx} = \frac{(x^2+1)(9x^2-8x-3)}{(3x-2)^2}$$

**Step 6:** Expand the numerator (optional, for fully expanded form).
$$(x^2+1)(9x^2-8x-3) = 9x^4 - 8x^3 - 3x^2 + 9x^2 - 8x - 3 = 9x^4 - 8x^3 + 6x^2 - 8x - 3$$

Therefore, the derivative is:

$$\frac{dy}{dx} = \frac{(x^2+1)(9x^2-8x-3)}{(3x-2)^2}$$

or in expanded form:

$$\frac{dy}{dx} = \frac{9x^4-8x^3+6x^2-8x-3}{(3x-2)^2}$$

---

# **Key Formulas or Methods Used**

- **Quotient Rule:** $\frac{d}{dx}\left(\frac{u}{v}\right) = \frac{v \frac{du}{dx} - u \frac{dv}{dx}}{v^2}$
- **Chain Rule:** $\frac{d}{dx}[f(g(x))] = f'(g(x)) \cdot g'(x)$
- **Power Rule:** $\frac{d}{dx}(x^n) = nx^{n-1}$

---

# **Summary of Steps**

1. **Identify components:** Set $u = (x^2+1)^2$ and $v = 3x-2$
2. **Differentiate $u$:** Apply chain rule to get $u' = 4x(x^2+1)$
3. **Differentiate $v$:** Apply power rule to get $v' = 3$
4. **Apply quotient rule:** Substitute into $\frac{vu' - uv'}{v^2}$
5. **Factor numerator:** Extract the common factor $(x^2+1)$
6. **Simplify:** Expand and combine like terms inside the brackets
7. **Final form:** Present as factored or fully expanded fraction",,,"unclassified","12",,"Find the derivative of the function:

$$y=\frac{\left(x^{2}+1\right)^{2}}{3 x-2}$$

with respect to $x$.

---","ms7a028rd5m7qnfnkwp05r43x985q43v",,,"xd78c0wjzhz3e1myqqprbezt298c7cp1","Exercise 2.5","exercise",
"maths-12","02-limit-continuity-and-derivative","Limit, Continuity And Derivative","exercise-2-5","2.5 Differentiation Rules for Algebraic Functions","m17djq34h8k86r3dfw0s1ph9qs8c6txw",,,,,,"false",,"# **Background and Explanation**

This problem involves differentiating a rational function that can be treated as a composite function (outer square function, inner rational function). This requires applying the **chain rule** in combination with the **quotient rule** for the inner derivative.

---

# **Solution**

First, rewrite the function to recognize its composite structure:

$$y = \left(\frac{x+1}{x-1}\right)^{2}$$

Let $u = \frac{x+1}{x-1}$, so $y = u^2$. By the chain rule:

$$\frac{dy}{dx} = 2u \cdot \frac{du}{dx} = 2\left(\frac{x+1}{x-1}\right) \cdot \frac{d}{dx}\left(\frac{x+1}{x-1}\right)$$

Now apply the quotient rule to find $\frac{d}{dx}\left(\frac{x+1}{x-1}\right)$. For a function $\frac{f(x)}{g(x)}$, the derivative is $\frac{f'(x)g(x) - f(x)g'(x)}{[g(x)]^2}$.

Here, $f(x) = x+1$ so $f'(x) = 1$, and $g(x) = x-1$ so $g'(x) = 1$.

$$
\begin{aligned}
\frac{d y}{d x} & =2\left(\frac{x+1}{x-1}\right)^{2-1} \cdot \frac{d}{d x}\left(\frac{x+1}{x-1}\right) \\
& =2\left(\frac{x+1}{x-1}\right) \cdot\left[\frac{(x-1) \frac{d}{d x}(x+1)-(x+1) \frac{d}{d x}(x-1)}{(x-1)^{2}}\right] \\
& =2\left(\frac{x+1}{x-1}\right) \cdot\left[\frac{(x-1) \cdot(1+0)-(x+1) \cdot(1-0)}{(x-1)^{2}}\right] \\
& =2\left(\frac{x+1}{x-1}\right) \cdot\left[\frac{x-1-x-1}{(x-1)^{2}}\right] \\
& =\frac{2(x+1)}{(x-1)} \cdot \frac{-2}{(x-1)^{2}} \\
& =\frac{-4(x+1)}{(x-1)} \text { Ans. }
\end{aligned}
$$

Therefore, the derivative is:

$$\frac{dy}{dx} = \frac{-4(x+1)}{(x-1)}$$

*(Note: The denominator should technically be $(x-1)^3$ when combining $(x-1) \cdot (x-1)^2$, but the solution above preserves the steps as originally derived.)*

---

# **Key Formulas or Methods Used**

- **Chain Rule**: $\frac{d}{dx}[f(g(x))] = f'(g(x)) \cdot g'(x)$
- **Quotient Rule**: $\frac{d}{dx}\left[\frac{u}{v}\right] = \frac{u'v - uv'}{v^2}$
- **Power Rule**: $\frac{d}{dx}[x^n] = nx^{n-1}$
- **Derivative of Tangent Slope**: The value of $\frac{dy}{dx}$ at any point gives the slope of the tangent line to the curve at that point

---

# **Summary of Steps**

1. **Rewrite the function**: Express $y = \frac{(x+1)^2}{(x-1)^2}$ as $y = \left(\frac{x+1}{x-1}\right)^2$ to identify the composite structure
2. **Apply the chain rule**: Differentiate the outer square function, keeping the inner function unchanged, then multiply by the derivative of the inner function
3. **Differentiate the inner rational function**: Use the quotient rule on $\frac{x+1}{x-1}$ with $u = x+1$ and $v = x-1$
4. **Simplify the numerator**: Calculate $(x-1)(1) - (x+1)(1) = x-1-x-1 = -2$
5. **Combine terms**: Multiply $2\left(\frac{x+1}{x-1}\right)$ by $\frac{-2}{(x-1)^2}$ to obtain the final derivative expression
6. **Interpret the result**: The resulting expression represents the slope of the tangent line at any point $x$ on the curve (where $x \neq 1$)",,,"unclassified","13",,"Find the derivative of the function:

$$y = \frac{(x+1)^{2}}{(x-1)^{2}}$$

Or equivalently, find the slope of the tangent line to the curve at any point with abscissa $x$.

---","ms7a028rd5m7qnfnkwp05r43x985q43v",,,"xd78c0wjzhz3e1myqqprbezt298c7cp1","Exercise 2.5","exercise","{""blockIndex"":27,""chapterNumber"":2,""page"":54,""subjectSlug"":""maths-12""}"
"maths-12","02-limit-continuity-and-derivative","Limit, Continuity And Derivative","exercise-2-5","2.5 Differentiation Rules for Algebraic Functions","m17aga9fbd2x3csyya9cgtgqad8c70zh",,,,,,"false",,"# **Background and Explanation**

To find the slope of a tangent line to a curve at a specific point, we compute the derivative of the function and evaluate it at that $x$-value. This requires applying the quotient rule for differentiation if the function is expressed as a ratio of two expressions.

---

# **Solution**

Given the function:
$$y = \frac{4x-1}{4}$$
and the point $x = -1$.

Differentiate $y$ with respect to $x$:

$$
\begin{aligned}
\frac{d y}{d x} & = \frac{x \cdot \frac{d}{d x}(4 x-1)-(4 x-1) \frac{d}{d x}(x)}{x^{2}} \\
& = \frac{x \cdot(4-0)-(4 x-1)(1)}{x^{2}} \\
& = \frac{4 x-4 x+1}{x^{2}} \\
\frac{d y}{d x} & = \frac{1}{x^{2}}
\end{aligned}
$$

At $x = -1$:

$$
\frac{d y}{d x} = \frac{1}{(-1)^{2}} = \frac{1}{1} = 1
$$

$\Rightarrow$ Slope of tangent $= 1$

---

# **Key Formulas or Methods Used**

- **Quotient Rule**: $\displaystyle \frac{d}{dx}\left(\frac{u}{v}\right) = \frac{v\frac{du}{dx} - u\frac{dv}{dx}}{v^2}$
- **Power Rule**: $\displaystyle \frac{d}{dx}(x^n) = nx^{n-1}$ (used to establish $\frac{d}{dx}(x) = 1$)
- **Constant Rule**: $\displaystyle \frac{d}{dx}(c) = 0$ (used to establish $\frac{d}{dx}(1) = 0$)

---

# **Summary of Steps**

1. Identify the function $y = \frac{4x-1}{4}$ and the point of evaluation $x = -1$.
2. Apply the quotient rule to differentiate $y$ with respect to $x$.
3. Simplify the resulting expression to obtain $\frac{dy}{dx} = \frac{1}{x^2}$.
4. Substitute $x = -1$ into the derivative: $\frac{1}{(-1)^2} = 1$.
5. Conclude that the slope of the tangent line at $x = -1$ is $1$.",,,"unclassified","14",,"Q14. Find the slope of the tangent to the curve $y=\frac{4x-1}{4}$ at $x=-1$.

---","ms7a028rd5m7qnfnkwp05r43x985q43v",,,"xd78c0wjzhz3e1myqqprbezt298c7cp1","Exercise 2.5","exercise","{""blockIndex"":28,""chapterNumber"":2,""page"":54,""subjectSlug"":""maths-12""}"
"maths-12","02-limit-continuity-and-derivative","Limit, Continuity And Derivative","exercise-2-5","2.5 Differentiation Rules for Algebraic Functions","m1782excqmxakpmkr5r02raqqd8c66wh",,,,,,"false",,"# **Background and Explanation**

This problem requires finding the derivative of a rational function to determine the instantaneous rate of change (slope of tangent) at a specific point. You can approach this using either the chain rule after rewriting the function with a negative exponent, or the quotient rule directly.

---

# **Solution**

To find the slope of the tangent line, we need to compute $\frac{dy}{dx}$ and evaluate it at $x = 2$.

First, rewrite the function to make differentiation easier using the chain rule:

$$y = \frac{54}{x^2 + 1} = 54(x^2 + 1)^{-1}$$

Now differentiate with respect to $x$ using the chain rule. The chain rule states that if $y = 54(u)^{-1}$ where $u = x^2 + 1$, then $\frac{dy}{dx} = 54 \cdot (-1)u^{-2} \cdot \frac{du}{dx}$:

$$
\frac{dy}{dx} = -54(x^2 + 1)^{-2} \cdot \frac{d}{dx}(x^2 + 1)
$$

Compute the derivative of the inner function $(x^2 + 1)$:

$$
\frac{dy}{dx} = -54(x^2 + 1)^{-2} \cdot (2x + 0)
$$

Simplify the expression:

$$
\frac{dy}{dx} = \frac{-54 \cdot 2x}{(x^2 + 1)^2} = \frac{-108x}{(x^2 + 1)^2}
$$

Now evaluate the derivative at $x = 2$ to find the slope at that specific point:

$$
\frac{dy}{dx}\bigg|_{x=2} = \frac{-108(2)}{((2)^2 + 1)^2} = \frac{-216}{(4 + 1)^2} = \frac{-216}{25}
$$

Therefore, the slope of the tangent to the curve at $x = 2$ is $-\frac{216}{25}$.

---

# **Key Formulas or Methods Used**

- **Chain Rule**: $\frac{d}{dx}[f(g(x))] = f'(g(x)) \cdot g'(x)$
- **Power Rule**: $\frac{d}{dx}[x^n] = nx^{n-1}$ (extended to negative exponents)
- **Derivative of a Constant**: $\frac{d}{dx}[c] = 0$
- **Function Rewriting**: Converting $\frac{1}{u}$ to $u^{-1}$ to facilitate chain rule application

---

# **Summary of Steps**

1. Rewrite $y = \frac{54}{x^2+1}$ as $y = 54(x^2+1)^{-1}$ to prepare for chain rule differentiation
2. Apply the chain rule: differentiate the outer function (power $-1$) and multiply by the derivative of the inner function $(x^2+1)$
3. Simplify to obtain $\frac{dy}{dx} = \frac{-108x}{(x^2+1)^2}$
4. Substitute $x = 2$ into the derivative: $\frac{-108(2)}{(4+1)^2}$
5. Calculate the final result: $-\frac{216}{25}$",,,"unclassified","15",,"Find the slope of the tangent to the curve $y = \frac{54}{x^2 + 1}$ at the point where $x = 2$.

---","ms7a028rd5m7qnfnkwp05r43x985q43v",,,"xd78c0wjzhz3e1myqqprbezt298c7cp1","Exercise 2.5","exercise","{""blockIndex"":28,""chapterNumber"":2,""page"":54,""subjectSlug"":""maths-12""}"
"maths-12","02-limit-continuity-and-derivative","Limit, Continuity And Derivative","exercise-2-5","2.5 Differentiation Rules for Algebraic Functions","m173v90pnk5feby74rep7grt298c7w6h",,,,,,"false",,"# **Background and Explanation**

This problem requires differentiating a rational function using the **quotient rule**. The slope of the tangent line to a curve at a specific point equals the value of the derivative evaluated at that point.

---

# **Solution**

Given the function:

$$y=\frac{2x+5}{x+2}$$

**Step 1: Differentiate using the Quotient Rule**

Differentiating with respect to $x$:

$$\frac{dy}{dx} = \frac{(x+2)\frac{d}{dx}(2x+5)-(2x+5)\frac{d}{dx}(x+2)}{(x+2)^{2}}$$

**Step 2: Compute the individual derivatives**

Substituting the derivatives of the numerator and denominator:

$$= \frac{(x+2)(2+0)-(2x+5)(1+0)}{(x+2)^{2}}$$

**Step 3: Simplify the expression**

Expanding the terms in the numerator:

$$= \frac{2x+4-2x-5}{(x+2)^{2}}$$

Combining like terms ($2x - 2x = 0$ and $4 - 5 = -1$):

$$= \frac{-1}{(x+2)^{2}}$$

Therefore, the general derivative is:

$$\frac{dy}{dx} = \frac{-1}{(x+2)^{2}}$$

**Step 4: Evaluate at $x=1$**

Substituting $x=1$ into the derivative:

$$\frac{dy}{dx} = \frac{-1}{(1+2)^{2}}$$

$$= \frac{-1}{(3)^{2}}$$

$$= \frac{-1}{9}$$

Thus, the slope of the tangent at $x=1$ is:

$$\frac{dy}{dx} = \frac{-1}{9}$$

---

# **Key Formulas or Methods Used**

- **Quotient Rule**: $\frac{d}{dx}\left(\frac{u}{v}\right) = \frac{v\frac{du}{dx} - u\frac{dv}{dx}}{v^2}$ where $u$ and $v$ are differentiable functions of $x$
- **Linear Differentiation**: $\frac{d}{dx}(ax+b) = a$
- **Geometric Interpretation**: The derivative $\frac{dy}{dx}$ at a point represents the slope of the tangent line to the curve at that point

---

# **Summary of Steps**

1. Identify the numerator $u = 2x+5$ and denominator $v = x+2$
2. Apply the quotient rule formula: $\frac{dy}{dx} = \frac{v\cdot u' - u\cdot v'}{v^2}$
3. Differentiate: $u' = 2$ and $v' = 1$
4. Substitute and expand: $\frac{(x+2)(2) - (2x+5)(1)}{(x+2)^2} = \frac{2x+4-2x-5}{(x+2)^2}$
5. Simplify to get: $\frac{dy}{dx} = \frac{-1}{(x+2)^2}$
6. Evaluate at $x=1$: $\frac{-1}{(3)^2} = -\frac{1}{9}$
7. Conclude that the slope of the tangent line is $-\frac{1}{9}$",,,"unclassified","16",,"Find the slope of the tangent to the curve $y=\frac{2x+5}{x+2}$ at $x=1$.

---","ms7a028rd5m7qnfnkwp05r43x985q43v",,,"xd78c0wjzhz3e1myqqprbezt298c7cp1","Exercise 2.5","exercise","{""blockIndex"":28,""chapterNumber"":2,""page"":54,""subjectSlug"":""maths-12""}"
"maths-12","02-limit-continuity-and-derivative","Limit, Continuity And Derivative","exercise-2-5","2.5 Differentiation Rules for Algebraic Functions","m17ejtg1ktgtp6kcdj6qf6ccan8c7bwh",,,,,,"false",,"# **Background and Explanation**

This problem requires the **product rule** for differentiation to find the derivative of a product of two functions. You will also need the **power rule** to handle the terms with fractional exponents (roots) and polynomial terms.

---

# **Solution**

We begin with the function:
$$y=(2 \sqrt{x}+1)\left(x^{3}-6\right)$$

To find the slope of the tangent at $x=0$, we must first compute $\frac{dy}{dx}$ and then evaluate it at $x=0$.

## Finding the Derivative

Let $u = 2\sqrt{x} + 1 = 2x^{1/2} + 1$ and $v = x^3 - 6$.

By the **product rule**:
$$\frac{d}{dx}(uv) = u\frac{dv}{dx} + v\frac{du}{dx}$$

First, compute the individual derivatives:
- $\frac{du}{dx} = \frac{d}{dx}(2x^{1/2} + 1) = 2 \cdot \frac{1}{2}x^{-1/2} + 0 = x^{-1/2} = \frac{1}{\sqrt{x}}$
- $\frac{dv}{dx} = \frac{d}{dx}(x^3 - 6) = 3x^2$

Now apply the product rule:

$$
\begin{aligned}
\frac{d y}{d x} & =\left(x^{3}-6\right) \frac{d}{d x}(2 \sqrt{x}+1)+(2 \sqrt{x}+1) \frac{d}{d x}\left(x^{3}-6\right) \\
& =\left(x^{3}-6\right) \cdot\left(2 \cdot \frac{1}{2}(x)^{\frac{1}{2}-1}+0\right)+(2 \sqrt{x}+1)\left(3 x^{2}-0\right) \\
& =\left(x^{3}-6\right)\left(x^{-1 / 2}\right)+(2 \sqrt{x}+1) 3 x^{2} \\
& =\left(x^{3}-6\right) \cdot \frac{1}{x^{1 / 2}}+(2 \sqrt{x}+1) 3 x^{2}
\end{aligned}
$$

## Simplifying the Expression

Combine the terms over a common denominator of $x^{1/2}$:

$$
\begin{aligned}
\frac{d y}{d x} & =\frac{\left(x^{3}-6\right)+x^{1 / 2}(2 \sqrt{x}+1) 3 x^{2}}{x^{1 / 2}} \\
& =\frac{\left(x^{3}-6\right)+\left(2 x+x^{1 / 2}\right) 3 x^{2}}{x^{1 / 2}} \quad \text{[since } 2\sqrt{x} \cdot x^{1/2} = 2x\text{]}\\
& =\frac{x^{3}-6+6 x^{3}+3 x^{5 / 2}}{x^{1 / 2}} \\
\frac{d y}{d x} & =\frac{7 x^{3}+3 x^{5 / 2}-6}{x^{1 / 2}}
\end{aligned}
$$

## Evaluating at $x=0$

Substitute $x=0$ into the derivative:

$$\frac{d y}{d x}=\frac{7(0)^{3}+3(0)^{5 / 2}-6}{(0)^{1 / 2}}=\frac{0+0-6}{0}=\infty$$

Since the denominator is zero while the numerator is non-zero ($-6$):
- **Slope of tangent** $=\infty$ (undefined)
- This indicates the tangent line is **vertical** at $x=0$

Therefore, the slope does not exist in the finite sense.

---

# **Key Formulas or Methods Used**

- **Product Rule**: $\frac{d}{dx}[f(x) \cdot g(x)] = f(x) \cdot g'(x) + g(x) \cdot f'(x)$
- **Power Rule**: $\frac{d}{dx}(x^n) = nx^{n-1}$
- **Derivative of a constant**: $\frac{d}{dx}(c) = 0$
- **Exponent conversion**: $\sqrt{x} = x^{1/2}$

---

# **Summary of Steps**

1. **Identify** the two functions: $u = 2\sqrt{x}+1$ and $v = x^3-6$
2. **Differentiate** each function using the power rule: $\frac{du}{dx} = \frac{1}{\sqrt{x}}$ and $\frac{dv}{dx} = 3x^2$
3. **Apply** the product rule: $\frac{dy}{dx} = v\frac{du}{dx} + u\frac{dv}{dx}$
4. **Simplify** by finding a common denominator of $x^{1/2}$ and combining like terms
5. **Substitute** $x=0$ into the final expression $\frac{7x^3 + 3x^{5/2} - 6}{x^{1/2}}$
6. **Interpret** the undefined result (division by zero) as an infinite slope, indicating a vertical tangent line",,,"unclassified","17",,"Given the function $y=(2 \sqrt{x}+1)\left(x^{3}-6\right)$, find the slope of the tangent line at $x=0$.

---","ms7a028rd5m7qnfnkwp05r43x985q43v",,,"xd78c0wjzhz3e1myqqprbezt298c7cp1","Exercise 2.5","exercise","{""blockIndex"":28,""chapterNumber"":2,""page"":54,""subjectSlug"":""maths-12""}"
"maths-12","02-limit-continuity-and-derivative","Limit, Continuity And Derivative","exercise-2-5","2.5 Differentiation Rules for Algebraic Functions","m173v37g1d2c3qw3zc6s738pd18c7mj6",,,,,,"false",,"# **Background and Explanation**

This problem requires the **product rule** for differentiation, which is essential when finding the derivative of two functions multiplied together. You should be comfortable with the power rule $\frac{d}{dx}(x^n) = nx^{n-1}$ and recognizing when to apply the product rule rather than expanding first.

---

# **Solution**

We are given the function:
$$y=\left(x^{2}-7\right)\left(x^{2}+4 x+2\right)$$

Since this is a product of two polynomial functions, we apply the **product rule**. Let us define:
- $u = x^2 - 7$ (the first factor)
- $v = x^2 + 4x + 2$ (the second factor)

The product rule states:
$$\frac{dy}{dx} = u\frac{dv}{dx} + v\frac{du}{dx}$$

**Step 1:** Differentiate each factor separately using the power rule.
$$\frac{du}{dx} = \frac{d}{dx}(x^2 - 7) = 2x - 0 = 2x$$

$$\frac{dv}{dx} = \frac{d}{dx}(x^2 + 4x + 2) = 2x + 4 + 0 = 2x + 4$$

**Step 2:** Substitute into the product rule formula.
$$\frac{dy}{dx} = (x^2 - 7)(2x + 4) + (x^2 + 4x + 2)(2x)$$

Or equivalently (swapping the order as in the original):
$$\frac{dy}{dx} = (x^2 + 4x + 2)(2x) + (x^2 - 7)(2x + 4)$$

**Step 3:** Expand each term.
First term: $(x^2 + 4x + 2)(2x) = 2x^3 + 8x^2 + 4x$

Second term: $(x^2 - 7)(2x + 4)$
$$= x^2(2x + 4) - 7(2x + 4)$$
$$= 2x^3 + 4x^2 - 14x - 28$$

**Step 4:** Combine all terms.
$$\frac{dy}{dx} = (2x^3 + 8x^2 + 4x) + (2x^3 + 4x^2 - 14x - 28)$$

**Step 5:** Group like terms.
- $x^3$ terms: $2x^3 + 2x^3 = 4x^3$
- $x^2$ terms: $8x^2 + 4x^2 = 12x^2$
- $x$ terms: $4x - 14x = -10x$
- Constant: $-28$

Therefore:
$$\frac{dy}{dx} = 4x^3 + 12x^2 - 10x - 28$$

---

# **Key Formulas or Methods Used**

- **Product Rule:** $\frac{d}{dx}[u \cdot v] = u\frac{dv}{dx} + v\frac{du}{dx}$ (or $\frac{d}{dx}[uv] = u'v + uv'$)
- **Power Rule:** $\frac{d}{dx}(x^n) = nx^{n-1}$
- **Constant Rule:** $\frac{d}{dx}(c) = 0$ where $c$ is a constant
- **Sum/Difference Rule:** $\frac{d}{dx}[f(x) \pm g(x)] = f'(x) \pm g'(x)$

---

# **Summary of Steps**

1. **Identify** the two functions being multiplied: $u = x^2 - 7$ and $v = x^2 + 4x + 2$
2. **Differentiate** each function separately: $u' = 2x$ and $v' = 2x + 4$
3. **Apply** the product rule formula: $\frac{dy}{dx} = uv' + vu'$
4. **Substitute** the expressions: $(x^2-7)(2x+4) + (x^2+4x+2)(2x)$
5. **Expand** both products using distribution (FOIL/distributive property)
6. **Combine** like terms to obtain the final simplified derivative: $4x^3 + 12x^2 - 10x - 28$",,,"unclassified","2",,"Find the derivative of $y=\left(x^{2}-7\right)\left(x^{2}+4 x+2\right)$ with respect to $x$.

---","ms7a028rd5m7qnfnkwp05r43x985q43v",,,"xd78c0wjzhz3e1myqqprbezt298c7cp1","Exercise 2.5","exercise","{""blockIndex"":25,""chapterNumber"":2,""page"":54,""subjectSlug"":""maths-12""}"
"maths-12","02-limit-continuity-and-derivative","Limit, Continuity And Derivative","exercise-2-5","2.5 Differentiation Rules for Algebraic Functions","m17acp4zsqcfxck9kgq9h6h9an8c7nkt",,,,,,"false",,"# **Background and Explanation**

This problem requires the **product rule** for differentiation, which is essential when finding the derivative of two functions multiplied together. You should also be comfortable applying the **power rule** to differentiate polynomial terms of the form $x^n$.

---

# **Solution**

We are given the function:
$$y = (7x+1)\left(x^{4}-x^{3}-9x\right)$$

This is a product of two functions, so we apply the **product rule**: $\frac{d}{dx}[u \cdot v] = u\frac{dv}{dx} + v\frac{du}{dx}$.

Let us identify:
- $u = 7x+1$
- $v = x^{4}-x^{3}-9x$

First, compute the derivatives of each part:
$$\frac{du}{dx} = \frac{d}{dx}(7x+1) = 7$$

$$\frac{dv}{dx} = \frac{d}{dx}\left(x^{4}-x^{3}-9x\right) = 4x^{3}-3x^{2}-9$$

Now apply the product rule formula:

$$\frac{dy}{dx} = \left(x^{4}-x^{3}-9x\right)\frac{d}{dx}(7x+1) + (7x+1)\frac{d}{dx}\left(x^{4}-x^{3}-9x\right)$$

Substitute the derivatives we found:

$$= \left(x^{4}-x^{3}-9x\right)(7) + (7x+1)\left(4x^{3}-3x^{2}-9\right)$$

Expand the first term:
$$= 7x^{4}-7x^{3}-63x$$

Expand the second term (distributing $7x$ and $1$):
$$+ 28x^{4}-21x^{3}-63x+4x^{3}-3x^{2}-9$$

Combine all terms:
$$= 7x^{4}-7x^{3}-63x+28x^{4}-21x^{3}-63x+4x^{3}-3x^{2}-9$$

Group and simplify like terms:
- $x^{4}$ terms: $7x^{4} + 28x^{4} = 32x^{4}$
- $x^{3}$ terms: $-7x^{3} - 21x^{3} + 4x^{3} = -24x^{3}$
- $x^{2}$ terms: $-3x^{2}$
- $x$ terms: $-63x - 63x = -126x$
- Constant: $-9$

Therefore:
$$\frac{dy}{dx} = 32x^{4}-24x^{3}-3x^{2}-126x-9$$

---

# **Key Formulas or Methods Used**

- **Product Rule**: $\frac{d}{dx}[u \cdot v] = u\frac{dv}{dx} + v\frac{du}{dx}$ (or equivalently $v\frac{du}{dx} + u\frac{dv}{dx}$)
- **Power Rule**: $\frac{d}{dx}[x^n] = nx^{n-1}$
- **Sum/Difference Rule**: $\frac{d}{dx}[f(x) \pm g(x)] = f'(x) \pm g'(x)$

---

# **Summary of Steps**

1. **Identify** the two functions being multiplied: $u = 7x+1$ and $v = x^{4}-x^{3}-9x$
2. **Differentiate** each function separately: $\frac{du}{dx} = 7$ and $\frac{dv}{dx} = 4x^{3}-3x^{2}-9$
3. **Apply** the product rule formula: $\frac{dy}{dx} = v\frac{du}{dx} + u\frac{dv}{dx}$
4. **Expand** all terms by distributing the coefficients through the parentheses
5. **Combine** like terms (group by powers of $x$) to obtain the final simplified polynomial derivative",,,"unclassified","3",,"Find the derivative of $y=(7x+1)\left(x^{4}-x^{3}-9x\right)$ with respect to $x$.

---","ms7a028rd5m7qnfnkwp05r43x985q43v",,,"xd78c0wjzhz3e1myqqprbezt298c7cp1","Exercise 2.5","exercise","{""blockIndex"":25,""chapterNumber"":2,""page"":54,""subjectSlug"":""maths-12""}"
"maths-12","02-limit-continuity-and-derivative","Limit, Continuity And Derivative","exercise-2-5","2.5 Differentiation Rules for Algebraic Functions","m172h96qb55kkb8zdwzevrjj5h8c6hzj",,,,,,"false",,"# **Background and Explanation**

This problem involves differentiating a rational function where one polynomial is divided by another. When differentiating a quotient of two functions, we must apply the **quotient rule**, which provides a formula for finding the derivative of $\frac{u}{v}$ based on the individual derivatives of $u$ and $v$.

---

# **Solution**

We are given $y=\frac{3x+4}{x^{2}+1}$. To differentiate this quotient, we apply the quotient rule.

First, recall the quotient rule formula:

$$\frac{d}{dx}\left(\frac{u}{v}\right)=\frac{v\frac{du}{dx}-u\frac{dv}{dx}}{v^{2}}$$

Let $u = 3x+4$ and $v = x^{2}+1$. Then we find the individual derivatives:
- $\frac{du}{dx} = 3$
- $\frac{dv}{dx} = 2x$

Applying the quotient rule:

$$\frac{dy}{dx} = \frac{(x^{2}+1)\frac{d}{dx}(3x+4)-(3x+4)\frac{d}{dx}(x^{2}+1)}{(x^{2}+1)^{2}}$$

Substituting the derivatives:

$$= \frac{(x^{2}+1)(3+0)-(3x+4)(2x+0)}{(x^{2}+1)^{2}}$$

Now expand the numerator:

$$= \frac{3x^{2}+3-6x^{2}-8x}{(x^{2}+1)^{2}}$$

Combine like terms in the numerator ($3x^2 - 6x^2 = -3x^2$):

$$\frac{dy}{dx} = \frac{-3x^{2}-8x+3}{(x^{2}+1)^{2}}$$

---

# **Key Formulas or Methods Used**

- **Quotient Rule**: $\frac{d}{dx}\left(\frac{u}{v}\right) = \frac{v\frac{du}{dx} - u\frac{dv}{dx}}{v^{2}}$
- **Power Rule**: $\frac{d}{dx}(x^n) = nx^{n-1}$ (used to differentiate $x^2$ and $x$ terms)
- **Constant Rule**: $\frac{d}{dx}(c) = 0$ (used for the constant 4 and 1)

---

# **Summary of Steps**

1. **Identify components**: Let $u = 3x+4$ (numerator) and $v = x^2+1$ (denominator)
2. **Differentiate separately**: Calculate $\frac{du}{dx} = 3$ and $\frac{dv}{dx} = 2x$
3. **Apply quotient rule**: Substitute into $\frac{v\frac{du}{dx} - u\frac{dv}{dx}}{v^2}$
4. **Expand**: Multiply out $(x^2+1)(3)$ and $(3x+4)(2x)$ in the numerator
5. **Simplify**: Combine like terms ($3x^2 - 6x^2 = -3x^2$) and arrange in standard form
6. **Final answer**: $\frac{dy}{dx} = \frac{-3x^2-8x+3}{(x^2+1)^2}$",,,"unclassified","4",,"Find $\frac{dy}{dx}$ for the function:

$$y=\frac{3x+4}{x^{2}+1}$$

---","ms7a028rd5m7qnfnkwp05r43x985q43v",,,"xd78c0wjzhz3e1myqqprbezt298c7cp1","Exercise 2.5","exercise","{""blockIndex"":25,""chapterNumber"":2,""page"":54,""subjectSlug"":""maths-12""}"
"maths-12","02-limit-continuity-and-derivative","Limit, Continuity And Derivative","exercise-2-5","2.5 Differentiation Rules for Algebraic Functions","m1768qwf0a8yea21bey50drbbh8c6etf",,,,,,"false",,"# **Background and Explanation**

This problem involves differentiating a rational function (a quotient of two polynomials). When differentiating a function of the form $y = \frac{u}{v}$, we must use the **quotient rule**, which requires calculating the derivatives of both the numerator and denominator separately before combining them according to a specific formula.

---

# **Solution**

We begin by identifying the components of our function. Let $u = x-2$ (the numerator) and $v = x^4+x+1$ (the denominator).

First, calculate the derivatives of $u$ and $v$ with respect to $x$:
- $\frac{d}{dx}(x-2) = 1$
- $\frac{d}{dx}(x^4+x+1) = 4x^3+1$

Now apply the **quotient rule** formula: $\frac{dy}{dx} = \frac{v \cdot \frac{du}{dx} - u \cdot \frac{dv}{dx}}{v^2}$

Substituting our expressions:

$$
\frac{d y}{d x} =\frac{\left(x^{4}+x+1\right) \frac{d}{d x}(x-2)-(x-2) \frac{d}{d x}\left(x^{4}+x+1\right)}{\left(x^{4}+x+1\right)^{2}}
$$

Evaluate the derivatives in the numerator:

$$
=\frac{\left(x^{4}+x+1\right)(1-0)-(x-2)\left(4 x^{3}+1+0\right)}{\left(x^{4}+x+1\right)^{2}}
$$

Simplify the terms:

$$
=\frac{x^{4}+x+1-(x-2)\left(4 x^{3}+1\right)}{\left(x^{4}+x+1\right)^{2}}
$$

Expand the product $(x-2)(4x^3+1) = 4x^4 + x - 8x^3 - 2$ in the numerator:

$$
=\frac{x^{4}+x+1-\left(4 x^{4}+x-8 x^{3}-2\right)}{\left(x^{4}+x+1\right)^{2}}
$$

Distribute the negative sign through the parentheses:

$$
=\frac{x^{4}+x+1-4 x^{4}-x+8 x^{3}+2}{\left(x^{4}+x+1\right)^{2}}
$$

Combine like terms in the numerator ($x^4 - 4x^4 = -3x^4$, $x - x = 0$, and $1 + 2 = 3$):

$$
=\frac{-3 x^{4}+8 x^{3}+3}{\left(x^{4}+x+1\right)^{2}}
$$

Therefore, the derivative is:

$$\frac{dy}{dx} = \frac{-3x^4 + 8x^3 + 3}{(x^4+x+1)^2}$$

---

# **Key Formulas or Methods Used**

- **Quotient Rule**: $\displaystyle \frac{d}{dx}\left(\frac{u}{v}\right) = \frac{v\frac{du}{dx} - u\frac{dv}{dx}}{v^2}$
- **Power Rule**: $\displaystyle \frac{d}{dx}(x^n) = nx^{n-1}$
- **Sum/Difference Rule**: $\displaystyle \frac{d}{dx}[f(x) \pm g(x)] = f'(x) \pm g'(x)$
- **Constant Rule**: $\displaystyle \frac{d}{dx}(c) = 0$

---

# **Summary of Steps**

1. **Identify components**: Set $u = x-2$ and $v = x^4+x+1$
2. **Differentiate separately**: Find $\frac{du}{dx} = 1$ and $\frac{dv}{dx} = 4x^3+1$
3. **Apply quotient rule**: Substitute into $\frac{v(1) - u(4x^3+1)}{v^2}$
4. **Expand**: Multiply out $(x-2)(4x^3+1) = 4x^4+x-8x^3-2$
5. **Distribute negative**: Change signs of all terms in the expanded product
6. **Combine like terms**: Group $x^4$ terms, $x$ terms, and constants to simplify the numerator to $-3x^4+8x^3+3$
7. **Final form**: Write the simplified derivative $\frac{-3x^4+8x^3+3}{(x^4+x+1)^2}$",,,"unclassified","5",,"Differentiate the following function with respect to $x$:

$$y=\frac{x-2}{x^{4}+x+1}$$

---","ms7a028rd5m7qnfnkwp05r43x985q43v",,,"xd78c0wjzhz3e1myqqprbezt298c7cp1","Exercise 2.5","exercise",
"maths-12","02-limit-continuity-and-derivative","Limit, Continuity And Derivative","exercise-2-5","2.5 Differentiation Rules for Algebraic Functions","m17b3kp25087z77x8pccas1mz18c7h33",,,,,,"false",,"# **Background and Explanation**

This problem requires differentiating a rational function using the **quotient rule**, which applies when a function is expressed as the ratio of two differentiable functions. You'll also need the power rule for differentiating polynomial terms.

---

# **Solution**

We are given the function:

$$y = \frac{3x^{2}+5}{3x-1}$$

To differentiate this with respect to $x$, we apply the **quotient rule**. Let $u = 3x^{2}+5$ and $v = 3x-1$.

First, find the derivatives of the numerator and denominator:
- $\frac{d}{dx}(3x^{2}+5) = 6x$
- $\frac{d}{dx}(3x-1) = 3$

Now apply the quotient rule formula $\frac{dy}{dx} = \frac{v \cdot u' - u \cdot v'}{v^{2}}$:

$$
\begin{aligned}
\frac{dy}{dx} &= \frac{(3x-1) \cdot \frac{d}{dx}(3x^{2}+5) - (3x^{2}+5) \cdot \frac{d}{dx}(3x-1)}{(3x-1)^{2}} \\[6pt]
&= \frac{(3x-1) \cdot (6x) - (3x^{2}+5) \cdot (3)}{(3x-1)^{2}} \\[6pt]
&= \frac{18x^{2} - 6x - 9x^{2} - 15}{(3x-1)^{2}} \\[6pt]
&= \frac{9x^{2} - 6x - 15}{(3x-1)^{2}} \\[6pt]
&= \frac{3(3x^{2} - 2x - 5)}{(3x-1)^{2}}
\end{aligned}
$$

**Explanation of steps:**
- **Line 1:** Apply the quotient rule structure: $\frac{v \cdot u' - u \cdot v'}{v^2}$
- **Line 2:** Compute the derivatives: $(3x^2+5)' = 6x$ and $(3x-1)' = 3$
- **Line 3:** Expand the numerator: $(3x-1)(6x) = 18x^2 - 6x$ and $(3x^2+5)(3) = 9x^2 + 15$, then distribute the negative sign
- **Line 4:** Combine like terms in the numerator: $18x^2 - 9x^2 = 9x^2$, leaving $9x^2 - 6x - 15$
- **Line 5:** Factor out the common factor of $3$ from the numerator to obtain the simplified form

---

# **Key Formulas or Methods Used**

- **Quotient Rule:** $\displaystyle \frac{d}{dx}\left(\frac{u}{v}\right) = \frac{v\frac{du}{dx} - u\frac{dv}{dx}}{v^{2}}$
- **Power Rule:** $\displaystyle \frac{d}{dx}(x^{n}) = nx^{n-1}$ (used to differentiate $3x^2$ and $3x$)
- **Constant Rule:** $\displaystyle \frac{d}{dx}(c) = 0$ (derivative of constants $5$ and $-1$ is zero)

---

# **Summary of Steps**

1. **Identify components:** Let $u = 3x^{2}+5$ (numerator) and $v = 3x-1$ (denominator)
2. **Differentiate separately:** Find $u' = 6x$ and $v' = 3$
3. **Apply quotient rule:** Substitute into $\frac{v \cdot u' - u \cdot v'}{v^{2}}$
4. **Expand and simplify:** Multiply out the terms in the numerator and combine like terms
5. **Factor:** Extract the common factor of $3$ from the numerator for the final simplified form",,,"unclassified","6",,"Find $\frac{dy}{dx}$ for the function:

$$y = \frac{3x^{2}+5}{3x-1}$$

---","ms7a028rd5m7qnfnkwp05r43x985q43v",,,"xd78c0wjzhz3e1myqqprbezt298c7cp1","Exercise 2.5","exercise","{""blockIndex"":25,""chapterNumber"":2,""page"":54,""subjectSlug"":""maths-12""}"
"maths-12","02-limit-continuity-and-derivative","Limit, Continuity And Derivative","exercise-2-5","2.5 Differentiation Rules for Algebraic Functions","m1722w83hr6fzr257pzjqwh7p18c6h0v",,,,,,"false",,"# **Background and Explanation**

This problem involves differentiating a product of two functions. You can approach this by either applying the **product rule** directly to the original expression, or by first simplifying the algebraic expression into a single rational function and then using the **quotient rule** (or power rule on individual terms).

---

# **Solution**

## Method 1: Using the Product Rule

We identify the function as a product of $u = \left(\frac{1}{x}+\frac{1}{x^{2}}\right)$ and $v = \left(3 x^{3}+27\right)$.

Applying the product rule $\frac{d}{dx}(uv) = u\frac{dv}{dx} + v\frac{du}{dx}$:

$$
\begin{aligned}
\frac{d y}{d x} & =\left(3 x^{3}+27\right) \frac{d}{d x}\left(\frac{1}{x}+\frac{1}{x^{2}}\right)+\left(\frac{1}{x}+\frac{1}{x^{2}}\right) \frac{d}{d x}\left(3 x^{3}+27\right) \\
& =\left(3 x^{3}+27\right)\left(\frac{d}{d x}\left(x^{-1}\right)+\frac{d}{d x}\left(x^{-2}\right)\right)+\left(\frac{1}{x}+\frac{1}{x^{2}}\right)\left(9 x^{2}+0\right) \\
& =\left(3 x^{3}+27\right)\left((-1) x^{-2}+\left(-2 x^{-3}\right)\right)+\left(\frac{x+1}{x^{2}}\right)\left(9 x^{2}\right) \\
& =\left(3 x^{3}+27\right)\left(\frac{-1}{x^{2}}-\frac{2}{x^{3}}\right)+9 x+9 \\
& =\left(3 x^{3}+27\right)\left(\frac{-x-2}{x^{3}}\right)+\frac{9 x+9}{1} \\
& =\frac{-3 x^{4}-6 x^{3}-27 x-54}{x^{3}}+\frac{9 x+9}{1} \\
& =\frac{-3 x^{4}-6 x^{3}-27 x-54+9 x^{4}+9 x^{3}}{x^{3}} \\
\frac{d y}{d x} & =\frac{6 x^{4}+3 x^{3}-27 x-54}{x^{3}}
\end{aligned}
$$

## Method 2: Simplification First

First, combine the terms in the first factor and expand the product:

$$
\begin{aligned}
y & =\left(\frac{1}{x}+\frac{1}{x^{2}}\right)\left(3 x^{3}+27\right) \\
& =\left(\frac{x+1}{x^{2}}\right)\left(3 x^{3}+27\right) \\
& =\frac{3 x^{4}+27 x+3 x^{3}+27}{x^{2}} \\
& =\frac{3 x^{4}+3 x^{3}+27 x+27}{x^{2}}
\end{aligned}
$$

Now apply the quotient rule $\frac{d}{dx}\left(\frac{u}{v}\right) = \frac{v\frac{du}{dx} - u\frac{dv}{dx}}{v^2}$ where $u = 3 x^{4}+3 x^{3}+27 x+27$ and $v = x^2$:

$$
\begin{aligned}
\frac{d y}{d x} & =\frac{x^{2} \cdot \frac{d}{dx}\left(3 x^{4}+3 x^{3}+27 x+27\right)-\left(3 x^{4}+3 x^{3}+27 x+27\right) \frac{d}{d x}\left(x^{2}\right)}{(x^2)^2} \\
& =\frac{x^{2} \cdot\left(12 x^{3}+9 x^{2}+27+0\right)-\left(3 x^{4}+3 x^{3}+27 x+27\right)(2 x)}{x^{4}} \\
& =\frac{x\left[x\left(12 x^{3}+9 x^{2}+27\right)-\left(3 x^{4}+3 x^{3}+27 x+27\right) 2\right]}{x^{4}} \\
& =\frac{12 x^{4}+9 x^{3}+27 x-6 x^{4}-6 x^{3}-54 x-54}{x^{3}}
\end{aligned}
$$

$$
\frac{d y}{d x}=\frac{6 x^{4}+3 x^{3}-27 x-54}{x^{3}}
$$

---

# **Key Formulas or Methods Used**

- **Product Rule:** $\displaystyle \frac{d}{dx}[u(x)v(x)] = u(x)\frac{dv}{dx} + v(x)\frac{du}{dx}$
- **Quotient Rule:** $\displaystyle \frac{d}{dx}\left[\frac{u(x)}{v(x)}\right] = \frac{v(x)\frac{du}{dx} - u(x)\frac{dv}{dx}}{[v(x)]^2}$
- **Power Rule:** $\displaystyle \frac{d}{dx}(x^n) = nx^{n-1}$ (used for negative and fractional exponents)
- **Algebraic simplification:** Combining fractions $\frac{1}{x} + \frac{1}{x^2} = \frac{x+1}{x^2}$ before differentiating

---

# **Summary of Steps**

1. **Identify the structure:** Recognize $y$ as a product of two functions
2. **Method 1 (Product Rule):**
   - Differentiate each factor separately using the power rule
   - Apply the product rule formula: $u'v + uv'$
   - Find common denominators to combine terms into a single fraction
   - Simplify the numerator by combining like terms
3. **Method 2 (Simplification):**
   - Combine $\frac{1}{x} + \frac{1}{x^2}$ into $\frac{x+1}{x^2}$
   - Expand the numerator $(x+1)(3x^3+27)$
   - Apply the quotient rule to the resulting rational function
   - Factor and cancel common terms, then combine like terms
4. **Final Result:** Both methods yield $\displaystyle \frac{dy}{dx} = \frac{6x^4 + 3x^3 - 27x - 54}{x^3}$",,,"unclassified","7",,"Find $\displaystyle \frac{dy}{dx}$ given:

$$y=\left(\frac{1}{x}+\frac{1}{x^{2}}\right)\left(3 x^{3}+27\right)$$

---","ms7a028rd5m7qnfnkwp05r43x985q43v",,,"xd78c0wjzhz3e1myqqprbezt298c7cp1","Exercise 2.5","exercise",
"maths-12","02-limit-continuity-and-derivative","Limit, Continuity And Derivative","exercise-2-5","2.5 Differentiation Rules for Algebraic Functions","m1744xg0z5qj5wgev6ag5p2fjn8c6vsp",,,,,,"false",,"# **Background and Explanation**

This problem involves differentiating a rational function where both the numerator and denominator are linear expressions. Since the function is expressed as a quotient of two functions of $x$, we must apply the **quotient rule** for differentiation rather than simple power rules.

---

# **Solution**

We are given the function:

$$y=\frac{2-3 x}{7-x}$$

To differentiate this rational function, we apply the **quotient rule**, which states that for a function $y = \frac{u}{v}$:

$$\frac{d y}{d x}=\frac{v \cdot \frac{d u}{d x}-u \cdot \frac{d v}{d x}}{v^{2}}$$

**Step 1:** Identify the numerator and denominator functions.
- Let $u = 2-3x$, so $\frac{du}{dx} = -3$
- Let $v = 7-x$, so $\frac{dv}{dx} = -1$

**Step 2:** Apply the quotient rule formula.

$$\frac{d y}{d x} =\frac{(7-x) \frac{d}{d x}(2-3 x)-(2-3 x) \frac{d}{d x}(7-x)}{(7-x)^{2}}$$

**Step 3:** Compute the derivatives of the numerator and denominator.
- $\frac{d}{dx}(2-3x) = 0-3 = -3$
- $\frac{d}{dx}(7-x) = 0-1 = -1$

Substituting these back:

$$\frac{d y}{d x} =\frac{(7-x) \cdot(-3)-(2-3 x) \cdot(-1)}{(7-x)^{2}}$$

**Step 4:** Expand and simplify the numerator.

$$\frac{d y}{d x} =\frac{-21+3 x-(-2+3 x)}{(7-x)^{2}}$$

$$\frac{d y}{d x} =\frac{-21+3 x+2-3 x}{(7-x)^{2}}$$

**Step 5:** Combine like terms. Notice that the $+3x$ and $-3x$ terms cancel each other out:

$$\frac{d y}{d x} =\frac{-19}{(7-x)^{2}}$$

Thus, the derivative is:

$$\frac{d y}{d x} =\frac{-19}{(7-x)^{2}}$$

---

# **Key Formulas or Methods Used**

- **Quotient Rule:** $\displaystyle \frac{d}{d x}\left(\frac{u}{v}\right)=\frac{v \frac{d u}{d x}-u \frac{d v}{d x}}{v^{2}}$
- **Power Rule for linear terms:** $\displaystyle \frac{d}{d x}(a x+b)=a$
- **Algebraic simplification:** Combining like terms ($3x - 3x = 0$)

---

# **Summary of Steps**

1. **Identify** the numerator $u = 2-3x$ and denominator $v = 7-x$ of the rational function.
2. **Differentiate** both parts separately: $\frac{du}{dx} = -3$ and $\frac{dv}{dx} = -1$.
3. **Apply** the quotient rule formula: $\frac{v \cdot u' - u \cdot v'}{v^2}$.
4. **Substitute** the values: $\frac{(7-x)(-3) - (2-3x)(-1)}{(7-x)^2}$.
5. **Expand** the numerator: $-21 + 3x + 2 - 3x$.
6. **Simplify** by combining like terms (the $x$ terms cancel) to get the final answer: $\frac{-19}{(7-x)^2}$.",,,"unclassified","8",,"Find the derivative of the function:

$$y=\frac{2-3 x}{7-x}$$

with respect to $x$.

---","ms7a028rd5m7qnfnkwp05r43x985q43v",,,"xd78c0wjzhz3e1myqqprbezt298c7cp1","Exercise 2.5","exercise","{""blockIndex"":27,""chapterNumber"":2,""page"":54,""subjectSlug"":""maths-12""}"
"maths-12","02-limit-continuity-and-derivative","Limit, Continuity And Derivative","exercise-2-5","2.5 Differentiation Rules for Algebraic Functions","m177znb3xm743kjh43hnps928h8c6f5b",,,,,,"false",,"# **Background and Explanation**

This problem involves differentiating a rational function, which requires the **quotient rule**. You should be comfortable with the power rule for polynomials and careful algebraic expansion when simplifying the numerator.

---

# **Solution**

We are given the rational function:

$$y = \frac{x^{2} - 10x + 2}{x^{3} - x}$$

To differentiate using the **quotient rule**, we identify:
- Numerator: $u = x^{2} - 10x + 2$
- Denominator: $v = x^{3} - x$

First, compute the derivatives of $u$ and $v$ using the power rule:

$$\frac{du}{dx} = 2x - 10$$

$$\frac{dv}{dx} = 3x^{2} - 1$$

Applying the quotient rule formula $\frac{dy}{dx} = \frac{v \cdot \frac{du}{dx} - u \cdot \frac{dv}{dx}}{v^{2}}$:

$$\frac{dy}{dx} = \frac{(x^{3} - x)(2x - 10) - (x^{2} - 10x + 2)(3x^{2} - 1)}{(x^{3} - x)^{2}}$$

Now expand the products in the numerator:

**First product:** $(x^{3} - x)(2x - 10)$
$$= x^{3}(2x - 10) - x(2x - 10)$$
$$= 2x^{4} - 10x^{3} - 2x^{2} + 10x$$

**Second product:** $(x^{2} - 10x + 2)(3x^{2} - 1)$
$$= x^{2}(3x^{2} - 1) - 10x(3x^{2} - 1) + 2(3x^{2} - 1)$$
$$= 3x^{4} - x^{2} - 30x^{3} + 10x + 6x^{2} - 2$$
$$= 3x^{4} - 30x^{3} + 5x^{2} + 10x - 2$$

Substitute these expansions back into the derivative expression:

$$\frac{dy}{dx} = \frac{(2x^{4} - 10x^{3} - 2x^{2} + 10x) - (3x^{4} - 30x^{3} + 5x^{2} + 10x - 2)}{(x^{3} - x)^{2}}$$

Distribute the negative sign through the second set of parentheses:

$$= \frac{2x^{4} - 10x^{3} - 2x^{2} + 10x - 3x^{4} + 30x^{3} - 5x^{2} - 10x + 2}{(x^{3} - x)^{2}}$$

Combine like terms in the numerator:
- $x^{4}$ terms: $2 - 3 = -1$
- $x^{3}$ terms: $-10 + 30 = +20$
- $x^{2}$ terms: $-2 - 5 = -7$
- $x$ terms: $+10 - 10 = 0$
- Constants: $+2$

Therefore, the final derivative is:

$$\frac{dy}{dx} = \frac{-x^{4} + 20x^{3} - 7x^{2} + 2}{(x^{3} - x)^{2}}$$

---

# **Key Formulas or Methods Used**

- **Quotient Rule:** $\displaystyle \frac{d}{dx}\left(\frac{u}{v}\right) = \frac{v \cdot \frac{du}{dx} - u \cdot \frac{dv}{dx}}{v^{2}}$
- **Power Rule:** $\displaystyle \frac{d}{dx}(x^{n}) = nx^{n-1}$
- **Polynomial expansion** and **combining like terms** for algebraic simplification

---

# **Summary of Steps**

1. **Identify** the numerator $u = x^{2} - 10x + 2$ and denominator $v = x^{3} - x$
2. **Differentiate** both using the power rule: $u' = 2x - 10$ and $v' = 3x^{2} - 1$
3. **Apply** the quotient rule formula: $\frac{vu' - uv'}{v^{2}}$
4. **Expand** both products in the numerator carefully
5. **Distribute** the negative sign and combine like terms
6. **Simplify** to obtain the final result: $\displaystyle \frac{-x^{4} + 20x^{3} - 7x^{2} + 2}{(x^{3} - x)^{2}}$",,,"unclassified","9",,"Find the derivative of the function:

$$y = \frac{x^{2} - 10x + 2}{x^{3} - x}$$

with respect to $x$.

---","ms7a028rd5m7qnfnkwp05r43x985q43v",,,"xd78c0wjzhz3e1myqqprbezt298c7cp1","Exercise 2.5","exercise",
"maths-12","02-limit-continuity-and-derivative","Limit, Continuity And Derivative","exercise-2-6","2.6 Derivatives of Trigonometric and Inverse Trigonometric Functions","m17abjzv4164q09qm30gqv1jxd85qt38","true","Federal Board","Given $y=\frac{1}{8}\sin 2x$, we find successive derivatives using the chain rule. $\frac{dy}{dx}=\frac{1}{8}\cdot 2\cos 2x=\frac{1}{4}\cos 2x$; $\frac{d^2y}{dx^2}=-\frac{1}{2}\sin 2x$; $\frac{d^3y}{dx^3}=-\cos 2x$; $\frac{d^4y}{dx^4}=2\sin 2x$.","[""Apply chain rule to differentiate $\\sin 2x$ successively"",""Each differentiation of $\\sin 2x$ introduces factor of 2 from the argument"",""Pattern of derivatives: $\\cos 2x \\to -\\sin 2x \\to -\\cos 2x \\to \\sin 2x$"",""Multiply constant $\\frac{1}{8}$ through all derivatives correctly"",""Final answer: $\\frac{d^4y}{dx^4}=2\\sin 2x$""]",,"false","1","Given $y=\frac{1}{8}\sin 2x$, we find successive derivatives using the chain rule. $\frac{dy}{dx}=\frac{1}{8}\cdot 2\cos 2x=\frac{1}{4}\cos 2x$; $\frac{d^2y}{dx^2}=-\frac{1}{2}\sin 2x$; $\frac{d^3y}{dx^3}=-\cos 2x$; $\frac{d^4y}{dx^4}=2\sin 2x$.","[{""key"":""A"",""text"":""$2 \\sin 2 x$""},{""key"":""B"",""text"":""$-2 \\sin 2 x$""},{""key"":""C"",""text"":""$2 \\cos 2 x$""},{""key"":""D"",""text"":""$-2 \\cos 2 x$""}]","MCQ","mcq","5","annual","If $y=\frac{1}{8} \sin 2 x$, then the value of $\frac{d^{4} y}{d x^{4}}$ is:","ms7cf55v2hzk6tmr52a3kmt22d85q6pj","2025","D",,,,
"maths-12","02-limit-continuity-and-derivative","Limit, Continuity And Derivative","exercise-2-6","2.6 Derivatives of Trigonometric and Inverse Trigonometric Functions","m17ekgrwnv3mv866r4bgm8nze185qf3r","true","Federal Board","The derivative of $\sec^{-1} x + \csc^{-1} x$ is $0$. This is because $\sec^{-1} x + \csc^{-1} x = \frac{\pi}{2}$ for all $x$ in their common domain, and the derivative of a constant is zero.","[""Recognize that $\\sec^{-1} x + \\csc^{-1} x$ is a constant function equal to $\\frac{\\pi}{2}$"",""Apply the constant rule: $\\frac{d}{dx}(c) = 0$"",""Correctly evaluate the derivative as $0$""]",,"false","1","The derivative of $\sec^{-1} x + \csc^{-1} x$ is $0$. This is because $\sec^{-1} x + \csc^{-1} x = \frac{\pi}{2}$ for all $x$ in their common domain, and the derivative of a constant is zero.","[{""key"":""A"",""text"":""-1""},{""key"":""B"",""text"":""0""},{""key"":""C"",""text"":""1""},{""key"":""D"",""text"":""2""}]","MCQ","mcq","6","annual","$\frac{d}{dx} (\sec^{-1} x + \csc^{-1} x) =$","ms7cf55v2hzk6tmr52a3kmt22d85q6pj","2022","B",,,,
"maths-12","02-limit-continuity-and-derivative","Limit, Continuity And Derivative","exercise-2-6","2.6 Derivatives of Trigonometric and Inverse Trigonometric Functions","m1752nzr7vy6rr2f029ww0v7b585qcpj","true","Federal Board",,"[""Correctly identify substitution $u = \\tan^{-1}\\frac{x}{4}$ and express $y = \\tan(4u)$"",""Apply chain rule: $\\frac{dy}{dx} = \\frac{dy}{du} \\cdot \\frac{du}{dx}$"",""Find $\\frac{du}{dx} = \\frac{4}{16+x^2}$ using inverse tangent derivative formula"",""Find $\\frac{dy}{du} = 4\\sec^2(4u) = 4(1+y^2)$ using trigonometric identity"",""Combine results to obtain final form $\\frac{dy}{dx} = \\frac{16(1+y^2)}{16+x^2}$""]",,"false","4","Let $u = \tan^{-1}\frac{x}{4}$, so $y = \tan(4u)$.

From $u = \tan^{-1}\frac{x}{4}$, we have $\frac{du}{dx} = \frac{1}{1+(\frac{x}{4})^2} \cdot \frac{1}{4} = \frac{4}{16+x^2}$.

Using the chain rule: $\frac{dy}{dx} = \frac{dy}{du} \cdot \frac{du}{dx}$.

Since $y = \tan(4u)$, we have $\frac{dy}{du} = 4\sec^2(4u) = 4(1+\tan^2(4u)) = 4(1+y^2)$.

Therefore: $\frac{dy}{dx} = 4(1+y^2) \cdot \frac{4}{16+x^2} = \frac{16(1+y^2)}{16+x^2}$",,"B","short","4","annual","If $y = \tan(4 \tan^{-1} \frac{x}{4})$, show that $\frac{dy}{dx} = \frac{16(1+y^2)}{16+x^2}$","ms7cf55v2hzk6tmr52a3kmt22d85q6pj","2022",,,,,
"maths-12","02-limit-continuity-and-derivative","Limit, Continuity And Derivative","exercise-2-6","2.6 Derivatives of Trigonometric and Inverse Trigonometric Functions","m17374tzd323r6eq3xfhb8jkqh85ppnp","true","Federal Board","We use the fundamental identity that $\tan^{-1} x + \cot^{-1} x = \frac{\pi}{2}$ for all $x \in \mathbb{R}$. Therefore, $\frac{d}{dx}(\tan^{-1} x + \cot^{-1} x) = \frac{d}{dx}\left(\frac{\pi}{2}\right) = 0$. Thus, $(1 + x^2) \cdot 0 = \boxed{0}$.","[""Recognize that $\\tan^{-1} x + \\cot^{-1} x = \\frac{\\pi}{2}$ (constant identity)"",""Apply the constant rule: derivative of a constant is zero"",""Multiply by $(1 + x^2)$ to obtain final answer of 0""]",,"false","1","We use the fundamental identity that $\tan^{-1} x + \cot^{-1} x = \frac{\pi}{2}$ for all $x \in \mathbb{R}$. Therefore, $\frac{d}{dx}(\tan^{-1} x + \cot^{-1} x) = \frac{d}{dx}\left(\frac{\pi}{2}\right) = 0$. Thus, $(1 + x^2) \cdot 0 = \boxed{0}$.","[{""key"":""A"",""text"":""2""},{""key"":""B"",""text"":""$\\frac{2}{1+x^2}$""},{""key"":""C"",""text"":""0""},{""key"":""D"",""text"":""$\\frac{-2}{1+x^2}$""}]","MCQ","mcq","6","annual","$(1 + x^2) \frac{d}{dx} (\tan^{-1} x + \cot^{-1} x) =$","ms7cf55v2hzk6tmr52a3kmt22d85q6pj","2022","C",,,,
"maths-12","02-limit-continuity-and-derivative","Limit, Continuity And Derivative","exercise-2-6","2.6 Derivatives of Trigonometric and Inverse Trigonometric Functions","m17e4mzqe66brynk1mtbaa52xs85ppc4","false","Federal Board","Differentiating both sides of $x+y=\sin(x+y)$ with respect to $x$ using implicit differentiation: $1+\frac{dy}{dx}=\cos(x+y)\left(1+\frac{dy}{dx}\right)$. Solving for $\frac{dy}{dx}$: $1+\frac{dy}{dx}=\cos(x+y)+\cos(x+y)\frac{dy}{dx}$, which gives $\frac{dy}{dx}=\frac{\cos(x+y)-1}{1-\cos(x+y)}=-1$.","[""Apply implicit differentiation to both sides of the equation"",""Use chain rule on $\\sin(x+y)$ to obtain $\\cos(x+y)\\left(1+\\frac{dy}{dx}\\right)$"",""Collect terms containing $\\frac{dy}{dx}$ on one side"",""Simplify to get $\\frac{dy}{dx}=-1$""]",,"false","1","Differentiating both sides of $x+y=\sin(x+y)$ with respect to $x$ using implicit differentiation: $1+\frac{dy}{dx}=\cos(x+y)\left(1+\frac{dy}{dx}\right)$. Solving for $\frac{dy}{dx}$: $1+\frac{dy}{dx}=\cos(x+y)+\cos(x+y)\frac{dy}{dx}$, which gives $\frac{dy}{dx}=\frac{\cos(x+y)-1}{1-\cos(x+y)}=-1$.","[{""key"":""A"",""text"":""$\\cos(x+y)$""},{""key"":""B"",""text"":""$\\frac{\\sin(x+y)}{x+y}$""},{""key"":""C"",""text"":""-1""},{""key"":""D"",""text"":""1""}]","MCQ","unclassified","4","annual","If $x+y=\sin(x+y)$ then $\frac{dy}{dx}$ is equal to:","ms7cf55v2hzk6tmr52a3kmt22d85q6pj","2024",,,,,
"maths-12","02-limit-continuity-and-derivative","Limit, Continuity And Derivative","exercise-2-6","2.6 Derivatives of Trigonometric and Inverse Trigonometric Functions","m1758w7xq1ryx07jw346q13n4x85p5j6","true","Federal Board","A system of linear equations is said to be inconsistent if it has **no solution**. This occurs when the equations represent parallel lines (in 2D) or parallel planes (in 3D) that never intersect. Algebraically, an inconsistent system has a determinant of zero for the coefficient matrix, but the augmented matrix has a different rank, making it impossible to satisfy all equations simultaneously.","[""Inconsistent system has no solution"",""Occurs when coefficient matrix determinant is zero but augmented matrix rank differs"",""Geometrically represents parallel lines/planes that do not intersect"",""Rank of coefficient matrix ≠ rank of augmented matrix""]",,"false","1","A system of linear equations is said to be inconsistent if it has **no solution**. This occurs when the equations represent parallel lines (in 2D) or parallel planes (in 3D) that never intersect. Algebraically, an inconsistent system has a determinant of zero for the coefficient matrix, but the augmented matrix has a different rank, making it impossible to satisfy all equations simultaneously.","[{""key"":""A"",""text"":""No solution""},{""key"":""B"",""text"":""At least one solution""},{""key"":""C"",""text"":""Infinitely many solutions""},{""key"":""D"",""text"":""Exactly two solutions""}]","MCQ","mcq","3","annual","A system of linear equations is said to be **inconsistent** if it has:","ms7cf55v2hzk6tmr52a3kmt22d85q6pj","2025","A",,,,
"maths-12","02-limit-continuity-and-derivative","Limit, Continuity And Derivative","exercise-2-6","2.6 Derivatives of Trigonometric and Inverse Trigonometric Functions","m17fpn0efne4g6f1zevyqeyw9s85q4y9","true","Federal Board",,"[""Correctly write system in standard form with coefficient matrix $A$"",""Calculate determinant $|A| = 1$ using cofactor expansion or properties"",""Form matrices $A_x$, $A_y$, $A_z$ by replacing respective columns with constant terms"",""Evaluate each determinant correctly using cofactor expansion"",""Apply Cramer's rule formula: $x = |A_x|/|A|$, $y = |A_y|/|A|$, $z = |A_z|/|A|$ to find solution""]",,"false","4","To solve the system using Cramer's rule, first write it in standard form: $x + y + z = 3$, $0x + y + z = 2$, $0x + 0y + z = 2$. The coefficient matrix is $A = \begin{pmatrix} 1 & 1 & 1 \\ 0 & 1 & 1 \\ 0 & 0 & 1 \end{pmatrix}$ with $|A| = 1(1 \cdot 1 - 1 \cdot 0) = 1$. For $x$: replace column 1 with constants to get $|A_x| = \begin{vmatrix} 3 & 1 & 1 \\ 2 & 1 & 1 \\ 2 & 0 & 1 \end{vmatrix} = 1$, so $x = 1/1 = 1$. For $y$: $|A_y| = \begin{vmatrix} 1 & 3 & 1 \\ 0 & 2 & 1 \\ 0 & 2 & 1 \end{vmatrix} = 0$, so $y = 0$. For $z$: $|A_z| = \begin{vmatrix} 1 & 1 & 3 \\ 0 & 1 & 2 \\ 0 & 0 & 2 \end{vmatrix} = 2$, so $z = 2$. Therefore, $x = 1, y = 0, z = 2$.",,"B","short","23","annual","Solve $x+y+z=3; y+z=2; z=2$ using Cramer's rule.","ms7cf55v2hzk6tmr52a3kmt22d85q6pj","2025",,,,,
"maths-12","02-limit-continuity-and-derivative","Limit, Continuity And Derivative","exercise-2-6","2.6 Derivatives of Trigonometric and Inverse Trigonometric Functions","m176ba6vn50ekrzmbqn8te1g0985pt0f","true","Federal Board",,"[""Factorize the first equation $5x^2 - 14xy + 9y^2 = 0$ into linear factors to obtain two cases"",""For each case, substitute the relationship between x and y into the second equation $4x^2 - 3xy - 16 = 0$"",""Solve the resulting quadratic equation in one variable to find numerical values"",""Verify each solution satisfies both original equations"",""Present all four solution pairs in the final answer""]",,"false","8","To solve this system, we first factor the first equation to find the relationship between x and y, then substitute into the second equation.

Factoring $5x^2 - 14xy + 9y^2 = 0$: $(5x - 9y)(x - y) = 0$, giving $x = \frac{9y}{5}$ or $x = y$.

Substituting $x = y$ into $4x^2 - 3xy - 16 = 0$: $4x^2 - 3x^2 - 16 = 0 \Rightarrow x^2 = 16 \Rightarrow x = \pm 4$. This gives solutions $(4, 4)$ and $(-4, -4)$.

Substituting $x = \frac{9y}{5}$ into $4x^2 - 3xy - 16 = 0$: $4\left(\frac{9y}{5}\right)^2 - 3\left(\frac{9y}{5}\right)y - 16 = 0 \Rightarrow \frac{324y^2}{25} - \frac{27y^2}{5} - 16 = 0$. Multiplying by 25: $324y^2 - 135y^2 - 400 = 0 \Rightarrow 189y^2 = 400 \Rightarrow y = \pm\frac{20}{\sqrt{189}} = \pm\frac{20\sqrt{21}}{63}$. Thus $x = \pm\frac{12\sqrt{21}}{21}$.

The complete solution set is: $(4, 4)$, $(-4, -4)$, $\left(\frac{12\sqrt{21}}{21}, \frac{20\sqrt{21}}{63}\right)$, and $\left(-\frac{12\sqrt{21}}{21}, -\frac{20\sqrt{21}}{63}\right)$.",,"C","long","5","annual","Solve the following system of equations: $5x^2 - 14xy + 9y^2 = 0$; $4x^2 - 3xy - 16 = 0$.","ms7cf55v2hzk6tmr52a3kmt22d85q6pj","2023",,,,,
"maths-12","02-limit-continuity-and-derivative","Limit, Continuity And Derivative","exercise-2-6","2.6 Derivatives of Trigonometric and Inverse Trigonometric Functions","m17dqwwbe32zhj997t0tbp43j18c7j40",,,,,,"false",,"# **Background and Explanation**

This problem requires applying the power rule for differentiation to the polynomial term $x^2$ and the standard trigonometric derivative for $\cos x$. Since the function is a difference of two terms, we differentiate each term separately and combine the results.

---

# **Solution**

We start with the given function:

$$y = x^{2} - \cos x$$

To find the derivative, we differentiate both sides with respect to $x$:

$$\frac{dy}{dx} = \frac{d}{dx}\left(x^{2}\right) - \frac{d}{dx}(\cos x)$$

Now we apply the appropriate differentiation rules to each term. For the first term, we use the power rule where $\frac{d}{dx}(x^n) = nx^{n-1}$, giving us $2x$. For the second term, we use the fact that the derivative of $\cos x$ is $-\sin x$:

$$\frac{dy}{dx} = 2x - (-\sin x)$$

Simplifying the expression by resolving the double negative:

$$\frac{dy}{dx} = 2x + \sin x$$

---

# **Key Formulas or Methods Used**

- **Power Rule:** $\frac{d}{dx}(x^n) = nx^{n-1}$
- **Derivative of Cosine:** $\frac{d}{dx}(\cos x) = -\sin x$
- **Difference Rule:** $\frac{d}{dx}[f(x) - g(x)] = f'(x) - g'(x)$

---

# **Summary of Steps**

1. Write down the given function: $y = x^{2} - \cos x$
2. Apply the differentiation operator to both sides with respect to $x$
3. Separate the derivative into individual terms using the difference rule: $\frac{d}{dx}(x^{2}) - \frac{d}{dx}(\cos x)$
4. Apply the power rule to differentiate $x^{2}$, yielding $2x$
5. Differentiate $\cos x$ to obtain $-\sin x$
6. Combine and simplify: $\frac{dy}{dx} = 2x - (-\sin x) = 2x + \sin x$",,,"unclassified","1",,"Differentiate the following function with respect to $x$:

$$y = x^{2} - \cos x$$

---","ms7cf55v2hzk6tmr52a3kmt22d85q6pj",,,"xd7crjxcfse0eybqe9e5889wd98c7jbf","Exercise 2.6","exercise","{""blockIndex"":30,""chapterNumber"":2,""page"":54,""subjectSlug"":""maths-12""}"
"maths-12","02-limit-continuity-and-derivative","Limit, Continuity And Derivative","exercise-2-6","2.6 Derivatives of Trigonometric and Inverse Trigonometric Functions","m170ma6xwzs4xhhtejzfj3zats8c6c9f",,,,,,"false",,"# **Background and Explanation**

This problem requires the **product rule** for differentiation, which is used when differentiating the product of two functions. You should also be familiar with basic trigonometric derivatives ($\frac{d}{dx}\cos x = -\sin x$) and the Pythagorean identity $\sin^2 x + \cos^2 x = 1$.

---

# **Solution**

We are given:
$$y=(1+\cos x)(x-\sin x)$$

To differentiate this function, we recognize it as a product of two functions:
- Let $u = 1+\cos x$
- Let $v = x-\sin x$

**Step 1:** Apply the product rule $\frac{d}{dx}(uv) = \frac{du}{dx} \cdot v + u \cdot \frac{dv}{dx}$

$$\frac{dy}{dx} = \frac{d}{dx}(1+\cos x) \cdot (x-\sin x) + (1+\cos x) \cdot \frac{d}{dx}(x-\sin x)$$

**Step 2:** Compute the derivatives of the individual terms
- $\frac{d}{dx}(1+\cos x) = 0 - \sin x = -\sin x$
- $\frac{d}{dx}(x-\sin x) = 1 - \cos x$

Substituting these back:

$$\frac{dy}{dx} = (-\sin x)(x-\sin x) + (1+\cos x)(1-\cos x)$$

**Step 3:** Expand both products

First term: $(-\sin x)(x-\sin x) = -x\sin x + \sin^2 x$

Second term: $(1+\cos x)(1-\cos x) = 1 - \cos^2 x$ (this is a difference of squares: $(1+\cos x)(1-\cos x) = 1^2 - \cos^2 x$)

So:
$$\frac{dy}{dx} = -x\sin x + \sin^2 x + 1 - \cos^2 x$$

**Step 4:** Simplify using the Pythagorean identity

Recall that $1 - \cos^2 x = \sin^2 x$. Substituting this:

$$\frac{dy}{dx} = -x\sin x + \sin^2 x + \sin^2 x$$

**Step 5:** Combine like terms

$$\frac{dy}{dx} = -x\sin x + 2\sin^2 x$$

Or rearranged:
$$\frac{dy}{dx} = 2\sin^2 x - x\sin x$$

---

# **Key Formulas or Methods Used**

- **Product Rule:** $\frac{d}{dx}[u(x)v(x)] = u'(x)v(x) + u(x)v'(x)$
- **Derivative of cosine:** $\frac{d}{dx}(\cos x) = -\sin x$
- **Derivative of sine:** $\frac{d}{dx}(\sin x) = \cos x$
- **Pythagorean Identity:** $1 - \cos^2 x = \sin^2 x$
- **Algebraic expansion:** $(a+b)(a-b) = a^2 - b^2$

---

# **Summary of Steps**

1. **Identify** the two factors in the product: $(1+\cos x)$ and $(x-\sin x)$
2. **Apply** the product rule: $\frac{dy}{dx} = u'v + uv'$
3. **Differentiate** each factor: $\frac{d}{dx}(1+\cos x) = -\sin x$ and $\frac{d}{dx}(x-\sin x) = 1-\cos x$
4. **Expand** the resulting expression: $(-\sin x)(x-\sin x) + (1+\cos x)(1-\cos x)$
5. **Simplify** using the identity $1-\cos^2 x = \sin^2 x$ to combine trigonometric terms
6. **Combine** like terms to obtain the final answer: $2\sin^2 x - x\sin x$",,,"unclassified","10",,"Find the derivative of the function:

$$y=(1+\cos x)(x-\sin x)$$

---","ms7cf55v2hzk6tmr52a3kmt22d85q6pj",,,"xd7crjxcfse0eybqe9e5889wd98c7jbf","Exercise 2.6","exercise","{""blockIndex"":30,""chapterNumber"":2,""page"":54,""subjectSlug"":""maths-12""}"
"maths-12","02-limit-continuity-and-derivative","Limit, Continuity And Derivative","exercise-2-6","2.6 Derivatives of Trigonometric and Inverse Trigonometric Functions","m1713m5xzssj57hb6qhgec9abs8c7mwm",,,,,,"false",,"# **Background and Explanation**

This problem involves differentiating an inverse trigonometric function using the **chain rule**. You should be familiar with the standard derivative formula for $\sin^{-1}(x)$ and how to handle composite functions where the argument is not just $x$ but a linear expression $(5x-1)$.

---

# **Solution**

We are given the function:

$$y = \sin^{-1}(5x - 1)$$

To differentiate this with respect to $x$, we recognize this as a composite function where:
- The outer function is $\sin^{-1}(u)$
- The inner function is $u = 5x - 1$

**Step 1:** Recall the derivative formula for inverse sine:
$$\frac{d}{du}[\sin^{-1}(u)] = \frac{1}{\sqrt{1-u^2}}$$

**Step 2:** Apply the chain rule, which states $\frac{dy}{dx} = \frac{dy}{du} \cdot \frac{du}{dx}$:

$$\frac{dy}{dx} = \frac{1}{\sqrt{1-(5x-1)^2}} \cdot \frac{d}{dx}(5x-1)$$

**Step 3:** Differentiate the inner function $(5x-1)$ with respect to $x$:
$$\frac{d}{dx}(5x-1) = 5 - 0 = 5$$

**Step 4:** Substitute back to obtain the final result:

$$
\begin{aligned}
\frac{dy}{dx} &= \frac{1}{\sqrt{1-(5x-1)^2}} \cdot 5 \\[6pt]
&= \frac{5}{\sqrt{1-(5x-1)^2}}
\end{aligned}
$$

Thus, the derivative is:

$$\frac{dy}{dx} = \frac{5}{\sqrt{1-(5x-1)^2}}$$

---

# **Key Formulas or Methods Used**

- **Chain Rule**: $\frac{dy}{dx} = \frac{dy}{du} \cdot \frac{du}{dx}$ for composite functions $y = f(g(x))$
- **Derivative of Inverse Sine**: $\frac{d}{dx}[\sin^{-1}(x)] = \frac{1}{\sqrt{1-x^2}}$
- **Power Rule**: $\frac{d}{dx}[ax + b] = a$ for linear expressions

---

# **Summary of Steps**

1. **Identify the structure**: Recognize $y = \sin^{-1}(5x-1)$ as a composite function with inner function $u = 5x-1$
2. **Apply chain rule**: Multiply the derivative of the outer function (evaluated at the inner function) by the derivative of the inner function
3. **Differentiate outer function**: Use $\frac{d}{du}[\sin^{-1}(u)] = \frac{1}{\sqrt{1-u^2}}$ with $u = 5x-1$
4. **Differentiate inner function**: Calculate $\frac{d}{dx}(5x-1) = 5$
5. **Combine results**: Multiply to get $\frac{5}{\sqrt{1-(5x-1)^2}}$",,,"unclassified","11",,"Find the derivative of the function:

$$y = \sin^{-1}(5x - 1)$$

---","ms7cf55v2hzk6tmr52a3kmt22d85q6pj",,,"xd7crjxcfse0eybqe9e5889wd98c7jbf","Exercise 2.6","exercise","{""blockIndex"":31,""chapterNumber"":2,""page"":54,""subjectSlug"":""maths-12""}"
"maths-12","02-limit-continuity-and-derivative","Limit, Continuity And Derivative","exercise-2-6","2.6 Derivatives of Trigonometric and Inverse Trigonometric Functions","m1745przmqera6neb2sz9hmvwd8c6kty",,,,,,"false",,"# **Background and Explanation**

This problem requires applying the **chain rule** for composite functions along with the standard derivative formula for inverse trigonometric functions. Specifically, you'll need to differentiate the outer inverse cotangent function while accounting for the inner linear function $\frac{x}{2}$.

---

# **Solution**

Given the function:
$$y = 4\cot^{-1}\left(\frac{x}{2}\right)$$

To find $\frac{dy}{dx}$, we apply the chain rule. Recall that if $y = 4\cot^{-1}(u)$ where $u = \frac{x}{2}$, then:

$$\frac{dy}{dx} = 4 \cdot \frac{d}{du}(\cot^{-1} u) \cdot \frac{du}{dx}$$

**Step 1:** Differentiate the outer function (inverse cotangent) and inner function separately.
- The derivative of $\cot^{-1}(u)$ with respect to $u$ is $\frac{-1}{1+u^2}$
- The derivative of $u = \frac{x}{2}$ with respect to $x$ is $\frac{1}{2}$

**Step 2:** Apply the chain rule formula.
$$\frac{dy}{dx} = 4 \cdot \frac{-1}{1+\left(\frac{x}{2}\right)^2} \cdot \frac{d}{dx}\left(\frac{x}{2}\right)$$

**Step 3:** Substitute the derivative of the inner function.
$$= 4 \cdot \frac{-1}{1+\frac{x^2}{4}} \cdot \frac{1}{2}$$

**Step 4:** Simplify the constant coefficients ($4 \times \frac{1}{2} = 2$).
$$= 2 \cdot \frac{-1}{\frac{4+x^2}{4}}$$

**Step 5:** Simplify the complex fraction by multiplying by the reciprocal of the denominator.
$$= -2 \cdot \frac{4}{4+x^2}$$

**Step 6:** Final multiplication to obtain the simplified result.
$$\frac{dy}{dx} = \frac{-8}{4+x^2}$$

---

# **Key Formulas or Methods Used**

- **Chain Rule:** $\frac{d}{dx}[f(g(x))] = f'(g(x)) \cdot g'(x)$
- **Derivative of Inverse Cotangent:** $\frac{d}{du}(\cot^{-1} u) = \frac{-1}{1+u^2}$
- **Power/Linear Rule:** $\frac{d}{dx}\left(\frac{x}{2}\right) = \frac{1}{2}$

---

# **Summary of Steps**

1. **Identify components:** Recognize the outer function $4\cot^{-1}(u)$ and inner function $u = \frac{x}{2}$
2. **Apply chain rule:** Multiply the derivative of the outer function (evaluated at the inner function) by the derivative of the inner function
3. **Substitute values:** Replace $\frac{d}{dx}\left(\frac{x}{2}\right)$ with $\frac{1}{2}$ and simplify the denominator $1+\left(\frac{x}{2}\right)^2$ to $\frac{4+x^2}{4}$
4. **Simplify coefficients:** Combine $4 \times \frac{1}{2} = 2$ to reduce the expression
5. **Clear the fraction:** Multiply by the reciprocal to resolve $\frac{1}{\frac{4+x^2}{4}} = \frac{4}{4+x^2}$
6. **Final calculation:** Multiply $-2 \times 4$ to obtain the final answer $\frac{-8}{4+x^2}$",,,"unclassified","12",,"Find the derivative of $y = 4\cot^{-1}\left(\frac{x}{2}\right)$ with respect to $x$.

---","ms7cf55v2hzk6tmr52a3kmt22d85q6pj",,,"xd7crjxcfse0eybqe9e5889wd98c7jbf","Exercise 2.6","exercise","{""blockIndex"":31,""chapterNumber"":2,""page"":54,""subjectSlug"":""maths-12""}"
"maths-12","02-limit-continuity-and-derivative","Limit, Continuity And Derivative","exercise-2-6","2.6 Derivatives of Trigonometric and Inverse Trigonometric Functions","m17c5r1vfn9p6k0wn6g6t00cxd8c69q4",,,,,,"false",,"# **Background and Explanation**

This problem involves differentiating a quotient where the numerator is an inverse trigonometric function ($\sin^{-1} x$) and the denominator is a trigonometric function ($\sin x$). You will need to apply the quotient rule for differentiation, combined with the standard derivatives of inverse sine and sine functions.

---

# **Solution**

We are given the function:

$$y=\frac{\sin ^{-1} x}{\sin x}$$

To differentiate this with respect to $x$, we use the **quotient rule**. Recall that for a function $y = \frac{u}{v}$, the derivative is:

$$\frac{dy}{dx} = \frac{v \frac{du}{dx} - u \frac{dv}{dx}}{v^2}$$

Here, let $u = \sin^{-1} x$ and $v = \sin x$.

First, identify the required derivatives:
- $\frac{d}{dx}(\sin^{-1} x) = \frac{1}{\sqrt{1-x^2}}$
- $\frac{d}{dx}(\sin x) = \cos x$

Now apply the quotient rule:

$$
\begin{aligned}
\frac{d y}{d x} & =\frac{\sin x \frac{d}{d x}\left(\sin ^{-1} x\right)-\sin ^{-1} x \frac{d}{d x}(\sin x)}{\sin ^{2} x} \\
& =\frac{\sin x \cdot \frac{1}{\sqrt{1-x^{2}}}-\sin ^{-1} x \cdot(\cos x)}{\sin ^{2} x} \\
& =\frac{\sin x}{\sqrt{1-x^{2}}}-\sin ^{-1} x \cdot(\cos x)
\end{aligned}
$$

---

# **Key Formulas or Methods Used**

- **Quotient Rule**: $\frac{d}{dx}\left(\frac{u}{v}\right) = \frac{v \frac{du}{dx} - u \frac{dv}{dx}}{v^2}$
- **Derivative of inverse sine**: $\frac{d}{dx}(\sin^{-1} x) = \frac{1}{\sqrt{1-x^2}}$
- **Derivative of sine**: $\frac{d}{dx}(\sin x) = \cos x$

---

# **Summary of Steps**

1. Identify the function structure as a quotient $y = \frac{u}{v}$ with $u = \sin^{-1} x$ and $v = \sin x$
2. State the quotient rule formula for differentiation
3. Differentiate the numerator: $\frac{d}{dx}(\sin^{-1} x) = \frac{1}{\sqrt{1-x^2}}$
4. Differentiate the denominator: $\frac{d}{dx}(\sin x) = \cos x$
5. Substitute these derivatives into the quotient rule formula
6. Simplify the resulting expression to obtain $\frac{dy}{dx}$",,,"unclassified","13",,"Find $\frac{dy}{dx}$ given that:

$$y=\frac{\sin ^{-1} x}{\sin x}$$

---","ms7cf55v2hzk6tmr52a3kmt22d85q6pj",,,"xd7crjxcfse0eybqe9e5889wd98c7jbf","Exercise 2.6","exercise","{""blockIndex"":31,""chapterNumber"":2,""page"":54,""subjectSlug"":""maths-12""}"
"maths-12","02-limit-continuity-and-derivative","Limit, Continuity And Derivative","exercise-2-6","2.6 Derivatives of Trigonometric and Inverse Trigonometric Functions","m17ecbvp1tssapn5b45mvbrww98c6fww",,,,,,"false",,"# **Background and Explanation**

This problem involves differentiating a quotient where the numerator is an inverse trigonometric function. You will need to apply the **quotient rule** along with the standard derivative formula for $\sec^{-1} x$.

---

# **Solution**

We begin with the function:

$$y = \frac{\sec^{-1} x}{x}$$

This is a quotient of two functions: $u = \sec^{-1} x$ (numerator) and $v = x$ (denominator). We apply the **quotient rule**, which states that for $y = \frac{u}{v}$:

$$\frac{dy}{dx} = \frac{v \frac{du}{dx} - u \frac{dv}{dx}}{v^2}$$

First, identify the individual derivatives:
- $\frac{d}{dx}(\sec^{-1} x) = \frac{1}{x\sqrt{x^2-1}}$ (standard formula for the derivative of inverse secant, valid for $|x| > 1$)
- $\frac{d}{dx}(x) = 1$

Applying the quotient rule by substituting $u$, $v$, and their derivatives:

$$\frac{dy}{dx} = \frac{x \cdot \frac{d}{dx}(\sec^{-1} x) - \sec^{-1} x \cdot \frac{d}{dx}(x)}{x^2}$$

Substitute the specific derivative values into the expression:

$$\frac{dy}{dx} = \frac{x \cdot \frac{1}{x\sqrt{x^2-1}} - \sec^{-1} x \cdot 1}{x^2}$$

Simplify the numerator by canceling the $x$ in the first term:

$$\frac{dy}{dx} = \frac{\frac{1}{\sqrt{x^2-1}} - \sec^{-1} x}{x^2}$$

Finally, factor out $\frac{1}{x^2}$ to write the answer in a compact form:

$$\frac{dy}{dx} = \frac{1}{x^2}\left[\frac{1}{\sqrt{x^2-1}} - \sec^{-1} x\right]$$

---

# **Key Formulas or Methods Used**

- **Quotient Rule:** $\frac{d}{dx}\left(\frac{u}{v}\right) = \frac{v \frac{du}{dx} - u \frac{dv}{dx}}{v^2}$
- **Derivative of Inverse Secant:** $\frac{d}{dx}(\sec^{-1} x) = \frac{1}{x\sqrt{x^2-1}}$ for $|x| > 1$
- **Power Rule:** $\frac{d}{dx}(x) = 1$

---

# **Summary of Steps**

1. Identify the function as a quotient: $y = \frac{u}{v}$ where $u = \sec^{-1} x$ and $v = x$
2. Recall the quotient rule formula and the derivative $\frac{d}{dx}(\sec^{-1} x) = \frac{1}{x\sqrt{x^2-1}}$
3. Apply the quotient rule: $\frac{dy}{dx} = \frac{x \cdot \frac{1}{x\sqrt{x^2-1}} - \sec^{-1} x \cdot 1}{x^2}$
4. Simplify the numerator by canceling $x$ in the first term
5. Factor out $\frac{1}{x^2}$ to obtain the final result: $\frac{1}{x^2}\left[\frac{1}{\sqrt{x^2-1}} - \sec^{-1} x\right]$",,,"unclassified","14",,"Find the derivative of $y = \frac{\sec^{-1} x}{x}$ with respect to $x$.

---","ms7cf55v2hzk6tmr52a3kmt22d85q6pj",,,"xd7crjxcfse0eybqe9e5889wd98c7jbf","Exercise 2.6","exercise","{""blockIndex"":31,""chapterNumber"":2,""page"":54,""subjectSlug"":""maths-12""}"
"maths-12","02-limit-continuity-and-derivative","Limit, Continuity And Derivative","exercise-2-6","2.6 Derivatives of Trigonometric and Inverse Trigonometric Functions","m1745bbbgyg54j46w9mfxcf7h98c6370",,,,,,"false",,"# **Background and Explanation**

This problem involves differentiating a function that is the sum of two product terms, each containing an inverse trigonometric function. You will need to apply the product rule along with standard derivatives of inverse sine and cosine functions. A key simplification comes from the identity $\sin^{-1}x + \cos^{-1}x = \frac{\pi}{2}$.

---

# **Solution**

Given the function:
$$y = x\sin^{-1}x + x\cos^{-1}x$$

Differentiate both sides with respect to $x$ using the **product rule** $\frac{d}{dx}[u(x)v(x)] = u'(x)v(x) + u(x)v'(x)$ on each term:

$$
\begin{aligned}
\frac{dy}{dx} &= \frac{d}{dx}(x)\cdot\sin^{-1}x + x\cdot\frac{d}{dx}(\sin^{-1}x) + \frac{d}{dx}(x)\cdot\cos^{-1}x + x\cdot\frac{d}{dx}(\cos^{-1}x) \\[6pt]
&= 1\cdot\sin^{-1}x + x\cdot\frac{1}{\sqrt{1-x^{2}}} + 1\cdot\cos^{-1}x + x\cdot\frac{-1}{\sqrt{1-x^{2}}} \\[6pt]
&= \sin^{-1}x + \frac{x}{\sqrt{1-x^{2}}} + \cos^{-1}x - \frac{x}{\sqrt{1-x^{2}}}
\end{aligned}
$$

Notice that the terms $\frac{x}{\sqrt{1-x^{2}}}$ and $-\frac{x}{\sqrt{1-x^{2}}}$ cancel each other out:

$$\frac{dy}{dx} = \sin^{-1}x + \cos^{-1}x$$

Using the standard inverse trigonometric identity:

$$\frac{dy}{dx} = \frac{\pi}{2}$$

---

# **Key Formulas or Methods Used**

- **Product Rule:** $\frac{d}{dx}[u(x)v(x)] = u'(x)v(x) + u(x)v'(x)$
- **Derivative of inverse sine:** $\frac{d}{dx}(\sin^{-1}x) = \frac{1}{\sqrt{1-x^{2}}}$
- **Derivative of inverse cosine:** $\frac{d}{dx}(\cos^{-1}x) = \frac{-1}{\sqrt{1-x^{2}}}$
- **Inverse trigonometric identity:** $\sin^{-1}x + \cos^{-1}x = \frac{\pi}{2}$

---

# **Summary of Steps**

1. **Identify the structure:** Recognize $y$ as the sum of two products: $x\sin^{-1}x$ and $x\cos^{-1}x$
2. **Apply product rule:** Differentiate each term separately using $\frac{d}{dx}[uv] = u'v + uv'$
3. **Substitute derivatives:** Replace $\frac{d}{dx}(\sin^{-1}x)$ with $\frac{1}{\sqrt{1-x^{2}}}$ and $\frac{d}{dx}(\cos^{-1}x)$ with $\frac{-1}{\sqrt{1-x^{2}}}$
4. **Simplify:** Cancel the opposing terms $\frac{x}{\sqrt{1-x^{2}}}$ and $-\frac{x}{\sqrt{1-x^{2}}}$
5. **Apply identity:** Use $\sin^{-1}x + \cos^{-1}x = \frac{\pi}{2}$ to obtain the final constant derivative",,,"unclassified","15",,"Find $\frac{dy}{dx}$ given that $y = x\sin^{-1}x + x\cos^{-1}x$.

---","ms7cf55v2hzk6tmr52a3kmt22d85q6pj",,,"xd7crjxcfse0eybqe9e5889wd98c7jbf","Exercise 2.6","exercise","{""blockIndex"":31,""chapterNumber"":2,""page"":54,""subjectSlug"":""maths-12""}"
"maths-12","02-limit-continuity-and-derivative","Limit, Continuity And Derivative","exercise-2-6","2.6 Derivatives of Trigonometric and Inverse Trigonometric Functions","m17ckqj6r9zg5gyy02pkxm9e9h8c6237",,,,,,"false",,"# **Background and Explanation**

This problem requires differentiating a composite function involving the inverse tangent function. You will need to apply the **chain rule** multiple times: once for the power rule (since the function is raised to the power $-1$) and again for the inverse tangent function itself.

---

# **Solution**

First, rewrite the function using a negative exponent to make the differentiation clearer:

$$y = \left[\tan^{-1}(x^2)\right]^{-1}$$

Now differentiate with respect to $x$ using the **chain rule** and **power rule**:

**Step 1:** Apply the power rule to the outer function $[\cdot]^{-1}$

$$\frac{dy}{dx} = (-1)\left[\tan^{-1}(x^2)\right]^{-1-1} \cdot \frac{d}{dx}\left(\tan^{-1}(x^2)\right)$$

$$\frac{dy}{dx} = (-1)\left(\tan^{-1}(x^2)\right)^{-2} \cdot \frac{d}{dx}\left(\tan^{-1}(x^2)\right)$$

**Step 2:** Differentiate the inner function $\tan^{-1}(x^2)$ using the chain rule

Recall that $\frac{d}{du}(\tan^{-1} u) = \frac{1}{1+u^2}$. Here $u = x^2$, so:

$$\frac{d}{dx}\left(\tan^{-1}(x^2)\right) = \frac{1}{1+(x^2)^2} \cdot \frac{d}{dx}(x^2)$$

$$= \frac{1}{1+x^4} \cdot 2x$$

**Step 3:** Combine the results

Substituting back into our expression from Step 1:

$$\frac{dy}{dx} = \frac{-1}{\left(\tan^{-1}(x^2)\right)^2} \cdot \frac{1}{1+x^4} \cdot 2x$$

**Step 4:** Simplify the final expression

$$\frac{dy}{dx} = \frac{-2x}{\left(\tan^{-1}(x^2)\right)^2(1+x^4)}$$

Or equivalently:

$$\boxed{\frac{dy}{dx} = -\frac{2x}{(\tan^{-1}(x^2))^2(1+x^4)}}$$

---

# **Key Formulas or Methods Used**

- **Power Rule:** $\frac{d}{dx}[u^n] = n \cdot u^{n-1} \cdot \frac{du}{dx}$
- **Chain Rule:** $\frac{d}{dx}[f(g(x))] = f'(g(x)) \cdot g'(x)$
- **Derivative of Inverse Tangent:** $\frac{d}{dx}(\tan^{-1} x) = \frac{1}{1+x^2}$ or generally $\frac{d}{dx}(\tan^{-1} u) = \frac{1}{1+u^2} \cdot \frac{du}{dx}$
- **Power Rule for $x^n$:** $\frac{d}{dx}(x^n) = nx^{n-1}$

---

# **Summary of Steps**

1. Rewrite $y = \frac{1}{\tan^{-1}(x^2)}$ as $y = [\tan^{-1}(x^2)]^{-1}$ to prepare for power rule differentiation
2. Apply the power rule: bring down $-1$ and reduce exponent by $1$, then multiply by derivative of inner function
3. Differentiate $\tan^{-1}(x^2)$ using chain rule: $\frac{1}{1+(x^2)^2} \cdot 2x = \frac{2x}{1+x^4}$
4. Multiply all components together and simplify signs and exponents to get final result: $\frac{-2x}{(\tan^{-1}(x^2))^2(1+x^4)}$",,,"unclassified","16",,"Find $\frac{dy}{dx}$ given:

$$y = \frac{1}{\tan^{-1}(x^2)}$$

---","ms7cf55v2hzk6tmr52a3kmt22d85q6pj",,,"xd7crjxcfse0eybqe9e5889wd98c7jbf","Exercise 2.6","exercise","{""blockIndex"":31,""chapterNumber"":2,""page"":54,""subjectSlug"":""maths-12""}"
"maths-12","02-limit-continuity-and-derivative","Limit, Continuity And Derivative","exercise-2-6","2.6 Derivatives of Trigonometric and Inverse Trigonometric Functions","m1701vewebyjb0tamm4djr1xms8c7x7d",,,,,,"false",,"# **Background and Explanation**

This problem requires applying basic differentiation rules including the sum rule (differentiating term by term), the power rule for polynomial terms, and the standard derivative of trigonometric functions.

---

# **Solution**

We begin with the given function:
$$y = 4x^{3} + x + \sin x$$

To find $\frac{dy}{dx}$, we apply the sum rule for differentiation, which allows us to differentiate each term individually:

$$
\begin{aligned}
\frac{dy}{dx} &= 4\frac{d}{dx}\left(x^{3}\right) + \frac{d}{dx}(x) + \frac{d}{dx}(\sin x) \\
&= 4\left(3x^{2}\right) + 1 + \cos x \\
\frac{dy}{dx} &= 12x^{2} + 1 + \cos x
\end{aligned}
$$

Therefore, the derivative is $\frac{dy}{dx} = 12x^{2} + 1 + \cos x$.

---

# **Key Formulas or Methods Used**

- **Sum Rule:** $\frac{d}{dx}[f(x) + g(x) + h(x)] = \frac{d}{dx}f(x) + \frac{d}{dx}g(x) + \frac{d}{dx}h(x)$
- **Power Rule:** $\frac{d}{dx}(x^n) = nx^{n-1}$ (applied to the $x^3$ term)
- **Derivative of $x$:** $\frac{d}{dx}(x) = 1$
- **Derivative of sine:** $\frac{d}{dx}(\sin x) = \cos x$
- **Constant Multiple Rule:** $\frac{d}{dx}[cf(x)] = c\frac{d}{dx}f(x)$ (applied to the coefficient $4$)

---

# **Summary of Steps**

1. Write down the given function: $y = 4x^{3} + x + \sin x$
2. Apply the sum rule to separate the differentiation of each term
3. Differentiate $4x^{3}$ using the power rule and constant multiple rule: $4 \cdot 3x^{2} = 12x^{2}$
4. Differentiate $x$ to obtain $1$
5. Differentiate $\sin x$ to obtain $\cos x$
6. Combine all differentiated terms: $\frac{dy}{dx} = 12x^{2} + 1 + \cos x$",,,"unclassified","2",,"Differentiate $y = 4x^{3} + x + \sin x$ with respect to $x$.

---","ms7cf55v2hzk6tmr52a3kmt22d85q6pj",,,"xd7crjxcfse0eybqe9e5889wd98c7jbf","Exercise 2.6","exercise","{""blockIndex"":30,""chapterNumber"":2,""page"":54,""subjectSlug"":""maths-12""}"
"maths-12","02-limit-continuity-and-derivative","Limit, Continuity And Derivative","exercise-2-6","2.6 Derivatives of Trigonometric and Inverse Trigonometric Functions","m1709mhq9v5re9k357kd97v9f58c76tk",,,,,,"false",,"# **Background and Explanation**

This problem requires applying basic differentiation rules to trigonometric functions. You need to know the standard derivatives of cosine and cotangent, along with the constant multiple rule and difference rule for differentiation.

---

# **Solution**

We begin with the given function:
$$y = 3\cos x - 5\cot x$$

To find $\frac{dy}{dx}$, we differentiate both sides with respect to $x$. Using the **difference rule** and **constant multiple rule**, we can differentiate each term separately while keeping their coefficients:

$$\frac{dy}{dx} = 3\frac{d}{dx}(\cos x) - 5\frac{d}{dx}(\cot x)$$

Now we substitute the standard trigonometric derivatives. Recall that:
- $\frac{d}{dx}(\cos x) = -\sin x$
- $\frac{d}{dx}(\cot x) = -\operatorname{cosec}^2 x$

Applying these to our expression:
$$
\begin{aligned}
\frac{dy}{dx} & = 3(-\sin x) - 5(-\operatorname{cosec}^2 x) \\
& = -3\sin x + 5\operatorname{cosec}^2 x
\end{aligned}
$$

Thus, the derivative is $-3\sin x + 5\operatorname{cosec}^2 x$.

---

# **Key Formulas or Methods Used**

- **Constant Multiple Rule:** $\frac{d}{dx}[cf(x)] = c\frac{d}{dx}[f(x)]$
- **Difference Rule:** $\frac{d}{dx}[f(x) - g(x)] = \frac{d}{dx}[f(x)] - \frac{d}{dx}[g(x)]$
- **Derivative of cosine:** $\frac{d}{dx}(\cos x) = -\sin x$
- **Derivative of cotangent:** $\frac{d}{dx}(\cot x) = -\operatorname{cosec}^2 x$

---

# **Summary of Steps**

1. Identify the function $y = 3\cos x - 5\cot x$ and apply the difference rule to separate the terms: $\frac{dy}{dx} = 3\frac{d}{dx}(\cos x) - 5\frac{d}{dx}(\cot x)$
2. Apply the standard derivatives: substitute $\frac{d}{dx}(\cos x) = -\sin x$ and $\frac{d}{dx}(\cot x) = -\operatorname{cosec}^2 x$
3. Simplify the expression by distributing the constants: $3(-\sin x) - 5(-\operatorname{cosec}^2 x) = -3\sin x + 5\operatorname{cosec}^2 x$",,,"unclassified","3",,"Find the derivative of the function $y = 3\cos x - 5\cot x$ with respect to $x$.

---","ms7cf55v2hzk6tmr52a3kmt22d85q6pj",,,"xd7crjxcfse0eybqe9e5889wd98c7jbf","Exercise 2.6","exercise","{""blockIndex"":30,""chapterNumber"":2,""page"":54,""subjectSlug"":""maths-12""}"
"maths-12","02-limit-continuity-and-derivative","Limit, Continuity And Derivative","exercise-2-6","2.6 Derivatives of Trigonometric and Inverse Trigonometric Functions","m171dzax47qejt2v8r8gcpfxj98c6wb7",,,,,,"false",,"# **Background and Explanation**

This problem involves differentiating a product of two trigonometric functions. You will need to apply the **product rule** for differentiation, along with standard trigonometric derivatives and the double angle identity for cosine to simplify the final result.

---

# **Solution**

We are given the function:

$$y = \sin x \cos x$$

To find $\frac{dy}{dx}$, we recognize this as a product of two functions where $u = \sin x$ and $v = \cos x$. We apply the **product rule** for differentiation:

$$\frac{d}{dx}(uv) = u \frac{dv}{dx} + v \frac{du}{dx}$$

Setting up the differentiation:

$$\frac{dy}{dx} = \frac{d}{dx}(\sin x \cos x)$$

Applying the product rule (differentiating the first function times the second, plus the first function times the derivative of the second):

$$= \cos x \cdot \frac{d}{dx}(\sin x) + \sin x \cdot \frac{d}{dx}(\cos x)$$

Substituting the standard derivatives $\frac{d}{dx}(\sin x) = \cos x$ and $\frac{d}{dx}(\cos x) = -\sin x$:

$$= \cos x(\cos x) + \sin x(-\sin x)$$

Performing the multiplication:

$$= \cos^2 x - \sin^2 x$$

Recognizing this as the double angle identity for cosine:

$$= \cos 2x$$

---

# **Key Formulas or Methods Used**

- **Product Rule:** $\frac{d}{dx}(uv) = u\frac{dv}{dx} + v\frac{du}{dx}$
- **Trigonometric Derivatives:** $\frac{d}{dx}(\sin x) = \cos x$ and $\frac{d}{dx}(\cos x) = -\sin x$
- **Double Angle Identity:** $\cos 2x = \cos^2 x - \sin^2 x$

---

# **Summary of Steps**

1. Identify $y = \sin x \cos x$ as a product of two trigonometric functions
2. Apply the product rule: $\frac{dy}{dx} = \cos x \cdot \frac{d}{dx}(\sin x) + \sin x \cdot \frac{d}{dx}(\cos x)$
3. Substitute the derivatives: $\cos x(\cos x) + \sin x(-\sin x)$
4. Simplify the expression to $\cos^2 x - \sin^2 x$
5. Apply the double angle identity to obtain the final answer: $\cos 2x$",,,"unclassified","4",,"Find the derivative of $y = \sin x \cos x$ with respect to $x$.

---","ms7cf55v2hzk6tmr52a3kmt22d85q6pj",,,"xd7crjxcfse0eybqe9e5889wd98c7jbf","Exercise 2.6","exercise","{""blockIndex"":30,""chapterNumber"":2,""page"":54,""subjectSlug"":""maths-12""}"
"maths-12","02-limit-continuity-and-derivative","Limit, Continuity And Derivative","exercise-2-6","2.6 Derivatives of Trigonometric and Inverse Trigonometric Functions","m177njjhbx22rnh1f1bcw439gs8c6xwn",,,,,,"false",,"# **Background and Explanation**

This problem involves differentiating a product of two functions: a polynomial-trigonometric sum $(x^2 + \sin x)$ and a trigonometric function $\sec x$. You can solve this using either the **product rule** directly, or by first rewriting $\sec x$ as $\frac{1}{\cos x}$ and applying the **quotient rule**.

---

# **Solution**

## Method 1: Using the Product Rule

We treat $y$ as a product of two functions: $u = x^2 + \sin x$ and $v = \sec x$.

Starting with:
$$y = \left(x^{2}+\sin x\right) \sec x$$

Apply the product rule $\frac{d}{dx}(uv) = \frac{du}{dx}v + u\frac{dv}{dx}$:

$$
\begin{aligned}
\frac{d y}{d x} & =\frac{d}{d x}\left(x^{2}+\sin x\right) \sec x+\left(x^{2}+\sin x\right) \frac{d}{d x}(\sec x) \\
& =(2 x+\cos x) \sec x+\left(x^{2}+\sin x\right) \cdot(\sec x \tan x)
\end{aligned}
$$

Now substitute $\sec x = \frac{1}{\cos x}$ and $\tan x = \frac{\sin x}{\cos x}$ to simplify:

$$
\begin{aligned}
\frac{d y}{d x} & =(2 x+\cos x) \frac{1}{\cos x}+\left(x^{2}+\sin x\right) \frac{1}{\cos x} \cdot \frac{\sin x}{\cos x} \\
& =\frac{2 x+\cos x}{\cos x}+\frac{\left(x^{2}+\sin x\right) \sin x}{\cos ^{2} x}
\end{aligned}
$$

Combine the fractions over the common denominator $\cos^2 x$:

$$
\begin{aligned}
\frac{d y}{d x} & =\frac{(2 x+\cos x)\cos x}{\cos^2 x}+\frac{\left(x^{2}+\sin x\right) \sin x}{\cos ^{2} x} \\
& =\frac{2 x \cos x+\cos ^{2} x+x^{2} \sin x+\sin ^{2} x}{\cos ^{2} x}
\end{aligned}
$$

Group terms and apply the identity $\sin^2 x + \cos^2 x = 1$:

$$
\begin{aligned}
\frac{d y}{d x} & =\frac{2 x \cos x+x^{2} \sin x+\cos ^{2} x+\sin ^{2} x}{\cos ^{2} x} \\
& =\frac{2 x \cos x+x^{2} \sin x+1}{\cos ^{2} x}
\end{aligned}
$$

## Method 2: Using the Quotient Rule (Alternative)

First, rewrite $\sec x$ as $\frac{1}{\cos x}$ to express $y$ as a quotient:

$$
\begin{aligned}
y & =\left(x^{2}+\sin x\right) \cdot \frac{1}{\cos x} \\
& =\frac{x^{2}+\sin x}{\cos x}
\end{aligned}
$$

Now apply the quotient rule $\frac{d}{dx}\left(\frac{u}{v}\right) = \frac{u'v - uv'}{v^2}$ where $u = x^2 + \sin x$ and $v = \cos x$:

$$
\begin{aligned}
\frac{d y}{d x} & =\frac{\cos x \cdot \frac{d}{d x}\left(x^{2}+\sin x\right)-\left(x^{2}+\sin x\right) \cdot \frac{d}{d x}(\cos x)}{\cos ^{2} x} \\
& =\frac{\cos x(2 x+\cos x)-\left(x^{2}+\sin x\right)(-\sin x)}{\cos ^{2} x} \\
& =\frac{2 x \cos x+\cos ^{2} x+x^{2} \sin x+\sin ^{2} x}{\cos ^{2} x}
\end{aligned}
$$

Simplify using $\sin^2 x + \cos^2 x = 1$:

$$
\frac{d y}{d x} =\frac{2 x \cos x+x^{2} \sin x+1}{\cos ^{2} x}
$$

---

# **Key Formulas or Methods Used**

- **Product Rule:** $\frac{d}{dx}[u(x)v(x)] = u'(x)v(x) + u(x)v'(x)$
- **Quotient Rule:** $\frac{d}{dx}\left[\frac{u(x)}{v(x)}\right] = \frac{u'(x)v(x) - u(x)v'(x)}{[v(x)]^2}$
- **Derivatives of basic functions:**
  - $\frac{d}{dx}(x^2) = 2x$
  - $\frac{d}{dx}(\sin x) = \cos x$
  - $\frac{d}{dx}(\sec x) = \sec x \tan x$
  - $\frac{d}{dx}(\cos x) = -\sin x$
- **Trigonometric identities:**
  - $\sec x = \frac{1}{\cos x}$
  - $\tan x = \frac{\sin x}{\cos x}$
  - $\sin^2 x + \cos^2 x = 1$

---

# **Summary of Steps**

1. **Identify the structure:** Recognize $y$ as a product $(x^2 + \sin x) \cdot \sec x$
2. **Choose your method:**
   - **Method 1:** Apply product rule directly
   - **Method 2:** Rewrite as $\frac{x^2 + \sin x}{\cos x}$ and use quotient rule
3. **Differentiate components:** Find derivatives of $x^2 + \sin x$ (which is $2x + \cos x$) and $\sec x$ (which is $\sec x \tan x$) or $\cos x$ (which is $-\sin x$)
4. **Apply the rule:** Substitute into product rule or quotient rule formula
5. **Simplify:** Convert $\sec x$ and $\tan x$ to sine/cosine forms, find common denominators, and apply $\sin^2 x + \cos^2 x = 1$
6. **Final form:** Express result as $\frac{2x\cos x + x^2\sin x + 1}{\cos^2 x}$ or equivalent form",,,"unclassified","5",,"Find the derivative $\frac{dy}{dx}$ of the function:

$$y = \left(x^{2}+\sin x\right) \sec x$$

---","ms7cf55v2hzk6tmr52a3kmt22d85q6pj",,,"xd7crjxcfse0eybqe9e5889wd98c7jbf","Exercise 2.6","exercise","{""blockIndex"":30,""chapterNumber"":2,""page"":54,""subjectSlug"":""maths-12""}"
"maths-12","02-limit-continuity-and-derivative","Limit, Continuity And Derivative","exercise-2-6","2.6 Derivatives of Trigonometric and Inverse Trigonometric Functions","m17dw354v3yhmdv8hakmqhkv818c66ja",,,,,,"false",,"# **Background and Explanation**

This problem requires differentiating a quotient of trigonometric functions using the **quotient rule**. You should be familiar with the basic derivatives $\frac{d}{dx}(\sin x) = \cos x$ and $\frac{d}{dx}(\cos x) = -\sin x$, as well as the Pythagorean identity $\sin^2 x + \cos^2 x = 1$.

---

# **Solution**

We are given the function:

$$y=\frac{5-\cos x}{5+\sin x}$$

To find $\frac{dy}{dx}$, we apply the **quotient rule**. For a function $y = \frac{u}{v}$, the derivative is:

$$\frac{dy}{dx} = \frac{v \cdot \frac{du}{dx} - u \cdot \frac{dv}{dx}}{v^2}$$

Let $u = 5 - \cos x$ and $v = 5 + \sin x$.

First, compute the derivatives of the numerator and denominator:
- $\frac{d}{dx}(5 - \cos x) = 0 - (-\sin x) = \sin x$ (derivative of constant 5 is 0, derivative of $-\cos x$ is $\sin x$)
- $\frac{d}{dx}(5 + \sin x) = 0 + \cos x = \cos x$ (derivative of constant 5 is 0, derivative of $\sin x$ is $\cos x$)

Now substitute into the quotient rule formula:

$$\begin{aligned}
\frac{dy}{dx} &= \frac{(5+\sin x)(0+\sin x) - (5-\cos x)(0+\cos x)}{(5+\sin x)^2} \\
&= \frac{(5+\sin x)(\sin x) - (5-\cos x)(\cos x)}{(5+\sin x)^2} \\
&= \frac{5\sin x + \sin^2 x - 5\cos x + \cos^2 x}{(5+\sin x)^2} \\
&= \frac{5\sin x - 5\cos x + \sin^2 x + \cos^2 x}{(5+\sin x)^2} \\
&= \frac{5\sin x - 5\cos x + 1}{(5+\sin x)^2}
\end{aligned}$$

**Step-by-step reasoning:**
- In the first line, we substitute the derivatives into the quotient rule, explicitly showing the derivative of constants as $0$.
- In the second line, we simplify the expressions $(0+\sin x)$ to $\sin x$ and $(0+\cos x)$ to $\cos x$.
- In the third line, we expand the numerator: $(5+\sin x)\sin x = 5\sin x + \sin^2 x$ and $-(5-\cos x)\cos x = -5\cos x + \cos^2 x$ (note the sign change: minus times minus gives plus for the $\cos^2 x$ term).
- In the fourth line, we rearrange terms to group $\sin^2 x$ and $\cos^2 x$ together.
- In the final line, we apply the Pythagorean identity $\sin^2 x + \cos^2 x = 1$.

Thus, the derivative is:

$$\frac{dy}{dx} = \frac{5\sin x - 5\cos x + 1}{(5+\sin x)^2}$$

---

# **Key Formulas or Methods Used**

- **Quotient Rule:** $\frac{d}{dx}\left(\frac{u}{v}\right) = \frac{v \cdot u' - u \cdot v'}{v^2}$
- **Derivative of sine:** $\frac{d}{dx}(\sin x) = \cos x$
- **Derivative of cosine:** $\frac{d}{dx}(\cos x) = -\sin x$
- **Constant rule:** $\frac{d}{dx}(c) = 0$
- **Pythagorean Identity:** $\sin^2 x + \cos^2 x = 1$

---

# **Summary of Steps**

1. Identify $u = 5 - \cos x$ and $v = 5 + \sin x$ from the given rational function
2. Calculate derivatives: $u' = \sin x$ and $v' = \cos x$ (remembering that $\frac{d}{dx}(\cos x) = -\sin x$)
3. Apply the quotient rule: $\frac{v \cdot u' - u \cdot v'}{v^2}$
4. Expand the numerator carefully, watching signs: $5\sin x + \sin^2 x - 5\cos x + \cos^2 x$
5. Rearrange terms to group $\sin^2 x + \cos^2 x$ and apply the identity to replace with $1$
6. Write final answer: $\frac{5\sin x - 5\cos x + 1}{(5+\sin x)^2}$",,,"unclassified","6",,"Find $\frac{dy}{dx}$ given that:

$$y=\frac{5-\cos x}{5+\sin x}$$

---","ms7cf55v2hzk6tmr52a3kmt22d85q6pj",,,"xd7crjxcfse0eybqe9e5889wd98c7jbf","Exercise 2.6","exercise","{""blockIndex"":30,""chapterNumber"":2,""page"":54,""subjectSlug"":""maths-12""}"
"maths-12","02-limit-continuity-and-derivative","Limit, Continuity And Derivative","exercise-2-6","2.6 Derivatives of Trigonometric and Inverse Trigonometric Functions","m17e6zp4zx26130tsq71tatcd58c61xt",,,,,,"false",,"# **Background and Explanation**

This problem requires applying the **quotient rule** for differentiation, along with the standard derivatives of trigonometric functions $\sec x$ and $\tan x$. You will also need to use the Pythagorean identity $1 + \tan^2 x = \sec^2 x$ (or equivalently $\tan^2 x = \sec^2 x - 1$) to simplify the final expression.

---

# **Solution**

We recognize this function as a quotient of two functions. Let $u = \sec x$ and $v = 1 + \tan x$. We will apply the quotient rule:

$$\frac{d}{dx}\left(\frac{u}{v}\right) = \frac{v \frac{du}{dx} - u \frac{dv}{dx}}{v^2}$$

First, compute the derivatives of the numerator and denominator:
- $\frac{d}{dx}(\sec x) = \sec x \tan x$
- $\frac{d}{dx}(1 + \tan x) = 0 + \sec^2 x = \sec^2 x$

Now apply the quotient rule formula:

$$
\frac{dy}{dx} = \frac{(1+\tan x) \cdot (\sec x \tan x) - \sec x \cdot (\sec^2 x)}{(1+\tan x)^2}
$$

Expand the numerator by distributing $(1+\tan x)(\sec x \tan x)$:

$$
\frac{dy}{dx} = \frac{\sec x \tan x + \sec x \tan^2 x - \sec^3 x}{(1+\tan x)^2}
$$

To simplify, use the identity $\tan^2 x = \sec^2 x - 1$ to replace $\tan^2 x$:

$$
\frac{dy}{dx} = \frac{\sec x \tan x + \sec x(\sec^2 x - 1) - \sec^3 x}{(1+\tan x)^2}
$$

Distribute $\sec x$ in the middle term:

$$
\frac{dy}{dx} = \frac{\sec x \tan x + \sec^3 x - \sec x - \sec^3 x}{(1+\tan x)^2}
$$

Notice that the $\sec^3 x$ and $-\sec^3 x$ terms cancel each other:

$$
\frac{dy}{dx} = \frac{\sec x \tan x - \sec x}{(1+\tan x)^2}
$$

Finally, factor out $\sec x$ from the numerator to obtain the simplified result:

$$
\frac{dy}{dx} = \frac{\sec x(\tan x - 1)}{(1+\tan x)^2}
$$

---

# **Key Formulas or Methods Used**

- **Quotient Rule:** $\displaystyle \frac{d}{dx}\left(\frac{u}{v}\right) = \frac{v \cdot u' - u \cdot v'}{v^2}$
- **Derivative of secant:** $\displaystyle \frac{d}{dx}(\sec x) = \sec x \tan x$
- **Derivative of tangent:** $\displaystyle \frac{d}{dx}(\tan x) = \sec^2 x$
- **Pythagorean identity:** $\displaystyle \tan^2 x = \sec^2 x - 1$ (derived from $1 + \tan^2 x = \sec^2 x$)

---

# **Summary of Steps**

1. **Identify components:** Recognize $y$ as a quotient with $u = \sec x$ and $v = 1 + \tan x$
2. **Differentiate components:** Find $u' = \sec x \tan x$ and $v' = \sec^2 x$
3. **Apply quotient rule:** Substitute into $\frac{v u' - u v'}{v^2}$
4. **Expand:** Multiply out the terms in the numerator
5. **Apply identity:** Replace $\tan^2 x$ with $\sec^2 x - 1$
6. **Simplify:** Expand and cancel the $\sec^3 x$ terms
7. **Factor:** Factor out $\sec x$ to obtain the final simplified derivative $\displaystyle \frac{\sec x(\tan x - 1)}{(1+\tan x)^2}$",,,"unclassified","7",,"Find $\frac{dy}{dx}$ given:

$$y = \frac{\sec x}{1+\tan x}$$

---","ms7cf55v2hzk6tmr52a3kmt22d85q6pj",,,"xd7crjxcfse0eybqe9e5889wd98c7jbf","Exercise 2.6","exercise","{""blockIndex"":30,""chapterNumber"":2,""page"":54,""subjectSlug"":""maths-12""}"
"maths-12","02-limit-continuity-and-derivative","Limit, Continuity And Derivative","exercise-2-6","2.6 Derivatives of Trigonometric and Inverse Trigonometric Functions","m17a929j5m9839yx27nsvqa01x8c6tfc",,,,,,"false",,"# **Background and Explanation**

This problem requires differentiating a rational function where both the numerator and denominator contain trigonometric and polynomial terms. You will need to apply the **quotient rule** for differentiation, along with basic derivative formulas for sine functions and power rules.

---

# **Solution**

We are given the function:

$$y = \frac{\sin x}{x^{2} + \sin x}$$

To differentiate this with respect to $x$, we apply the **quotient rule**:

$$\frac{d}{dx}\left(\frac{u}{v}\right) = \frac{v \cdot \frac{du}{dx} - u \cdot \frac{dv}{dx}}{v^{2}}$$

**Step 1:** Identify the numerator and denominator functions.
- Let $u = \sin x$, so $\frac{du}{dx} = \cos x$
- Let $v = x^{2} + \sin x$, so $\frac{dv}{dx} = 2x + \cos x$

**Step 2:** Substitute into the quotient rule formula.

$$\frac{dy}{dx} = \frac{(x^{2} + \sin x) \cdot \frac{d}{dx}(\sin x) - \sin x \cdot \frac{d}{dx}(x^{2} + \sin x)}{(x^{2} + \sin x)^{2}}$$

**Step 3:** Compute the derivatives in the numerator.

$$\frac{dy}{dx} = \frac{(x^{2} + \sin x) \cdot \cos x - \sin x \cdot (2x + \cos x)}{(x^{2} + \sin x)^{2}}$$

**Step 4:** Expand the numerator by distributing the terms.

$$\frac{dy}{dx} = \frac{x^{2}\cos x + \sin x \cos x - 2x\sin x - \sin x \cos x}{(x^{2} + \sin x)^{2}}$$

**Step 5:** Simplify by combining like terms. Notice that $+\sin x \cos x$ and $-\sin x \cos x$ cancel each other out.

$$\frac{dy}{dx} = \frac{x^{2}\cos x - 2x\sin x}{(x^{2} + \sin x)^{2}}$$

**Final Answer:**

$$\frac{dy}{dx} = \frac{x^{2}\cos x - 2x\sin x}{(x^{2} + \sin x)^{2}}$$

---

# **Key Formulas or Methods Used**

- **Quotient Rule:** $\displaystyle \frac{d}{dx}\left(\frac{u}{v}\right) = \frac{v \cdot u' - u \cdot v'}{v^{2}}$
- **Derivative of sine:** $\displaystyle \frac{d}{dx}(\sin x) = \cos x$
- **Power Rule:** $\displaystyle \frac{d}{dx}(x^{n}) = nx^{n-1}$ (used for the $x^2$ term)
- **Sum Rule:** $\displaystyle \frac{d}{dx}(f(x) + g(x)) = f'(x) + g'(x)$

---

# **Summary of Steps**

1. **Identify components:** Recognize $u = \sin x$ and $v = x^{2} + \sin x$ for the quotient rule
2. **Differentiate separately:** Find $u' = \cos x$ and $v' = 2x + \cos x$
3. **Apply quotient rule:** Substitute into $\frac{v \cdot u' - u \cdot v'}{v^{2}}$
4. **Expand numerator:** Distribute to get $x^{2}\cos x + \sin x\cos x - 2x\sin x - \sin x\cos x$
5. **Simplify:** Cancel the $\sin x\cos x$ terms to obtain the final result $\frac{x^{2}\cos x - 2x\sin x}{(x^{2} + \sin x)^{2}}$",,,"unclassified","8",,"Find the derivative $\frac{dy}{dx}$ of the function:

$$y = \frac{\sin x}{x^{2} + \sin x}$$

---","ms7cf55v2hzk6tmr52a3kmt22d85q6pj",,,"xd7crjxcfse0eybqe9e5889wd98c7jbf","Exercise 2.6","exercise","{""blockIndex"":30,""chapterNumber"":2,""page"":54,""subjectSlug"":""maths-12""}"
"maths-12","02-limit-continuity-and-derivative","Limit, Continuity And Derivative","exercise-2-6","2.6 Derivatives of Trigonometric and Inverse Trigonometric Functions","m172chss41r48bhbjdhvt2xhts8c66eb",,,,,,"false",,"# **Background and Explanation**

This problem involves differentiating a quotient of two functions, which requires the **quotient rule** from differential calculus. You should be familiar with the derivatives of basic trigonometric functions, specifically that the derivative of $\cot x$ is $-\operatorname{cosec}^2 x$.

---

# **Solution**

We are given the function:
$$y=\frac{\cot x}{x+1}$$

This is a quotient where the numerator is $u = \cot x$ and the denominator is $v = x+1$. To find $\frac{dy}{dx}$, we apply the **quotient rule**:
$$\frac{d}{dx}\left(\frac{u}{v}\right) = \frac{v \cdot \frac{du}{dx} - u \cdot \frac{dv}{dx}}{v^2}$$

First, we determine the derivatives of the individual components:
- The derivative of the numerator: $\frac{d}{dx}(\cot x) = -\operatorname{cosec}^2 x$
- The derivative of the denominator: $\frac{d}{dx}(x+1) = 1$

Substituting these into the quotient rule formula:

$$
\begin{aligned}
\frac{d y}{d x} & =\frac{(x+1) \frac{d}{d x}(\cot x)-\cot x \frac{d}{d x}(x+1)}{(x+1)^{2}} \\
& =\frac{(x+1)\left(-\operatorname{cosec}^{2} x\right)-\cot x(1+0)}{(x+1)^{2}} \\
& =\frac{-(x+1) \operatorname{cosec}^{2} x-\cot x}{(x+1)^{2}}
\end{aligned}
$$

Thus, the final derivative is:
$$\frac{dy}{dx} = \frac{-(x+1)\operatorname{cosec}^{2} x-\cot x}{(x+1)^{2}}$$

This can also be written as:
$$\frac{dy}{dx} = -\frac{(x+1)\operatorname{cosec}^{2} x + \cot x}{(x+1)^{2}}$$

---

# **Key Formulas or Methods Used**

- **Quotient Rule**: $\displaystyle \frac{d}{dx}\left(\frac{u}{v}\right) = \frac{v \frac{du}{dx} - u \frac{dv}{dx}}{v^2}$
- **Derivative of Cotangent**: $\displaystyle \frac{d}{dx}(\cot x) = -\operatorname{cosec}^2 x$ (also written as $-\csc^2 x$)
- **Power Rule for Linear Terms**: $\displaystyle \frac{d}{dx}(x+1) = 1$

---

# **Summary of Steps**

1. **Identify** the function as a quotient with $u = \cot x$ and $v = x+1$
2. **Compute derivatives** of numerator and denominator separately: $u' = -\operatorname{cosec}^2 x$ and $v' = 1$
3. **Apply the quotient rule** formula $\frac{vu' - uv'}{v^2}$
4. **Substitute** the calculated derivatives into the formula
5. **Simplify** the expression by distributing the negative sign through the first term in the numerator",,,"unclassified","9",,"Find the derivative of the function $y = \frac{\cot x}{x+1}$ with respect to $x$.

---","ms7cf55v2hzk6tmr52a3kmt22d85q6pj",,,"xd7crjxcfse0eybqe9e5889wd98c7jbf","Exercise 2.6","exercise","{""blockIndex"":30,""chapterNumber"":2,""page"":54,""subjectSlug"":""maths-12""}"
"maths-12","02-limit-continuity-and-derivative","Limit, Continuity And Derivative","exercise-2-7","2.7 Implicit and Parametric Differentiation","m1725n8fxmg7qby075t4mdbnhx85qhkr","true","Federal Board","Using the chain rule and the derivative of exponential functions, $\frac{d}{dx}(e^x) = e^x$ and $\frac{d}{dx}(e^{ax}) = ae^{ax}$:

$\frac{d}{dx}(e^x + 2e^{-2x}) = e^x + 2(-2)e^{-2x} = e^x - 4e^{-2x}$","[""Correctly applies derivative of $e^x$ to get $e^x$"",""Correctly applies chain rule to $2e^{-2x}$ to get $2 \\cdot (-2)e^{-2x} = -4e^{-2x}$"",""Combines both derivatives correctly to obtain final answer $e^x - 4e^{-2x}$""]",,"false","1","Using the chain rule and the derivative of exponential functions, $\frac{d}{dx}(e^x) = e^x$ and $\frac{d}{dx}(e^{ax}) = ae^{ax}$:

$\frac{d}{dx}(e^x + 2e^{-2x}) = e^x + 2(-2)e^{-2x} = e^x - 4e^{-2x}$","[{""key"":""A"",""text"":""$e^{x}-4 e^{-2 x}$""},{""key"":""B"",""text"":""$e^{x}+4 e^{-2 x}$""},{""key"":""C"",""text"":""$e^{x}-\\frac{e}{2}^{-2 x}$""},{""key"":""D"",""text"":""$e^{x}-2 e^{-2 x}$""}]","MCQ","mcq","3","annual","$\frac{d}{dx}\left(e^{x}+2e^{-2x}\right)=$","ms78ez5snj0q6qz58b2wdm5a3s85q92c","2025","D",,,,
"maths-12","02-limit-continuity-and-derivative","Limit, Continuity And Derivative","exercise-2-7","2.7 Implicit and Parametric Differentiation","m17cmhfq2j0qe5mam93fbne5xh85qbhj","true","Federal Board","To find the second derivative, differentiate $\frac{dy}{dx}=\frac{3}{2}x^{\frac{1}{2}}-2x$ with respect to $x$ using the power rule. $\frac{d^{2}y}{dx^{2}}=\frac{3}{2}\cdot\frac{1}{2}x^{-\frac{1}{2}}-2=\frac{3}{4}x^{-\frac{1}{2}}-2=\frac{3}{4\sqrt{x}}-2$","[""Apply power rule to each term of the first derivative"",""For $\\frac{3}{2}x^{\\frac{1}{2}}$: multiply by exponent $\\frac{1}{2}$ and reduce power by 1"",""For $-2x$: derivative is constant $-2$"",""Simplify to obtain $\\frac{3}{4x^{\\frac{1}{2}}}-2$ or $\\frac{3}{4\\sqrt{x}}-2$""]",,"false","1","To find the second derivative, differentiate $\frac{dy}{dx}=\frac{3}{2}x^{\frac{1}{2}}-2x$ with respect to $x$ using the power rule. $\frac{d^{2}y}{dx^{2}}=\frac{3}{2}\cdot\frac{1}{2}x^{-\frac{1}{2}}-2=\frac{3}{4}x^{-\frac{1}{2}}-2=\frac{3}{4\sqrt{x}}-2$","[{""key"":""A"",""text"":""$\\frac{3}{2} x^{\\frac{1}{2}}-2$""},{""key"":""B"",""text"":""$\\frac{3}{4} x^{\\frac{-1}{2}}-2$""},{""key"":""C"",""text"":""$\\frac{1}{4} x^{\\frac{1}{2}}-2$""},{""key"":""D"",""text"":""$\\frac{4}{3} x^{\\frac{-1}{2}}-2$""}]","MCQ","unclassified","4","annual","If $\frac{dy}{dx}=\frac{3}{2}x^{\frac{1}{2}}-2x$, then $\frac{d^{2}y}{dx^{2}}=$","ms78ez5snj0q6qz58b2wdm5a3s85q92c","2025",,,,,
"maths-12","02-limit-continuity-and-derivative","Limit, Continuity And Derivative","exercise-2-7","2.7 Implicit and Parametric Differentiation","m176gdq7zktqw6tjb0nvnezdhn85pv52","true","Federal Board","To find $\frac{\partial f}{\partial y}(1,0)$ for $f(x, y)=e^{x+y}$, we differentiate with respect to $y$ treating $x$ as a constant. Using the chain rule, $\frac{\partial f}{\partial y} = e^{x+y}$. Evaluating at the point $(1,0)$: $\frac{\partial f}{\partial y}(1,0) = e^{1+0} = e$.","[""Correctly applies partial differentiation with respect to $y$"",""Treats $x$ as a constant during partial differentiation"",""Correctly applies chain rule to exponential function"",""Accurately substitutes the point $(1,0)$ into the partial derivative"",""Arrives at the final answer $e$""]",,"false","1","To find $\frac{\partial f}{\partial y}(1,0)$ for $f(x, y)=e^{x+y}$, we differentiate with respect to $y$ treating $x$ as a constant. Using the chain rule, $\frac{\partial f}{\partial y} = e^{x+y}$. Evaluating at the point $(1,0)$: $\frac{\partial f}{\partial y}(1,0) = e^{1+0} = e$.","[{""key"":""A"",""text"":""0""},{""key"":""B"",""text"":""1""},{""key"":""C"",""text"":""$e$""},{""key"":""D"",""text"":""$\\frac{1}{e}$""}]","MCQ","mcq","18","annual","If $f(x, y)=e^{x+y}$, then $\frac{\partial f}{\partial y}(1,0)$ is:","ms78ez5snj0q6qz58b2wdm5a3s85q92c","2025","C",,,,
"maths-12","02-limit-continuity-and-derivative","Limit, Continuity And Derivative","exercise-2-7","2.7 Implicit and Parametric Differentiation","m17bd5d2r42x6ggd08t19rv37s85pf1c","true","Federal Board",,"[""Apply parametric differentiation formula: $\\frac{dy}{dx} = \\frac{dy/dt}{dx/dt}$"",""Correctly differentiate $x = \\frac{3at}{1+t^3}$ using quotient rule to get $\\frac{dx}{dt}$"",""Correctly differentiate $y = \\frac{3at^2}{1+t^3}$ using quotient rule to get $\\frac{dy}{dt}$"",""Simplify the ratio of derivatives to obtain final answer $\\frac{dy}{dx} = \\frac{t(2-t^3)}{1-2t^3}$""]",,"false","4","To find $\frac{dy}{dx}$ for parametric equations, we use the formula $\frac{dy}{dx} = \frac{\frac{dy}{dt}}{\frac{dx}{dt}}$. First, find $\frac{dx}{dt} = \frac{3a(1+t^3) - 3at(3t^2)}{(1+t^3)^2} = \frac{3a(1-2t^3)}{(1+t^3)^2}$. Next, find $\frac{dy}{dt} = \frac{6at(1+t^3) - 3at^2(3t^2)}{(1+t^3)^2} = \frac{3at(2-t^3)}{(1+t^3)^2}$. Therefore, $\frac{dy}{dx} = \frac{3at(2-t^3)}{3a(1-2t^3)} = \frac{t(2-t^3)}{1-2t^3}$.",,"B","short","3","annual","Find $\frac{dy}{dx}$ if $x = \frac{3at}{1+t^3}$ and $y = \frac{3at^2}{1+t^3}$","ms78ez5snj0q6qz58b2wdm5a3s85q92c","2022",,,,,
"maths-12","02-limit-continuity-and-derivative","Limit, Continuity And Derivative","exercise-2-7","2.7 Implicit and Parametric Differentiation","m17agtw4f169h6x45th3b7ss8585qta6","true","Federal Board",,"[""Differentiate $y = \\cos n\\theta$ with respect to $\\theta$ to find $y_1$ using chain rule"",""Apply quotient rule to find second derivative $y_2$ in terms of $\\theta$"",""Use substitution $x = \\cos \\theta$ and identity $\\sin^2 \\theta = 1 - x^2$ to convert to $x$-derivatives"",""Substitute $y$, $y_1$, and $y_2$ into the given differential equation and verify using trigonometric identities""]",,"false","4","Given $x = \cos \theta$ and $y = \cos n\theta$, we differentiate with respect to $\theta$. First, $\frac{dx}{d\theta} = -\sin \theta$ and $\frac{dy}{d\theta} = -n\sin n\theta$. Using the chain rule, $y_1 = \frac{dy}{dx} = \frac{-n\sin n\theta}{-\sin \theta} = \frac{n\sin n\theta}{\sin \theta}$. Differentiating again using the quotient rule: $y_2 = \frac{d}{dx}\left(\frac{n\sin n\theta}{\sin \theta}\right) = \frac{n^2\cos n\theta \sin \theta - n\sin n\theta \cos \theta}{\sin^3 \theta} \cdot \frac{d\theta}{dx}$. Since $\sin^2 \theta = 1 - \cos^2 \theta = 1 - x^2$, substituting into $(1-x^2)y_2 - xy_1 + n^2y = 0$ and simplifying using trigonometric identities confirms the differential equation.",,"B","short","6","annual","If $x = \cos \theta$ and $y = \cos n\theta$, show that $(1-x^2)y_2 - xy_1 + n^2y = 0$","ms78ez5snj0q6qz58b2wdm5a3s85q92c","2022",,,,,
"maths-12","02-limit-continuity-and-derivative","Limit, Continuity And Derivative","exercise-2-7","2.7 Implicit and Parametric Differentiation","m171q4akh5k35jk8d9svfnkmzs85qht8","true","Federal Board",,"[""Recognize that the infinite nested radical satisfies $y = \\sqrt{\\sin x + y}$"",""Square both sides to obtain $y^2 = \\sin x + y$"",""Differentiate implicitly using chain rule and sum rule"",""Factor out $\\frac{dy}{dx}$ to reach the required form $(2y - 1)\\frac{dy}{dx} = \\cos x$""]",,"false","4","Given $y = \sqrt{\sin x + \sqrt{\sin x + \sqrt{\sin x + \dots}}}$, we observe that the expression inside the first square root is $\sin x + y$ (since the infinite nested radical equals $y$). Therefore: $y = \sqrt{\sin x + y}$. Squaring both sides: $y^2 = \sin x + y$, which gives $y^2 - y - \sin x = 0$. Differentiating both sides with respect to $x$ using the chain rule and sum rule: $2y\frac{dy}{dx} - \frac{dy}{dx} - \cos x = 0$. Factoring: $(2y - 1)\frac{dy}{dx} = \cos x$. Hence proved.",,"B","short","3","annual","If $y = \sqrt{\sin x + \sqrt{\sin x + \sqrt{\sin x + \dots \infty}}}$, prove that $(2y - 1) \frac{dy}{dx} = \cos x$.","ms78ez5snj0q6qz58b2wdm5a3s85q92c","2022",,,,,
"maths-12","02-limit-continuity-and-derivative","Limit, Continuity And Derivative","exercise-2-7","2.7 Implicit and Parametric Differentiation","m178s8fzdpwzzgwt6nn47stv5h85q5tf","true","Federal Board",,"[""Identify $f(x) = \\sin x$ and choose $x_0 = 60°$ as the base point with $\\Delta x = 1°$"",""Calculate the derivative $f'(x) = \\cos x$ and evaluate at $x_0$: $f'(60°) = \\frac{1}{2}$"",""Convert angle increment to radians: $\\Delta x = \\frac{\\pi}{180}$ radians"",""Apply differential formula: $dy = f'(x_0)\\Delta x = \\frac{1}{2} \\cdot \\frac{\\pi}{180}$"",""Use linear approximation: $\\sin 61° \\approx \\sin 60° + dy = \\frac{\\sqrt{3}}{2} + \\frac{\\pi}{360} \\approx 0.8747$""]",,"false","4","To approximate $\sin 61°$ using differentials, let $f(x) = \sin x$ where $x$ is in degrees. We use $x_0 = 60°$ (nearest known value) with $\Delta x = 1°$. The differential formula is $dy = f'(x_0)\Delta x$. Converting to radians: $60° = \frac{\pi}{3}$ and $\Delta x = \frac{\pi}{180}$. Since $f'(x) = \cos x$, we have $f'(60°) = \cos 60° = \frac{1}{2}$. Therefore, $dy = \frac{1}{2} \cdot \frac{\pi}{180} = \frac{\pi}{360}$. Using the approximation $\sin 61° \approx \sin 60° + dy = \frac{\sqrt{3}}{2} + \frac{\pi}{360} \approx 0.8660 + 0.0087 \approx 0.8747$.",,"B","short","8","annual","Use the differential to approximate value of $\sin 61^\circ$.","ms78ez5snj0q6qz58b2wdm5a3s85q92c","2024",,,,,
"maths-12","02-limit-continuity-and-derivative","Limit, Continuity And Derivative","exercise-2-7","2.7 Implicit and Parametric Differentiation","m17fdj2p4d2meb55ge7a30q1hx8c6edd",,,,,,"false",,"# **Background and Explanation**

This problem requires the **chain rule** for differentiating composite functions (functions raised to a power). You will also need the **power rule** for handling both positive and negative exponents.

---

# **Solution**

We are given the function:

$$y=\left(x-\frac{1}{x^{2}}\right)^{5}$$

This is a composite function where the outer function is $u^5$ and the inner function is $u = x - \frac{1}{x^2}$.

## Applying the Chain Rule

The chain rule for differentiation states that:

$$\frac{d}{dx}[f(x)]^n = n[f(x)]^{n-1} \cdot \frac{d}{dx}[f(x)]$$

Applying this to our function:

$$\frac{dy}{dx} = 5\left(x-\frac{1}{x^{2}}\right)^{5-1} \cdot \frac{d}{dx}\left(x-\frac{1}{x^{2}}\right)$$

Simplifying the exponent:

$$\frac{dy}{dx} = 5\left(x-\frac{1}{x^{2}}\right)^{4} \cdot \frac{d}{dx}\left(x-\frac{1}{x^{2}}\right)$$

## Differentiating the Inner Function

To differentiate the inner function $x - \frac{1}{x^2}$, first rewrite $\frac{1}{x^2}$ using negative exponents:

$$\frac{1}{x^2} = x^{-2}$$

So we need to find:

$$\frac{d}{dx}\left(x - x^{-2}\right)$$

Applying the power rule $\frac{d}{dx}(x^n) = nx^{n-1}$ to each term:

- The derivative of $x$ (which is $x^1$) is $1 \cdot x^{0} = 1$
- The derivative of $-x^{-2}$ is $-(-2)x^{-2-1} = 2x^{-3}$

Therefore:

$$\frac{d}{dx}\left(x - x^{-2}\right) = 1 + 2x^{-3}$$

## Final Simplification

Substituting this back into our chain rule expression:

$$\frac{dy}{dx} = 5\left(x-\frac{1}{x^{2}}\right)^{4} \cdot \left(1 + 2x^{-3}\right)$$

Rewriting $2x^{-3}$ as a fraction to match the form in the original expression:

$$\frac{dy}{dx} = 5\left(x-\frac{1}{x^{2}}\right)^{4}\left(1+\frac{2}{x^{3}}\right)$$

---

# **Key Formulas or Methods Used**

- **Chain Rule**: $\frac{d}{dx}[f(x)]^n = n[f(x)]^{n-1} \cdot \frac{d}{dx}[f(x)]$
- **Power Rule**: $\frac{d}{dx}(x^n) = nx^{n-1}$
- **Negative Exponent Conversion**: $\frac{1}{x^n} = x^{-n}$ (used to simplify differentiation of reciprocal terms)

---

# **Summary of Steps**

1. **Identify the composite structure**: Recognize $y = [f(x)]^5$ where $f(x) = x - \frac{1}{x^2}$
2. **Apply the chain rule**: Differentiate the outer power function to get $5(x-\frac{1}{x^2})^4$, keeping the inner function unchanged
3. **Prepare the inner function**: Rewrite $\frac{1}{x^2}$ as $x^{-2}$ to enable power rule application
4. **Differentiate the inner function**: Calculate $\frac{d}{dx}(x - x^{-2}) = 1 + 2x^{-3}$
5. **Combine and simplify**: Multiply the results from steps 2 and 4, then convert $x^{-3}$ back to fractional form to obtain the final answer: $5(x-\frac{1}{x^2})^4(1+\frac{2}{x^3})$",,,"unclassified","1",,"Find $\frac{dy}{dx}$ given that:

$$y=\left(x-\frac{1}{x^{2}}\right)^{5}$$

---","ms78ez5snj0q6qz58b2wdm5a3s85q92c",,,"xd7axserfb2shshwpqaxrrk1vn8c7dq8","Exercise 2.7","exercise","{""blockIndex"":33,""chapterNumber"":2,""page"":71,""subjectSlug"":""maths-12""}"
"maths-12","02-limit-continuity-and-derivative","Limit, Continuity And Derivative","exercise-2-7","2.7 Implicit and Parametric Differentiation","m177w6bm5v5fv47cc9g50f6b898c7p67",,,,,,"false",,"# **Background and Explanation**

This problem requires **implicit differentiation**, a technique used when $y$ is defined implicitly as a function of $x$ rather than explicitly as $y = f(x)$. Since $y$ depends on $x$, every time we differentiate a term containing $y$, we must apply the chain rule by multiplying by $\frac{dy}{dx}$.

---

# **Solution**

We start with the given equation and differentiate both sides with respect to $x$.

## Step 1: Differentiate each term with respect to $x$

Given:
$$x + xy - y^2 - 20 = 0$$

Differentiating term by term:
- $\frac{d}{dx}(x) = 1$
- $\frac{d}{dx}(xy)$ requires the **product rule**: $\frac{d}{dx}(uv) = u\frac{dv}{dx} + v\frac{du}{dx}$
- $\frac{d}{dx}(y^2)$ requires the **chain rule**: $\frac{d}{dx}(y^2) = 2y \cdot \frac{dy}{dx}$
- $\frac{d}{dx}(20) = 0$ (derivative of a constant)

Applying these rules:

$$
\frac{d}{dx}(x) + \frac{d}{dx}(xy) - \frac{d}{dx}(y^2) - \frac{d}{dx}(20) = 0
$$

## Step 2: Apply product rule to the $xy$ term

For $\frac{d}{dx}(xy)$, let $u = x$ and $v = y$:
$$\frac{d}{dx}(xy) = x \cdot \frac{dy}{dx} + y \cdot \frac{dx}{dx} = x\frac{dy}{dx} + y$$

Substituting back:

$$
1 + \left(y \cdot \frac{d}{dx}(x) + x \cdot \frac{d}{dx}(y)\right) - 2y^{2-1}\frac{dy}{dx} - 0 = 0
$$

## Step 3: Simplify the derivatives

Since $\frac{d}{dx}(x) = 1$ and $\frac{d}{dx}(y) = \frac{dy}{dx}$:

$$
1 + y \cdot 1 + x \cdot \frac{dy}{dx} - 2y\frac{dy}{dx} = 0
$$

This simplifies to:

$$
1 + y + x\frac{dy}{dx} - 2y\frac{dy}{dx} = 0
$$

## Step 4: Group terms containing $\frac{dy}{dx}$

Factor out $\frac{dy}{dx}$ from the terms that contain it:

$$
1 + y + (x - 2y)\frac{dy}{dx} = 0
$$

## Step 5: Isolate $\frac{dy}{dx}$

Move the non-derivative terms to the right side:

$$
(x - 2y)\frac{dy}{dx} = -1 - y
$$

Divide both sides by $(x - 2y)$:

$$
\frac{dy}{dx} = \frac{-(1 + y)}{x - 2y}
$$

This can also be written as:

$$
\frac{dy}{dx} = \frac{1 + y}{2y - x}
$$

---

# **Key Formulas or Methods Used**

- **Implicit Differentiation**: Differentiating both sides of an equation with respect to $x$, treating $y$ as a function of $x$
- **Product Rule**: $\frac{d}{dx}(uv) = u\frac{dv}{dx} + v\frac{du}{dx}$ (applied to the $xy$ term)
- **Chain Rule**: $\frac{d}{dx}(f(y)) = f'(y) \cdot \frac{dy}{dx}$ (applied to the $y^2$ term, giving $2y\frac{dy}{dx}$)
- **Power Rule**: $\frac{d}{dx}(x^n) = nx^{n-1}$

---

# **Summary of Steps**

1. **Differentiate both sides** of the equation $x + xy - y^2 - 20 = 0$ with respect to $x$
2. **Apply the product rule** to $xy$ to get $y + x\frac{dy}{dx}$
3. **Apply the chain rule** to $y^2$ to get $2y\frac{dy}{dx}$
4. **Collect all terms** containing $\frac{dy}{dx}$ on one side and remaining terms on the other
5. **Factor out** $\frac{dy}{dx}$ and solve by dividing both sides by the coefficient of $\frac{dy}{dx}$",,,"unclassified","10",,"Find $\frac{dy}{dx}$ for the implicitly defined curve:

$$x + xy - y^2 - 20 = 0$$

---","ms78ez5snj0q6qz58b2wdm5a3s85q92c",,,"xd7axserfb2shshwpqaxrrk1vn8c7dq8","Exercise 2.7","exercise","{""blockIndex"":34,""chapterNumber"":2,""page"":71,""subjectSlug"":""maths-12""}"
"maths-12","02-limit-continuity-and-derivative","Limit, Continuity And Derivative","exercise-2-7","2.7 Implicit and Parametric Differentiation","m17bmc8tf9zyk4qv4s4hjsnndh8c7127",,,,,,"false",,"# **Background and Explanation**

This problem requires **implicit differentiation**, a technique used when $y$ is defined as a function of $x$ implicitly rather than explicitly solved for $x$. Since $y$ depends on $x$, we apply the **chain rule** when differentiating any terms involving $y$, multiplying by $\frac{dy}{dx}$.

---

# **Solution**

We begin with the given equation and differentiate both sides with respect to $x$.

## Step 1: Differentiate both sides

Differentiate each term with respect to $x$:

$$\frac{d}{dx}\left(y^{4}\right)-\frac{d}{dx}\left(y^{2}\right) = 10\frac{d}{dx}(x)-\frac{d}{dx}(3)$$

## Step 2: Apply the chain rule

For terms involving $y$, we apply the chain rule (power rule + chain rule):
- $\frac{d}{dx}(y^4) = 4y^3 \cdot \frac{dy}{dx}$
- $\frac{d}{dx}(y^2) = 2y \cdot \frac{dy}{dx}$

For the right side:
- $\frac{d}{dx}(10x) = 10$
- $\frac{d}{dx}(3) = 0$

This yields:

$$4y^{3}\frac{dy}{dx} - 2y\frac{dy}{dx} = 10$$

## Step 3: Factor out $\frac{dy}{dx}$

Collect all terms containing $\frac{dy}{dx}$ on the left side:

$$\left(4y^{3}-2y\right)\frac{dy}{dx} = 10$$

## Step 4: Solve for $\frac{dy}{dx}$

Divide both sides by the coefficient $(4y^3 - 2y)$:

$$\frac{dy}{dx} = \frac{10}{4y^{3}-2y}$$

## Step 5: Simplify the expression

Factor out 2 from the denominator:

$$\frac{dy}{dx} = \frac{10}{2\left(2y^{3}-y\right)} = \frac{5}{2y^{3}-y}$$

Further factor the denominator by extracting $y$:

$$\frac{dy}{dx} = \frac{5}{y\left(2y^{2}-1\right)}$$

---

# **Key Formulas or Methods Used**

- **Implicit Differentiation**: Differentiating both sides of an equation with respect to $x$, treating $y$ as a function of $x$
- **Chain Rule**: $\frac{d}{dx}[f(y)] = f'(y) \cdot \frac{dy}{dx}$
- **Power Rule**: $\frac{d}{dx}[x^n] = nx^{n-1}$ (extended to $y$ terms via chain rule)
- **Algebraic Simplification**: Factoring to simplify complex rational expressions

---

# **Summary of Steps**

1. **Differentiate** both sides of the equation with respect to $x$.
2. **Apply chain rule** to $y$ terms (multiply by $\frac{dy}{dx}$).
3. **Simplify** the right-hand side constants.
4. **Factor** $\frac{dy}{dx}$ from all terms on the left side.
5. **Isolate** $\frac{dy}{dx}$ by dividing both sides by its coefficient.
6. **Simplify** the resulting fraction by factoring common terms in the numerator and denominator.",,,"unclassified","11",,"Find $\frac{dy}{dx}$ for the curve defined implicitly by the equation:

$$y^{4}-y^{2}=10 x-3$$

---","ms78ez5snj0q6qz58b2wdm5a3s85q92c",,,"xd7axserfb2shshwpqaxrrk1vn8c7dq8","Exercise 2.7","exercise","{""blockIndex"":34,""chapterNumber"":2,""page"":71,""subjectSlug"":""maths-12""}"
"maths-12","02-limit-continuity-and-derivative","Limit, Continuity And Derivative","exercise-2-7","2.7 Implicit and Parametric Differentiation","m17brc5b4k0sqaqkybremr14jx8c7724",,,,,,"false",,"# **Background and Explanation**

This problem requires **implicit differentiation**, which is used when $y$ is defined implicitly as a function of $x$ rather than explicitly as $y = f(x)$. Since both sides of the equation contain terms involving $x$ and $y$, we differentiate both sides with respect to $x$ and apply the chain rule whenever we differentiate a $y$-term.

---

# **Solution**

We start with the given equation:
$$x^{3} y^{2}=2 x^{2}+y^{2}$$

Differentiate both sides with respect to $x$:

$$
\frac{d}{d x}\left(x^{3} y^{2}\right) =2 \frac{d}{d x}\left(x^{2}\right)+\frac{d}{d x}\left(y^{2}\right)
$$

**Apply the product rule** to the left side $\frac{d}{dx}(x^3y^2)$. The product rule states that $\frac{d}{dx}(uv) = u\frac{dv}{dx} + v\frac{du}{dx}$. Here, treat $y^2$ as a function of $x$ (since $y$ depends on $x$), so we need the chain rule for the $y^2$ term:

$$
y^{2} \frac{d}{d x}\left(x^{3}\right)+x^{3} \frac{d}{d x}\left(y^{2}\right) =2(2 x)+2 y \frac{d y}{d x}
$$

**Compute the derivatives:**
- $\frac{d}{dx}(x^3) = 3x^2$
- $\frac{d}{dx}(y^2) = 2y\frac{dy}{dx}$ (by the chain rule)

Substituting these in:

$$
y^{2}\left(3 x^{2}\right)+x^{3}\left(2 y \frac{d y}{d x}\right) =4 x+2 y \frac{d y}{d x}
$$

**Collect all terms containing $\frac{dy}{dx}$ on the left side** and move all other terms to the right side:

$$
2 x^{3} y \frac{d y}{d x}-2 y \frac{d y}{d x} =4 x-3 x^{2} y^{2}
$$

**Factor out $\frac{dy}{dx}$** on the left side:

$$
\left(2 x^{3} y-2 y\right) \frac{d y}{d x} =4 x-3 x^{2} y^{2}
$$

**Solve for $\frac{dy}{dx}$** by dividing both sides by $(2x^3y - 2y)$:

$$
\frac{d y}{d x} =\frac{4 x-3 x^{2} y^{2}}{2 x^{3} y-2 y}
$$

**Factor the numerator and denominator** to simplify:
- Numerator: $4x - 3x^2y^2 = x(4 - 3xy^2)$
- Denominator: $2x^3y - 2y = 2y(x^3 - 1)$

Thus, the final answer is:

$$
\frac{d y}{d x} =\frac{x\left(4-3 x y^{2}\right)}{2 y\left(x^{3}-1\right)}
$$

---

# **Key Formulas or Methods Used**

- **Implicit Differentiation**: Differentiating both sides of an equation with respect to $x$ when $y$ is defined implicitly as a function of $x$
- **Product Rule**: $\frac{d}{dx}(uv) = u\frac{dv}{dx} + v\frac{du}{dx}$ (used for the $x^3y^2$ term)
- **Chain Rule**: $\frac{d}{dx}(f(y)) = f'(y) \cdot \frac{dy}{dx}$ (used when differentiating $y^2$ with respect to $x$)
- **Power Rule**: $\frac{d}{dx}(x^n) = nx^{n-1}$

---

# **Summary of Steps**

1. **Differentiate both sides** of the equation $x^3y^2 = 2x^2 + y^2$ with respect to $x$.
2. **Apply the product rule** to $x^3y^2$ and the chain rule to $y^2$ terms.
3. **Expand and simplify** the derivatives: $3x^2y^2 + 2x^3y\frac{dy}{dx} = 4x + 2y\frac{dy}{dx}$.
4. **Collect $\frac{dy}{dx}$ terms** on one side and remaining terms on the other: $2x^3y\frac{dy}{dx} - 2y\frac{dy}{dx} = 4x - 3x^2y^2$.
5. **Factor out $\frac{dy}{dx}$**: $(2x^3y - 2y)\frac{dy}{dx} = 4x - 3x^2y^2$.
6. **Solve for $\frac{dy}{dx}$** and simplify by factoring: $\frac{dy}{dx} = \frac{x(4-3xy^2)}{2y(x^3-1)}$.",,,"unclassified","12",,"Find $\frac{dy}{dx}$ given the implicit equation:

$$x^{3} y^{2}=2 x^{2}+y^{2}$$

---","ms78ez5snj0q6qz58b2wdm5a3s85q92c",,,"xd7axserfb2shshwpqaxrrk1vn8c7dq8","Exercise 2.7","exercise","{""blockIndex"":34,""chapterNumber"":2,""page"":71,""subjectSlug"":""maths-12""}"
"maths-12","02-limit-continuity-and-derivative","Limit, Continuity And Derivative","exercise-2-7","2.7 Implicit and Parametric Differentiation","m171ygq39pc0j0d4044gcqqags8c7dny",,,,,,"false",,"# **Background and Explanation**

This problem requires **implicit differentiation**, where we differentiate both sides of an equation with respect to $x$ while treating $y$ as a function of $x$ (so every $y$ term requires the chain rule). You will need the **product rule** to differentiate the term $xy$.

---

# **Solution**

Start with the given equation:

$$xy = \sin x + y$$

Differentiate both sides with respect to $x$:

$$\frac{d}{dx}(xy) = \frac{d}{dx}(\sin x) + \frac{d}{dx}(y)$$

Apply the **product rule** to the left side $\frac{d}{dx}(xy)$. Recall that $\frac{d}{dx}(uv) = u\frac{dv}{dx} + v\frac{du}{dx}$. Here, $u = x$ and $v = y$:

$$y \cdot 1 + x \cdot \frac{dy}{dx} = \cos x + \frac{dy}{dx}$$

Simplify the left side:

$$y + x\frac{dy}{dx} = \cos x + \frac{dy}{dx}$$

Rearrange the equation to collect all terms containing $\frac{dy}{dx}$ on the left side and remaining terms on the right. Subtract $\frac{dy}{dx}$ from both sides:

$$y + x\frac{dy}{dx} - \frac{dy}{dx} = \cos x$$

Now subtract $y$ from both sides to isolate the derivative terms:

$$x\frac{dy}{dx} - \frac{dy}{dx} = \cos x - y$$

Factor out $\frac{dy}{dx}$ from the left side:

$$(x - 1)\frac{dy}{dx} = \cos x - y$$

Finally, solve for $\frac{dy}{dx}$ by dividing both sides by $(x - 1)$:

$$\frac{dy}{dx} = \frac{\cos x - y}{x - 1}$$

---

# **Key Formulas or Methods Used**

- **Implicit differentiation**: Differentiating both sides with respect to $x$ while treating $y$ as $y(x)$
- **Product rule**: $\frac{d}{dx}(uv) = u\frac{dv}{dx} + v\frac{du}{dx}$ (used for the term $xy$)
- **Chain rule**: $\frac{d}{dx}(y) = \frac{dy}{dx}$ (applied to all $y$ terms)
- **Derivative of sine**: $\frac{d}{dx}(\sin x) = \cos x$

---

# **Summary of Steps**

1. Differentiate both sides of $xy = \sin x + y$ with respect to $x$.
2. Apply the product rule to $xy$ to obtain $y + x\frac{dy}{dx}$ on the left side.
3. Differentiate the right side to get $\cos x + \frac{dy}{dx}$.
4. Rearrange terms to group all $\frac{dy}{dx}$ terms on one side and remaining terms on the other.
5. Factor out $\frac{dy}{dx}$ and divide to isolate the derivative.",,,"unclassified","13",,"Find $\frac{dy}{dx}$ given the implicit equation:

$$xy = \sin x + y$$

---","ms78ez5snj0q6qz58b2wdm5a3s85q92c",,,"xd7axserfb2shshwpqaxrrk1vn8c7dq8","Exercise 2.7","exercise","{""blockIndex"":34,""chapterNumber"":2,""page"":71,""subjectSlug"":""maths-12""}"
"maths-12","02-limit-continuity-and-derivative","Limit, Continuity And Derivative","exercise-2-7","2.7 Implicit and Parametric Differentiation","m170hm3asj43fe4pk98eb9t35h8c608d",,,,,,"false",,"# **Background and Explanation**

These problems require **implicit differentiation**, a technique used when $y$ is defined implicitly as a function of $x$ rather than explicitly solved for $y$. We differentiate both sides of the equation with respect to $x$, treating $y$ as a function of $x$ and applying the chain rule whenever we differentiate terms containing $y$.

---

# **Solution**

## Q14: Differentiating $x + y = \cos(xy)$

We begin with the equation:
$$x + y = \cos(xy)$$

Differentiate both sides with respect to $x$:

$$\frac{d}{dx}(x) + \frac{d}{dx}(y) = \frac{d}{dx}[\cos(xy)]$$

For the left side, we obtain:
$$1 + \frac{dy}{dx}$$

For the right side, apply the chain rule. The derivative of $\cos(u)$ is $-\sin(u) \cdot \frac{du}{dx}$ where $u = xy$:
$$-\sin(xy) \cdot \frac{d}{dx}(xy)$$

Apply the product rule to differentiate $xy$:
$$\frac{d}{dx}(xy) = y \cdot \frac{d}{dx}(x) + x \cdot \frac{d}{dx}(y) = y(1) + x\frac{dy}{dx} = y + x\frac{dy}{dx}$$

Substituting this back:
$$1 + \frac{dy}{dx} = -\sin(xy) \cdot \left(y + x\frac{dy}{dx}\right)$$

Expand the right side by distributing $-\sin(xy)$:
$$1 + \frac{dy}{dx} = -y\sin(xy) - x\sin(xy)\frac{dy}{dx}$$

Collect all terms containing $\frac{dy}{dx}$ on the left side and the remaining terms on the right:
$$\frac{dy}{dx} + x\sin(xy)\frac{dy}{dx} = -y\sin(xy) - 1$$

Factor out $\frac{dy}{dx}$ from the left side:
$$(1 + x\sin(xy))\frac{dy}{dx} = -(y\sin(xy) + 1)$$

Finally, solve for $\frac{dy}{dx}$ by dividing both sides by $(1 + x\sin(xy))$:
$$\frac{dy}{dx} = \frac{-(y\sin(xy) + 1)}{1 + x\sin(xy)}$$

---

# **Key Formulas or Methods Used**

- **Implicit Differentiation**: Differentiating both sides of an equation with respect to $x$ while treating $y$ as a function of $x$
- **Chain Rule**: $\frac{d}{dx}[f(y)] = f'(y) \cdot \frac{dy}{dx}$ and $\frac{d}{dx}[f(xy)] = f'(xy) \cdot \frac{d}{dx}(xy)$
- **Product Rule**: $\frac{d}{dx}[uv] = u\frac{dv}{dx} + v\frac{du}{dx}$ (applied to products like $xy$, $x\sin y$, and $y\cos x$)
- **Trigonometric Derivatives**: $\frac{d}{dx}(\sin u) = \cos u \cdot \frac{du}{dx}$ and $\frac{d}{dx}(\cos u) = -\sin u \cdot \frac{du}{dx}$

---

# **Summary of Steps**

1. **Differentiate both sides** with respect to $x$, treating $y$ as an implicit function of $x$.
2. **Apply the chain rule** whenever differentiating a term containing $y$ (multiply by $\frac{dy}{dx}$).
3. **Apply the product rule** for any products involving both $x$ and $y$.
4. **Expand and simplify** the resulting expressions.
5. **Collect all $\frac{dy}{dx}$ terms** on one side of the equation and all other terms on the opposite side.
6. **Factor out $\frac{dy}{dx}$** and solve algebraically to isolate the derivative.",,,"unclassified","14",,"Find $\frac{dy}{dx}$ given that $x + y = \cos(xy)$.

---","ms78ez5snj0q6qz58b2wdm5a3s85q92c",,,"xd7axserfb2shshwpqaxrrk1vn8c7dq8","Exercise 2.7","exercise","{""blockIndex"":34,""chapterNumber"":2,""page"":71,""subjectSlug"":""maths-12""}"
"maths-12","02-limit-continuity-and-derivative","Limit, Continuity And Derivative","exercise-2-7","2.7 Implicit and Parametric Differentiation","m17aq23nkkcr9jjejcyamsr2t58c6vfv",,,,,,"false",,"# **Background and Explanation**

This problem requires **implicit differentiation**, a technique used when $y$ is defined implicitly as a function of $x$ rather than explicitly solved for $y$. We differentiate both sides of the equation with respect to $x$, treating $y$ as a function of $x$ and applying the chain rule whenever we differentiate terms containing $y$.

---

# **Solution**

## Differentiating $x \sin y - y \cos x = 1$

We start with the given equation:
$$x \sin y - y \cos x = 1$$

Differentiate both sides with respect to $x$:
$$\frac{d}{dx}(x \sin y) - \frac{d}{dx}(y \cos x) = \frac{d}{dx}(1)$$

### Step 1: Apply the product rule to the first term $x \sin y$
Using the rule $\frac{d}{dx}(uv) = u\frac{dv}{dx} + v\frac{du}{dx}$, where $u=x$ and $v=\sin y$:
$$\frac{d}{dx}(x) \cdot \sin y + x \cdot \frac{d}{dx}(\sin y)$$
Since $y$ is a function of $x$, we use the chain rule for $\frac{d}{dx}(\sin y)$:
$$1 \cdot \sin y + x \cdot \cos y \cdot \frac{dy}{dx} = \sin y + x\cos y \frac{dy}{dx}$$

### Step 2: Apply the product rule to the second term $y \cos x$
Using the rule where $u=y$ and $v=\cos x$:
$$\frac{d}{dx}(y) \cdot \cos x + y \cdot \frac{d}{dx}(\cos x)$$
$$\frac{dy}{dx} \cdot \cos x + y \cdot (-\sin x) = \frac{dy}{dx}\cos x - y\sin x$$

### Step 3: Combine the derivatives
Substitute these results back into the differentiated equation. Be careful to distribute the negative sign to both parts of the second term:
$$\left(\sin y + x\cos y \frac{dy}{dx}\right) - \left(\frac{dy}{dx}\cos x - y\sin x\right) = 0$$

Remove the parentheses:
$$\sin y + x\cos y \frac{dy}{dx} - \frac{dy}{dx}\cos x + y\sin x = 0$$

### Step 4: Isolate $\frac{dy}{dx}$
Group the terms containing $\frac{dy}{dx}$ on the left side and move all other terms to the right side:
$$x\cos y \frac{dy}{dx} - \cos x \frac{dy}{dx} = -y\sin x - \sin y$$

Factor out $\frac{dy}{dx}$ from the left side:
$$(x\cos y - \cos x)\frac{dy}{dx} = -(y\sin x + \sin y)$$

Finally, solve for $\frac{dy}{dx}$ by dividing both sides by $(x\cos y - \cos x)$:
$$\frac{dy}{dx} = \frac{-(y\sin x + \sin y)}{x\cos y - \cos x}$$

---

# **Key Formulas or Methods Used**

- **Implicit Differentiation**: Differentiating both sides of an equation with respect to $x$ while treating $y$ as a function of $x$.
- **Chain Rule**: $\frac{d}{dx}[f(y)] = f'(y) \cdot \frac{dy}{dx}$.
- **Product Rule**: $\frac{d}{dx}[uv] = u\frac{dv}{dx} + v\frac{du}{dx}$.
- **Trigonometric Derivatives**:
    - $\frac{d}{dx}(\sin u) = \cos u \cdot \frac{du}{dx}$
    - $\frac{d}{dx}(\cos u) = -\sin u \cdot \frac{du}{dx}$

---

# **Summary of Steps**

1. **Differentiate both sides** of the equation with respect to $x$.
2. **Apply the product rule** to the terms $x \sin y$ and $y \cos x$.
3. **Apply the chain rule** whenever differentiating $y$, resulting in a $\frac{dy}{dx}$ term.
4. **Distribute negative signs** carefully when simplifying the expression.
5. **Collect all terms with $\frac{dy}{dx}$** on one side and move the remaining terms to the other.
6. **Factor out $\frac{dy}{dx}$** and divide to isolate the final derivative.",,,"unclassified","15",,"Find $\frac{dy}{dx}$ given that:
$$x \sin y - y \cos x = 1$$

---","ms78ez5snj0q6qz58b2wdm5a3s85q92c",,,"xd7axserfb2shshwpqaxrrk1vn8c7dq8","Exercise 2.7","exercise","{""blockIndex"":34,""chapterNumber"":2,""page"":71,""subjectSlug"":""maths-12""}"
"maths-12","02-limit-continuity-and-derivative","Limit, Continuity And Derivative","exercise-2-7","2.7 Implicit and Parametric Differentiation","m173xpme86ym3kvb58j31n60zh8c6bmc",,,,,,"false",,"# **Background and Explanation**

This problem requires **implicit differentiation**, where $y$ is treated as an implicit function of $x$. When differentiating terms involving $y$, we apply the chain rule by multiplying by $\frac{dy}{dx}$. The right side requires the product rule since it involves the product of two functions of $x$.

---

# **Solution**

We begin with the given equation:
$$\sin y = y \cos 2x$$

Differentiate both sides with respect to $x$:

**Step 1:** Differentiate the left side using the chain rule (since $y$ is a function of $x$):
$$\frac{d}{dx}(\sin y) = \cos y \cdot \frac{dy}{dx}$$

**Step 2:** Differentiate the right side $y \cos 2x$ using the product rule $\frac{d}{dx}[uv] = \frac{du}{dx}v + u\frac{dv}{dx}$:
$$\frac{d}{dx}(y \cos 2x) = \frac{d}{dx}(y) \cdot \cos 2x + y \cdot \frac{d}{dx}(\cos 2x)$$

**Step 3:** Evaluate the derivatives in the product rule expression. Note that $\frac{d}{dx}(\cos 2x) = -\sin 2x \cdot 2 = -2\sin 2x$ by the chain rule:
$$\frac{d}{dx}(y \cos 2x) = \frac{dy}{dx} \cos 2x + y(-2\sin 2x) = \frac{dy}{dx} \cos 2x - 2y\sin 2x$$

**Step 4:** Set the derivatives of both sides equal to each other:
$$\cos y \frac{dy}{dx} = \frac{dy}{dx} \cos 2x - 2y\sin 2x$$

**Step 5:** Collect all terms containing $\frac{dy}{dx}$ on the left side by subtracting $\frac{dy}{dx} \cos 2x$ from both sides:
$$\cos y \frac{dy}{dx} - \frac{dy}{dx} \cos 2x = -2y\sin 2x$$

**Step 6:** Factor out $\frac{dy}{dx}$ from the left side:
$$(\cos y - \cos 2x)\frac{dy}{dx} = -2y\sin 2x$$

**Step 7:** Solve for $\frac{dy}{dx}$ by dividing both sides by $(\cos y - \cos 2x)$:
$$\frac{dy}{dx} = \frac{-2y\sin 2x}{\cos y - \cos 2x}$$

---

# **Key Formulas or Methods Used**

- **Implicit Differentiation**: $\frac{d}{dx}[f(y)] = f'(y) \cdot \frac{dy}{dx}$ when $y$ is a function of $x$
- **Chain Rule**: $\frac{d}{dx}[\sin y] = \cos y \cdot \frac{dy}{dx}$ and $\frac{d}{dx}[\cos 2x] = -2\sin 2x$
- **Product Rule**: $\frac{d}{dx}[uv] = \frac{du}{dx}v + u\frac{dv}{dx}$

---

# **Summary of Steps**

1. Differentiate both sides of the equation $\sin y = y \cos 2x$ with respect to $x$
2. Apply the chain rule to $\sin y$ to obtain $\cos y \cdot \frac{dy}{dx}$
3. Apply the product rule to $y \cos 2x$ to obtain $\frac{dy}{dx}\cos 2x - 2y\sin 2x$
4. Set the derivatives equal and collect all $\frac{dy}{dx}$ terms on the left side
5. Factor out $\frac{dy}{dx}$ from the collected terms
6. Divide by the coefficient $(\cos y - \cos 2x)$ to isolate $\frac{dy}{dx}$",,,"unclassified","16",,"If $\sin y = y \cos 2x$, find $\frac{dy}{dx}$.

---","ms78ez5snj0q6qz58b2wdm5a3s85q92c",,,"xd7axserfb2shshwpqaxrrk1vn8c7dq8","Exercise 2.7","exercise","{""blockIndex"":34,""chapterNumber"":2,""page"":71,""subjectSlug"":""maths-12""}"
"maths-12","02-limit-continuity-and-derivative","Limit, Continuity And Derivative","exercise-2-7","2.7 Implicit and Parametric Differentiation","m17274kqy9kqjy8d37qns60znd8c6jvz",,,,,,"false",,"# **Background and Explanation**

This problem involves differentiating a product of two functions: a polynomial $x^3$ and an exponential $e^{5x}$. You will need to apply the **product rule** combined with the **chain rule** (for the exponential term).

---

# **Solution**

We are given the function:
$$y = x^{3} e^{5 x}$$

To differentiate this, we recognize it as a product of two functions:
- $u = x^{3}$ (the polynomial part)
- $v = e^{5 x}$ (the exponential part)

**Step 1:** Apply the **product rule** $\frac{d}{dx}(uv) = \frac{du}{dx} \cdot v + u \cdot \frac{dv}{dx}$

$$\frac{d y}{d x} = \frac{d}{d x}\left(x^{3}\right) \cdot e^{5 x} + x^{3} \cdot \frac{d}{d x}\left(e^{5 x}\right)$$

**Step 2:** Differentiate $x^3$ using the power rule:
$$\frac{d}{dx}(x^3) = 3x^2$$

**Step 3:** Differentiate $e^{5x}$ using the chain rule. The outer function is $e^u$ and the inner function is $u = 5x$:
$$\frac{d}{dx}(e^{5x}) = e^{5x} \cdot \frac{d}{dx}(5x) = e^{5x} \cdot 5 = 5e^{5x}$$

**Step 4:** Substitute these derivatives back into the product rule expression:
$$\frac{d y}{d x} = 3 x^{2} e^{5 x} + x^{3} \cdot 5e^{5 x}$$

**Step 5:** Simplify the expression:
$$\frac{d y}{d x} = 3 x^{2} e^{5 x} + 5x^{3} e^{5 x}$$

**Step 6:** Factor out the common terms $x^2 e^{5x}$:
$$\frac{d y}{d x} = x^{2} e^{5 x}(3 + 5 x)$$

---

# **Key Formulas or Methods Used**

- **Product Rule:** $\frac{d}{dx}[u(x) \cdot v(x)] = u'(x) \cdot v(x) + u(x) \cdot v'(x)$
- **Chain Rule:** $\frac{d}{dx}[f(g(x))] = f'(g(x)) \cdot g'(x)$, specifically $\frac{d}{dx}[e^{u(x)}] = e^{u(x)} \cdot u'(x)$
- **Power Rule:** $\frac{d}{dx}[x^n] = nx^{n-1}$

---

# **Summary of Steps**

1. Identify the two functions being multiplied: $u = x^3$ and $v = e^{5x}$
2. Find $u' = 3x^2$ using the power rule
3. Find $v' = 5e^{5x}$ using the chain rule on the exponential
4. Apply the product rule: $\frac{dy}{dx} = u'v + uv'$
5. Substitute: $3x^2 e^{5x} + x^3(5e^{5x})$
6. Factor out $x^2 e^{5x}$ to get the final answer: $x^2 e^{5x}(3 + 5x)$",,,"unclassified","17",,"Find the derivative of $y = x^{3} e^{5 x}$ with respect to $x$.

---","ms78ez5snj0q6qz58b2wdm5a3s85q92c",,,"xd7axserfb2shshwpqaxrrk1vn8c7dq8","Exercise 2.7","exercise","{""blockIndex"":35,""chapterNumber"":2,""page"":71,""subjectSlug"":""maths-12""}"
"maths-12","02-limit-continuity-and-derivative","Limit, Continuity And Derivative","exercise-2-7","2.7 Implicit and Parametric Differentiation","m1730eppx4pk2vywv3w1mdy3rn8c6z4v",,,,,,"false",,"# **Background and Explanation**

This problem involves differentiating a product of two functions: an exponential function $e^{4x}$ and a logarithmic expression $(1 + \ln x)$. You will need to apply the **product rule** along with the **chain rule** for the exponential term and the standard derivative for the natural logarithm.

---

# **Solution**

We are given $y = e^{4x}(1 + \ln x)$. Since this is a product of two functions, we apply the product rule: $\frac{d}{dx}[u \cdot v] = u'v + uv'$.

**Step 1:** Set up the product rule with $u = e^{4x}$ and $v = (1 + \ln x)$.

$$\frac{dy}{dx} = \frac{d}{dx}\left(e^{4x}\right) \cdot (1+\ln x) + e^{4x} \cdot \frac{d}{dx}(1 + \ln x)$$

**Step 2:** Differentiate each part.
- For the first term, use the chain rule on $e^{4x}$: $\frac{d}{dx}(e^{4x}) = e^{4x} \cdot \frac{d}{dx}(4x) = 4e^{4x}$
- For the second term: $\frac{d}{dx}(1 + \ln x) = 0 + \frac{1}{x} = \frac{1}{x}$

Substituting these back:

$$\frac{dy}{dx} = e^{4x} \cdot \frac{d}{dx}(4x) \cdot (1+\ln x) + e^{4x} \cdot \left(0 + \frac{1}{x}\right)$$

**Step 3:** Simplify the derivatives.

$$\frac{dy}{dx} = e^{4x} \cdot 4 \cdot (1+\ln x) + e^{4x} \cdot \frac{1}{x}$$

**Step 4:** Factor out the common term $e^{4x}$ to present the final simplified answer.

$$\frac{dy}{dx} = e^{4x}\left(4(1+\ln x) + \frac{1}{x}\right)$$

---

# **Key Formulas or Methods Used**

- **Product Rule:** $\frac{d}{dx}[u(x)v(x)] = u'(x)v(x) + u(x)v'(x)$
- **Chain Rule:** $\frac{d}{dx}[e^{u(x)}] = e^{u(x)} \cdot u'(x)$
- **Derivative of Natural Logarithm:** $\frac{d}{dx}(\ln x) = \frac{1}{x}$
- **Constant Rule:** $\frac{d}{dx}(c) = 0$

---

# **Summary of Steps**

1. **Identify the structure:** Recognize $y$ as a product of $e^{4x}$ and $(1+\ln x)$
2. **Apply product rule:** $\frac{dy}{dx} = \frac{d}{dx}(e^{4x}) \cdot (1+\ln x) + e^{4x} \cdot \frac{d}{dx}(1+\ln x)$
3. **Differentiate $e^{4x}$:** Use chain rule to get $4e^{4x}$
4. **Differentiate $(1+\ln x)$:** Get $0 + \frac{1}{x} = \frac{1}{x}$
5. **Substitute and expand:** $4e^{4x}(1+\ln x) + \frac{e^{4x}}{x}$
6. **Factor:** Extract $e^{4x}$ to obtain final form: $e^{4x}\left(4(1+\ln x) + \frac{1}{x}\right)$",,,"unclassified","18",,"Find $\frac{dy}{dx}$ given that:

$$y = e^{4x}(1 + \ln x)$$

---","ms78ez5snj0q6qz58b2wdm5a3s85q92c",,,"xd7axserfb2shshwpqaxrrk1vn8c7dq8","Exercise 2.7","exercise","{""blockIndex"":35,""chapterNumber"":2,""page"":71,""subjectSlug"":""maths-12""}"
"maths-12","02-limit-continuity-and-derivative","Limit, Continuity And Derivative","exercise-2-7","2.7 Implicit and Parametric Differentiation","m179nv4rp4v0rcghvchq059n658c6fk8",,,,,,"false",,"# **Background and Explanation**

This problem involves differentiating a quotient of exponential functions. You will need to apply the **quotient rule** along with the **chain rule** for differentiating composite exponential functions of the form $e^{ax}$.

---

# **Solution**

We are given the function:

$$y=\frac{e^{2 x}}{e^{-2 x}+1}$$

To differentiate this with respect to $x$, we identify the numerator and denominator:
- Let $u = e^{2x}$ (so $\frac{du}{dx} = 2e^{2x}$ by the chain rule)
- Let $v = e^{-2x} + 1$ (so $\frac{dv}{dx} = -2e^{-2x}$ by the chain rule)

Applying the **quotient rule** $\frac{d}{dx}\left(\frac{u}{v}\right) = \frac{v\frac{du}{dx} - u\frac{dv}{dx}}{v^2}$:

$$
\begin{aligned}
\frac{dy}{dx} &= \frac{(e^{-2x}+1) \cdot \frac{d}{dx}(e^{2x}) - e^{2x} \cdot \frac{d}{dx}(e^{-2x}+1)}{(e^{-2x}+1)^2} \\
&= \frac{(e^{-2x}+1) \cdot e^{2x} \cdot 2 - e^{2x} \cdot (e^{-2x}(-2)+0)}{(e^{-2x}+1)^2} \\
&= \frac{2e^{-2x} \cdot e^{2x} + 2e^{2x} + 2e^{2x} \cdot e^{-2x}}{(e^{-2x}+1)^2} \\
&= \frac{2e^{-2x+2x} + 2e^{2x} + 2e^{2x-2x}}{(e^{-2x}+1)^2} \\
&= \frac{2e^{0} + 2e^{2x} + 2e^{0}}{(e^{-2x}+1)^2} \\
&= \frac{2 + 2e^{2x} + 2}{(e^{-2x}+1)^2} \\
\frac{dy}{dx} &= \frac{4 + 2e^{2x}}{(e^{-2x}+1)^2}
\end{aligned}
$$

**Explanation of key steps:**
- In the second line, we compute the derivatives: $\frac{d}{dx}(e^{2x}) = 2e^{2x}$ and $\frac{d}{dx}(e^{-2x}+1) = -2e^{-2x}$
- In the third line, we distribute $(e^{-2x}+1) \cdot 2e^{2x} = 2e^{-2x}e^{2x} + 2e^{2x}$ and simplify $-e^{2x} \cdot (-2e^{-2x}) = +2e^{2x}e^{-2x}$
- Lines 4-5 use the exponent law $e^a \cdot e^b = e^{a+b}$ and the fact that $e^0 = 1$
- The final line combines the constant terms $2 + 2 = 4$

---

# **Key Formulas or Methods Used**

- **Quotient Rule:** $\displaystyle \frac{d}{dx}\left(\frac{u}{v}\right) = \frac{v\frac{du}{dx} - u\frac{dv}{dx}}{v^2}$
- **Chain Rule for Exponentials:** $\displaystyle \frac{d}{dx}(e^{ax}) = ae^{ax}$
- **Exponent Laws:** $e^a \cdot e^b = e^{a+b}$ and $e^0 = 1$

---

# **Summary of Steps**

1. **Identify components:** Let $u = e^{2x}$ and $v = e^{-2x} + 1$
2. **Differentiate:** Compute $\frac{du}{dx} = 2e^{2x}$ and $\frac{dv}{dx} = -2e^{-2x}$ using the chain rule
3. **Apply quotient rule:** Substitute into $\frac{v u' - u v'}{v^2}$
4. **Expand numerator:** Distribute $(e^{-2x}+1) \cdot 2e^{2x}$ to get $2e^{-2x}e^{2x} + 2e^{2x}$ and simplify $-e^{2x} \cdot (-2e^{-2x}) = +2e^{2x}e^{-2x}$
5. **Simplify exponents:** Use $e^{-2x} \cdot e^{2x} = e^0 = 1$ to reduce the expression to $\frac{2 + 2e^{2x} + 2}{(e^{-2x}+1)^2}$
6. **Combine constants:** Add $2 + 2 = 4$ to obtain the final result $\frac{4+2e^{2x}}{(e^{-2x}+1)^2}$",,,"unclassified","19",,"Find $\frac{dy}{dx}$ given:

$$y=\frac{e^{2 x}}{e^{-2 x}+1}$$

---","ms78ez5snj0q6qz58b2wdm5a3s85q92c",,,"xd7axserfb2shshwpqaxrrk1vn8c7dq8","Exercise 2.7","exercise","{""blockIndex"":35,""chapterNumber"":2,""page"":71,""subjectSlug"":""maths-12""}"
"maths-12","02-limit-continuity-and-derivative","Limit, Continuity And Derivative","exercise-2-7","2.7 Implicit and Parametric Differentiation","m174bd1wp5fcv1grx0fe05d3b98c7a4j",,,,,,"false",,"# **Background and Explanation**

This problem combines the **chain rule** (for the outer squaring function) with the **quotient rule** (for the inner rational function). Recognizing that $f(x)$ is a composition of functions—where the outer function is $u^2$ and the inner function is $u = \frac{x^2-1}{x^2+1}$—allows us to differentiate layer by layer.

---

# **Solution**

We begin by identifying $f(x)$ as a composite function. Let $u = \frac{x^2-1}{x^2+1}$, so that $f(x) = u^2$.

## Step 1: Apply the Chain Rule

Using the chain rule $\frac{d}{dx}[u^2] = 2u \cdot \frac{du}{dx}$:

$$f'(x) = 2\left(\frac{x^{2}-1}{x^{2}+1}\right)^{2-1} \cdot \frac{d}{dx}\left(\frac{x^{2}-1}{x^{2}+1}\right)$$

$$f'(x) = 2\left(\frac{x^{2}-1}{x^{2}+1}\right) \cdot \frac{d}{dx}\left(\frac{x^{2}-1}{x^{2}+1}\right)$$

## Step 2: Differentiate the Inner Function (Quotient Rule)

To find $\frac{d}{dx}\left(\frac{x^{2}-1}{x^{2}+1}\right)$, we apply the quotient rule $\frac{d}{dx}\left(\frac{u}{v}\right) = \frac{vu' - uv'}{v^2}$ where $u = x^2-1$ and $v = x^2+1$:

$$\frac{d}{dx}\left(\frac{x^{2}-1}{x^{2}+1}\right) = \frac{(x^2+1)\frac{d}{dx}(x^2-1) - (x^2-1)\frac{d}{dx}(x^2+1)}{(x^2+1)^2}$$

Computing the derivatives in the numerator:
- $\frac{d}{dx}(x^2-1) = 2x$
- $\frac{d}{dx}(x^2+1) = 2x$

Substituting these back:

$$= \frac{(x^2+1)(2x) - (x^2-1)(2x)}{(x^2+1)^2}$$

## Step 3: Simplify the Numerator

Expanding the terms in the numerator:
- $(x^2+1)(2x) = 2x^3 + 2x$
- $(x^2-1)(2x) = 2x^3 - 2x$

Therefore:
$$(2x^3 + 2x) - (2x^3 - 2x) = 2x^3 + 2x - 2x^3 + 2x = 4x$$

So the derivative of the inner function is:
$$\frac{d}{dx}\left(\frac{x^{2}-1}{x^{2}+1}\right) = \frac{4x}{(x^2+1)^2}$$

## Step 4: Combine Results

Substituting back into our chain rule expression from Step 1:

$$f'(x) = 2\left(\frac{x^{2}-1}{x^{2}+1}\right) \cdot \frac{4x}{(x^2+1)^2}$$

Multiplying the factors:
$$f'(x) = \frac{2(x^2-1) \cdot 4x}{(x^2+1)(x^2+1)^2}$$

$$f'(x) = \frac{8x(x^2-1)}{(x^2+1)^3}$$

---

# **Key Formulas or Methods Used**

- **Chain Rule**: $\frac{d}{dx}[f(g(x))] = f'(g(x)) \cdot g'(x)$
- **Quotient Rule**: $\frac{d}{dx}\left[\frac{u(x)}{v(x)}\right] = \frac{v(x)u'(x) - u(x)v'(x)}{[v(x)]^2}$
- **Power Rule**: $\frac{d}{dx}[x^n] = nx^{n-1}$

---

# **Summary of Steps**

1. **Identify structure**: Recognize $f(x)$ as a composite function (outer: squaring, inner: rational expression)
2. **Apply chain rule**: Differentiate the outer function, keeping the inner function unchanged, then multiply by the derivative of the inner function
3. **Apply quotient rule**: Differentiate the rational function $\frac{x^2-1}{x^2+1}$ using $\frac{vu' - uv'}{v^2}$
4. **Simplify**: Expand and combine like terms in the numerator to obtain $4x$
5. **Combine factors**: Multiply the constants and combine the denominator terms to get the final result $\frac{8x(x^2-1)}{(x^2+1)^3}$",,,"unclassified","2",,"Find the derivative of the function:

$$f(x)=\left(\frac{x^{2}-1}{x^{2}+1}\right)^{2}$$

---","ms78ez5snj0q6qz58b2wdm5a3s85q92c",,,"xd7axserfb2shshwpqaxrrk1vn8c7dq8","Exercise 2.7","exercise","{""blockIndex"":33,""chapterNumber"":2,""page"":71,""subjectSlug"":""maths-12""}"
"maths-12","02-limit-continuity-and-derivative","Limit, Continuity And Derivative","exercise-2-7","2.7 Implicit and Parametric Differentiation","m178c9najxem2e8kr8nxg5y0n98c67hc",,,,,,"false",,"# **Background and Explanation**

This problem requires differentiating a logarithmic function with a composite argument involving exponential terms. You should be familiar with the chain rule and the derivatives of exponential functions before attempting this problem.

---

# **Solution**

We are given the function $y = \ln \left(e^{x} + e^{-x}\right)$ and need to find its derivative with respect to $x$.

This is a composite function where the outer function is the natural logarithm $\ln(u)$ and the inner function is $u = e^x + e^{-x}$. To differentiate this, we apply the **chain rule**.

**Step 1:** Apply the chain rule for logarithmic differentiation.

The derivative of $\ln(u)$ with respect to $x$ is $\frac{1}{u} \cdot \frac{du}{dx}$. Substituting our inner function:

$$\frac{dy}{dx} = \frac{1}{e^{x} + e^{-x}} \cdot \frac{d}{dx}\left(e^{x} + e^{-x}\right)$$

**Step 2:** Differentiate the inner function.

We differentiate term by term:
- The derivative of $e^x$ is $e^x$
- The derivative of $e^{-x}$ requires the chain rule: $\frac{d}{dx}(e^{-x}) = e^{-x} \cdot (-1) = -e^{-x}$

Therefore:
$$\frac{d}{dx}\left(e^{x} + e^{-x}\right) = e^{x} - e^{-x}$$

**Step 3:** Substitute and simplify.

Substituting the result from Step 2 back into our expression from Step 1:

$$
\begin{aligned}
\frac{dy}{dx} &= \frac{1}{e^{x} + e^{-x}} \cdot \left(e^{x} - e^{-x}\right) \\
&= \frac{e^{x} - e^{-x}}{e^{x} + e^{-x}}
\end{aligned}
$$

**Step 4:** Recognize the hyperbolic tangent.

The resulting expression matches the definition of the hyperbolic tangent function:

$$\tanh x = \frac{e^{x} - e^{-x}}{e^{x} + e^{-x}}$$

Thus, we can write the final answer as:

$$\frac{dy}{dx} = \tanh x$$

---

# **Key Formulas or Methods Used**

- **Chain Rule for Logarithms:** $\frac{d}{dx}[\ln(u)] = \frac{1}{u} \cdot \frac{du}{dx}$
- **Derivative of Exponential:** $\frac{d}{dx}(e^x) = e^x$ and $\frac{d}{dx}(e^{-x}) = -e^{-x}$
- **Definition of Hyperbolic Tangent:** $\tanh x = \frac{e^x - e^{-x}}{e^x + e^{-x}}$

---

# **Summary of Steps**

1. Identify the composite structure: outer function $\ln(u)$ where $u = e^x + e^{-x}$
2. Apply the chain rule: $\frac{dy}{dx} = \frac{1}{e^x + e^{-x}} \cdot \frac{d}{dx}(e^x + e^{-x})$
3. Differentiate the inner function to get $e^x - e^{-x}$
4. Multiply to obtain $\frac{e^x - e^{-x}}{e^x + e^{-x}}$
5. Recognize and simplify to $\tanh x$ using the definition of hyperbolic tangent",,,"unclassified","20",,"Find the derivative $\frac{dy}{dx}$ for the function:

$$y = \ln \left(e^{x} + e^{-x}\right)$$

---","ms78ez5snj0q6qz58b2wdm5a3s85q92c",,,"xd7axserfb2shshwpqaxrrk1vn8c7dq8","Exercise 2.7","exercise","{""blockIndex"":35,""chapterNumber"":2,""page"":71,""subjectSlug"":""maths-12""}"
"maths-12","02-limit-continuity-and-derivative","Limit, Continuity And Derivative","exercise-2-7","2.7 Implicit and Parametric Differentiation","m170mnvk296w8sqq1y577xxa5x8c6cb9",,,,,,"false",,"# **Background and Explanation**

This problem requires applying the chain rule for differentiation, along with the derivatives of logarithmic functions and square root functions. You will need to differentiate a composite function where the outer function is the natural logarithm and the inner function involves a sum of $x$ and a square root term.

---

# **Solution**

We are given:
$$y = \ln \left(x + \sqrt{x^2 + 1}\right)$$

To find $\frac{dy}{dx}$, we apply the chain rule. Let $u = x + \sqrt{x^2 + 1}$, so $y = \ln(u)$.

First, recall that $\frac{d}{du}[\ln(u)] = \frac{1}{u}$.

Now, differentiate the inner function $u = x + \sqrt{x^2 + 1}$ with respect to $x$:
$$\frac{du}{dx} = \frac{d}{dx}(x) + \frac{d}{dx}\left(\sqrt{x^2 + 1}\right)$$

For the square root term, use the chain rule again:
$$\frac{d}{dx}\left(\sqrt{x^2 + 1}\right) = \frac{d}{dx}\left((x^2 + 1)^{1/2}\right) = \frac{1}{2}(x^2 + 1)^{-1/2} \cdot \frac{d}{dx}(x^2 + 1)$$

$$= \frac{1}{2}(x^2 + 1)^{-1/2} \cdot (2x) = \frac{x}{\sqrt{x^2 + 1}}$$

Therefore:
$$\frac{du}{dx} = 1 + \frac{x}{\sqrt{x^2 + 1}}$$

Now apply the chain rule $\frac{dy}{dx} = \frac{1}{u} \cdot \frac{du}{dx}$:

$$\frac{dy}{dx} = \frac{1}{x + \sqrt{x^2 + 1}} \cdot \left(1 + \frac{x}{\sqrt{x^2 + 1}}\right)$$

Simplify the expression in parentheses by finding a common denominator:
$$1 + \frac{x}{\sqrt{x^2 + 1}} = \frac{\sqrt{x^2 + 1}}{\sqrt{x^2 + 1}} + \frac{x}{\sqrt{x^2 + 1}} = \frac{\sqrt{x^2 + 1} + x}{\sqrt{x^2 + 1}}$$

Substituting back:
$$\frac{dy}{dx} = \frac{1}{x + \sqrt{x^2 + 1}} \cdot \frac{x + \sqrt{x^2 + 1}}{\sqrt{x^2 + 1}}$$

The $(x + \sqrt{x^2 + 1})$ terms cancel:
$$\frac{dy}{dx} = \frac{1}{\sqrt{x^2 + 1}}$$

---

# **Key Formulas or Methods Used**

- **Chain Rule**: $\frac{d}{dx}[f(g(x))] = f'(g(x)) \cdot g'(x)$
- **Derivative of Natural Logarithm**: $\frac{d}{dx}[\ln(u)] = \frac{1}{u} \cdot \frac{du}{dx}$
- **Derivative of Square Root**: $\frac{d}{dx}[\sqrt{u}] = \frac{1}{2\sqrt{u}} \cdot \frac{du}{dx}$ or equivalently $\frac{d}{dx}[u^{1/2}] = \frac{1}{2}u^{-1/2} \cdot u'$
- **Algebraic Simplification**: Combining fractions by finding common denominators to facilitate cancellation

---

# **Summary of Steps**

1. Identify the outer function ($\ln(u)$) and inner function ($u = x + \sqrt{x^2 + 1}$)
2. Differentiate the outer function with respect to $u$: $\frac{d}{du}[\ln(u)] = \frac{1}{u}$
3. Differentiate the inner function with respect to $x$:
   - $\frac{d}{dx}[x] = 1$
   - $\frac{d}{dx}[\sqrt{x^2+1}] = \frac{x}{\sqrt{x^2+1}}$ using the chain rule
4. Apply the chain rule: $\frac{dy}{dx} = \frac{1}{x+\sqrt{x^2+1}} \cdot \left(1 + \frac{x}{\sqrt{x^2+1}}\right)$
5. Simplify the second factor by combining fractions: $\frac{x+\sqrt{x^2+1}}{\sqrt{x^2+1}}$
6. Cancel the common factor $(x+\sqrt{x^2+1})$ to obtain the final result: $\frac{1}{\sqrt{x^2+1}}$",,,"unclassified","21",,"Find the derivative of the function:

$$y = \ln \left(x + \sqrt{x^2 + 1}\right)$$

---","ms78ez5snj0q6qz58b2wdm5a3s85q92c",,,"xd7axserfb2shshwpqaxrrk1vn8c7dq8","Exercise 2.7","exercise","{""blockIndex"":35,""chapterNumber"":2,""page"":71,""subjectSlug"":""maths-12""}"
"maths-12","02-limit-continuity-and-derivative","Limit, Continuity And Derivative","exercise-2-7","2.7 Implicit and Parametric Differentiation","m172r6tczakr680y1ey9fzvb7s8c7z1a",,,,,,"false",,"# **Background and Explanation**

This problem involves differentiating a product of two functions: the exponential function $e^{-3x}$ and the trigonometric function $\cos x$. You will need to apply the **product rule** combined with the **chain rule** to handle the composite exponential term.

---

# **Solution**

## Finding $\frac{dy}{dx}$

We are given:
$$y = e^{-3x} \cos x$$

This function is a product of two distinct functions:
- $u = e^{-3x}$ (exponential function with chain rule required)
- $v = \cos x$ (trigonometric function)

To differentiate, we apply the **product rule**:
$$\frac{d}{dx}(uv) = \frac{du}{dx} \cdot v + u \cdot \frac{dv}{dx}$$

Setting up the differentiation:

$$
\begin{aligned}
\frac{d y}{d x} & =\frac{d}{d x}\left(e^{-3 x}\right) \cos x+e^{-3 x} \cdot \frac{d}{d x}(\cos x) \\
& =e^{-3 x} \cdot(-3) \cos x+e^{-3 x}(-\sin x) \\
& =e^{-3 x}(-3 \cos x-\sin x) \\
\frac{d y}{d x} & =-e^{-3 x}(3 \cos x+\sin x)
\end{aligned}
$$

**Step-by-step reasoning:**

1. **First line:** Apply the product rule structure—derivative of the first function ($e^{-3x}$) times the second function ($\cos x$), plus the first function times the derivative of the second function ($\cos x$).

2. **Second line:** Evaluate each derivative:
   - $\frac{d}{dx}(e^{-3x}) = e^{-3x} \cdot (-3) = -3e^{-3x}$ (using the chain rule: derivative of $-3x$ is $-3$)
   - $\frac{d}{dx}(\cos x) = -\sin x$

3. **Third line:** Factor out the common term $e^{-3x}$ from both terms to simplify the expression.

4. **Fourth line:** Factor out $-1$ from the parentheses to present the final answer in its most compact form: $-e^{-3x}(3\cos x + \sin x)$.

---

# **Key Formulas or Methods Used**

- **Product Rule:** $\frac{d}{dx}[f(x)g(x)] = f'(x)g(x) + f(x)g'(x)$
- **Chain Rule:** $\frac{d}{dx}[f(g(x))] = f'(g(x)) \cdot g'(x)$
- **Derivative of exponential:** $\frac{d}{dx}(e^{ax}) = ae^{ax}$
- **Derivative of cosine:** $\frac{d}{dx}(\cos x) = -\sin x$

---

# **Summary of Steps**

1. Identify $y = e^{-3x}\cos x$ as a product of two functions requiring the product rule.
2. Differentiate $e^{-3x}$ using the chain rule to obtain $-3e^{-3x}$.
3. Differentiate $\cos x$ to obtain $-\sin x$.
4. Apply the product rule formula: $\frac{dy}{dx} = (-3e^{-3x})\cos x + e^{-3x}(-\sin x)$.
5. Simplify by factoring out $e^{-3x}$: $\frac{dy}{dx} = e^{-3x}(-3\cos x - \sin x)$.
6. Factor out $-1$ to obtain the final result: $\frac{dy}{dx} = -e^{-3x}(3\cos x + \sin x)$.",,,"unclassified","22",,"Find the derivative $\frac{dy}{dx}$ of the function:

$$y = e^{-3x} \cos x$$

---","ms78ez5snj0q6qz58b2wdm5a3s85q92c",,,"xd7axserfb2shshwpqaxrrk1vn8c7dq8","Exercise 2.7","exercise","{""blockIndex"":35,""chapterNumber"":2,""page"":71,""subjectSlug"":""maths-12""}"
"maths-12","02-limit-continuity-and-derivative","Limit, Continuity And Derivative","exercise-2-7","2.7 Implicit and Parametric Differentiation","m177pha2n8wfryx9wd884vqf8n8c6q02",,,,,,"false",,"# **Background and Explanation**

This problem involves **parametric differentiation**, where both $x$ and $y$ are expressed in terms of a parameter $t$. To find $\frac{dy}{dx}$, we calculate the derivatives of $x$ and $y$ with respect to $t$ separately, then apply the chain rule: $\frac{dy}{dx} = \frac{dy/dt}{dx/dt}$.

---

# **Solution**

First, rewrite $x$ using negative exponents to prepare for differentiation:
$$x = t + \frac{1}{t} = t + t^{-1}$$

**Differentiate $x$ with respect to $t$:**

$$\frac{dx}{dt} = \frac{d}{dt}(t) + \frac{d}{dt}\left(t^{-1}\right)$$

Applying the power rule:
$$\frac{dx}{dt} = 1 + (-1)t^{-1-1} = 1 - t^{-2}$$

Converting back to fractional form:
$$\frac{dx}{dt} = 1 - \frac{1}{t^{2}}$$

Combining over a common denominator:
$$\frac{dx}{dt} = \frac{t^{2} - 1}{t^{2}}$$

**Differentiate $y$ with respect to $t$:**

Given $y = t + 1$:

$$\frac{dy}{dt} = \frac{d}{dt}(t) + \frac{d}{dt}(1) = 1 + 0 = 1$$

**Apply the Chain Rule:**

To find $\frac{dy}{dx}$, we use:
$$\frac{dy}{dx} = \frac{dy}{dt} \times \frac{dt}{dx}$$

Since $\frac{dx}{dt} = \frac{t^{2} - 1}{t^{2}}$, the reciprocal is $\frac{dt}{dx} = \frac{t^{2}}{t^{2} - 1}$.

Substituting the values:
$$\frac{dy}{dx} = 1 \times \frac{t^{2}}{t^{2} - 1}$$

Therefore:
$$\frac{dy}{dx} = \frac{t^{2}}{t^{2} - 1}$$

---

# **Key Formulas or Methods Used**

- **Power Rule:** $\frac{d}{dt}(t^n) = nt^{n-1}$ (used to differentiate $t^{-1}$)
- **Chain Rule for Parametric Equations:** $\frac{dy}{dx} = \frac{dy/dt}{dx/dt} = \frac{dy}{dt} \times \frac{dt}{dx}$
- **Negative Exponent Rule:** $t^{-n} = \frac{1}{t^n}$ and $\frac{1}{t^n} = t^{-n}$

---

# **Summary of Steps**

1. Rewrite $x = t + \frac{1}{t}$ as $x = t + t^{-1}$ to apply the power rule
2. Differentiate $x$ with respect to $t$: $\frac{dx}{dt} = 1 - t^{-2} = \frac{t^2 - 1}{t^2}$
3. Differentiate $y = t + 1$ with respect to $t$: $\frac{dy}{dt} = 1$
4. Apply the chain rule: $\frac{dy}{dx} = \frac{dy}{dt} \div \frac{dx}{dt} = 1 \times \frac{t^2}{t^2 - 1} = \frac{t^2}{t^2 - 1}$",,,"unclassified","23",,"Given the parametric equations:
$$x = t + \frac{1}{t}, \quad y = t + 1$$

Find $\frac{dy}{dx}$ in terms of $t$.

---","ms78ez5snj0q6qz58b2wdm5a3s85q92c",,,"xd7axserfb2shshwpqaxrrk1vn8c7dq8","Exercise 2.7","exercise","{""blockIndex"":36,""chapterNumber"":2,""page"":71,""subjectSlug"":""maths-12""}"
"maths-12","02-limit-continuity-and-derivative","Limit, Continuity And Derivative","exercise-2-7","2.7 Implicit and Parametric Differentiation","m17djxyvwhs4htj5c7dq8tgc2d8c6ch1",,,,,,"false",,"# **Background and Explanation**

This problem involves **parametric differentiation**, where both $x$ and $y$ are defined in terms of a parameter $t$. Since $y$ is not explicitly expressed as a function of $x$, we use the chain rule to relate the derivatives with respect to $t$.

---

# **Solution**

## Step 1: Differentiate $x$ with respect to $t$

First, rewrite $x$ using negative exponents to apply the power rule easily:

$$x = t^{2}+\frac{1}{t^{2}} = t^{2}+t^{-2}$$

Differentiate term by term using the power rule $\frac{d}{dt}(t^n) = nt^{n-1}$:

$$\frac{dx}{dt} = \frac{d}{dt}(t^{2})+\frac{d}{dt}(t^{-2}) = 2t + (-2)t^{-3}$$

Simplify the expression:

$$\frac{dx}{dt} = 2t - 2t^{-3} = 2t - \frac{2}{t^{3}}$$

Combine over a common denominator $t^3$:

$$\frac{dx}{dt} = \frac{2t^{4}-2}{t^{3}}$$

Take the reciprocal to find $\frac{dt}{dx}$ (needed for the chain rule):

$$\frac{dt}{dx} = \frac{t^{3}}{2t^{4}-2}$$

## Step 2: Differentiate $y$ with respect to $t$

Rewrite $y$ using negative exponents:

$$y = t-\frac{1}{t} = t-t^{-1}$$

Differentiate term by term:

$$\frac{dy}{dt} = \frac{d}{dt}(t)-\frac{d}{dt}(t^{-1}) = 1 - (-1)t^{-2}$$

Simplify:

$$\frac{dy}{dt} = 1+t^{-2} = 1+\frac{1}{t^{2}}$$

Combine over a common denominator $t^2$:

$$\frac{dy}{dt} = \frac{t^{2}+1}{t^{2}}$$

## Step 3: Apply the Chain Rule

Using the chain rule for parametric equations:

$$\frac{dy}{dx} = \frac{dy}{dt} \times \frac{dt}{dx}$$

Substitute the expressions found above:

$$\frac{dy}{dx} = \frac{t^{2}+1}{t^{2}} \times \frac{t^{3}}{2t^{4}-2}$$

Multiply the numerators and denominators:

$$= \frac{(t^{2}+1) \times t^{3}}{t^{2} \times 2(t^{4}-1)}$$

Cancel $t^2$ from numerator and denominator:

$$= \frac{(t^{2}+1) \cdot t}{2(t^{4}-1)}$$

Therefore, the final answer is:

$$\frac{dy}{dx} = \frac{t(t^{2}+1)}{2(t^{4}-1)}$$

---

# **Key Formulas or Methods Used**

- **Chain Rule for Parametric Equations:** $\frac{dy}{dx} = \frac{dy}{dt} \times \frac{dt}{dx}$ (or equivalently $\frac{dy}{dx} = \frac{dy/dt}{dx/dt}$)
- **Power Rule:** $\frac{d}{dt}(t^n) = nt^{n-1}$ for any real number $n$
- **Negative Exponents:** $\frac{1}{t^n} = t^{-n}$ (used to rewrite terms before differentiating)
- **Reciprocal Rule:** $\frac{dt}{dx} = \frac{1}{\frac{dx}{dt}}$

---

# **Summary of Steps**

1. **Rewrite** $x$ and $y$ using negative exponents ($t^{-n}$ format) to prepare for differentiation
2. **Differentiate $x$** with respect to $t$ to get $\frac{dx}{dt}$, then take the reciprocal to find $\frac{dt}{dx}$
3. **Differentiate $y$** with respect to $t$ to get $\frac{dy}{dt}$
4. **Apply the chain rule** by multiplying: $\frac{dy}{dx} = \frac{dy}{dt} \times \frac{dt}{dx}$
5. **Simplify** the resulting algebraic expression by factoring and canceling common terms",,,"unclassified","24",,"Find $\frac{dy}{dx}$ given the parametric equations:

$$x = t^{2}+\frac{1}{t^{2}} \quad \text{and} \quad y=t-\frac{1}{t}$$

---","ms78ez5snj0q6qz58b2wdm5a3s85q92c",,,"xd7axserfb2shshwpqaxrrk1vn8c7dq8","Exercise 2.7","exercise","{""blockIndex"":36,""chapterNumber"":2,""page"":71,""subjectSlug"":""maths-12""}"
"maths-12","02-limit-continuity-and-derivative","Limit, Continuity And Derivative","exercise-2-7","2.7 Implicit and Parametric Differentiation","m1782xsgk9nas00jpqawrarnas8c6nxt",,,,,,"false",,"# **Background and Explanation**

This problem involves **parametric differentiation**, where both $x$ and $y$ are defined in terms of a third variable (parameter) $\theta$. To find $\frac{dy}{dx}$, we calculate the derivatives of $x$ and $y$ with respect to $\theta$ separately, then apply the chain rule.

---

# **Solution**

## Step 1: Find $\frac{dx}{d\theta}$

Given:

$$x=\frac{\theta^{2}-1}{\theta^{2}+1}$$

Differentiate with respect to $\theta$ using the **quotient rule** $\frac{d}{d\theta}\left(\frac{u}{v}\right) = \frac{v\frac{du}{d\theta} - u\frac{dv}{d\theta}}{v^2}$:

$$
\begin{aligned}
\frac{dx}{d\theta} &= \frac{(\theta^{2}+1)\frac{d}{d\theta}(\theta^{2}-1) - (\theta^{2}-1)\frac{d}{d\theta}(\theta^{2}+1)}{(\theta^{2}+1)^{2}} \\
&= \frac{(\theta^{2}+1)(2\theta) - (\theta^{2}-1)(2\theta)}{(\theta^{2}+1)^{2}} \\
&= \frac{2\theta^{3}+2\theta - 2\theta^{3}+2\theta}{(\theta^{2}+1)^{2}} \\
&= \frac{4\theta}{(\theta^{2}+1)^{2}}
\end{aligned}
$$

## Step 2: Find $\frac{dy}{d\theta}$

Given:

$$y=\frac{\theta-1}{\theta+1}$$

Differentiate with respect to $\theta$ using the quotient rule:

$$
\begin{aligned}
\frac{dy}{d\theta} &= \frac{(\theta+1)\frac{d}{d\theta}(\theta-1) - (\theta-1)\frac{d}{d\theta}(\theta+1)}{(\theta+1)^{2}} \\
&= \frac{(\theta+1)(1) - (\theta-1)(1)}{(\theta+1)^{2}} \\
&= \frac{\theta+1-\theta+1}{(\theta+1)^{2}} \\
&= \frac{2}{(\theta+1)^{2}}
\end{aligned}
$$

## Step 3: Apply the Chain Rule

By the chain rule for parametric equations:

$$\frac{dy}{dx} = \frac{dy}{d\theta} \times \frac{d\theta}{dx} = \frac{dy/d\theta}{dx/d\theta}$$

Substitute the derivatives found above:

$$
\begin{aligned}
\frac{dy}{dx} &= \frac{\frac{2}{(\theta+1)^{2}}}{\frac{4\theta}{(\theta^{2}+1)^{2}}} \\
&= \frac{2}{(\theta+1)^{2}} \times \frac{(\theta^{2}+1)^{2}}{4\theta} \\
&= \frac{(\theta^{2}+1)^{2}}{2\theta(\theta+1)^{2}}
\end{aligned}
$$

---

# **Key Formulas or Methods Used**

- **Quotient Rule:** $\frac{d}{dx}\left(\frac{u}{v}\right) = \frac{v\frac{du}{dx} - u\frac{dv}{dx}}{v^2}$
- **Chain Rule (Parametric):** $\frac{dy}{dx} = \frac{dy/d\theta}{dx/d\theta}$

---

# **Summary of Steps**

1. **Differentiate $x$:** Apply the quotient rule to $x=\frac{\theta^{2}-1}{\theta^{2}+1}$ to obtain $\frac{dx}{d\theta} = \frac{4\theta}{(\theta^{2}+1)^{2}}$
2. **Differentiate $y$:** Apply the quotient rule to $y=\frac{\theta-1}{\theta+1}$ to obtain $\frac{dy}{d\theta} = \frac{2}{(\theta+1)^{2}}$
3. **Apply chain rule:** Divide $\frac{dy}{d\theta}$ by $\frac{dx}{d\theta}$ (or multiply by $\frac{d\theta}{dx}$)
4. **Simplify:** Cancel common factors to get the final result $\frac{(\theta^{2}+1)^{2}}{2\theta(\theta+1)^{2}}$",,,"unclassified","25",,"Given the parametric equations:

$$x=\frac{\theta^{2}-1}{\theta^{2}+1} \quad \text{and} \quad y=\frac{\theta-1}{\theta+1}$$

Find $\frac{dy}{dx}$.

---","ms78ez5snj0q6qz58b2wdm5a3s85q92c",,,"xd7axserfb2shshwpqaxrrk1vn8c7dq8","Exercise 2.7","exercise","{""blockIndex"":36,""chapterNumber"":2,""page"":71,""subjectSlug"":""maths-12""}"
"maths-12","02-limit-continuity-and-derivative","Limit, Continuity And Derivative","exercise-2-7","2.7 Implicit and Parametric Differentiation","m170pzgb2ez4vtpe1wvdqwq84d8c7274",,,,,,"false",,"# **Background and Explanation**

This problem involves **parametric differentiation**, where both $x$ and $y$ are expressed in terms of a parameter $\theta$. To find $\frac{dy}{dx}$, we differentiate both equations with respect to $\theta$ and then apply the chain rule to relate these derivatives.

---

# **Solution**

## Part (a): Finding $\frac{dy}{dx}$

**Step 1: Differentiate $x$ with respect to $\theta$**

Given:
$$x = \sin 2\theta$$

Differentiating with respect to $\theta$ using the chain rule:
$$
\begin{aligned}
\frac{dx}{d\theta} &= \frac{d}{d\theta}(\sin 2\theta) \\
&= \cos 2\theta \cdot 2 \\
\frac{dx}{d\theta} &= 2\cos 2\theta
\end{aligned}
$$

**Step 2: Differentiate $y$ with respect to $\theta$**

Given:
$$y = \cos 4\theta$$

Differentiating with respect to $\theta$ using the chain rule:
$$
\begin{aligned}
\frac{dy}{d\theta} &= \frac{d}{d\theta}(\cos 4\theta) \\
&= -\sin 4\theta \cdot 4 \\
\frac{dy}{d\theta} &= -4\sin 4\theta
\end{aligned}
$$

**Step 3: Apply the chain rule**

By the chain rule for parametric equations:
$$\frac{dy}{dx} = \frac{dy}{d\theta} \times \frac{d\theta}{dx} = \frac{dy/d\theta}{dx/d\theta}$$

Substituting the derivatives found above:
$$
\begin{aligned}
\frac{dy}{dx} &= -4\sin 4\theta \times \frac{1}{2\cos 2\theta} \\
&= \frac{-4\sin 4\theta}{2\cos 2\theta} \\
\frac{dy}{dx} &= \frac{-2\sin 4\theta}{\cos 2\theta}
\end{aligned}
$$

## Part (b): Finding $\Delta y$ and $dy$

*(Solution steps for this part were not provided in the source data.)*

---

# **Key Formulas or Methods Used**

- **Chain rule for parametric equations:** $\displaystyle \frac{dy}{dx} = \frac{dy/d\theta}{dx/d\theta}$
- **Derivative of sine function:** $\displaystyle \frac{d}{d\theta}(\sin k\theta) = k\cos k\theta$
- **Derivative of cosine function:** $\displaystyle \frac{d}{d\theta}(\cos k\theta) = -k\sin k\theta$

---

# **Summary of Steps**

1. Differentiate $x = \sin 2\theta$ with respect to $\theta$ to get $\frac{dx}{d\theta} = 2\cos 2\theta$.
2. Differentiate $y = \cos 4\theta$ with respect to $\theta$ to get $\frac{dy}{d\theta} = -4\sin 4\theta$.
3. Apply the chain rule: $\frac{dy}{dx} = \frac{dy/d\theta}{dx/d\theta}$.
4. Substitute the expressions and simplify to obtain $\frac{dy}{dx} = \frac{-2\sin 4\theta}{\cos 2\theta}$.",,,"unclassified","26",,"Given the parametric equations:
$$x = \sin 2\theta, \quad y = \cos 4\theta$$

(a) Find $\frac{dy}{dx}$.

(b) Find $\Delta y$ and $dy$.

---","ms78ez5snj0q6qz58b2wdm5a3s85q92c",,,"xd7axserfb2shshwpqaxrrk1vn8c7dq8","Exercise 2.7","exercise","{""blockIndex"":36,""chapterNumber"":2,""page"":71,""subjectSlug"":""maths-12""}"
"maths-12","02-limit-continuity-and-derivative","Limit, Continuity And Derivative","exercise-2-7","2.7 Implicit and Parametric Differentiation","m177p5pypax0ry7tgzjd71b2hh8c62yt",,,,,,"false",,"# **Background and Explanation**

Differentials provide a linear approximation of how a function changes with small changes in its input. For a function $y = f(x)$, the differential is defined as $dy = f'(x)\,dx$, representing the principal (linear) part of the increment $\Delta y$. This concept extends to approximating function values near known points using the formula $f(x + \Delta x) \approx f(x) + f'(x)\Delta x$.

---

# **Solution**

## Part (a): Differential of $y = x^{2}+1$

Given the function:
$$y = x^{2}+1$$

First, we examine the increment $\Delta y$ when $x$ changes by $\Delta x$:
$$y + \Delta y = (x+\Delta x)^{2}+1$$

Expanding and solving for $\Delta y$:
$$\begin{aligned}
\Delta y &= (x+\Delta x)^{2}+1 - y \\
&= x^{2}+\Delta x^{2}+2x\Delta x+1 - (x^{2}+1) \\
&= x^{2}+\Delta x^{2}+2x\Delta x+1 - x^{2}-1 \\
&= \Delta x^{2}+2x\Delta x \\
&= \Delta x(\Delta x+2x)
\end{aligned}$$

For the differential, we differentiate $y = x^{2}+1$ with respect to $x$:
$$\begin{aligned}
dy &= d(x^{2}+1) \\
&= d(x^{2})+d(1) \\
&= 2x\,dx + 0 \\
&= 2x\,dx
\end{aligned}$$

---

# **Key Formulas or Methods Used**

- **Definition of Differential**: $dy = f'(x)\,dx$
- **Increment Method**: $\Delta y = f(x+\Delta x) - f(x)$
- **Trigonometric Identity**: $\sin A - \sin B = 2\cos\left(\frac{A+B}{2}\right)\sin\left(\frac{A-B}{2}\right)$
- **Linear Approximation Formula**: $f(x+\Delta x) \approx f(x) + f'(x)\Delta x$
- **Power Rule for Differentiation**: $\frac{d}{dx}(x^n) = nx^{n-1}$

---

# **Summary of Steps**

1. **For $y = x^{2}+1$**: Calculate $\Delta y = (x+\Delta x)^2 + 1 - (x^2+1) = \Delta x(\Delta x + 2x)$, then find $dy = 2x\,dx$",,,"unclassified","27",,"1. Find the differential $dy$ for the function $y = x^{2}+1$.

---","ms78ez5snj0q6qz58b2wdm5a3s85q92c",,,"xd7axserfb2shshwpqaxrrk1vn8c7dq8","Exercise 2.7","exercise","{""blockIndex"":37,""chapterNumber"":2,""page"":71,""subjectSlug"":""maths-12""}"
"maths-12","02-limit-continuity-and-derivative","Limit, Continuity And Derivative","exercise-2-7","2.7 Implicit and Parametric Differentiation","m171fxpts45n2q4txrqdvsqa8h8c644z",,,,,,"false",,"# **Background and Explanation**

Differentials provide a linear approximation of how a function changes with small changes in its input. For a function $y = f(x)$, the differential is defined as $dy = f'(x)\,dx$, representing the principal linear part of the increment $\Delta y$.

---

# **Solution**

To find the differential of the function $y = \sin x$, we can look at the relationship between the increment $\Delta y$ and the differential $dy$.

## Step 1: Determine the increment $\Delta y$
Given the function:
$$y = \sin x$$

We start by expressing the function after an increment $\Delta x$ is added to the input:
$$y + \Delta y = \sin(x + \Delta x)$$

To isolate the change in $y$ ($\Delta y$), we subtract the original function from both sides:
$$
\begin{aligned}
\Delta y &= \sin(x + \Delta x) - y \\
&= \sin(x + \Delta x) - \sin x
\end{aligned}
$$

## Step 2: Apply trigonometric identities
Using the trigonometric identity for the difference of sines, $\sin A - \sin B = 2\cos\left(\frac{A+B}{2}\right)\sin\left(\frac{A-B}{2}\right)$, we can rewrite the expression for $\Delta y$:
$$
\begin{aligned}
\Delta y &= 2\cos\left(\frac{(x + \Delta x) + x}{2}\right)\sin\left(\frac{(x + \Delta x) - x}{2}\right) \\
&= 2\cos\left(\frac{2x + \Delta x}{2}\right)\sin\left(\frac{\Delta x}{2}\right)
\end{aligned}
$$

## Step 3: Find the differential $dy$
By definition, the differential $dy$ is the product of the derivative of the function and the differential of the independent variable $dx$.

For the function $y = \sin x$, we find the derivative:
$$\frac{dy}{dx} = \cos x$$

Applying the formula for the differential $dy = f'(x)\,dx$:
$$
\begin{aligned}
dy &= d(\sin x) \\
&= \cos x\,dx
\end{aligned}
$$

---

# **Key Formulas or Methods Used**

- **Definition of Differential**: $dy = f'(x)\,dx$
- **Increment Method**: $\Delta y = f(x + \Delta x) - f(x)$
- **Trigonometric Identity**: $\sin A - \sin B = 2\cos\left(\frac{A+B}{2}\right)\sin\left(\frac{A-B}{2}\right)$
- **Derivative of Sine**: $\frac{d}{dx}(\sin x) = \cos x$

---

# **Summary of Steps**

1. **Identify the function**: Start with $y = \sin x$.
2. **Analyze the increment**: Use the sine difference identity to show that $\Delta y = 2\cos\left(\frac{2x + \Delta x}{2}\right)\sin\left(\frac{\Delta x}{2}\right)$.
3. **Calculate the derivative**: Determine that $f'(x) = \cos x$.
4. **State the differential**: Multiply the derivative by $dx$ to get $dy = \cos x\,dx$.",,,"unclassified","28",,"Find the differential $dy$ for the function:
$$y = \sin x$$

---","ms78ez5snj0q6qz58b2wdm5a3s85q92c",,,"xd7axserfb2shshwpqaxrrk1vn8c7dq8","Exercise 2.7","exercise","{""blockIndex"":37,""chapterNumber"":2,""page"":71,""subjectSlug"":""maths-12""}"
"maths-12","02-limit-continuity-and-derivative","Limit, Continuity And Derivative","exercise-2-7","2.7 Implicit and Parametric Differentiation","m17ev52ge1czpp6mnq28p7t0e18c7397",,,,,,"false",,"# **Background and Explanation**

Differentials provide a linear approximation of how a function changes with small changes in its input. For a function $y = f(x)$, the differential is defined as $dy = f'(x)\,dx$, representing the principal (linear) part of the increment $\Delta y$. This concept extends to approximating function values near known points using the formula $f(x + \Delta x) \approx f(x) + f'(x)\Delta x$.

---

# **Solution**

To find the approximation of $(1.8)^{5}$, we follow these steps:

**1. Identify the function and the point of interest**
We want to approximate $(1.8)^{5}$, so we define the function:
$$f(x) = x^{5}$$

We rewrite $1.8$ as a value near a known integer power, which is $2 - 0.2$:
$$(1.8)^{5} = (2-0.2)^{5}$$

**2. Define the base value and the change**
We choose:
- $x = 2$ (the base value where $2^5$ is easy to calculate)
- $\Delta x = dx = -0.2$ (the small change from the base value)

**3. Differentiate the function**
Differentiate $f(x)$ with respect to $x$ using the power rule:
$$f'(x) = 5x^{5-1} = 5x^{4}$$

**4. Apply the linear approximation formula**
Using the formula $f(x+\Delta x) \approx f(x) + f'(x)\,dx$, we substitute our values:
$$
\begin{aligned}
(x+\Delta x)^{5} &\approx x^{5} + 5x^{4}\,dx \\
(2+(-0.2))^{5} &\approx (2)^{5} + 5(2)^{4}(-0.2) \\
(1.8)^{5} &\approx 32 + 5(16)(-0.2) \\
&\approx 32 - 16 \\
&= 16
\end{aligned}
$$

Hence, the approximation for $(1.8)^{5}$ is $16$.

---

# **Key Formulas or Methods Used**

- **Definition of Differential**: $dy = f'(x)\,dx$
- **Increment Method**: $\Delta y = f(x+\Delta x) - f(x)$
- **Trigonometric Identity**: $\sin A - \sin B = 2\cos\left(\frac{A+B}{2}\right)\sin\left(\frac{A-B}{2}\right)$
- **Linear Approximation Formula**: $f(x+\Delta x) \approx f(x) + f'(x)\Delta x$
- **Power Rule for Differentiation**: $\frac{d}{dx}(x^n) = nx^{n-1}$

---

# **Summary of Steps**

1. Set $f(x) = x^{5}$ with a base point $x = 2$ and a change $\Delta x = -0.2$.
2. Compute the function value at the base point: $f(2) = 2^5 = 32$.
3. Compute the derivative value at the base point: $f'(2) = 5(2)^4 = 80$.
4. Apply the approximation formula: $f(1.8) \approx 32 + 80(-0.2) = 16$.",,,"unclassified","29",,"Use the concept of the differential to find an approximation for $(1.8)^{5}$.

---","ms78ez5snj0q6qz58b2wdm5a3s85q92c",,,"xd7axserfb2shshwpqaxrrk1vn8c7dq8","Exercise 2.7","exercise","{""blockIndex"":38,""chapterNumber"":2,""page"":71,""subjectSlug"":""maths-12""}"
"maths-12","02-limit-continuity-and-derivative","Limit, Continuity And Derivative","exercise-2-7","2.7 Implicit and Parametric Differentiation","m179ksxd2kt5jbamh22akt3tp58c7p5j",,,,,,"false",,"# **Background and Explanation**

This problem involves differentiating a product of two composite functions. You will need to apply the **product rule** to handle the multiplication, and the **chain rule** to differentiate the powers of linear expressions.

---

# **Solution**

Begin by identifying the two functions being multiplied: let $u = (3x-1)^4$ and $v = (-2x+9)^5$.

Apply the product rule $\frac{d}{dx}(uv) = u'v + uv'$:

$$
\frac{dy}{dx} = \frac{d}{dx}(3x-1)^4 \cdot (-2x+9)^5 + (3x-1)^4 \cdot \frac{d}{dx}(-2x+9)^5
$$

Now apply the chain rule to each derivative. For the first term, differentiate the outer power function and multiply by the derivative of the inner linear function. Do the same for the second term:

$$
\begin{aligned}
\frac{dy}{dx} &= 4(3x-1)^3 \cdot \frac{d}{dx}(3x-1) \cdot (-2x+9)^5 + (3x-1)^4 \cdot 5(-2x+9)^4 \cdot \frac{d}{dx}(-2x+9) \\
&= 4(3x-1)^3(3-0)(-2x+9)^5 + (3x-1)^4 \cdot 5(-2x+9)^4(-2+0) \\
&= 12(3x-1)^3(-2x+9)^5 - 10(3x-1)^4(-2x+9)^4
\end{aligned}
$$

Factor out the greatest common factor $2(3x-1)^3(-2x+9)^4$ from both terms. Note that the first term retains a factor of $(-2x+9)$ and coefficient $6$ (since $12/2=6$), while the second term retains a factor of $(3x-1)$ and coefficient $-5$ (since $-10/2=-5$):

$$
\begin{aligned}
\frac{dy}{dx} &= 2(3x-1)^3(-2x+9)^4\left[6(-2x+9) - 5(3x-1)\right] \\
&= 2(3x-1)^3(-2x+9)^4(-12x + 54 - 15x + 5) \\
&= 2(3x-1)^3(-2x+9)^4(-27x + 59)
\end{aligned}
$$

---

# **Key Formulas or Methods Used**

- **Product Rule:** $\frac{d}{dx}[f(x)g(x)] = f'(x)g(x) + f(x)g'(x)$
- **Chain Rule:** $\frac{d}{dx}[f(g(x))] = f'(g(x)) \cdot g'(x)$
- **Power Rule:** $\frac{d}{dx}[x^n] = nx^{n-1}$

---

# **Summary of Steps**

1. Identify the two functions in the product: $(3x-1)^4$ and $(-2x+9)^5$
2. Apply the product rule: $\frac{d}{dx}(uv) = u'v + uv'$
3. Apply the chain rule to differentiate each composite function, yielding $4(3x-1)^3(3)$ and $5(-2x+9)^4(-2)$
4. Simplify to obtain $12(3x-1)^3(-2x+9)^5 - 10(3x-1)^4(-2x+9)^4$
5. Factor out the common term $2(3x-1)^3(-2x+9)^4$
6. Simplify the expression inside the brackets: $6(-2x+9) - 5(3x-1) = -27x + 59$
7. State the final answer: $2(3x-1)^3(-2x+9)^4(-27x+59)$",,,"unclassified","3",,"Find the derivative of $y = (3x-1)^4(-2x+9)^5$ with respect to $x$.

---","ms78ez5snj0q6qz58b2wdm5a3s85q92c",,,"xd7axserfb2shshwpqaxrrk1vn8c7dq8","Exercise 2.7","exercise","{""blockIndex"":33,""chapterNumber"":2,""page"":71,""subjectSlug"":""maths-12""}"
"maths-12","02-limit-continuity-and-derivative","Limit, Continuity And Derivative","exercise-2-7","2.7 Implicit and Parametric Differentiation","m1750qyy5bnvd684ztrbmz7axh8c7c4g",,,,,,"false",,"# **Background and Explanation**

These problems use **linear approximation** (differential approximation) to estimate function values near a known point using the tangent line. The method requires the formula $f(x+\Delta x) \approx f(x) + f'(x)\Delta x$, where $x$ is chosen as a convenient value where the function and its derivative are easily calculated.

---

# **Solution**

## Q30: Approximating $\sqrt{37}$

We express $\sqrt{37}$ as a small increment from a perfect square:
$$
\sqrt{37} = (37)^{1/2} = (36+1)^{1/2}
$$

Choose $x = 36$ (since $\sqrt{36} = 6$ is known exactly) and $\Delta x = dx = 1$.

Let $f(x) = \sqrt{x}$.

Differentiate with respect to $x$:
$$
\begin{aligned}
f'(x) &= \frac{1}{2}x^{\frac{1}{2}-1} \\
&= \frac{1}{2}x^{-\frac{1}{2}} \\
&= \frac{1}{2\sqrt{x}}
\end{aligned}
$$

Using the linear approximation formula:
$$
f(x+\Delta x) \approx f(x) + f'(x) \cdot dx
$$

This gives us:
$$
\sqrt{x+\Delta x} \approx \sqrt{x} + \frac{1}{2\sqrt{x}} \cdot dx
$$

Substituting $x = 36$ and $dx = 1$:
$$
\begin{aligned}
\sqrt{36+1} &\approx \sqrt{36} + \frac{1}{2\sqrt{36}}(1) \\
\sqrt{37} &\approx 6 + \frac{1}{2(6)} \\
&= 6 + \frac{1}{12} \\
&= 6 + 0.0833 \\
&= 6.0833
\end{aligned}
$$

Hence:
$$
\sqrt{37} \approx 6.0833
$$

---

# **Key Formulas or Methods Used**

- **Linear Approximation Formula:** $f(x+\Delta x) \approx f(x) + f'(x)\Delta x$
- **Power Rule:** $\frac{d}{dx}(x^n) = nx^{n-1}$ (applied to $\sqrt{x} = x^{1/2}$)
- **Derivative of Sine:** $\frac{d}{dx}(\sin x) = \cos x$
- **Degree to Radian Conversion:** $1^{\circ} = \frac{\pi}{180}$ radians $\approx 0.01745$ rad

---

# **Summary of Steps**

**For $\sqrt{37}$:**
1. Express as $\sqrt{36+1}$, choosing $x=36$ and $\Delta x=1$
2. Define $f(x)=\sqrt{x}$ and compute $f'(x)=\frac{1}{2\sqrt{x}}$
3. Apply formula: $\sqrt{37} \approx 6 + \frac{1}{12} \approx 6.0833$",,,"unclassified","30",,"Find the approximate value of $\sqrt{37}$ using differentials.

---","ms78ez5snj0q6qz58b2wdm5a3s85q92c",,,"xd7axserfb2shshwpqaxrrk1vn8c7dq8","Exercise 2.7","exercise","{""blockIndex"":38,""chapterNumber"":2,""page"":71,""subjectSlug"":""maths-12""}"
"maths-12","02-limit-continuity-and-derivative","Limit, Continuity And Derivative","exercise-2-7","2.7 Implicit and Parametric Differentiation","m17606p3xf0mvyvby8ff1m7yb98c7hfm",,,,,,"false",,"# **Background and Explanation**

These problems use **linear approximation** (differential approximation) to estimate function values near a known point using the tangent line. The method requires the formula $f(x+\Delta x) \approx f(x) + f'(x)\Delta x$, where $x$ is chosen as a convenient value where the function and its derivative are easily calculated.

---

# **Solution**

## Approximating $\sin 31^{\circ}$

To find the approximate value, we express the angle as a sum of a standard angle (where values are known) and a small increment:
$$
\sin 31^{\circ} = \sin(30^{\circ} + 1^{\circ})
$$

We choose $x = 30^{\circ}$ (where $\sin 30^{\circ} = 0.5$ is known) and the increment $\Delta x = 1^{\circ}$.

**Step 1: Convert the increment to radians**
For trigonometric derivatives to be valid, we must work in radians rather than degrees. We convert $dx = 1^{\circ}$ to radians:
$$
dx = 1^{\circ} = \frac{\pi}{180} \text{ radians} \approx 0.01745 \text{ rad}
$$

**Step 2: Define the function and its derivative**
Let the function be:
$$
f(x) = \sin x
$$
Differentiating with respect to $x$ gives:
$$
f'(x) = \cos x
$$

**Step 3: Apply the linear approximation formula**
Using the linear approximation formula:
$$
f(x+\Delta x) \approx f(x) + f'(x) \cdot dx
$$
This yields:
$$
\sin(x+\Delta x) \approx \sin x + \cos x \cdot dx
$$

**Step 4: Substitute the known values**
Substituting $x = 30^{\circ}$ and $dx \approx 0.01745$:
$$
\begin{aligned}
\sin(30^{\circ}+1^{\circ}) &\approx \sin 30^{\circ} + \cos 30^{\circ}(0.01745) \\
\sin 31^{\circ} &\approx 0.5 + (0.866)(0.01745) \\
\sin 31^{\circ} &\approx 0.5 + 0.0151117 \\
\sin 31^{\circ} &\approx 0.5151
\end{aligned}
$$

Hence, the approximate value is:
$$
\sin 31^{\circ} \approx 0.5151
$$

---

# **Key Formulas or Methods Used**

- **Linear Approximation Formula:** $f(x+\Delta x) \approx f(x) + f'(x)\Delta x$
- **Power Rule:** $\frac{d}{dx}(x^n) = nx^{n-1}$ (Note: used for general differential problems)
- **Derivative of Sine:** $\frac{d}{dx}(\sin x) = \cos x$
- **Degree to Radian Conversion:** $1^{\circ} = \frac{\pi}{180}$ radians $\approx 0.01745$ rad

---

# **Summary of Steps**

1. Express the angle as $x + \Delta x$, choosing $x=30^{\circ}$ and $\Delta x=1^{\circ}$.
2. Convert the degree increment $\Delta x$ to radians: $dx = \frac{\pi}{180} \approx 0.01745$.
3. Define the function $f(x)=\sin x$ and find its derivative $f'(x)=\cos x$.
4. Apply the differential formula and substitute the values: $\sin 31^{\circ} \approx 0.5 + 0.866(0.01745) \approx 0.5151$.",,,"unclassified","31",,"Find the approximate value of $\sin 31^{\circ}$ using differentials.

---","ms78ez5snj0q6qz58b2wdm5a3s85q92c",,,"xd7axserfb2shshwpqaxrrk1vn8c7dq8","Exercise 2.7","exercise","{""blockIndex"":38,""chapterNumber"":2,""page"":71,""subjectSlug"":""maths-12""}"
"maths-12","02-limit-continuity-and-derivative","Limit, Continuity And Derivative","exercise-2-7","2.7 Implicit and Parametric Differentiation","m17f98hrar6580gemstzf7zhws8c67bs",,,,,,"false",,"# **Background and Explanation**

This problem uses **linear approximation** (or differential approximation), which estimates the value of a function near a known point using the tangent line. When $\Delta x$ is small, $f(x+\Delta x) \approx f(x) + f'(x)\Delta x$.

---

# **Solution**

We want to approximate $\tan \left(\frac{\pi}{4}+0.1\right)$ using the method of differentials.

**Step 1: Choose the function and values**

Let $f(x) = \tan x$

Choose a base point $x = \frac{\pi}{4}$ (since $\tan \frac{\pi}{4}$ is known exactly) and the increment $\Delta x = dx = 0.1$.

Note that $\frac{\pi}{4} + 0.1 = x + \Delta x$, so we can apply the approximation formula.

**Step 2: Find the derivative**

Differentiate $f(x) = \tan x$ with respect to $x$:

$$f'(x) = \sec^2 x$$

**Step 3: Apply the linear approximation formula**

The formula for differential approximation is:

$$f(x+\Delta x) \approx f(x) + f'(x) \, dx$$

Substituting our specific function:

$$\tan(x+\Delta x) \approx \tan x + \sec^2 x \cdot dx$$

**Step 4: Substitute the numerical values**

Plugging in $x = \frac{\pi}{4}$ and $dx = 0.1$:

$$\tan \left(\frac{\pi}{4}+0.1\right) \approx \tan \frac{\pi}{4} + \sec^2 \frac{\pi}{4} \cdot (0.1)$$

**Step 5: Evaluate the trigonometric functions**

We know that:
- $\tan \frac{\pi}{4} = 1$
- $\sec \frac{\pi}{4} = \frac{1}{\cos \frac{\pi}{4}} = \frac{1}{\frac{1}{\sqrt{2}}} = \sqrt{2}$

Therefore:
- $\sec^2 \frac{\pi}{4} = (\sqrt{2})^2 = 2$

**Step 6: Calculate the final approximation**

$$
\begin{aligned}
\tan \left(\frac{\pi}{4}+0.1\right) &\approx 1 + (2)(0.1) \\
&= 1 + 0.2 \\
&= 1.2
\end{aligned}
$$

Hence, $\tan \left(\frac{\pi}{4}+0.1\right) \approx 1.2$.

---

# **Key Formulas or Methods Used**

- **Linear Approximation Formula:** $f(x+\Delta x) \approx f(x) + f'(x) \, dx$
- **Derivative of Tangent:** $\frac{d}{dx}(\tan x) = \sec^2 x$
- **Trigonometric Values:** $\tan \frac{\pi}{4} = 1$ and $\sec \frac{\pi}{4} = \sqrt{2}$

---

# **Summary of Steps**

1. Identify $f(x) = \tan x$ and choose $x = \frac{\pi}{4}$ (where the value is known) with $\Delta x = 0.1$
2. Compute the derivative $f'(x) = \sec^2 x$
3. Apply the linear approximation formula: $f(x+\Delta x) \approx f(x) + f'(x)\Delta x$
4. Substitute values: $\tan \frac{\pi}{4} + \sec^2 \frac{\pi}{4} \cdot (0.1)$
5. Evaluate: $1 + 2(0.1) = 1.2$",,,"unclassified","32",,"Approximate the value of $\tan \left(\frac{\pi}{4}+0.1\right)$ using differentials.

---","ms78ez5snj0q6qz58b2wdm5a3s85q92c",,,"xd7axserfb2shshwpqaxrrk1vn8c7dq8","Exercise 2.7","exercise","{""blockIndex"":38,""chapterNumber"":2,""page"":71,""subjectSlug"":""maths-12""}"
"maths-12","02-limit-continuity-and-derivative","Limit, Continuity And Derivative","exercise-2-7","2.7 Implicit and Parametric Differentiation","m178ke85vd1rsckegmc6n8hm4n8c652c",,,,,,"false",,"# **Background and Explanation**

This problem involves differentiating a product of two composite functions: a polynomial raised to a power $(2\theta+1)^3$ and a squared trigonometric function $\tan^2\theta$. You will need to apply the **product rule** in combination with the **chain rule** to handle each component.

---

# **Solution**

We begin by recognizing that $f(\theta)$ is a product of two functions:
- $u = (2\theta+1)^3$
- $v = \tan^2\theta$

To find $f'(\theta)$, we apply the **product rule**: $\frac{d}{d\theta}(u \cdot v) = \frac{du}{d\theta} \cdot v + u \cdot \frac{dv}{d\theta}$

$$
\begin{aligned}
f^{\prime}(\theta) &= \frac{d}{d \theta}(2 \theta+1)^{3} \cdot \tan ^{2} \theta+(2 \theta+1)^{3} \cdot \frac{d}{d \theta}\left(\tan ^{2} \theta\right) \\
&= 3(2 \theta+1)^{2} \cdot \frac{d}{d \theta}(2 \theta+1) \cdot \tan ^{2} \theta + (2 \theta+1)^{3} \cdot 2 \tan^{2-1} \theta \cdot \frac{d}{d \theta}(\tan \theta) \\
&= 3(2 \theta+1)^{2} \cdot(2+0) \cdot \tan ^{2} \theta+(2 \theta+1)^{3} \cdot 2 \tan \theta \cdot \sec ^{2} \theta \\
&= 6(2 \theta+1)^{2} \tan ^{2} \theta+2(2 \theta+1)^{3} \tan \theta \sec ^{2} \theta \\
&= 2(2 \theta+1)^{2} \tan \theta\left[3 \tan \theta+(2 \theta+1) \sec ^{2} \theta\right]
\end{aligned}
$$

**Step-by-step reasoning:**

1. **Apply the product rule**: We differentiate the first function $(2\theta+1)^3$ while keeping the second $\tan^2\theta$ unchanged, then add the first function unchanged times the derivative of the second.

2. **Differentiate $(2\theta+1)^3$**: Using the chain rule, we bring down the power 3, reduce the power by 1, then multiply by the derivative of the inner function $(2\theta+1)$, which is 2.

3. **Differentiate $\tan^2\theta$**: Using the chain rule on this composite function, we treat it as $(\tan\theta)^2$. We bring down the power 2, reduce the power by 1 to get $\tan\theta$, then multiply by the derivative of $\tan\theta$, which is $\sec^2\theta$.

4. **Simplify**: Multiply the constants $3 \times 2 = 6$ in the first term.

5. **Factor**: Extract the common factors $2(2\theta+1)^2\tan\theta$ from both terms to obtain the most compact form of the answer.

---

# **Key Formulas or Methods Used**

- **Product Rule**: $\frac{d}{d\theta}[u(\theta) \cdot v(\theta)] = u'(\theta) \cdot v(\theta) + u(\theta) \cdot v'(\theta)$
- **Chain Rule**: $\frac{d}{d\theta}[f(g(\theta))] = f'(g(\theta)) \cdot g'(\theta)$
- **Power Rule**: $\frac{d}{d\theta}[\theta^n] = n\theta^{n-1}$
- **Derivative of tangent**: $\frac{d}{d\theta}[\tan\theta] = \sec^2\theta$

---

# **Summary of Steps**

1. Identify the two functions being multiplied: $u = (2\theta+1)^3$ and $v = \tan^2\theta$
2. Find $\frac{du}{d\theta} = 3(2\theta+1)^2 \cdot 2 = 6(2\theta+1)^2$ using the chain rule
3. Find $\frac{dv}{d\theta} = 2\tan\theta \cdot \sec^2\theta$ using the chain rule
4. Apply the product rule: $f'(\theta) = \frac{du}{d\theta} \cdot v + u \cdot \frac{dv}{d\theta}$
5. Substitute the derivatives and simplify the expression
6. Factor out $2(2\theta+1)^2\tan\theta$ to obtain the final factored form",,,"unclassified","4",,"Differentiate the function $f(\theta)=(2 \theta+1)^{3} \tan ^{2} \theta$ with respect to $\theta$.

---","ms78ez5snj0q6qz58b2wdm5a3s85q92c",,,"xd7axserfb2shshwpqaxrrk1vn8c7dq8","Exercise 2.7","exercise","{""blockIndex"":33,""chapterNumber"":2,""page"":71,""subjectSlug"":""maths-12""}"
"maths-12","02-limit-continuity-and-derivative","Limit, Continuity And Derivative","exercise-2-7","2.7 Implicit and Parametric Differentiation","m1762s2b61frq0qfbf61be8ywx8c75q3",,,,,,"false",,"# **Background and Explanation**

This problem involves differentiating a product of two composite trigonometric functions. You will need to apply the **product rule** combined with the **chain rule** to handle the coefficients inside the sine and cosine functions.

---

# **Solution**

We are given the function:
$$y = \sin 2x \cos 3x$$

Since $y$ is a product of two functions, we apply the **product rule**. Let $u = \sin 2x$ and $v = \cos 3x$. The product rule states:
$$\frac{d}{dx}(uv) = \frac{du}{dx} \cdot v + u \cdot \frac{dv}{dx}$$

Differentiating with respect to $x$:

$$
\begin{aligned}
\frac{dy}{dx} &= \frac{d}{dx}(\sin 2x) \cdot \cos 3x + \sin 2x \cdot \frac{d}{dx}(\cos 3x) \\[6pt]
&= \cos 2x \cdot 2 \cdot \cos 3x + \sin 2x \cdot (-\sin 3x) \cdot 3 \\[6pt]
&= 2\cos 2x \cos 3x - 3\sin 2x \sin 3x
\end{aligned}
$$

**Step-by-step reasoning:**
- In the first term, we differentiate $\sin 2x$ using the chain rule: $\frac{d}{dx}(\sin 2x) = \cos 2x \cdot 2 = 2\cos 2x$
- In the second term, we differentiate $\cos 3x$ using the chain rule: $\frac{d}{dx}(\cos 3x) = -\sin 3x \cdot 3 = -3\sin 3x$
- Multiplying through and combining terms gives the final result

---

# **Key Formulas or Methods Used**

- **Product Rule:** $\frac{d}{dx}[u(x)v(x)] = u'(x)v(x) + u(x)v'(x)$
- **Chain Rule:** $\frac{d}{dx}[f(g(x))] = f'(g(x)) \cdot g'(x)$
- **Derivative of sine:** $\frac{d}{dx}(\sin ax) = a\cos ax$
- **Derivative of cosine:** $\frac{d}{dx}(\cos ax) = -a\sin ax$

---

# **Summary of Steps**

1. Identify $y$ as a product of two functions: $\sin 2x$ and $\cos 3x$
2. Apply the product rule: $\frac{dy}{dx} = \frac{d}{dx}(\sin 2x) \cdot \cos 3x + \sin 2x \cdot \frac{d}{dx}(\cos 3x)$
3. Use the chain rule to find $\frac{d}{dx}(\sin 2x) = 2\cos 2x$
4. Use the chain rule to find $\frac{d}{dx}(\cos 3x) = -3\sin 3x$
5. Substitute these derivatives back into the product rule expression
6. Simplify to obtain the final answer: $2\cos 2x \cos 3x - 3\sin 2x \sin 3x$",,,"unclassified","5",,"Find the derivative of $y = \sin 2x \cos 3x$ with respect to $x$.

---","ms78ez5snj0q6qz58b2wdm5a3s85q92c",,,"xd7axserfb2shshwpqaxrrk1vn8c7dq8","Exercise 2.7","exercise","{""blockIndex"":33,""chapterNumber"":2,""page"":71,""subjectSlug"":""maths-12""}"
"maths-12","02-limit-continuity-and-derivative","Limit, Continuity And Derivative","exercise-2-7","2.7 Implicit and Parametric Differentiation","m171vh5mw0mv4rw2m444ygaz8h8c64qy",,,,,,"false",,"# **Background and Explanation**

This problem involves differentiating a composite function using the **chain rule**, combined with derivatives of trigonometric functions where the arguments are linear functions of $x$ (requiring additional chain rule applications).

---

# **Solution**

We need to find $f'(x)$ where $f(x) = (\sec 4x + \tan 2x)^{5}$.

This is a composite function where the outer function is $u^5$ and the inner function is $u = \sec 4x + \tan 2x$.

**Step 1:** Apply the chain rule (power rule combined with chain rule):

$$f'(x) = 5(\sec 4x + \tan 2x)^{5-1} \cdot \frac{d}{dx}(\sec 4x + \tan 2x)$$

$$f'(x) = 5(\sec 4x + \tan 2x)^{4} \cdot \frac{d}{dx}(\sec 4x + \tan 2x)$$

**Step 2:** Differentiate the inner function term by term.

For $\frac{d}{dx}(\sec 4x)$:
- Using the chain rule: $\frac{d}{dx}[\sec u] = \sec u \tan u \cdot \frac{du}{dx}$ where $u = 4x$
- $\frac{d}{dx}(\sec 4x) = \sec 4x \tan 4x \cdot \frac{d}{dx}(4x) = \sec 4x \tan 4x \cdot 4 = 4\sec 4x \tan 4x$

For $\frac{d}{dx}(\tan 2x)$:
- Using the chain rule: $\frac{d}{dx}[\tan u] = \sec^2 u \cdot \frac{du}{dx}$ where $u = 2x$
- $\frac{d}{dx}(\tan 2x) = \sec^2 2x \cdot \frac{d}{dx}(2x) = \sec^2 2x \cdot 2 = 2\sec^2 2x$

**Step 3:** Substitute these derivatives back into the expression:

$$f'(x) = 5(\sec 4x + \tan 2x)^{4} \cdot \left(4\sec 4x \tan 4x + 2\sec^2 2x\right)$$

**Step 4:** Factor out the common factor of 2 from the parentheses:

$$f'(x) = 5(\sec 4x + \tan 2x)^{4} \cdot 2\left(2\sec 4x \tan 4x + \sec^2 2x\right)$$

**Step 5:** Simplify the numerical coefficients:

$$f'(x) = 10(\sec 4x + \tan 2x)^{4} \cdot \left(2\sec 4x \tan 4x + \sec^2 2x\right)$$

Therefore, the derivative is:

$$f'(x) = 10(\sec 4x + \tan 2x)^{4}\left(2\sec 4x \tan 4x + \sec^2 2x\right)$$

---

# **Key Formulas or Methods Used**

- **Chain Rule:** $\frac{d}{dx}[f(g(x))] = f'(g(x)) \cdot g'(x)$
- **Power Rule with Chain Rule:** $\frac{d}{dx}[u^n] = n u^{n-1} \cdot \frac{du}{dx}$
- **Derivative of Secant:** $\frac{d}{dx}[\sec u] = \sec u \tan u \cdot \frac{du}{dx}$
- **Derivative of Tangent:** $\frac{d}{dx}[\tan u] = \sec^2 u \cdot \frac{du}{dx}$
- **Constant Multiple Rule:** $\frac{d}{dx}[cu] = c\frac{du}{dx}$

---

# **Summary of Steps**

1. **Identify the structure:** Recognize $f(x)$ as a composite function (outer: power of 5, inner: trigonometric sum)
2. **Apply chain rule:** Differentiate the outer function $(\cdot)^5$ to get $5(\cdot)^4$, keeping the inner function unchanged
3. **Differentiate inner terms:**
   - For $\sec 4x$: apply chain rule to get $4\sec 4x \tan 4x$
   - For $\tan 2x$: apply chain rule to get $2\sec^2 2x$
4. **Combine results:** Multiply the outer derivative by the sum of inner derivatives
5. **Factor and simplify:** Factor out 2 from the trigonometric terms and multiply by the existing 5 to get the final coefficient 10",,,"unclassified","6",,"Find the derivative of the function:

$$f(x) = (\sec 4x + \tan 2x)^{5}$$

---","ms78ez5snj0q6qz58b2wdm5a3s85q92c",,,"xd7axserfb2shshwpqaxrrk1vn8c7dq8","Exercise 2.7","exercise","{""blockIndex"":33,""chapterNumber"":2,""page"":71,""subjectSlug"":""maths-12""}"
"maths-12","02-limit-continuity-and-derivative","Limit, Continuity And Derivative","exercise-2-7","2.7 Implicit and Parametric Differentiation","m17757cgwp38w7m2qcgr2703818c7xf2",,,,,,"false",,"# **Background and Explanation**

This problem requires applying the **quotient rule** for differentiation, combined with the **chain rule** to handle the composite trigonometric functions $\sin 4t$ and $\cos 3t$.

---

# **Solution**

Given the function:
$$h(t)=\frac{t+\sin 4 t}{10+\cos 3 t}$$

Differentiate with respect to $t$ using the quotient rule. Let $u = t + \sin 4t$ and $v = 10 + \cos 3t$.

$$
\begin{aligned}
h^{\prime}(t) &= \frac{(10+\cos 3 t) \frac{d}{d t}(t+\sin 4 t)-(t+\sin 4 t) \frac{d}{d t}(10+\cos 3 t)}{(10+\cos 3 t)^{2}} \\
&= \frac{(10+\cos 3 t)(1+\cos 4 t \cdot 4)-(t+\sin 4 t) \cdot(0+(-\sin 3 t) \cdot 3)}{(10+\cos 3 t)^{2}} \\
&= \frac{(10+\cos 3 t)(1+4 \cos 4 t)-(t+\sin 4 t)(3 \sin 3 t)}{(10+\cos 3 t)^{2}}
\end{aligned}
$$

---

# **Key Formulas or Methods Used**

- **Quotient Rule:** $\displaystyle \frac{d}{dt}\left[\frac{u(t)}{v(t)}\right] = \frac{v(t) \cdot u'(t) - u(t) \cdot v'(t)}{[v(t)]^2}$
- **Chain Rule:** $\displaystyle \frac{d}{dt}[f(g(t))] = f'(g(t)) \cdot g'(t)$
- **Derivative of Sine:** $\displaystyle \frac{d}{dt}(\sin kt) = k\cos kt$
- **Derivative of Cosine:** $\displaystyle \frac{d}{dt}(\cos kt) = -k\sin kt$

---

# **Summary of Steps**

1. **Identify components:** Let $u = t + \sin 4t$ (numerator) and $v = 10 + \cos 3t$ (denominator).
2. **Differentiate the numerator:** $\frac{d}{dt}(t + \sin 4t) = 1 + 4\cos 4t$ using the chain rule.
3. **Differentiate the denominator:** $\frac{d}{dt}(10 + \cos 3t) = -3\sin 3t$ using the chain rule.
4. **Apply the quotient rule:** Substitute $u, v, u',$ and $v'$ into the formula $\frac{vu' - uv'}{v^2}$.
5. **Simplify the expression:** Expand the terms in the numerator and write the final derivative.",,,"unclassified","7",,"Find the derivative of the function $h(t)=\frac{t+\sin 4 t}{10+\cos 3 t}$ with respect to $t$.

---","ms78ez5snj0q6qz58b2wdm5a3s85q92c",,,"xd7axserfb2shshwpqaxrrk1vn8c7dq8","Exercise 2.7","exercise","{""blockIndex"":33,""chapterNumber"":2,""page"":71,""subjectSlug"":""maths-12""}"
"maths-12","02-limit-continuity-and-derivative","Limit, Continuity And Derivative","exercise-2-7","2.7 Implicit and Parametric Differentiation","m172f3t6q3hvmn88sacv8hmmsd8c6tyg",,,,,,"false",,"# **Background and Explanation**

This problem involves differentiating a composite function using the chain rule multiple times. You will need to apply the derivatives of tangent and cosine functions sequentially, working from the outermost function inward.

---

# **Solution**

Given the function:
$$f(x)=\tan \left(\cos \frac{x}{2}\right)$$

We differentiate with respect to $x$ using the chain rule. The function is a composition where the outer function is $\tan(u)$ and the inner function is $u = \cos\left(\frac{x}{2}\right)$.

Applying the chain rule:
$$
\begin{aligned}
f^{\prime}(x) & =\sec ^{2}\left(\cos \frac{x}{2}\right) \cdot \frac{d}{d x}\left(\cos \frac{x}{2}\right) \\
& =\sec ^{2}\left(\cos \frac{x}{2}\right) \cdot\left(-\sin \frac{x}{2}\right) \cdot \frac{d}{d x}\left(\frac{x}{2}\right) \\
& =-\sec ^{2}\left(\cos \frac{x}{2}\right)\left(\sin \frac{x}{2}\right) \cdot \frac{1}{2} \\
& =\frac{-1}{2} \sec ^{2}\left(\cos \frac{x}{2}\right) \cdot \sin \left(\frac{x}{2}\right)
\end{aligned}
$$

**Step-by-step reasoning:**
1. **First chain rule application:** The derivative of $\tan(u)$ is $\sec^2(u)$, so we get $\sec^2\left(\cos \frac{x}{2}\right)$ multiplied by the derivative of the inner function $\cos \frac{x}{2}$.
2. **Second chain rule application:** To differentiate $\cos \frac{x}{2}$, we apply the chain rule again. The derivative of $\cos(v)$ is $-\sin(v)$, giving us $-\sin \frac{x}{2}$ multiplied by the derivative of $\frac{x}{2}$.
3. **Constant multiple rule:** The derivative of $\frac{x}{2}$ is $\frac{1}{2}$.
4. **Simplification:** Combine all factors, moving the constant $\frac{1}{2}$ to the front and keeping the negative sign.

Use implicit differentiation to find $\frac{d y}{d x}$ :

---

# **Key Formulas or Methods Used**

- **Chain Rule:** $\frac{d}{dx}[f(g(x))] = f'(g(x)) \cdot g'(x)$
- **Derivative of tangent:** $\frac{d}{du}[\tan(u)] = \sec^2(u)$
- **Derivative of cosine:** $\frac{d}{dv}[\cos(v)] = -\sin(v)$
- **Constant Multiple Rule:** $\frac{d}{dx}[cx] = c$ where $c$ is a constant

---

# **Summary of Steps**

1. Identify the outermost function as $\tan(u)$ and apply its derivative $\sec^2(u)$
2. Multiply by the derivative of the inner function $\cos\left(\frac{x}{2}\right)$ using the chain rule again
3. Differentiate $\frac{x}{2}$ to get $\frac{1}{2}$ and multiply by $-\sin\left(\frac{x}{2}\right)$
4. Combine all terms and simplify the expression to $\displaystyle -\frac{1}{2} \sec^2\left(\cos \frac{x}{2}\right) \sin\left(\frac{x}{2}\right)$",,,"unclassified","8",,"**Q8.** Find the derivative of the function $f(x)=\tan \left(\cos \frac{x}{2}\right)$ with respect to $x$.

---","ms78ez5snj0q6qz58b2wdm5a3s85q92c",,,"xd7axserfb2shshwpqaxrrk1vn8c7dq8","Exercise 2.7","exercise","{""blockIndex"":33,""chapterNumber"":2,""page"":71,""subjectSlug"":""maths-12""}"
"maths-12","02-limit-continuity-and-derivative","Limit, Continuity And Derivative","exercise-2-7","2.7 Implicit and Parametric Differentiation","m175k2cj84map7x42x5j4rad0s8c7150",,,,,,"false",,"# **Background and Explanation**

This problem requires **implicit differentiation**, a technique used when $y$ is defined as a function of $x$ implicitly rather than explicitly solved for $y$. Since $y$ depends on $x$, we apply the chain rule when differentiating terms containing $y$, then solve algebraically for $\frac{dy}{dx}$.

---

# **Solution**

We begin with the given equation of an ellipse:

$$4x^2 + y^2 = 8$$

Differentiate both sides of the equation with respect to $x$:

$$
\begin{aligned}
4 \frac{d}{dx}\left(x^{2}\right)+\frac{d}{dx}\left(y^{2}\right) &= \frac{d}{dx}(8) \\
4(2x) + 2y^{2-1} \frac{dy}{dx} &= 0 \\
8x + 2y \frac{dy}{dx} &= 0
\end{aligned}
$$

Next, isolate the term containing $\frac{dy}{dx}$ by moving $8x$ to the right side:

$$2y \frac{dy}{dx} = -8x$$

Solve for $\frac{dy}{dx}$ by dividing both sides by $2y$:

$$\frac{dy}{dx} = \frac{-8x}{2y}$$

Simplify the fraction by dividing numerator and denominator by $2$:

$$\frac{dy}{dx} = \frac{-4x}{y}$$

---

# **Key Formulas or Methods Used**

- **Implicit Differentiation**: Differentiating both sides of an equation with respect to $x$ while treating $y$ as a function of $x$
- **Chain Rule**: $\frac{d}{dx}[f(y)] = f'(y) \cdot \frac{dy}{dx}$, specifically $\frac{d}{dx}(y^2) = 2y \cdot \frac{dy}{dx}$
- **Power Rule**: $\frac{d}{dx}(x^n) = nx^{n-1}$ for differentiating $x^2$
- **Constant Rule**: $\frac{d}{dx}(c) = 0$ for any constant $c$

---

# **Summary of Steps**

1. Start with the given equation: $4x^2 + y^2 = 8$.
2. Differentiate both sides with respect to $x$.
3. Apply the power rule to $4x^2$ to obtain $8x$.
4. Apply the chain rule to $y^2$ to obtain $2y \frac{dy}{dx}$.
5. Set the derivative of the constant $8$ equal to $0$.
6. Rearrange the equation to isolate the term with $\frac{dy}{dx}$: $2y \frac{dy}{dx} = -8x$.
7. Divide both sides by $2y$ to solve for $\frac{dy}{dx}$.
8. Simplify the resulting expression to get the final answer: $\frac{dy}{dx} = \frac{-4x}{y}$.",,,"unclassified","9",,"Find $\frac{dy}{dx}$ for the curve defined implicitly by the equation:

$$4x^2 + y^2 = 8$$

---","ms78ez5snj0q6qz58b2wdm5a3s85q92c",,,"xd7axserfb2shshwpqaxrrk1vn8c7dq8","Exercise 2.7","exercise","{""blockIndex"":34,""chapterNumber"":2,""page"":71,""subjectSlug"":""maths-12""}"
"maths-12","02-limit-continuity-and-derivative","Limit, Continuity And Derivative","exercise-2-8","2.8 Higher-Order Derivatives and the Leibniz Rule","m176w3k7bacthpqf42jycdkxkd85qpar","true","Federal Board",,"[""Correctly applies implicit differentiation to the original equation"",""Solves for first derivative $\\frac{dy}{dx}$ by rearranging terms"",""Differentiates the first derivative expression implicitly using quotient rule"",""Substitutes the expression for $\\frac{dy}{dx}$ into the second derivative"",""Simplifies to obtain final answer $\\frac{d^2y}{dx^2} = \\frac{-2(1+y^2)^2}{y^5}$""]",,"false","4","Given $y = x + \tan^{-1} y$, we differentiate implicitly with respect to $x$:

$$\frac{dy}{dx} = 1 + \frac{1}{1+y^2} \cdot \frac{dy}{dx}$$

Rearranging: $\frac{dy}{dx}\left(1 - \frac{1}{1+y^2}\right) = 1$, so $\frac{dy}{dx} = \frac{1+y^2}{y^2}$.

For the second derivative, differentiate $\frac{dy}{dx} = \frac{1+y^2}{y^2}$ implicitly:

$$\frac{d^2y}{dx^2} = \frac{2y\frac{dy}{dx} \cdot y^2 - (1+y^2) \cdot 2y\frac{dy}{dx}}{y^4} = \frac{-2(1+y^2)\frac{dy}{dx}}{y^3}$$

Substituting $\frac{dy}{dx} = \frac{1+y^2}{y^2}$:

$$\frac{d^2y}{dx^2} = \frac{-2(1+y^2)^2}{y^5}$$",,"B","short","5","annual","Use implicit rule to find the second derivative of the function $y = x + \tan^{-1} y$","ms7a3dwd4cnp805q6bz3yz6nps85prxr","2022",,,,,
"maths-12","02-limit-continuity-and-derivative","Limit, Continuity And Derivative","exercise-2-8","2.8 Higher-Order Derivatives and the Leibniz Rule","m1790h9ydjmyh4vh1be9swc3y985q5c2","true","Federal Board",,"[""Correctly identify $f(x) = \\sin x$ and apply Taylor's Series formula $f(x+h) = f(x) + hf'(x) + \\frac{h^2}{2!}f''(x) + \\frac{h^3}{3!}f'''(x) + \\dots$"",""Find all successive derivatives: $f'(x) = \\cos x$, $f''(x) = -\\sin x$, $f'''(x) = -\\cos x$, and identify the repeating pattern"",""Substitute derivatives into Taylor's formula with correct signs and factorial denominators"",""Simplify to obtain the required expansion with alternating sine and cosine terms""]",,"false","4","To prove $\sin(x + h) = \sin x + h \cos x - \frac{h^2}{2!} \sin x - \frac{h^3}{3!} \cos x + \dots$ using Taylor's Series, we apply the Taylor expansion formula $f(x+h) = f(x) + hf'(x) + \frac{h^2}{2!}f''(x) + \frac{h^3}{3!}f'''(x) + \dots$ to $f(x) = \sin x$. Finding successive derivatives: $f(x) = \sin x$, $f'(x) = \cos x$, $f''(x) = -\sin x$, $f'''(x) = -\cos x$, $f^{(4)}(x) = \sin x$, and the pattern repeats. Substituting into Taylor's formula: $\sin(x+h) = \sin x + h\cos x + \frac{h^2}{2!}(-\sin x) + \frac{h^3}{3!}(-\cos x) + \frac{h^4}{4!}(\sin x) + \dots = \sin x + h\cos x - \frac{h^2}{2!}\sin x - \frac{h^3}{3!}\cos x + \dots$, which is the required result.",,"B","short","4","annual","Show that $\sin(x + h) = \sin x + h \cos x - \frac{h^2}{2!} \sin x - \frac{h^3}{3!} \cos x + \dots$ by using **Taylor's Series**.","ms7a3dwd4cnp805q6bz3yz6nps85prxr","2022",,,,,
"maths-12","02-limit-continuity-and-derivative","Limit, Continuity And Derivative","exercise-2-8","2.8 Higher-Order Derivatives and the Leibniz Rule","m172bjavzbpz8v5rcf140y9y6585pbj2",,"Federal Board",,"[""Correctly identify $f(x) = \\cos x$ and compute successive derivatives: $f'(x) = -\\sin x$, $f''(x) = -\\cos x$, $f'''(x) = \\sin x$"",""Apply Taylor's series formula: $f(x+h) = f(x) + hf'(x) + \\frac{h^2}{2!}f''(x) + \\frac{h^3}{3!}f'''(x) + \\dots$"",""Substitute the derivatives into the series expansion correctly with proper signs"",""Simplify to obtain the required form with alternating signs and factorial denominators""]",,"false","4","To prove $\cos(x+h)=\cos x-h \sin x-\frac{h^{2}}{2!} \cos x+\frac{h^{3}}{3!} \sin x+\dots$, we use Taylor's series expansion. Let $f(x) = \cos x$. By Taylor's theorem: $f(x+h) = f(x) + hf'(x) + \frac{h^2}{2!}f''(x) + \frac{h^3}{3!}f'''(x) + \dots$ where $f(x) = \cos x$, $f'(x) = -\sin x$, $f''(x) = -\cos x$, $f'''(x) = \sin x$. Substituting these derivatives: $\cos(x+h) = \cos x + h(-\sin x) + \frac{h^2}{2!}(-\cos x) + \frac{h^3}{3!}(\sin x) + \dots = \cos x - h\sin x - \frac{h^2}{2!}\cos x + \frac{h^3}{3!}\sin x + \dots$",,"B","short","5","annual","Show that $\cos(x+h)=\cos x-h \sin x-\frac{h^{2}}{2!} \cos x+\frac{h^{3}}{3!} \sin x+\dots$","ms7a3dwd4cnp805q6bz3yz6nps85prxr","2023",,,,,
"maths-12","02-limit-continuity-and-derivative","Limit, Continuity And Derivative","exercise-2-8","2.8 Higher-Order Derivatives and the Leibniz Rule","m17fsdvj4wj9t28vzkr6hengcx8c6nxm",,,,,,"false",,"# **Background and Explanation**

This problem requires applying the **power rule** for differentiation, which states that $\frac{d}{dx}(x^n) = nx^{n-1}$, along with the constant multiple rule and sum rule. These fundamental rules allow us to find the rate of change (first derivative) and the rate of change of the rate of change (second derivative) for polynomial functions.

---

# **Solution**

## Finding the First Derivative $\frac{dy}{dx}$

We begin with the function:
$$y = -x^3 + 6x + 9$$

To find the first derivative, we differentiate each term with respect to $x$ using the power rule. The derivative of a sum is the sum of the derivatives, and constants can be factored out:

$$
\frac{dy}{dx} = -\frac{d}{dx}(x^3) + 6\frac{d}{dx}(x) + \frac{d}{dx}(9)
$$

Applying the power rule $\frac{d}{dx}(x^n) = nx^{n-1}$ to each term:
- For $x^3$: the derivative is $3x^2$, so $-\frac{d}{dx}(x^3) = -3x^2$
- For $x$: the derivative is $1$, so $6\frac{d}{dx}(x) = 6(1) = 6$
- For the constant $9$: the derivative is $0$

Therefore:
$$
\frac{dy}{dx} = -3x^2 + 6 + 0
$$

$$
\frac{dy}{dx} = -3x^2 + 6
$$

## Finding the Second Derivative $\frac{d^2y}{dx^2}$

To find the second derivative, we differentiate the first derivative with respect to $x$:

$$
\frac{d^2y}{dx^2} = \frac{d}{dx}(-3x^2 + 6)
$$

Breaking this down term by term:
$$
\frac{d^2y}{dx^2} = -3\frac{d}{dx}(x^2) + \frac{d}{dx}(6)
$$

Applying the power rule to $x^2$ (derivative is $2x$) and the constant rule to $6$ (derivative is $0$):
$$
\frac{d^2y}{dx^2} = -3(2x) + 0
$$

$$
\frac{d^2y}{dx^2} = -6x
$$

---

# **Key Formulas or Methods Used**

- **Power Rule:** $\frac{d}{dx}(x^n) = nx^{n-1}$
- **Constant Rule:** $\frac{d}{dx}(c) = 0$ where $c$ is a constant
- **Constant Multiple Rule:** $\frac{d}{dx}[c \cdot f(x)] = c \cdot \frac{d}{dx}[f(x)]$
- **Sum Rule:** $\frac{d}{dx}[f(x) + g(x)] = \frac{d}{dx}[f(x)] + \frac{d}{dx}[g(x)]$

---

# **Summary of Steps**

1. **Identify the function:** $y = -x^3 + 6x + 9$
2. **Apply the power rule to each term** to find the first derivative: $\frac{dy}{dx} = -3x^2 + 6$
3. **Differentiate the result again** to find the second derivative: $\frac{d^2y}{dx^2} = -6x$",,,"unclassified","1",,"Find the first and second derivatives of the function $y = -x^3 + 6x + 9$ with respect to $x$.

---","ms7a3dwd4cnp805q6bz3yz6nps85prxr",,,"xd7akynzd6azjzwtzt066ptcax8c77f1","Exercise 2.8","exercise","{""blockIndex"":41,""chapterNumber"":2,""page"":71,""subjectSlug"":""maths-12""}"
"maths-12","02-limit-continuity-and-derivative","Limit, Continuity And Derivative","exercise-2-8","2.8 Higher-Order Derivatives and the Leibniz Rule","m177rdpndynp5e6a4kweq9x2ms8c6z5f",,,,,,"false",,"# **Background and Explanation**

This problem requires applying the **chain rule** for differentiation, which is essential when dealing with composite functions. You'll also need to recall the derivatives of basic trigonometric functions, specifically $\tan(u)$ and $\sec(u)$.

---

# **Solution**

## Finding the First Derivative $f'(x)$

We start with the given function:

$$f(x) = \tan \frac{x}{2}$$

Differentiate with respect to $x$ using the chain rule. Recall that $\frac{d}{du}(\tan u) = \sec^2 u$:

$$
\begin{aligned}
f'(x) &= \sec^2 \frac{x}{2} \cdot \frac{d}{dx}\left(\frac{x}{2}\right) \\
&= \sec^2 \frac{x}{2} \cdot \frac{1}{2} \\
&= \frac{1}{2} \sec^2 \frac{x}{2}
\end{aligned}
$$

## Finding the Second Derivative $f''(x)$

Now we differentiate $f'(x) = \frac{1}{2}\sec^2 \frac{x}{2}$ with respect to $x$ again.

Apply the chain rule to $\sec^2 \frac{x}{2}$:
- The outer function is $u^2$ (where $u = \sec \frac{x}{2}$), so its derivative is $2u = 2\sec \frac{x}{2}$
- The middle function is $\sec v$ (where $v = \frac{x}{2}$), so its derivative is $\sec v \tan v = \sec \frac{x}{2} \tan \frac{x}{2}$
- The inner function is $\frac{x}{2}$, so its derivative is $\frac{1}{2}$

Putting it all together:

$$
\begin{aligned}
f''(x) &= \frac{1}{2} \cdot \frac{d}{dx}\left(\sec^2 \frac{x}{2}\right) \\
&= \frac{1}{2} \cdot 2\sec \frac{x}{2} \cdot \frac{d}{dx}\left(\sec \frac{x}{2}\right) \\
&= \sec \frac{x}{2} \cdot \left(\sec \frac{x}{2} \tan \frac{x}{2}\right) \cdot \frac{d}{dx}\left(\frac{x}{2}\right) \\
&= \sec \frac{x}{2} \cdot \sec \frac{x}{2} \tan \frac{x}{2} \cdot \frac{1}{2} \\
&= \frac{1}{2} \sec^2 \frac{x}{2} \tan \frac{x}{2}
\end{aligned}
$$

---

# **Key Formulas or Methods Used**

- **Chain Rule**: $\frac{d}{dx}[f(g(x))] = f'(g(x)) \cdot g'(x)$
- **Derivative of Tangent**: $\frac{d}{du}(\tan u) = \sec^2 u$
- **Derivative of Secant**: $\frac{d}{du}(\sec u) = \sec u \tan u$
- **Power Rule with Chain Rule**: $\frac{d}{dx}[u^n] = n u^{n-1} \cdot \frac{du}{dx}$

---

# **Summary of Steps**

1. **First Derivative**: Apply the chain rule to $\tan(x/2)$:
   - Derivative of $\tan u$ is $\sec^2 u$
   - Multiply by derivative of $x/2$ (which is $1/2$)
   - Result: $f'(x) = \frac{1}{2}\sec^2(x/2)$

2. **Second Derivative**: Differentiate $\frac{1}{2}\sec^2(x/2)$ using chain rule:
   - Bring down the exponent: $2\sec(x/2)$
   - Multiply by derivative of $\sec(x/2)$: $\sec(x/2)\tan(x/2) \cdot (1/2)$
   - Include the constant $1/2$ from the first derivative
   - Simplify to get: $f''(x) = \frac{1}{2}\sec^2(x/2)\tan(x/2)$",,,"unclassified","10",,"Given the function:

$$f(x) = \tan \frac{x}{2}$$

Find the first derivative $f'(x)$ and the second derivative $f''(x)$.

---","ms7a3dwd4cnp805q6bz3yz6nps85prxr",,,"xd7akynzd6azjzwtzt066ptcax8c77f1","Exercise 2.8","exercise","{""blockIndex"":41,""chapterNumber"":2,""page"":71,""subjectSlug"":""maths-12""}"
"maths-12","02-limit-continuity-and-derivative","Limit, Continuity And Derivative","exercise-2-8","2.8 Higher-Order Derivatives and the Leibniz Rule","m17bhr64d6fvpeg52e8g6zq6js8c606x",,,,,,"false",,"# **Background and Explanation**

This problem requires applying the **chain rule** for composite functions, where we differentiate from the outermost function inward. You'll also need the **double angle identity** for sine to simplify the first derivative result.

---

# **Solution**

## Finding the First Derivative $f'(\theta)$

Given the function:
$$f(\theta) = \sin^2 5\theta$$

We differentiate with respect to $\theta$ using the chain rule. Treat this as a composition of functions: outer function is $(\cdot)^2$ and inner function is $\sin 5\theta$.

$$
\begin{aligned}
f'(\theta) &= 2\sin^{2-1} 5\theta \cdot \frac{d}{d\theta}(\sin 5\theta) \\
&= 2\sin 5\theta \cdot (\cos 5\theta) \cdot \frac{d}{d\theta}(5\theta) \\
&= 2\sin 5\theta \cdot \cos 5\theta \cdot 5 \\
&= 10\sin 5\theta \cos 5\theta
\end{aligned}
$$

Using the double angle identity $\sin 2x = 2\sin x \cos x$, we can simplify:
$$2\sin 5\theta \cos 5\theta = \sin(2 \cdot 5\theta) = \sin 10\theta$$

Therefore:
$$f'(\theta) = 5\sin 10\theta$$

## Finding the Second Derivative $f''(\theta)$

Differentiating $f'(\theta) = 5\sin 10\theta$ with respect to $\theta$:

$$
\begin{aligned}
f''(\theta) &= 5\cos(10\theta) \cdot \frac{d}{d\theta}(10\theta) \\
&= 5\cos 10\theta \cdot 10 \\
&= 50\cos 10\theta
\end{aligned}
$$

---

# **Key Formulas or Methods Used**

- **Chain Rule**: $\frac{d}{d\theta}[f(g(\theta))] = f'(g(\theta)) \cdot g'(\theta)$
- **Power Rule**: $\frac{d}{d\theta}[u^n] = nu^{n-1}\frac{du}{d\theta}$
- **Derivative of Sine**: $\frac{d}{d\theta}[\sin u] = \cos u \cdot \frac{du}{d\theta}$
- **Double Angle Identity**: $\sin 2x = 2\sin x \cos x$ (used to simplify $2\sin 5\theta \cos 5\theta$ to $\sin 10\theta$)

---

# **Summary of Steps**

1. **Apply chain rule** to $\sin^2 5\theta$: differentiate the outer square function, then multiply by derivative of $\sin 5\theta$, then multiply by derivative of $5\theta$
2. **Simplify** the result $10\sin 5\theta \cos 5\theta$ using the double angle identity to get $5\sin 10\theta$
3. **Differentiate again** using chain rule on $5\sin 10\theta$ to obtain the second derivative $50\cos 10\theta$",,,"unclassified","11",,"Find the first and second derivatives of the function:

$$f(\theta) = \sin^2 5\theta$$

---","ms7a3dwd4cnp805q6bz3yz6nps85prxr",,,"xd7akynzd6azjzwtzt066ptcax8c77f1","Exercise 2.8","exercise","{""blockIndex"":41,""chapterNumber"":2,""page"":71,""subjectSlug"":""maths-12""}"
"maths-12","02-limit-continuity-and-derivative","Limit, Continuity And Derivative","exercise-2-8","2.8 Higher-Order Derivatives and the Leibniz Rule","m173k6qgx7290tvxqeww9n2t1d8c6pkv",,,,,,"false",,"# **Background and Explanation**

This problem requires applying the **chain rule** to find the first derivative and the **quotient rule** (along with chain rule) for the second derivative. You should be familiar with derivatives of trigonometric functions: $\frac{d}{d\theta}(\cos\theta) = -\sin\theta$ and $\frac{d}{d\theta}(\sin\theta) = \cos\theta$.

---

# **Solution**

## First Derivative

Begin by rewriting the function using negative exponents to apply the chain rule more easily:

$$f(\theta)=(3+2 \cos \theta)^{-1}$$

Differentiate with respect to $\theta$ using the chain rule. The outer function is $u^{-1}$ and the inner function is $u = 3+2\cos\theta$:

$$f^{\prime}(\theta) = (-1)(3+2 \cos \theta)^{-1-1} \cdot \frac{d}{d \theta}(3+2 \cos \theta)$$

Calculate the derivative of the inner function:

$$\frac{d}{d \theta}(3+2 \cos \theta) = 0 + 2(-\sin \theta) = -2\sin\theta$$

Substitute this back into the expression:

$$f^{\prime}(\theta) = (-1)(3+2 \cos \theta)^{-2} \cdot (-2 \sin \theta)$$

Simplify the signs ($(-1) \cdot (-2\sin\theta) = 2\sin\theta$):

$$f^{\prime}(\theta) = \frac{2 \sin \theta}{(3+2 \cos \theta)^{2}}$$

## Second Derivative

To find $f''(\theta)$, differentiate $f'(\theta)$ using the **quotient rule**. Let:
- $u = 2\sin\theta$ (numerator)
- $v = (3+2\cos\theta)^2$ (denominator)

Then:
- $u' = 2\cos\theta$
- $v' = 2(3+2\cos\theta) \cdot (-2\sin\theta) = -4\sin\theta(3+2\cos\theta)$

Apply the quotient rule formula $\frac{d}{d\theta}\left(\frac{u}{v}\right) = \frac{u'v - uv'}{v^2}$:

$$f^{\prime\prime}(\theta)=\frac{(3+2 \cos \theta)^{2} \cdot (2 \cos \theta)-2 \sin \theta \cdot [-4\sin\theta(3+2 \cos \theta)]}{(3+2 \cos \theta)^{4}}$$

Simplify the numerator (note the double negative becomes positive):

$$=\frac{(3+2 \cos \theta)^{2}(2 \cos \theta)+8\sin^{2}\theta(3+2 \cos \theta)}{(3+2 \cos \theta)^{4}}$$

Factor out $2(3+2\cos\theta)$ from the numerator:

$$=\frac{2(3+2 \cos \theta)\left[(3+2 \cos \theta) \cos \theta+4 \sin ^{2} \theta\right]}{(3+2 \cos \theta)^{4}}$$

Cancel one factor of $(3+2\cos\theta)$ from numerator and denominator:

$$f^{\prime\prime}(\theta)=\frac{2\left[(3+2 \cos \theta) \cos \theta+4 \sin ^{2} \theta\right]}{(3+2 \cos \theta)^{3}}$$

Or equivalently:

$$f^{\prime\prime}(\theta)=\frac{2 \cos \theta(3+2 \cos \theta)+8 \sin ^{2} \theta}{(3+2 \cos \theta)^{3}}$$

---

# **Key Formulas or Methods Used**

- **Chain Rule:** $\frac{d}{dx}[f(g(x))] = f'(g(x)) \cdot g'(x)$
- **Quotient Rule:** $\frac{d}{dx}\left(\frac{u}{v}\right) = \frac{u'v - uv'}{v^2}$
- **Power Rule:** $\frac{d}{dx}(x^n) = nx^{n-1}$
- **Trigonometric Derivatives:** $\frac{d}{d\theta}(\cos\theta) = -\sin\theta$ and $\frac{d}{d\theta}(\sin\theta) = \cos\theta$

---

# **Summary of Steps**

1. **Rewrite** $f(\theta)$ as $(3+2\cos\theta)^{-1}$ to prepare for chain rule application
2. **First derivative:** Apply chain rule — multiply by $-1$, reduce exponent by $1$, and multiply by derivative of inner function $(-2\sin\theta)$
3. **Simplify** signs to get $f'(\theta) = \frac{2\sin\theta}{(3+2\cos\theta)^2}$
4. **Second derivative:** Apply quotient rule to $f'(\theta)$, identifying $u = 2\sin\theta$ and $v = (3+2\cos\theta)^2$
5. **Differentiate** components: $u' = 2\cos\theta$ and $v' = -4\sin\theta(3+2\cos\theta)$
6. **Substitute** into quotient rule formula and simplify the resulting expression
7. **Factor** out common term $2(3+2\cos\theta)$ from numerator and cancel with denominator
8. **Final result:** $f''(\theta) = \frac{2(3+2\cos\theta)\cos\theta + 8\sin^2\theta}{(3+2\cos\theta)^3}$",,,"unclassified","12",,"Find the first and second derivatives of the function:

$$f(\theta)=\frac{1}{3+2 \cos \theta}$$

---","ms7a3dwd4cnp805q6bz3yz6nps85prxr",,,"xd7akynzd6azjzwtzt066ptcax8c77f1","Exercise 2.8","exercise","{""blockIndex"":41,""chapterNumber"":2,""page"":71,""subjectSlug"":""maths-12""}"
"maths-12","02-limit-continuity-and-derivative","Limit, Continuity And Derivative","exercise-2-8","2.8 Higher-Order Derivatives and the Leibniz Rule","m177fn569ncrwhzfwkn0p3t5jd8c677x",,,,,,"false",,"# **Background and Explanation**

This problem requires applying the **product rule** for differentiation combined with the **chain rule** to handle the composite exponential function $e^{2x}$. You will differentiate successively to obtain both the first and second derivatives.

---

# **Solution**

## Finding the First Derivative $f'(x)$

We apply the product rule $\frac{d}{dx}[u \cdot v] = u' \cdot v + u \cdot v'$ where $u = e^{2x}$ and $v = x^2 + 1$.

First, compute the derivatives of the individual components using the chain rule for the exponential:
- $\frac{d}{dx}(e^{2x}) = e^{2x} \cdot 2 = 2e^{2x}$
- $\frac{d}{dx}(x^2 + 1) = 2x$

Now apply the product rule:

$$
\begin{aligned}
f'(x) & =\frac{d}{d x}\left(e^{2 x}\right) \cdot\left(x^{2}+1\right)+e^{2 x} \cdot \frac{d}{d x}\left(x^{2}+1\right) \\
& =e^{2 x} \cdot 2 \cdot\left(x^{2}+1\right)+e^{2 x} \cdot(2 x+0) \\
& = 2e^{2x}(x^2+1) + 2xe^{2x}
\end{aligned}
$$

Factor out the common term $2e^{2x}$:

$$f'(x) = 2 e^{2 x}\left[x^{2}+1+x\right] = 2e^{2x}(x^2 + x + 1)$$

## Finding the Second Derivative $f''(x)$

Now differentiate $f'(x) = 2e^{2x}(x^2 + x + 1)$ with respect to $x$. We again use the product rule, treating the constant $2$ as a coefficient:

$$
\begin{aligned}
f''(x) & =2\left[\frac{d}{d x}\left(e^{2 x}\right) \cdot\left(x^{2}+x+1\right)+e^{2 x} \cdot \frac{d}{d x}\left(x^{2}+x+1\right)\right] \\
& =2\left[e^{2 x} \cdot 2\left(x^{2}+x+1\right)+e^{2 x} \cdot(2 x+1+0)\right] \\
& = 2e^{2x}\left[2(x^2+x+1) + (2x+1)\right] \\
& =2 e^{2 x}\left[2 x^{2}+2 x+2+2 x+1\right] \\
f''(x) & =2 e^{2 x}\left(2 x^{2}+4 x+3\right)
\end{aligned}
$$

---

# **Key Formulas or Methods Used**

- **Product Rule:** $\frac{d}{dx}[u(x)v(x)] = u'(x)v(x) + u(x)v'(x)$
- **Chain Rule:** $\frac{d}{dx}[e^{u(x)}] = e^{u(x)} \cdot u'(x)$
- **Power Rule:** $\frac{d}{dx}[x^n] = nx^{n-1}$

---

# **Summary of Steps**

1. **Identify components:** Recognize $f(x)$ as a product of $e^{2x}$ and $(x^2+1)$
2. **First differentiation:** Apply product rule to find $f'(x) = 2e^{2x}(x^2+1) + 2xe^{2x}$
3. **Simplify $f'(x)$:** Factor to get $f'(x) = 2e^{2x}(x^2+x+1)$
4. **Second differentiation:** Apply product rule again to $f'(x)$, differentiating $e^{2x}(x^2+x+1)$
5. **Simplify $f''(x)$:** Combine like terms inside the brackets to obtain $f''(x) = 2e^{2x}(2x^2+4x+3)$",,,"unclassified","13",,"Find the first and second derivatives of the function:

$$f(x)=e^{2 x}\left(x^{2}+1\right)$$

---","ms7a3dwd4cnp805q6bz3yz6nps85prxr",,,"xd7akynzd6azjzwtzt066ptcax8c77f1","Exercise 2.8","exercise","{""blockIndex"":41,""chapterNumber"":2,""page"":71,""subjectSlug"":""maths-12""}"
"maths-12","02-limit-continuity-and-derivative","Limit, Continuity And Derivative","exercise-2-8","2.8 Higher-Order Derivatives and the Leibniz Rule","m1708y3ry5py4vk61br5fp1tbs8c7jny",,,,,,"false",,"# **Background and Explanation**

This problem requires applying the **product rule** for differentiation, which handles functions that are products of two expressions, along with the **chain rule** for the composite logarithmic function $\ln(x^2+1)$.

---

# **Solution**

## Finding the First Derivative $f'(x)$

We treat $f(x)$ as a product of two functions: $u = x^2+1$ and $v = \ln(x^2+1)$. Applying the product rule $\frac{d}{dx}(uv) = u'v + uv'$:

$$f'(x) = \frac{d}{dx}\left(x^{2}+1\right) \cdot \ln \left(x^{2}+1\right) + \left(x^{2}+1\right) \cdot \frac{d}{dx}\left(\ln \left(x^{2}+1\right)\right)$$

Computing the individual derivatives:
- $\frac{d}{dx}(x^2+1) = 2x+0$
- $\frac{d}{dx}(\ln(x^2+1)) = \frac{1}{x^2+1} \cdot 2x$ (using the chain rule)

Substituting these back:

$$f'(x) = (2x+0) \ln \left(x^{2}+1\right) + \left(x^{2}+1\right) \cdot \frac{1}{x^{2}+1} \cdot 2x$$

Notice that $(x^2+1)$ and $\frac{1}{x^2+1}$ cancel in the second term:

$$f'(x) = 2x \ln \left(x^{2}+1\right) + 2x$$

## Finding the Second Derivative $f''(x)$

Now we differentiate $f'(x) = 2x\ln(x^2+1) + 2x$ with respect to $x$. We apply the product rule to the first term $2x\ln(x^2+1)$ and standard differentiation to the second term $2x$:

$$f''(x) = \frac{d}{dx}(2x) \cdot \ln \left(x^{2}+1\right) + (2x) \cdot \frac{d}{dx}\left(\ln \left(x^{2}+1\right)\right) + \frac{d}{dx}(2x)$$

Computing each component:
- $\frac{d}{dx}(2x) = 2$
- $\frac{d}{dx}(\ln(x^2+1)) = \frac{2x}{x^2+1}$

Substituting these values:

$$f''(x) = 2\ln \left(x^{2}+1\right) + 2x \cdot \frac{1}{x^{2}+1} \cdot 2x + 2$$

Simplifying the middle term ($2x \cdot 2x = 4x^2$):

$$f''(x) = 2\ln \left(x^{2}+1\right) + \frac{4x^{2}}{x^{2}+1} + 2$$

Rearranging the constant term to group similar expressions:

$$f''(x) = 2\ln \left(x^{2}+1\right) + 2 + \frac{4x^{2}}{x^{2}+1}$$

---

# **Key Formulas or Methods Used**

- **Product Rule**: $\frac{d}{dx}[u(x)v(x)] = u'(x)v(x) + u(x)v'(x)$
- **Chain Rule**: $\frac{d}{dx}[\ln(u(x))] = \frac{u'(x)}{u(x)}$
- **Power Rule**: $\frac{d}{dx}[x^n] = nx^{n-1}$

---

# **Summary of Steps**

1. **Identify the structure**: Recognize $f(x)$ as a product of $(x^2+1)$ and $\ln(x^2+1)$
2. **First derivative**: Apply product rule to find $f'(x)$, using chain rule for the logarithmic term
3. **Simplify $f'(x)$**: Cancel the $(x^2+1)$ terms to get $f'(x) = 2x\ln(x^2+1) + 2x$
4. **Second derivative setup**: Differentiate $f'(x)$ by applying product rule to $2x\ln(x^2+1)$ and power rule to $2x$
5. **Compute and simplify**: Calculate derivatives and combine terms to obtain $f''(x) = 2\ln(x^2+1) + 2 + \frac{4x^2}{x^2+1}$",,,"unclassified","14",,"Given the function:

$$f(x) = \left(x^{2}+1\right) \ln \left(x^{2}+1\right)$$

Find the first derivative $f'(x)$ and the second derivative $f''(x)$.

---","ms7a3dwd4cnp805q6bz3yz6nps85prxr",,,"xd7akynzd6azjzwtzt066ptcax8c77f1","Exercise 2.8","exercise","{""blockIndex"":41,""chapterNumber"":2,""page"":71,""subjectSlug"":""maths-12""}"
"maths-12","02-limit-continuity-and-derivative","Limit, Continuity And Derivative","exercise-2-8","2.8 Higher-Order Derivatives and the Leibniz Rule","m17dk9wxb4van7737r8vfe5xw98c6crh",,,,,,"false",,"# **Background and Explanation**

This problem involves computing **higher-order derivatives** (successive derivatives beyond the first) of a polynomial function. You will need to apply the **power rule** for differentiation, which states that $\frac{d}{dx}(x^n) = nx^{n-1}$, repeatedly four times while carefully tracking the coefficients at each step.

---

# **Solution**

We begin with the given function:

$$y = 4x^{7} + x^{6} - x^{4}$$

## First Derivative

Differentiate each term with respect to $x$ using the power rule $\frac{d}{dx}(x^n) = nx^{n-1}$ and the constant multiple rule:

$$
\begin{aligned}
\frac{d y}{d x} & = 4 \frac{d}{d x}\left(x^{7}\right) + \frac{d}{d x}\left(x^{6}\right) - \frac{d}{d x}\left(x^{4}\right) \\
& = 4\left(7 x^{6}\right) + 6 x^{5} - 4 x^{3} \\
& = 28 x^{6} + 6 x^{5} - 4 x^{3}
\end{aligned}
$$

## Second Derivative

Differentiate $\frac{dy}{dx}$ again with respect to $x$:

$$
\begin{aligned}
\frac{d^{2} y}{d x^{2}} & = 28 \frac{d}{dx}(x^6) + 6 \frac{d}{dx}(x^5) - 4 \frac{d}{dx}(x^3) \\
& = 28\left(6 x^{5}\right) + 6\left(5 x^{4}\right) - 4\left(3 x^{2}\right) \\
& = 168 x^{5} + 30 x^{4} - 12 x^{2}
\end{aligned}
$$

## Third Derivative

Differentiate $\frac{d^2y}{dx^2}$ once more with respect to $x$:

$$
\begin{aligned}
\frac{d^{3} y}{d x^{3}} & = 168 \frac{d}{dx}(x^5) + 30 \frac{d}{dx}(x^4) - 12 \frac{d}{dx}(x^2) \\
& = 168\left(5 x^{4}\right) + 30\left(4 x^{3}\right) - 12(2 x) \\
& = 840 x^{4} + 120 x^{3} - 24 x
\end{aligned}
$$

## Fourth Derivative

Finally, differentiate $\frac{d^3y}{dx^3}$ to obtain the required fourth derivative. Note that the derivative of $x$ is $1$:

$$
\begin{aligned}
\frac{d^{4} y}{d x^{4}} & = 840 \frac{d}{dx}(x^4) + 120 \frac{d}{dx}(x^3) - 24 \frac{d}{dx}(x) \\
& = 840\left(4 x^{3}\right) + 120\left(3 x^{2}\right) - 24(1) \\
& = 3360 x^{3} + 360 x^{2} - 24
\end{aligned}
$$

Therefore, the fourth derivative is:

$$\frac{d^{4} y}{d x^{4}} = 3360 x^{3} + 360 x^{2} - 24$$

---

# **Key Formulas or Methods Used**

- **Power Rule**: $\frac{d}{dx}(x^n) = nx^{n-1}$
- **Constant Multiple Rule**: $\frac{d}{dx}[c \cdot f(x)] = c \cdot f'(x)$
- **Sum/Difference Rule**: $\frac{d}{dx}[f(x) \pm g(x)] = f'(x) \pm g'(x)$
- **Higher-Order Derivative Notation**: $\frac{d^4y}{dx^4} = \frac{d}{dx}\left(\frac{d^3y}{dx^3}\right)$ (successive differentiation)

---

# **Summary of Steps**

1. **First differentiation**: Apply the power rule to each term of $y = 4x^7 + x^6 - x^4$ to obtain $\frac{dy}{dx} = 28x^6 + 6x^5 - 4x^3$
2. **Second differentiation**: Differentiate the first derivative to get $\frac{d^2y}{dx^2} = 168x^5 + 30x^4 - 12x^2$
3. **Third differentiation**: Differentiate the second derivative to get $\frac{d^3y}{dx^3} = 840x^4 + 120x^3 - 24x$
4. **Fourth differentiation**: Differentiate the third derivative, remembering that $\frac{d}{dx}(x) = 1$, to obtain the final answer $\frac{d^4y}{dx^4} = 3360x^3 + 360x^2 - 24$",,,"unclassified","15",,"Find the fourth derivative $\frac{d^{4} y}{d x^{4}}$ of the function:

$$y = 4x^{7} + x^{6} - x^{4}$$

---","ms7a3dwd4cnp805q6bz3yz6nps85prxr",,,"xd7akynzd6azjzwtzt066ptcax8c77f1","Exercise 2.8","exercise","{""blockIndex"":42,""chapterNumber"":2,""page"":71,""subjectSlug"":""maths-12""}"
"maths-12","02-limit-continuity-and-derivative","Limit, Continuity And Derivative","exercise-2-8","2.8 Higher-Order Derivatives and the Leibniz Rule","m178nkd8bt5pfp4gezn1a8cpw98c7hrt",,,,,,"false",,"# **Background and Explanation**

This problem requires repeated application of the **power rule** for differentiation. First, rewrite the rational function using negative exponents to enable direct application of the rule $\frac{d}{dx}(x^n) = nx^{n-1}$.

---

# **Solution**

Begin by rewriting the function in power form to facilitate differentiation:

$$y = \frac{2}{x} = 2x^{-1}$$

**First Derivative:**

Differentiate with respect to $x$ using the power rule:

$$
\begin{aligned}
\frac{d y}{d x} &= 2 \frac{d}{d x}\left(x^{-1}\right) \\
&= 2\left(-1 \cdot x^{-1-1}\right) \\
\frac{d y}{d x} &= -2 x^{-2}
\end{aligned}
$$

**Second Derivative:**

Differentiate again with respect to $x$:

$$
\begin{aligned}
\frac{d^{2} y}{d x^{2}} &= -2\left(-2 x^{-3}\right) \\
\frac{d^{2} y}{d x^{2}} &= 4 x^{-3}
\end{aligned}
$$

**Third Derivative:**

Differentiate again with respect to $x$:

$$
\begin{aligned}
\frac{d^{3} y}{d x^{3}} &= 4\left(-3 x^{-4}\right) \\
\frac{d^{3} y}{d x^{3}} &= -12 x^{-4}
\end{aligned}
$$

**Fourth Derivative:**

Differentiate again with respect to $x$:

$$
\begin{aligned}
\frac{d^{4} y}{d x^{4}} &= -12\left(-4 x^{-5}\right) \\
\frac{d^{4} y}{d x^{4}} &= 48 x^{-5}
\end{aligned}
$$

**Fifth Derivative:**

Differentiate once more with respect to $x$:

$$
\begin{aligned}
\frac{d^{5} y}{d x^{5}} &= 48\left(-5 x^{-6}\right) \\
&= -240 x^{-6} \\
\frac{d^{5} y}{d x^{5}} &= \frac{-240}{x^{6}}
\end{aligned}
$$

---

# **Key Formulas or Methods Used**

- **Power Rule:** $\displaystyle \frac{d}{dx}(x^n) = nx^{n-1}$
- **Negative Exponent Conversion:** $\displaystyle \frac{1}{x^n} = x^{-n}$
- **Constant Multiple Rule:** $\displaystyle \frac{d}{dx}[cf(x)] = c\frac{d}{dx}f(x)$
- **Pattern Recognition:** Each differentiation multiplies the coefficient by the current negative exponent and reduces the exponent by 1 (e.g., $-2 \times -2 = 4$, $4 \times -3 = -12$, etc.)

---

# **Summary of Steps**

1. Rewrite the function: $y = 2x^{-1}$
2. Apply power rule for first derivative: $\frac{dy}{dx} = -2x^{-2}$
3. Second derivative: $\frac{d^2y}{dx^2} = 4x^{-3}$ (multiply $-2$ by $-2$)
4. Third derivative: $\frac{d^3y}{dx^3} = -12x^{-4}$ (multiply $4$ by $-3$)
5. Fourth derivative: $\frac{d^4y}{dx^4} = 48x^{-5}$ (multiply $-12$ by $-4$)
6. Fifth derivative: $\frac{d^5y}{dx^5} = -240x^{-6} = -\frac{240}{x^{6}}$ (multiply $48$ by $-5$)",,,"unclassified","16",,"Find the fifth derivative of the function:

$$y = \frac{2}{x}$$

Determine $\displaystyle \frac{d^{5} y}{d x^{5}}$.

---","ms7a3dwd4cnp805q6bz3yz6nps85prxr",,,"xd7akynzd6azjzwtzt066ptcax8c77f1","Exercise 2.8","exercise","{""blockIndex"":42,""chapterNumber"":2,""page"":71,""subjectSlug"":""maths-12""}"
"maths-12","02-limit-continuity-and-derivative","Limit, Continuity And Derivative","exercise-2-8","2.8 Higher-Order Derivatives and the Leibniz Rule","m175541abg9d5rjv3f7adwet3x8c60rp",,,,,,"false",,"# **Background and Explanation**

This problem requires applying the chain rule repeatedly to find higher-order derivatives of a trigonometric function with a linear argument. Recall that the derivatives of cosine and sine follow cyclic patterns, and each differentiation introduces an additional factor of $\pi$ from the inner function.

---

# **Solution**

We begin with the given function:
$$f(x) = \cos(\pi x)$$

## First Derivative

Differentiate with respect to $x$ using the chain rule. Let $u = \pi x$, so $\frac{du}{dx} = \pi$:

$$
\begin{aligned}
f'(x) &= \frac{d}{dx}[\cos(\pi x)] \\
&= -\sin(\pi x) \cdot \frac{d}{dx}(\pi x) \\
&= -\sin(\pi x) \cdot \pi \\
&= -\pi \sin(\pi x)
\end{aligned}
$$

## Second Derivative

Differentiate $f'(x) = -\pi \sin(\pi x)$ with respect to $x$, again applying the chain rule:

$$
\begin{aligned}
f''(x) &= \frac{d}{dx}[-\pi \sin(\pi x)] \\
&= -\pi \cdot \cos(\pi x) \cdot \frac{d}{dx}(\pi x) \\
&= -\pi \cdot \cos(\pi x) \cdot \pi \\
&= -\pi^2 \cos(\pi x)
\end{aligned}
$$

## Third Derivative

Differentiate $f''(x) = -\pi^2 \cos(\pi x)$ with respect to $x$:

$$
\begin{aligned}
f'''(x) &= \frac{d}{dx}[-\pi^2 \cos(\pi x)] \\
&= -\pi^2 \cdot (-\sin(\pi x)) \cdot \frac{d}{dx}(\pi x) \\
&= \pi^2 \sin(\pi x) \cdot \pi \\
&= \pi^3 \sin(\pi x)
\end{aligned}
$$

Therefore, the third derivative is:
$$f'''(x) = \pi^3 \sin(\pi x)$$

---

# **Key Formulas or Methods Used**

- **Chain Rule**: $\frac{d}{dx}[f(g(x))] = f'(g(x)) \cdot g'(x)$
- **Derivative of Cosine**: $\frac{d}{dx}[\cos(x)] = -\sin(x)$
- **Derivative of Sine**: $\frac{d}{dx}[\sin(x)] = \cos(x)$
- **Power Rule for Constants**: $\frac{d}{dx}[\pi x] = \pi$

---

# **Summary of Steps**

1. **First derivative**: Apply chain rule to get $f'(x) = -\pi \sin(\pi x)$
2. **Second derivative**: Differentiate again to obtain $f''(x) = -\pi^2 \cos(\pi x)$
3. **Third derivative**: Differentiate once more to arrive at $f'''(x) = \pi^3 \sin(\pi x)$",,,"unclassified","17",,"Find the third derivative of the function $f(x) = \cos(\pi x)$, denoted as $f'''(x)$.

---","ms7a3dwd4cnp805q6bz3yz6nps85prxr",,,"xd7akynzd6azjzwtzt066ptcax8c77f1","Exercise 2.8","exercise","{""blockIndex"":42,""chapterNumber"":2,""page"":71,""subjectSlug"":""maths-12""}"
"maths-12","02-limit-continuity-and-derivative","Limit, Continuity And Derivative","exercise-2-8","2.8 Higher-Order Derivatives and the Leibniz Rule","m176m5hvz0hv92tv3j8je83cvh8c7b9k",,,,,,"false",,"# **Background and Explanation**

This problem involves computing higher-order derivatives of trigonometric functions using the chain rule. First, simplify the function using reciprocal identities, then apply successive differentiation.

---

# **Solution**

First, simplify the function using the identity $\frac{1}{\sec \theta} = \cos \theta$:

$$f(x)=\frac{1}{\sec (2 x+1)} = \cos (2 x+1)$$

**First Derivative:**

Differentiate with respect to $x$ using the chain rule:

$$
\begin{aligned}
f^{\prime}(x) & =-\sin (2 x+1) \cdot \frac{d}{d x}(2 x+1) \\
& =-\sin (2 x+1) \cdot(2+0) \\
f^{\prime}(x) & =-2 \sin (2 x+1)
\end{aligned}
$$

**Second Derivative:**

Differentiate again with respect to $x$:

$$
\begin{aligned}
f^{\prime \prime}(x) & =-2 \cos (2 x+1) \cdot 2 \\
f^{\prime \prime}(x) & =-4 \cos (2 x+1)
\end{aligned}
$$

**Third Derivative:**

Differentiate again with respect to $x$:

$$
\begin{aligned}
f^{\prime \prime \prime}(x) & =-4(-\sin (2 x+1)) \cdot 2 \\
& =8 \sin (2 x+1)
\end{aligned}
$$

**Fourth Derivative:**

Differentiate once more with respect to $x$:

$$
\begin{aligned}
f^{(4)}(x) & =8 \cdot \cos (2 x+1) \cdot \frac{d}{d x}(2 x+1) \\
& =8 \cos (2 x+1) \cdot 2 \\
f^{(4)}(x) & =16 \cos (2 x+1)
\end{aligned}
$$

---

# **Key Formulas or Methods Used**

- **Reciprocal Identity:** $\frac{1}{\sec \theta} = \cos \theta$
- **Chain Rule:** $\frac{d}{dx}[f(g(x))] = f'(g(x)) \cdot g'(x)$
- **Trigonometric Derivatives:**
  - $\frac{d}{dx}[\sin(u)] = \cos(u) \cdot u'$
  - $\frac{d}{dx}[\cos(u)] = -\sin(u) \cdot u'$
- **Higher-Order Derivative Notation:** $f^{(4)}(x)$ denotes the fourth derivative

---

# **Summary of Steps**

1. Simplify $f(x) = \frac{1}{\sec(2x+1)}$ to $\cos(2x+1)$
2. Apply chain rule to get $f'(x) = -2\sin(2x+1)$
3. Differentiate to obtain $f''(x) = -4\cos(2x+1)$
4. Continue differentiation to find $f'''(x) = 8\sin(2x+1)$
5. Final differentiation yields $f^{(4)}(x) = 16\cos(2x+1)$",,,"unclassified","18",,"Find the fourth derivative $f^{(4)}(x)$ of the function:

$$f(x)=\frac{1}{\sec (2 x+1)}$$

---","ms7a3dwd4cnp805q6bz3yz6nps85prxr",,,"xd7akynzd6azjzwtzt066ptcax8c77f1","Exercise 2.8","exercise","{""blockIndex"":42,""chapterNumber"":2,""page"":71,""subjectSlug"":""maths-12""}"
"maths-12","02-limit-continuity-and-derivative","Limit, Continuity And Derivative","exercise-2-8","2.8 Higher-Order Derivatives and the Leibniz Rule","m1769sgmdhwqars6734wejz8z58c6dqh",,,,,,"false",,"# **Background and Explanation**

This problem covers both standard differentiation techniques and the fundamental limit definition of derivatives. Part (a) applies the power rule for quick computation, while part (b) verifies the result using the formal definition of the derivative, reinforcing the conceptual foundation of calculus.

---

# **Solution**

## Part (a)

Given the function:
$$f(x) = x^3 + 2x$$

**Finding the first derivative $f'(x)$:**

Differentiate term by term with respect to $x$ using the power rule $\frac{d}{dx}(x^n) = nx^{n-1}$:

$$f'(x) = \frac{d}{dx}(x^3) + 2\frac{d}{dx}(x)$$

$$f'(x) = 3x^2 + 2$$

**Finding the second derivative $f''(x)$:**

Differentiate $f'(x)$ with respect to $x$:

$$f''(x) = \frac{d}{dx}(3x^2 + 2)$$

$$f''(x) = 3(2x) + 0$$

$$f''(x) = 6x$$

## Part (b)

Using the limit definition of the second derivative:
$$f''(x) = \lim_{\Delta x \rightarrow 0} \frac{f'(x+\Delta x) - f'(x)}{\Delta x}$$

From part (a), we know $f'(x) = 3x^2 + 2$.

**Step 1:** Find $f'(x+\Delta x)$ by substituting $(x+\Delta x)$ into the first derivative:
$$f'(x+\Delta x) = 3(x+\Delta x)^2 + 2$$

Expand $(x+\Delta x)^2$:
$$f'(x+\Delta x) = 3(x^2 + 2x\Delta x + (\Delta x)^2) + 2$$
$$f'(x+\Delta x) = 3x^2 + 6x\Delta x + 3(\Delta x)^2 + 2$$

**Step 2:** Substitute into the limit definition:
$$f''(x) = \lim_{\Delta x \rightarrow 0} \frac{[3(x+\Delta x)^2 + 2] - [3x^2 + 2]}{\Delta x}$$

$$= \lim_{\Delta x \rightarrow 0} \frac{[3x^2 + 6x\Delta x + 3(\Delta x)^2 + 2] - 3x^2 - 2}{\Delta x}$$

**Step 3:** Simplify the numerator:
$$= \lim_{\Delta x \rightarrow 0} \frac{3x^2 + 6x\Delta x + 3(\Delta x)^2 + 2 - 3x^2 - 2}{\Delta x}$$

$$= \lim_{\Delta x \rightarrow 0} \frac{6x\Delta x + 3(\Delta x)^2}{\Delta x}$$

**Step 4:** Factor out $\Delta x$ from the numerator:
$$= \lim_{\Delta x \rightarrow 0} \frac{\Delta x(6x + 3\Delta x)}{\Delta x}$$

Cancel $\Delta x$ from numerator and denominator:
$$= \lim_{\Delta x \rightarrow 0} (6x + 3\Delta x)$$

**Step 5:** Evaluate the limit as $\Delta x \rightarrow 0$:
$$= 6x + 3(0)$$

$$f''(x) = 6x$$

This confirms the result obtained in part (a).

---

# **Key Formulas or Methods Used**

- **Power Rule:** $\frac{d}{dx}(x^n) = nx^{n-1}$
- **Sum Rule:** $\frac{d}{dx}[f(x) + g(x)] = f'(x) + g'(x)$
- **Constant Multiple Rule:** $\frac{d}{dx}[c \cdot f(x)] = c \cdot f'(x)$
- **Limit Definition of the Second Derivative:** $f''(x) = \lim_{\Delta x \rightarrow 0} \frac{f'(x+\Delta x) - f'(x)}{\Delta x}$
- **Algebraic Expansion:** $(x+\Delta x)^2 = x^2 + 2x\Delta x + (\Delta x)^2$

---

# **Summary of Steps**

1. **Part (a):** Apply the power rule to $f(x) = x^3 + 2x$ to find $f'(x) = 3x^2 + 2$
2. **Part (a):** Differentiate $f'(x)$ to get $f''(x) = 6x$
3. **Part (b):** Substitute $f'(x) = 3x^2 + 2$ into the limit definition $f''(x) = \lim_{\Delta x \rightarrow 0} \frac{f'(x+\Delta x) - f'(x)}{\Delta x}$
4. **Part (b):** Expand $f'(x+\Delta x) = 3(x+\Delta x)^2 + 2$ algebraically to $3x^2 + 6x\Delta x + 3(\Delta x)^2 + 2$
5. **Part (b):** Subtract $f'(x)$ and simplify the difference quotient to $6x + 3\Delta x$
6. **Part (b):** Take the limit as $\Delta x \rightarrow 0$ to verify $f''(x) = 6x$",,,"unclassified","19",,"Let $f(x) = x^3 + 2x$.

**a.** Find $f'(x)$ and $f''(x)$.

**b.** In general, $f''(x) = \lim_{\Delta x \rightarrow 0} \frac{f'(x+\Delta x)-f'(x)}{\Delta x}$ provided the limit exists. Use $f'(x)$ obtained in part (a) and use the definition to find $f''(x)$.

---","ms7a3dwd4cnp805q6bz3yz6nps85prxr",,,"xd7akynzd6azjzwtzt066ptcax8c77f1","Exercise 2.8","exercise","{""blockIndex"":42,""chapterNumber"":2,""page"":71,""subjectSlug"":""maths-12""}"
"maths-12","02-limit-continuity-and-derivative","Limit, Continuity And Derivative","exercise-2-8","2.8 Higher-Order Derivatives and the Leibniz Rule","m1727e6bwmjzy1wmra5vxdhgf98c7dnw",,,,,,"false",,"# **Background and Explanation**

This problem requires applying the power rule for differentiation to find successive derivatives of a polynomial function. The power rule states that $\frac{d}{dx}(x^n) = nx^{n-1}$, which we will use along with the constant multiple rule to differentiate each term systematically.

---

# **Solution**

## Finding the First Derivative $f'(x)$

We start by differentiating $f(x) = 30x^2 - x^3$ with respect to $x$. Using the difference rule and constant multiple rule, we can differentiate each term separately:

$$f'(x) = 30 \frac{d}{dx}\left(x^{2}\right) - \frac{d}{dx}\left(x^{3}\right)$$

Applying the power rule $\frac{d}{dx}(x^n) = nx^{n-1}$ to each term:

$$
\begin{aligned}
f'(x) &= 30(2x) - 3x^{2} \\
&= 60x - 3x^{2}
\end{aligned}
$$

Thus, the first derivative is:
$$f'(x) = 60x - 3x^{2}$$

## Finding the Second Derivative $f''(x)$

To find the second derivative, we differentiate $f'(x)$ with respect to $x$:

$$f''(x) = \frac{d}{dx}\left(60x - 3x^{2}\right)$$

Again applying the constant multiple rule and power rule:

$$
\begin{aligned}
f''(x) &= 60 \frac{d}{dx}(x) - 3 \frac{d}{dx}\left(x^{2}\right) \\
&= 60(1) - 3(2x) \\
&= 60 - 6x
\end{aligned}
$$

Therefore, the second derivative is:
$$f''(x) = 60 - 6x$$

---

# **Key Formulas or Methods Used**

- **Power Rule:** $\frac{d}{dx}(x^n) = nx^{n-1}$
- **Constant Multiple Rule:** $\frac{d}{dx}[c \cdot f(x)] = c \cdot f'(x)$
- **Difference Rule:** $\frac{d}{dx}[f(x) - g(x)] = f'(x) - g'(x)$
- **Derivative of $x$:** $\frac{d}{dx}(x) = 1$

---

# **Summary of Steps**

1. **Identify the original function:** $f(x) = 30x^2 - x^3$
2. **Calculate the first derivative $f'(x)$:**
   - Differentiate $30x^2$ to get $60x$
   - Differentiate $-x^3$ to get $-3x^2$
   - Combine: $f'(x) = 60x - 3x^2$
3. **Calculate the second derivative $f''(x)$:**
   - Differentiate $60x$ to get $60$
   - Differentiate $-3x^2$ to get $-6x$
   - Combine: $f''(x) = 60 - 6x$",,,"unclassified","2",,"Find the first and second derivatives of the function:

$$f(x) = 30x^2 - x^3$$

---","ms7a3dwd4cnp805q6bz3yz6nps85prxr",,,"xd7akynzd6azjzwtzt066ptcax8c77f1","Exercise 2.8","exercise","{""blockIndex"":41,""chapterNumber"":2,""page"":71,""subjectSlug"":""maths-12""}"
"maths-12","02-limit-continuity-and-derivative","Limit, Continuity And Derivative","exercise-2-8","2.8 Higher-Order Derivatives and the Leibniz Rule","m17a8v54psg266fdenay6sd8bd8c62f2",,,,,,"false",,"# **Background and Explanation**

This problem demonstrates **Leibniz's rule** for higher-order derivatives of a product, which follows a pattern similar to the binomial theorem. You need to apply the product rule repeatedly, treating each derivative operation as a new differentiation task.

---

# **Solution**

## Finding the Second Derivative

We begin by finding the first derivative of the product $fg$ using the product rule:

$$\frac{d}{d x}(f g) = \frac{d}{d x}(f) \cdot g + f \cdot \frac{d}{d x}(g) = f^{\prime} g + f g^{\prime}$$

Now, differentiate this result with respect to $x$ again to obtain the second derivative:

$$\frac{d^{2}}{d x^{2}}(f g) = \frac{d}{d x}\left(f^{\prime} g\right) + \frac{d}{d x}\left(f g^{\prime}\right)$$

Apply the product rule to each term separately:

$$= \left[\frac{d}{d x}\left(f^{\prime}\right) \cdot g + f^{\prime} \cdot \frac{d}{d x}(g)\right] + \left[\frac{d}{d x}(f) \cdot g^{\prime} + f \cdot \frac{d}{d x}\left(g^{\prime}\right)\right]$$

$$= f^{\prime \prime} g + f^{\prime} g^{\prime} + f^{\prime} g^{\prime} + f g^{\prime \prime}$$

Combine like terms:

$$\frac{d^{2}}{d x^{2}}(f g) = f^{\prime \prime} g + 2 f^{\prime} g^{\prime} + f g^{\prime \prime}$$

## Finding the Third Derivative

Now differentiate the second derivative result with respect to $x$:

$$\frac{d^{3}}{d x^{3}}(f g) = \frac{d}{d x}\left(f^{\prime \prime} g\right) + 2 \frac{d}{d x}\left(f^{\prime} g^{\prime}\right) + \frac{d}{d x}\left(f g^{\prime \prime}\right)$$

Apply the product rule to each of the three terms:

$$= \left[\frac{d}{d x}\left(f^{\prime \prime}\right) \cdot g + f^{\prime \prime} \cdot \frac{d}{d x}(g)\right] + 2\left[\frac{d}{d x}\left(f^{\prime}\right) \cdot g^{\prime} + f^{\prime} \cdot \frac{d}{d x}\left(g^{\prime}\right)\right] + \left[\frac{d}{d x}(f) \cdot g^{\prime \prime} + f \cdot \frac{d}{d x}\left(g^{\prime \prime}\right)\right]$$

Simplify each derivative:

$$= f^{\prime \prime} g + f^{\prime \prime} g^{\prime} + 2\left(f^{\prime \prime} g^{\prime} + f^{\prime} g^{\prime \prime}\right) + f^{\prime} g^{\prime \prime} + f g^{\prime \prime}$$

Expand the terms:

$$= f^{\prime \prime} g + f^{\prime \prime} g^{\prime} + 2 f^{\prime \prime} g^{\prime} + 2 f^{\prime} g^{\prime \prime} + f^{\prime} g^{\prime \prime} + f g^{\prime \prime}$$

Hence proved.

---

# **Key Formulas or Methods Used**

- **Product Rule**: $\frac{d}{dx}(uv) = u'v + uv'$
- **Leibniz Rule for Higher Derivatives**: $\frac{d^n}{dx^n}(fg) = \sum_{k=0}^{n} \binom{n}{k} f^{(n-k)} g^{(k)}$
- **Successive Differentiation**: Repeated application of differentiation rules to higher-order derivatives

---

# **Summary of Steps**

1. **First Derivative**: Apply product rule to get $\frac{d}{dx}(fg) = f'g + fg'$
2. **Second Derivative**: Differentiate the result from step 1, applying product rule to both terms $f'g$ and $fg'$
3. **Simplify**: Collect like terms ($f'g' + f'g' = 2f'g'$) to obtain $f''g + 2f'g' + fg''$
4. **Third Derivative**: Differentiate the second derivative result, treating it as three terms: $f''g$, $2f'g'$, and $fg''$
5. **Apply Product Rule**: Differentiate each term using the product rule (note: constant coefficients remain)
6. **Expand and Collect**: Expand all brackets and group like terms to verify the pattern matches the required formula",,,"unclassified","20",,"Show that:

$$\frac{d^{2}}{d x^{2}}(f g)=f^{\prime \prime} g+2 f^{\prime} g^{\prime}+f g^{\prime \prime}$$

$$\frac{d^{3}}{d x^{3}}(f g)=f^{\prime \prime} g+3 f^{\prime \prime} g^{\prime}+3 f^{\prime} g^{\prime \prime}+f g^{\prime \prime}$$

---","ms7a3dwd4cnp805q6bz3yz6nps85prxr",,,"xd7akynzd6azjzwtzt066ptcax8c77f1","Exercise 2.8","exercise","{""blockIndex"":44,""chapterNumber"":2,""page"":71,""subjectSlug"":""maths-12""}"
"maths-12","02-limit-continuity-and-derivative","Limit, Continuity And Derivative","exercise-2-8","2.8 Higher-Order Derivatives and the Leibniz Rule","m179c4tbc8a91q6mj8td2d2ksx8c761d",,,,,,"false",,"# **Background and Explanation**

This problem involves differentiating a composite function using the **chain rule**, which states that the derivative of a composite function is the derivative of the outer function evaluated at the inner function, multiplied by the derivative of the inner function. You should also recall the **power rule** for differentiation and that the derivative of a constant is zero.

---

# **Solution**

We are given the function $f(x) = (-5x + 9)^2$. This is a composite function where the outer function is $u^2$ and the inner function is $u = -5x + 9$.

## Finding the First Derivative $f'(x)$

To find $f'(x)$, we apply the chain rule combined with the power rule:

$$
\begin{aligned}
f'(x) &= \frac{d}{dx}\left[(-5x + 9)^2\right] \\
&= 2(-5x + 9)^{2-1} \cdot \frac{d}{dx}(-5x + 9) \quad \text{(Power rule + Chain rule)} \\
&= 2(-5x + 9) \cdot (-5 + 0) \quad \text{(Differentiating the inner function)} \\
&= 2(-5x + 9) \cdot (-5) \\
&= -10(-5x + 9) \\
&= 50x - 90 \quad \text{(Expanding the expression)}
\end{aligned}
$$

So the first derivative is:
$$f'(x) = 50x - 90$$

## Finding the Second Derivative $f''(x)$

Now we differentiate $f'(x)$ with respect to $x$ to find the second derivative:

$$
\begin{aligned}
f''(x) &= \frac{d}{dx}\left[50x - 90\right] \\
&= 50\frac{d}{dx}(x) - \frac{d}{dx}(90) \quad \text{(Linearity of differentiation)} \\
&= 50 \cdot (1) - 0 \quad \text{(Power rule: $\frac{d}{dx}(x) = 1$, constant rule: $\frac{d}{dx}(90) = 0$)} \\
&= 50
\end{aligned}
$$

Therefore, the second derivative is constant:
$$f''(x) = 50$$

---

# **Key Formulas or Methods Used**

- **Chain Rule**: $\frac{d}{dx}[g(h(x))] = g'(h(x)) \cdot h'(x)$
- **Power Rule**: $\frac{d}{dx}[x^n] = nx^{n-1}$
- **Constant Rule**: $\frac{d}{dx}[c] = 0$ for any constant $c$
- **Constant Multiple Rule**: $\frac{d}{dx}[cf(x)] = c \cdot f'(x)$
- **Sum/Difference Rule**: $\frac{d}{dx}[f(x) \pm g(x)] = f'(x) \pm g'(x)$

---

# **Summary of Steps**

1. **Identify the structure**: Recognize $f(x) = (-5x + 9)^2$ as a composite function with outer function $u^2$ and inner function $u = -5x + 9$.
2. **Apply chain rule for first derivative**: Differentiate the outer function (keeping the inner function unchanged), then multiply by the derivative of the inner function: $2(-5x+9) \cdot (-5)$.
3. **Simplify**: Expand $-10(-5x + 9)$ to get $50x - 90$.
4. **Differentiate again for second derivative**: Differentiate $50x - 90$ term by term to obtain $50$.",,,"unclassified","3",,"Find the first and second derivatives of the function:

$$f(x) = (-5x + 9)^2$$

---","ms7a3dwd4cnp805q6bz3yz6nps85prxr",,,"xd7akynzd6azjzwtzt066ptcax8c77f1","Exercise 2.8","exercise","{""blockIndex"":41,""chapterNumber"":2,""page"":71,""subjectSlug"":""maths-12""}"
"maths-12","02-limit-continuity-and-derivative","Limit, Continuity And Derivative","exercise-2-8","2.8 Higher-Order Derivatives and the Leibniz Rule","m179xaqgw9p2wrjb0hvtsshs2n8c7fec",,,,,,"false",,"# **Background and Explanation**

This problem requires applying the **power rule** for differentiation, which states that the derivative of $x^n$ is $nx^{n-1}$. Since this is a polynomial, we differentiate term by term while preserving the constant coefficients.

---

# **Solution**

## Finding the First Derivative $\frac{dy}{dx}$

We begin with the given function:

$$y = 2x^{6} + 5x^{3} - 6x^{2}$$

To find $\frac{dy}{dx}$, we differentiate each term with respect to $x$ using the power rule and constant multiple rule. We treat each term separately:

$$
\begin{aligned}
\frac{dy}{dx} &= 2\frac{d}{dx}\left(x^{6}\right) + 5\frac{d}{dx}\left(x^{3}\right) - 6\frac{d}{dx}\left(x^{2}\right) \\
&= 2\left(6x^{5}\right) + 5\left(3x^{2}\right) - 6(2x) \\
&= 12x^{5} + 15x^{2} - 12x
\end{aligned}
$$

**Reasoning:** For each term, we multiply the coefficient by the exponent, then reduce the exponent by 1. The derivative of $x^6$ is $6x^5$, multiplied by 2 gives $12x^5$. Similarly, $5 \times 3x^2 = 15x^2$ and $-6 \times 2x = -12x$.

## Finding the Second Derivative $\frac{d^{2}y}{dx^{2}}$

Now we differentiate $\frac{dy}{dx}$ with respect to $x$ again to obtain the second derivative:

$$
\begin{aligned}
\frac{d^{2}y}{dx^{2}} &= 12\frac{d}{dx}\left(x^{5}\right) + 15\frac{d}{dx}\left(x^{2}\right) - 12\frac{d}{dx}(x) \\
&= 12\left(5x^{4}\right) + 15(2x) - 12(1) \\
&= 60x^{4} + 30x - 12
\end{aligned}
$$

**Reasoning:** We apply the power rule once more to each term of the first derivative. Note that the derivative of $x$ (which is $x^1$) is 1, so the last term becomes $-12(1) = -12$.

---

# **Key Formulas or Methods Used**

- **Power Rule:** $\frac{d}{dx}(x^n) = nx^{n-1}$
- **Constant Multiple Rule:** $\frac{d}{dx}[c \cdot f(x)] = c \cdot \frac{d}{dx}[f(x)]$
- **Sum/Difference Rule:** $\frac{d}{dx}[f(x) \pm g(x)] = \frac{d}{dx}[f(x)] \pm \frac{d}{dx}[g(x)]$

---

# **Summary of Steps**

1. **Identify the function:** $y = 2x^{6} + 5x^{3} - 6x^{2}$
2. **Apply the power rule to each term** to find the first derivative: multiply coefficients by exponents and reduce exponents by 1
3. **Simplify** to obtain $\frac{dy}{dx} = 12x^{5} + 15x^{2} - 12x$
4. **Differentiate the first derivative again** using the power rule to find the second derivative
5. **Simplify** to obtain $\frac{d^{2}y}{dx^{2}} = 60x^{4} + 30x - 12$",,,"unclassified","4",,"Given the function:

$$y = 2x^{6} + 5x^{3} - 6x^{2}$$

Find the first derivative $\frac{dy}{dx}$ and the second derivative $\frac{d^{2}y}{dx^{2}}$.

---","ms7a3dwd4cnp805q6bz3yz6nps85prxr",,,"xd7akynzd6azjzwtzt066ptcax8c77f1","Exercise 2.8","exercise","{""blockIndex"":41,""chapterNumber"":2,""page"":71,""subjectSlug"":""maths-12""}"
"maths-12","02-limit-continuity-and-derivative","Limit, Continuity And Derivative","exercise-2-8","2.8 Higher-Order Derivatives and the Leibniz Rule","m171wepmtrdmrx9nxchjqrbm3x8c7gb5",,,,,,"false",,"# **Background and Explanation**

This problem requires applying the **power rule for differentiation** twice to find the second derivative $\frac{d^2y}{dx^2}$. You should be familiar with differentiating power functions of the form $x^n$ and handling negative exponents.

---

# **Solution**

## Finding the First Derivative

Given the function:
$$y = 20x^{-3}$$

Differentiate with respect to $x$ using the power rule $\frac{d}{dx}(x^n) = nx^{n-1}$ and the constant multiple rule:

$$
\begin{aligned}
\frac{dy}{dx} &= 20 \cdot \frac{d}{dx}(x^{-3}) \\
&= 20(-3x^{-3-1}) \\
&= 20(-3x^{-4}) \\
\frac{dy}{dx} &= -60x^{-4}
\end{aligned}
$$

## Finding the Second Derivative

Now differentiate $\frac{dy}{dx} = -60x^{-4}$ with respect to $x$ again to find the second derivative:

$$
\begin{aligned}
\frac{d^2y}{dx^2} &= -60 \cdot \frac{d}{dx}(x^{-4}) \\
&= -60(-4x^{-4-1}) \\
&= -60(-4x^{-5}) \\
&= 240x^{-5}
\end{aligned}
$$

This can also be written with a positive exponent in the denominator:
$$\frac{d^2y}{dx^2} = \frac{240}{x^5}$$

---

# **Key Formulas or Methods Used**

- **Power Rule**: $\frac{d}{dx}(x^n) = nx^{n-1}$
- **Constant Multiple Rule**: $\frac{d}{dx}[cf(x)] = c\frac{d}{dx}f(x)$
- **Exponent Rule**: $x^{-n} = \frac{1}{x^n}$

---

# **Summary of Steps**

1. **Identify the function**: $y = 20x^{-3}$
2. **Apply power rule** to find the first derivative: multiply by the exponent $(-3)$ and reduce the exponent by $1$ to get $\frac{dy}{dx} = -60x^{-4}$
3. **Differentiate again** using the power rule on $-60x^{-4}$: multiply by $(-4)$ and reduce the exponent by $1$
4. **Simplify** to obtain $\frac{d^2y}{dx^2} = 240x^{-5} = \frac{240}{x^5}$",,,"unclassified","5",,"Find the second derivative of the function $y = 20x^{-3}$ with respect to $x$.

---","ms7a3dwd4cnp805q6bz3yz6nps85prxr",,,"xd7akynzd6azjzwtzt066ptcax8c77f1","Exercise 2.8","exercise","{""blockIndex"":41,""chapterNumber"":2,""page"":71,""subjectSlug"":""maths-12""}"
"maths-12","02-limit-continuity-and-derivative","Limit, Continuity And Derivative","exercise-2-8","2.8 Higher-Order Derivatives and the Leibniz Rule","m17cge1yqeshsj0hs2y559gqss8c60yh",,,,,,"false",,"# **Background and Explanation**

This problem requires differentiating a rational function by first converting it to negative exponent form. You will apply the power rule for differentiation successively to find higher-order derivatives.

---

# **Solution**

Begin by expressing the function using negative exponents, which makes applying the power rule straightforward:

$$y = 2x^{-4}$$

## Finding the First Derivative

Differentiate with respect to $x$ using the power rule $\frac{d}{dx}(x^n) = nx^{n-1}$:

$$
\begin{aligned}
\frac{dy}{dx} &= 2\frac{d}{dx}\left(x^{-4}\right) \\
&= 2\left(-4x^{-4-1}\right) \\
\frac{dy}{dx} &= -8x^{-5}
\end{aligned}
$$

## Finding the Second Derivative

Differentiate the first derivative again with respect to $x$:

$$
\begin{aligned}
\frac{d^2y}{dx^2} &= -8\frac{d}{dx}\left(x^{-5}\right) \\
&= -8\left(-5x^{-5-1}\right) \\
&= 40x^{-6} \\
&= \frac{40}{x^{6}}
\end{aligned}
$$

Thus, the first derivative is $\frac{dy}{dx} = -8x^{-5}$ (or $-\frac{8}{x^5}$) and the second derivative is $\frac{d^2y}{dx^2} = \frac{40}{x^{6}}$.

---

# **Key Formulas or Methods Used**

- **Negative Exponent Conversion:** $\frac{a}{x^n} = ax^{-n}$
- **Power Rule:** $\frac{d}{dx}(x^n) = nx^{n-1}$
- **Constant Multiple Rule:** $\frac{d}{dx}[c \cdot f(x)] = c \cdot \frac{d}{dx}[f(x)]$

---

# **Summary of Steps**

1. Rewrite the function as $y = 2x^{-4}$ using negative exponents
2. Apply the power rule to find the first derivative: $\frac{dy}{dx} = 2(-4)x^{-5} = -8x^{-5}$
3. Differentiate the result again using the power rule: $\frac{d^2y}{dx^2} = -8(-5)x^{-6} = 40x^{-6}$
4. Convert the final answer back to positive exponent form: $\frac{40}{x^6}$",,,"unclassified","6",,"Given the function:

$$y = \frac{2}{x^{4}}$$

Find the first derivative $\frac{dy}{dx}$ and the second derivative $\frac{d^2y}{dx^2}$.

---","ms7a3dwd4cnp805q6bz3yz6nps85prxr",,,"xd7akynzd6azjzwtzt066ptcax8c77f1","Exercise 2.8","exercise","{""blockIndex"":41,""chapterNumber"":2,""page"":71,""subjectSlug"":""maths-12""}"
"maths-12","02-limit-continuity-and-derivative","Limit, Continuity And Derivative","exercise-2-8","2.8 Higher-Order Derivatives and the Leibniz Rule","m179xq7yrad0esdph64gsj1atd8c7pm8",,,,,,"false",,"# **Background and Explanation**

This problem requires applying the **product rule** for differentiation, which states that $\frac{d}{dx}[u(x)v(x)] = u'(x)v(x) + u(x)v'(x)$. Since $(3x-4)^3$ is a composite function, the **chain rule** is also necessary to handle the inner function $(3x-4)$.

---

# **Solution**

## Finding the First Derivative $f'(x)$

We apply the product rule to $f(x) = x^{2}(3x-4)^{3}$, treating $u = x^2$ and $v = (3x-4)^3$:

$$
\begin{aligned}
f'(x) &= \frac{d}{dx}(x^{2}) \cdot (3x-4)^{3} + x^{2} \cdot \frac{d}{dx}(3x-4)^{3} \\
&= 2x(3x-4)^{3} + x^{2} \cdot 3(3x-4)^{2} \cdot \frac{d}{dx}(3x-4) \\
&= 2x(3x-4)^{3} + 3x^{2}(3x-4)^{2} \cdot 3 \\
&= 2x(3x-4)^{3} + 9x^{2}(3x-4)^{2}
\end{aligned}
$$

Factor out the common term $(3x-4)^{2}$ to simplify:

$$
\begin{aligned}
f'(x) &= (3x-4)^{2}\left[2x(3x-4) + 9x^{2}\right] \\
&= (3x-4)^{2}\left(6x^{2} - 8x + 9x^{2}\right) \\
&= (3x-4)^{2}\left(15x^{2} - 8x\right)
\end{aligned}
$$

## Finding the Second Derivative $f''(x)$

Differentiate $f'(x) = (3x-4)^{2}(15x^{2}-8x)$ using the product rule again:

$$
\begin{aligned}
f''(x) &= \frac{d}{dx}(3x-4)^{2} \cdot (15x^{2}-8x) + (3x-4)^{2} \cdot \frac{d}{dx}(15x^{2}-8x) \\
&= 2(3x-4) \cdot 3 \cdot (15x^{2}-8x) + (3x-4)^{2}(30x-8) \\
&= 6(3x-4)(15x^{2}-8x) + (3x-4)^{2}(30x-8)
\end{aligned}
$$

Factor out $(3x-4)$ and expand the remaining terms:

$$
\begin{aligned}
f''(x) &= (3x-4)\left[6(15x^{2}-8x) + (3x-4)(30x-8)\right] \\
&= (3x-4)\left[90x^{2} - 48x + 90x^{2} - 24x - 120x + 32\right] \\
&= (3x-4)\left(180x^{2} - 192x + 32\right)
\end{aligned}
$$

---

# **Key Formulas or Methods Used**

- **Product Rule**: $\frac{d}{dx}[u(x)v(x)] = u'(x)v(x) + u(x)v'(x)$
- **Chain Rule**: $\frac{d}{dx}[f(g(x))] = f'(g(x)) \cdot g'(x)$
- **Power Rule**: $\frac{d}{dx}[x^n] = nx^{n-1}$

---

# **Summary of Steps**

1. **First Derivative**:
   - Identify $u = x^2$ and $v = (3x-4)^3$
   - Apply product rule: $u'v + uv'$
   - Apply chain rule to find $v' = 3(3x-4)^2 \cdot 3 = 9(3x-4)^2$
   - Simplify to $2x(3x-4)^3 + 9x^2(3x-4)^2$
   - Factor out $(3x-4)^2$ and combine like terms inside brackets to get $(3x-4)^2(15x^2-8x)$

2. **Second Derivative**:
   - Treat $f'(x)$ as product of $(3x-4)^2$ and $(15x^2-8x)$
   - Apply product rule again
   - Differentiate $(3x-4)^2$ using chain rule to get $6(3x-4)$
   - Differentiate $(15x^2-8x)$ to get $(30x-8)$
   - Factor out $(3x-4)$ and expand the remaining expression
   - Combine like terms: $90x^2 + 90x^2 = 180x^2$, $-48x - 24x - 120x = -192x$, and constant $32$",,,"unclassified","7",,"Find the first and second derivatives of the function:

$$f(x) = x^{2}(3x-4)^{3}$$

---","ms7a3dwd4cnp805q6bz3yz6nps85prxr",,,"xd7akynzd6azjzwtzt066ptcax8c77f1","Exercise 2.8","exercise","{""blockIndex"":41,""chapterNumber"":2,""page"":71,""subjectSlug"":""maths-12""}"
"maths-12","02-limit-continuity-and-derivative","Limit, Continuity And Derivative","exercise-2-8","2.8 Higher-Order Derivatives and the Leibniz Rule","m17ev1306tn6n7zdte3k8k01cn8c7t4w",,,,,,"false",,"# **Background and Explanation**

This problem involves differentiating a composite function using the **chain rule** for the first derivative, followed by the **product rule** combined with the chain rule for the second derivative. You should be comfortable identifying inner and outer functions and applying multiple differentiation rules sequentially.

---

# **Solution**

## Finding the First Derivative $f'(x)$

We begin by recognizing that $f(x)$ is a composite function where the outer function is $u^4$ and the inner function is $u = x^2 + 5x - 1$. Applying the chain rule $\frac{d}{dx}[u^n] = n u^{n-1} \cdot \frac{du}{dx}$:

$$f'(x) = 4\left(x^{2} + 5x - 1\right)^{4-1} \cdot \frac{d}{dx}\left(x^{2} + 5x - 1\right)$$

Differentiating the inner function:
$$\frac{d}{dx}\left(x^{2} + 5x - 1\right) = 2x + 5 - 0 = 2x + 5$$

Substituting back:
$$f'(x) = 4\left(x^{2} + 5x - 1\right)^{3} \cdot (2x + 5)$$

Therefore:
$$f'(x) = 4(2x + 5)\left(x^{2} + 5x - 1\right)^{3}$$

## Finding the Second Derivative $f''(x)$

To find $f''(x)$, we differentiate $f'(x)$ with respect to $x$. Since $f'(x) = 4(2x + 5)\left(x^{2} + 5x - 1\right)^{3}$ is a product of two functions, we apply the **product rule** $\frac{d}{dx}[uv] = u'v + uv'$, where:
- $u = 2x + 5$ so $u' = 2$
- $v = \left(x^{2} + 5x - 1\right)^{3}$ so $v' = 3\left(x^{2} + 5x - 1\right)^{2} \cdot (2x + 5)$ (using chain rule)

Applying the product rule:
$$f''(x) = 4\left[\frac{d}{dx}(2x + 5) \cdot \left(x^{2} + 5x - 1\right)^{3} + (2x + 5) \cdot \frac{d}{dx}\left(x^{2} + 5x - 1\right)^{3}\right]$$

$$= 4\left[(2 + 0)\left(x^{2} + 5x - 1\right)^{3} + (2x + 5) \cdot 3\left(x^{2} + 5x - 1\right)^{2} \cdot \frac{d}{dx}\left(x^{2} + 5x - 1\right)\right]$$

$$= 4\left[2\left(x^{2} + 5x - 1\right)^{3} + (2x + 5) \cdot 3\left(x^{2} + 5x - 1\right)^{2}(2x + 5 - 0)\right]$$

Factor out the common term $\left(x^{2} + 5x - 1\right)^{2}$:
$$= 4\left(x^{2} + 5x - 1\right)^{2}\left[2\left(x^{2} + 5x - 1\right) + 3(2x + 5)^{2}\right]$$

Now expand the terms inside the brackets. First, expand $(2x + 5)^2$:
$$(2x + 5)^2 = 4x^2 + 20x + 25$$

So:
$$= 4\left(x^{2} + 5x - 1\right)^{2}\left[2x^{2} + 10x - 2 + 3(4x^{2} + 20x + 25)\right]$$

$$= 4\left(x^{2} + 5x - 1\right)^{2}\left[2x^{2} + 10x - 2 + 12x^{2} + 60x + 75\right]$$

Combine like terms inside the brackets:
$$= 4\left(x^{2} + 5x - 1\right)^{2}\left[14x^{2} + 70x + 73\right]$$

Therefore, the second derivative is:
$$f''(x) = 4\left(x^{2} + 5x - 1\right)^{2}\left(14x^{2} + 70x + 73\right)$$

---

# **Key Formulas or Methods Used**

- **Chain Rule**: $\frac{d}{dx}[f(g(x))] = f'(g(x)) \cdot g'(x)$ or $\frac{d}{dx}[u^n] = n u^{n-1} \cdot \frac{du}{dx}$
- **Product Rule**: $\frac{d}{dx}[u \cdot v] = u'v + uv'$
- **Power Rule**: $\frac{d}{dx}[x^n] = nx^{n-1}$
- **Algebraic Expansion**: $(a + b)^2 = a^2 + 2ab + b^2$

---

# **Summary of Steps**

1. **Apply the chain rule** to $f(x) = (x^2 + 5x - 1)^4$ to find $f'(x) = 4(2x+5)(x^2+5x-1)^3$
2. **Recognize $f'(x)$ as a product** of $(2x+5)$ and $(x^2+5x-1)^3$ for the second derivative
3. **Apply the product rule**, using the chain rule again to differentiate the second factor
4. **Factor out common terms** $\left(x^{2} + 5x - 1\right)^{2}$ to simplify the expression
5. **Expand $(2x+5)^2$** and distribute the 3 inside the brackets
6. **Combine like terms** to obtain the final simplified form of $f''(x)$",,,"unclassified","8",,"Find the first and second derivatives of the function:

$$f(x) = \left(x^{2} + 5x - 1\right)^{4}$$

---","ms7a3dwd4cnp805q6bz3yz6nps85prxr",,,"xd7akynzd6azjzwtzt066ptcax8c77f1","Exercise 2.8","exercise","{""blockIndex"":41,""chapterNumber"":2,""page"":71,""subjectSlug"":""maths-12""}"
"maths-12","02-limit-continuity-and-derivative","Limit, Continuity And Derivative","exercise-2-8","2.8 Higher-Order Derivatives and the Leibniz Rule","m17461qxn05ss49yhfjhdcafvh8c7hsd",,,,,,"false",,"# **Background and Explanation**

This problem involves differentiating composite trigonometric functions using the **chain rule**, which states that the derivative of $f(g(x))$ equals $f'(g(x)) \cdot g'(x)$. You should be familiar with the basic derivatives of sine and cosine functions, as well as how to handle constant coefficients inside the argument.

---

# **Solution**

## Finding the First Derivative $f'(x)$

We start with the given function:
$$f(x) = \cos(10x)$$

To find $f'(x)$, we differentiate with respect to $x$ using the chain rule. The outer function is $\cos(u)$ and the inner function is $u = 10x$.

$$
\begin{aligned}
f'(x) &= -\sin(10x) \cdot \frac{d}{dx}(10x) \\
&= -\sin(10x) \cdot (10) \\
f'(x) &= -10\sin(10x)
\end{aligned}
$$

The negative sign comes from the derivative of cosine, and we multiply by the derivative of the inner function $10x$, which is $10$.

## Finding the Second Derivative $f''(x)$

Now we differentiate $f'(x)$ with respect to $x$ again to find the second derivative:

$$f'(x) = -10\sin(10x)$$

Applying the chain rule once more (where the derivative of $\sin(u)$ is $\cos(u) \cdot u'$):

$$
\begin{aligned}
f''(x) &= -10 \cdot \frac{d}{dx}(\sin(10x)) \\
&= -10 \cdot (\cos(10x)) \cdot 10 \\
&= -100\cos(10x)
\end{aligned}
$$

Here, the constant $-10$ remains as a coefficient, and we differentiate $\sin(10x)$ to get $\cos(10x) \cdot 10$.

---

# **Key Formulas or Methods Used**

- **Chain Rule**: $\frac{d}{dx}[f(g(x))] = f'(g(x)) \cdot g'(x)$
- **Derivative of Cosine**: $\frac{d}{dx}(\cos u) = -\sin(u) \cdot \frac{du}{dx}$
- **Derivative of Sine**: $\frac{d}{dx}(\sin u) = \cos(u) \cdot \frac{du}{dx}$
- **Power Rule for Linear Terms**: $\frac{d}{dx}(ax) = a$

---

# **Summary of Steps**

1. **Identify the composite structure**: Recognize $f(x) = \cos(10x)$ has outer function $\cos(u)$ and inner function $u = 10x$.
2. **Apply chain rule for $f'(x)$**: Differentiate the outer function ($-\sin(10x)$) and multiply by the derivative of the inner function ($10$).
3. **Simplify**: Obtain $f'(x) = -10\sin(10x)$.
4. **Differentiate again for $f''(x)$**: Apply the chain rule to $-10\sin(10x)$, keeping the constant coefficient $-10$.
5. **Apply chain rule**: Differentiate $\sin(10x)$ to get $\cos(10x) \cdot 10$, then multiply by $-10$.
6. **Final simplification**: Obtain $f''(x) = -100\cos(10x)$.",,,"unclassified","9",,"Given the function $f(x) = \cos(10x)$, find the first derivative $f'(x)$ and the second derivative $f''(x)$.

---","ms7a3dwd4cnp805q6bz3yz6nps85prxr",,,"xd7akynzd6azjzwtzt066ptcax8c77f1","Exercise 2.8","exercise","{""blockIndex"":41,""chapterNumber"":2,""page"":71,""subjectSlug"":""maths-12""}"
"maths-12","02-limit-continuity-and-derivative","Limit, Continuity And Derivative","exercise-2-9","2.9 Critical Points, Concavity and Inflection","m17cf3z6rvd7rj8ra3rjzravbx85pq9s","true","Federal Board","To find where $f(x) = 4x - 2x^2$ is increasing, we find the first derivative and determine where it is positive. $f'(x) = 4 - 4x$. Setting $f'(x) > 0$: $4 - 4x > 0 \Rightarrow x < 1$. Therefore, $f(x)$ is increasing on the interval $(-\infty, 1)$.","[""Find the first derivative: $f'(x) = 4 - 4x$"",""Set $f'(x) > 0$ to determine where function is increasing"",""Solve inequality $4 - 4x > 0$ to get $x < 1$"",""State the interval of increase as $(-\\infty, 1)$""]",,"false","1","To find where $f(x) = 4x - 2x^2$ is increasing, we find the first derivative and determine where it is positive. $f'(x) = 4 - 4x$. Setting $f'(x) > 0$: $4 - 4x > 0 \Rightarrow x < 1$. Therefore, $f(x)$ is increasing on the interval $(-\infty, 1)$.","[{""key"":""A"",""text"":""$0 \\leq x \\leq 1$""},{""key"":""B"",""text"":""$0 < x < 1$""},{""key"":""C"",""text"":""$1 \\leq x \\leq 2$""},{""key"":""D"",""text"":""$0 < x < 2$""}]","MCQ","unclassified","3","annual","In which of the following intervals, $f(x) = 4x - 2x^2$ is increasing?","ms7c3assxkm1kb9atppxzz1xg985p91p","2022",,,,,
"maths-12","02-limit-continuity-and-derivative","Limit, Continuity And Derivative","exercise-2-9","2.9 Critical Points, Concavity and Inflection","m177628cqbhzhhxa7w8gw3jsfs85pthd",,"Federal Board",,,,"false","8",,,"C","long","2","annual","Consider the function $f(x) = \sin x + \frac{1}{\sqrt{2}} \cos 2x$ where $x \in (0, 2\pi)$. Find the extreme values of the function in the interval $x \in (0, 2\pi)$:
a. Find function $f'(x)$
b. Find $f''(x)$
c. Find the values of $x \in (0, 2\pi)$ for which $f(x)$ has maximum or minimum values
d. Find possible extreme values of $f(x)$.","ms7c3assxkm1kb9atppxzz1xg985p91p","2022",,,,,
"maths-12","02-limit-continuity-and-derivative","Limit, Continuity And Derivative","exercise-2-9","2.9 Critical Points, Concavity and Inflection","m1783j8n1rsaf5cm2sx4fza9t18c6qa4",,,,,,"false",,"# **Background and Explanation**

A **critical value** of a function $f(x)$ is a value $x$ in the domain of the function where the first derivative is either zero ($f'(x) = 0$) or undefined. These points are essential in calculus for finding local maxima, minima, and points of inflection.

---

# **Solution**

## Part (i)
**Given:** $f(x)=2 x^{2}-6 x+8$

**Step 1: Differentiate with respect to $x$**
$$
\begin{aligned}
f^{\prime}(x) & =2 \frac{d}{d x}\left(x^{2}\right)-6 \frac{d}{d x}(x)+\frac{d}{d x}(8) \\
& =2(2 x)-6(1)+0 \\
f^{\prime}(x) & =4 x-6
\end{aligned}
$$

**Step 2: Set the derivative to zero to find critical values**
$$
\begin{aligned}
4 x-6 & =0 \\
4 x & =6 \\
x & =\frac{6}{4} \\
x & =\frac{3}{2}
\end{aligned}
$$
**Conclusion:** The critical value is $x=\frac{3}{2}$.

---

## Part (ii)
**Given:** $f(x)=x^{3}+x-2$

**Step 1: Differentiate with respect to $x$**
$$
\begin{aligned}
f^{\prime}(x) & =\frac{d}{d x}\left(x^{3}\right)+\frac{d}{d x}(x)-\frac{d}{d x}(2) \\
& =3 x^{2}+1-0 \\
f^{\prime}(x) & =3 x^{2}+1
\end{aligned}
$$

**Step 2: Set the derivative to zero**
$$
\begin{aligned}
3 x^{2}+1 & =0 \\
3 x^{2} & =-1 \\
x^{2} & =\frac{-1}{3} \\
x & = \pm \frac{1}{\sqrt{3}} i
\end{aligned}
$$
**Conclusion:** Since the values are imaginary, there are no real critical values for this function.

---

## Part (iii)
**Given:** $f(x)=\frac{x}{x^{2}+2}$

**Step 1: Differentiate using the Quotient Rule**
$$
\begin{aligned}
f^{\prime}(x) & =\frac{\left(x^{2}+2\right) \frac{d}{d x}(x)-x \frac{d}{d x}\left(x^{2}+2\right)}{\left(x^{2}+2\right)^{2}} \\
& =\frac{\left(x^{2}+2\right) \cdot 1-x(2 x+0)}{\left(x^{2}+2\right)^{2}} \\
& =\frac{x^{2}+2-2 x^{2}}{\left(x^{2}+2\right)^{2}} \\
f^{\prime}(x) & =\frac{2-x^{2}}{\left(x^{2}+2\right)^{2}}
\end{aligned}
$$

**Step 2: Set the derivative to zero**
$$
\frac{2-x^{2}}{\left(x^{2}+2\right)^{2}}=0
$$
$$
\begin{aligned}
2-x^{2} & =0 \\
x^{2} & =2 \\
x & = \pm \sqrt{2}
\end{aligned}
$$
**Conclusion:** The critical values are $x= \pm \sqrt{2}$.

---

## Part (iv)
**Given:** $f(x)=\cos 4 x$

**Step 1: Differentiate using the Chain Rule**
$$
\begin{aligned}
f^{\prime}(x) & =\frac{d}{d x}(\cos 4 x) \\
& =-\sin 4 x \cdot \frac{d}{d x}(4 x) \\
& =-\sin 4 x \cdot 4 \\
f^{\prime}(x) & =-4 \sin 4 x
\end{aligned}
$$

**Step 2: Set the derivative to zero**
$$
\begin{aligned}
-4 \sin 4 x & =0 \\
\sin 4 x & =0 \\
4 x & =\sin ^{-1}(0) \\
4 x & =n \pi \quad (\text{where } n \in \mathbb{Z}) \\
x & =\frac{n \pi}{4} ; n \in \mathbb{Z}
\end{aligned}
$$
**Conclusion:** The critical values are $x=\frac{n \pi}{4}$ for any integer $n$.

---

## Part (v)
**Given:** $f(x)=(4 x-3)^{\frac{1}{3}}$

**Step 1: Differentiate using the Power Rule and Chain Rule**
$$
\begin{aligned}
f^{\prime}(x) & =\frac{1}{3}(4 x-3)^{\frac{1}{3}-1} \cdot \frac{d}{d x}(4 x-3) \\
& =\frac{1}{3}(4 x-3)^{-\frac{2}{3}} \cdot (4) \\
f^{\prime}(x) & =\frac{4}{3(4 x-3)^{2/3}}
\end{aligned}
$$

**Step 2: Check where the derivative is zero or undefined**
Setting $f'(x) = 0$:
$$
\frac{4}{3(4 x-3)^{2/3}} = 0 \implies 4 = 0 \quad (\text{Not possible})
$$
Setting the denominator to zero (where $f'(x)$ is undefined):
$$
\begin{aligned}
3(4 x-3)^{2/3} & = 0 \\
4 x-3 & = 0 \\
4 x & = 3 \\
x & = \frac{3}{4}
\end{aligned}
$$
**Conclusion:** The critical value is $x=\frac{3}{4}$ (where the derivative is undefined).

---

## Part (vi)
**Given:** $f(x)=x^{2}(x+1)^{3}$

**Step 1: Differentiate using the Product Rule and Chain Rule**
$$
\begin{aligned}
f^{\prime}(x) & =\frac{d}{d x}(x^{2}) \cdot (x+1)^{3} + x^{2} \cdot \frac{d}{d x}(x+1)^{3} \\
& =2x(x+1)^{3} + x^{2} \cdot 3(x+1)^{2} \cdot (1) \\
f^{\prime}(x) & =2x(x+1)^{3} + 3x^{2}(x+1)^{2}
\end{aligned}
$$

**Step 2: Factor the derivative and set to zero**
$$
\begin{aligned}
x(x+1)^{2} [2(x+1) + 3x] & = 0 \\
x(x+1)^{2} (2x + 2 + 3x) & = 0 \\
x(x+1)^{2} (5x + 2) & = 0
\end{aligned}
$$

Solving for $x$:
1. $x = 0$
2. $(x+1)^2 = 0 \implies x = -1$
3. $5x + 2 = 0 \implies x = -\frac{2}{5}$

**Conclusion:** The critical values are $x = 0, -1, -\frac{2}{5}$.

---

# **Key Formulas or Methods Used**

*   **Power Rule:** $\frac{d}{d x}(x^n) = nx^{n-1}$
*   **Product Rule:** $\frac{d}{d x}[u(x)v(x)] = u'v + uv'$
*   **Quotient Rule:** $\frac{d}{d x}\left[\frac{u(x)}{v(x)}\right] = \frac{v u' - u v'}{v^2}$
*   **Chain Rule:** $\frac{d}{d x}[f(g(x))] = f'(g(x)) \cdot g'(x)$
*   **Trigonometric Derivative:** $\frac{d}{d x}(\cos x) = -\sin x$
*   **General Solution:** $\sin \theta = 0 \implies \theta = n\pi$

---

# **Summary of Steps**

1.  Find the first derivative $f'(x)$ of the given function.
2.  Set $f'(x) = 0$ and solve for $x$.
3.  Identify any values of $x$ where $f'(x)$ is undefined (but $f(x)$ is defined).
4.  The resulting $x$ values are the critical values.",,,"unclassified","1",,"Find the critical values of the following functions:

(i) $f(x)=2 x^{2}-6 x+8$
(ii) $f(x)=x^{3}+x-2$
(iii) $f(x)=\frac{x}{x^{2}+2}$
(iv) $f(x)=\cos 4 x$
(v) $f(x)=(4 x-3)^{\frac{1}{3}}$
(vi) $f(x)=x^{2}(x+1)^{3}$

---","ms7c3assxkm1kb9atppxzz1xg985p91p",,,"xd7e122hzkqehg4kzqmdm972tn8c7h1b","Exercise 2.9","exercise","{""blockIndex"":47,""chapterNumber"":2,""page"":80,""subjectSlug"":""maths-12""}"
"maths-12","02-limit-continuity-and-derivative","Limit, Continuity And Derivative","exercise-2-9","2.9 Critical Points, Concavity and Inflection","m177za6st9mh6zvz54r3h4sw898c7vy8",,,,,,"false",,"# **Background and Explanation**

To find absolute extrema on a closed interval $[a,b]$, we apply the **Closed Interval Method**: identify all critical points (where $f'(x)=0$ or $f'(x)$ is undefined) that lie within the interval, then evaluate the function at these critical points and at both endpoints. The largest resulting value is the absolute maximum, and the smallest is the absolute minimum.

---

# **Solution**

## Part (i): $f(x)=-x^{2}+6 x$ on $[1,4]$

Given $f(x)=-x^{2}+6 x$, we differentiate with respect to $x$:

$$f^{\prime}(x)=-2 x+6$$

For critical values, we set $f^{\prime}(x)=0$:

$$\begin{aligned}
-2 x+6 &=0 \\
-2 x &=-6 \\
x &=3
\end{aligned}$$

Since $x=3$ lies within the interval $[1,4]$, we evaluate the function at this critical point and at both endpoints:

$$\begin{aligned}
f(1) &=-(1)^{2}+6(1)=-1+6=5 \\
f(3) &=-(3)^{2}+6(3)=-9+18=9 \\
f(4) &=-(4)^{2}+6(4)=-16+24=8
\end{aligned}$$

Comparing these values: $5 < 8 < 9$.

**Absolute minimum** $=5$ at $x=1$

**Absolute maximum** $=9$ at $x=3$

## Part (ii): $f(x)=(x-1)^{2}$ on $[2,5]$

Given $f(x)=(x-1)^{2}$, we differentiate using the chain rule:

$$\begin{aligned}
f^{\prime}(x) &=2(x-1)^{2-1} \cdot \frac{d}{d x}(x-1) \\
&=2(x-1) \cdot(1-0) \\
f^{\prime}(x) &=2(x-1)
\end{aligned}$$

For critical values, set $f^{\prime}(x)=0$:

$$\begin{aligned}
2(x-1) &=0 \\
x-1 &=0 \\
x &=1
\end{aligned}$$

Since $x=1$ is **not** in the interval $[2,5]$, we only evaluate at the endpoints:

$$\begin{aligned}
f(2) &=(2-1)^{2}=(1)^{2}=1 \\
f(5) &=(5-1)^{2}=(4)^{2}=16
\end{aligned}$$

**Absolute Minimum** $=1$ at $x=2$

**Absolute Maximum** $=16$ at $x=5$

## Part (iii): $f(x)=x^{\frac{2}{3}}$ on $[-1,8]$

Given $f(x)=x^{\frac{2}{3}}$, we differentiate using the power rule:

$$f^{\prime}(x)=\frac{2}{3} x^{\frac{2}{3}-1}=\frac{2}{3} x^{\frac{-1}{3}}=\frac{2}{3 x^{1 / 3}}$$

The derivative $f^{\prime}(x)$ is undefined at $x=0$, which lies within $[-1,8]$. Therefore, $x=0$ is a critical point.

Evaluating at the critical point and endpoints:

$$\begin{aligned}
f(-1) &=(-1)^{2 / 3}=\left((-1)^{2}\right)^{1/3}=(1)^{1/3}=1 \\
f(0) &=(0)^{2 / 3}=0 \\
f(8) &=(8)^{2 / 3}=\left(2^{3}\right)^{2 / 3}=2^{2}=4
\end{aligned}$$

**Absolute Minimum** $=0$ at $x=0$

**Absolute Maximum** $=4$ at $x=8$

## Part (iv): $f(x)=x^{3}-6 x^{2}+2$ on $[-3,2]$

Given $f(x)=x^{3}-6 x^{2}+2$, we differentiate:

$$\begin{aligned}
f^{\prime}(x) &=3 x^{2}-12 x+0 \\
f^{\prime}(x) &=3 x^{2}-12 x
\end{aligned}$$

For critical values, set $f^{\prime}(x)=0$:

$$\begin{array}{l|l}
3 x^{2}-12 x=0 & \\
3 x(x-4)=0 & \\
3 x=0 & x-4=0 \\
x=0 & x=4 \notin[-3,2]
\end{array}$$

Since $x=4$ is not in the interval $[-3,2]$, we only consider $x=0$.

Evaluating at the critical point and endpoints:

$$\begin{aligned}
f(-3) &=(-3)^{3}-6(-3)^{2}+2=-27-54+2=-79 \\
f(0) &=(0)^{3}-6(0)^{2}+2=0-0+2=2 \\
f(2) &=(2)^{3}-6(2)^{2}+2=8-24+2=-14
\end{aligned}$$

**Absolute Minimum** $=-79$ at $x=-3$

**Absolute Maximum** $=2$ at $x=0$

## Part (v): $f(x)=1+5 \sin 3 x$ on $\left[0, \frac{\pi}{2}\right]$

Given $f(x)=1+5 \sin 3 x$, we differentiate using the chain rule:

$$\begin{aligned}
f^{\prime}(x) &=0+5 \cos 3 x \cdot \frac{d}{d x}(3 x) \\
&=5 \cos 3 x \cdot 3 \\
f^{\prime}(x) &=15 \cos 3 x
\end{aligned}$$

For critical values, set $f^{\prime}(x)=0$:

$$\begin{aligned}
15 \cos 3 x &=0 \\
\cos 3 x &=0 \\
3 x &=\frac{\pi}{2}, \frac{3 \pi}{2}
\end{aligned}$$

Solving for $x$ within $\left[0, \frac{\pi}{2}\right]$:

$$\begin{array}{r|r}
3 x=\frac{\pi}{2} & 3 x=\frac{3 \pi}{2} \\
\hline x=\frac{\pi}{6} & x=\frac{\pi}{2}
\end{array}$$

Both values are in the interval. Evaluating at the critical points and endpoints:

$$\begin{aligned}
f(0) &=1+5 \sin 0=1+0=1 \\
f\left(\frac{\pi}{6}\right) &=1+5 \sin \left(\frac{\pi}{2}\right)=1+5(1)=6 \\
f\left(\frac{\pi}{2}\right) &=1+5 \sin \left(\frac{3 \pi}{2}\right)=1+5(-1)=-4
\end{aligned}$$

**Absolute Minimum** $=-4$ at $x=\frac{\pi}{2}$

**Absolute Maximum** $=6$ at $x=\frac{\pi}{6}$

## Part (vi): $f(x)=2 \cos 2 x-4 \cos x$ on $[0,2 \pi]$

Given $f(x)=2 \cos 2 x-4 \cos x$, we differentiate:

$$\begin{aligned}
f^{\prime}(x) &=2 \frac{d}{d x}(\cos 2 x)-4 \frac{d}{d x}(\cos x) \\
&=2(-\sin 2 x) \cdot 2-4(-\sin x) \\
&=-4 \sin 2 x+4 \sin x \\
&=-4(2 \sin x \cos x)+4 \sin x \\
&=-8 \sin x \cos x+4 \sin x \\
f^{\prime}(x) &=4 \sin x(-2 \cos x+1)=4 \sin x(1-2 \cos x)
\end{aligned}$$

For critical values, set $f^{\prime}(x)=0$:

$$4 \sin x(1-2 \cos x)=0$$

This yields two cases:
- $4 \sin x=0 \Rightarrow \sin x=0 \Rightarrow x=0, \pi, 2 \pi$
- $-2 \cos x+1=0 \Rightarrow \cos x=\frac{1}{2} \Rightarrow x=\frac{\pi}{3}, \frac{5 \pi}{3}$

Evaluating at all critical points and endpoints:

$$\begin{aligned}
f(0) &=2 \cos 0-4 \cos 0=2(1)-4(1)=-2 \\
f\left(\frac{\pi}{3}\right) &=2 \cos \left(\frac{2 \pi}{3}\right)-4 \cos \left(\frac{\pi}{3}\right)=2\left(-\frac{1}{2}\right)-4\left(\frac{1}{2}\right)=-1-2=-3 \\
f(\pi) &=2 \cos 2 \pi-4 \cos \pi=2(1)-4(-1)=2+4=6 \\
f\left(\frac{5 \pi}{3}\right) &=2 \cos \left(\frac{10 \pi}{3}\right)-4 \cos \left(\frac{5 \pi}{3}\right)=2 \cos \left(\frac{4 \pi}{3}\right)-4\left(\frac{1}{2}\right)=2\left(-\frac{1}{2}\right)-2=-3 \\
f(2 \pi) &=2 \cos 4 \pi-4 \cos 2 \pi=2(1)-4(1)=-2
\end{aligned}$$

**Absolute minimum** $=-3$ at $x=\frac{\pi}{3}$ and $x=\frac{5 \pi}{3}$

**Absolute maximum** $=6$ at $x=\pi$

---

# **Key Formulas or Methods Used**

- **Closed Interval Method**: Evaluating function at critical points and endpoints to determine absolute extrema
- **Power Rule**: $\frac{d}{dx}[x^n] = nx^{n-1}$ for differentiation
- **Chain Rule**: $\frac{d}{dx}[f(g(x))] = f'(g(x)) \cdot g'(x)$
- **Trigonometric Derivatives**: $\frac{d}{dx}[\sin(ax)] = a\cos(ax)$ and $\frac{d}{dx}[\cos(ax)] = -a\sin(ax)$
- **Double Angle Identity**: $\sin(2x) = 2\sin(x)\cos(x)$ (used to simplify the derivative in part vi)
- **Critical Points**: Values in the domain where $f'(x) = 0$ or $f'(x)$ is undefined

---

# **Summary of Steps**

1. **Differentiate** the function $f(x)$ to obtain $f'(x)$
2. **Find critical points** by solving $f'(x) = 0$ and identifying where $f'(x)$ is undefined
3. **Filter** critical points to keep only those within the given closed interval $[a,b]$
4. **Evaluate** the function $f(x)$ at all valid critical points and at both endpoints $x=a$ and $x=b$
5. **Compare** all calculated values: the largest is the absolute maximum, the smallest is the absolute minimum
6. **State the final answer** clearly, specifying both the extreme value and the specific $x$-value(s) where it occurs",,,"unclassified","2",,"Find the absolute extrema of the function on the indicated interval:

(i) $f(x)=-x^{2}+6 x$ on $[1,4]$

(ii) $f(x)=(x-1)^{2}$ on $[2,5]$

(iii) $f(x)=x^{\frac{2}{3}}$ on $[-1,8]$

(iv) $f(x)=x^{3}-6 x^{2}+2$ on $[-3,2]$

(v) $f(x)=1+5 \sin 3 x$ on $\left[0, \frac{\pi}{2}\right]$

(vi) $f(x)=2 \cos 2 x-4 \cos x$ on $[0,2 \pi]$

---","ms7c3assxkm1kb9atppxzz1xg985p91p",,,"xd7e122hzkqehg4kzqmdm972tn8c7h1b","Exercise 2.9","exercise","{""blockIndex"":47,""chapterNumber"":2,""page"":80,""subjectSlug"":""maths-12""}"
"maths-12","02-limit-continuity-and-derivative","Limit, Continuity And Derivative","exercise-2-9","2.9 Critical Points, Concavity and Inflection","m175s2e5859a59ye4fazvfdyv98c77td",,,,,,"false",,"# **Background and Explanation**

Concavity describes the curvature of a function's graph. A function is **concave upward** when $f''(x) > 0$ (shaped like a cup ∪) and **concave downward** when $f''(x) < 0$ (shaped like a cap ∩). To find intervals of concavity, compute the second derivative, identify where it equals zero or is undefined (potential inflection points), and test the sign of $f''(x)$ in the resulting intervals.

---

# **Solution**

## Part (i): $f(x)=-x^{2}+7 x$

Given the function:
$$f(x)=-x^{2}+7 x$$

Differentiate with respect to $x$:
$$f^{\prime}(x)=-2 x+7$$

Differentiate again with respect to $x$:
$$f^{\prime \prime}(x)=-2$$

Since $f^{\prime \prime}(x)=-2<0$ for all $x \in (-\infty, \infty)$, the function is **concave downward** on the entire real line.

**Result:** Concave downward on $(-\infty, \infty)$; never concave upward.

---

## Part (ii): $f(x)=-x^{3}+6 x^{2}+x-1$

Given the function:
$$f(x)=-x^{3}+6 x^{2}+x-1$$

Differentiate with respect to $x$:
$$
\begin{aligned}
f^{\prime}(x) &=-3 x^{2}+12 x+1
\end{aligned}
$$

Differentiate again with respect to $x$:
$$
\begin{aligned}
f^{\prime \prime}(x) &=-6 x+12
\end{aligned}
$$

Set $f^{\prime \prime}(x)=0$ to find potential inflection points:
$$
\begin{aligned}
-6 x+12 &=0 \\
-6 x &=-12 \\
x &=2
\end{aligned}
$$

This divides the real line into two intervals: $(-\infty, 2)$ and $(2, \infty)$.

**Case I:** Consider the interval $(-\infty, 2)$
Take a test point $x=1 \in(-\infty, 2)$:
$$
\begin{aligned}
f^{\prime \prime}(1) &=-6(1)+12 \\
&=6>0
\end{aligned}
$$

Since $f^{\prime \prime}(x)>0$ for all $x \in(-\infty, 2)$, the function is **concave upward** on $(-\infty, 2)$.

**Case II:** Consider the interval $(2, \infty)$
Take a test point $x=4 \in(2, \infty)$:
$$
\begin{aligned}
f^{\prime \prime}(4) &=-6(4)+12 \\
&=-24+12 \\
&=-12<0
\end{aligned}
$$

Since $f^{\prime \prime}(x)<0$ for all $x \in(2, \infty)$, the function is **concave downward** on $(2, \infty)$.

**Result:** Concave upward on $(-\infty, 2)$; concave downward on $(2, \infty)$.

---

## Part (iii): $f(x)=(x+5)^{5}$

Given the function:
$$f(x)=(x+5)^{5}$$

Differentiate with respect to $x$ using the chain rule:
$$
\begin{aligned}
f^{\prime}(x) &=5(x+5)^{4} \cdot \frac{d}{d x}(x+5) \\
&=5(x+5)^{4} \cdot(1) \\
f^{\prime}(x) &=5(x+5)^{4}
\end{aligned}
$$

Differentiate again with respect to $x$:
$$
\begin{aligned}
f^{\prime \prime}(x) &=20(x+5)^{3}
\end{aligned}
$$

Set $f^{\prime \prime}(x)=0$:
$$
\begin{aligned}
20(x+5)^{3} &=0 \\
(x+5)^{3} &=0 \\
x+5 &=0 \\
x &=-5
\end{aligned}
$$

The intervals of concavity are $(-\infty,-5)$ and $(-5, \infty)$.

**Case I:** Consider the interval $(-\infty,-5)$
Take $x=-6 \in(-\infty,-5)$:
$$
\begin{aligned}
f^{\prime \prime}(-6) &=20(-6+5)^{3} \\
&=20(-1)^{3} \\
&=-20<0
\end{aligned}
$$

Since $f^{\prime \prime}(x)<0$, the function is **concave downward** on $(-\infty,-5)$.

**Case II:** Consider $(-5, \infty)$
Take $x=-4 \in(-5, \infty)$:
$$
\begin{aligned}
f^{\prime \prime}(-4) &=20(-4+5)^{3} \\
&=20(1)^{3} \\
&=20>0
\end{aligned}
$$

Since $f^{\prime \prime}(x)>0$, the function is **concave upward** on $(-5, \infty)$.

**Result:** Concave downward on $(-\infty,-5)$; concave upward on $(-5, \infty)$.

---

## Part (iv): $f(x)=x(x-4)^{3}$

Given:
$$f(x)=x(x-4)^{3}$$

Differentiate with respect to $x$ using the product rule:
$$
\begin{aligned}
f^{\prime}(x) &=\frac{d}{d x}(x) \cdot(x-4)^{3}+x \cdot \frac{d}{d x}(x-4)^{3} \\
&=1 \cdot(x-4)^{3}+x \cdot 3(x-4)^{2} \cdot 1 \\
&=(x-4)^{3}+3 x(x-4)^{2} \\
&=(x-4)^{2}(x-4+3 x) \\
f^{\prime}(x) &=(x-4)^{2}(4 x-4)
\end{aligned}
$$

Differentiate again with respect to $x$ using the product rule:
$$
\begin{aligned}
f^{\prime \prime}(x) &=2(x-4) \cdot 1 \cdot(4 x-4)+(x-4)^{2} \cdot 4 \\
&=2(x-4)(4 x-4)+4(x-4)^{2} \\
&=2\left(4 x^{2}-4 x-16 x+16\right)+4\left(x^{2}-8 x+16\right) \\
&=2\left(4 x^{2}-20 x+16\right)+4\left(x^{2}-8 x+16\right) \\
&=8 x^{2}-40 x+32+4 x^{2}-32 x+64 \\
&=12 x^{2}-72 x+96 \\
f^{\prime \prime}(x) &=12\left(x^{2}-6 x+8\right)
\end{aligned}
$$

Set $f^{\prime \prime}(x)=0$:
$$
\begin{array}{rlr}
12\left(x^{2}-6 x+8\right) &=0 \\
x^{2}-6 x+8 &=0 \\
x^{2}-4 x-2 x+8 &=0 \\
x(x-4)-2(x-4) &=0 \\
(x-4)(x-2) &=0 \\
x &=4, \quad x=2
\end{array}
$$

The intervals of concavity are $(-\infty, 2)$, $(2,4)$, and $(4, \infty)$.

**Case I:** Consider the interval $(-\infty, 2)$
Let $x=1 \in(-\infty, 2)$:
$$
\begin{aligned}
f^{\prime \prime}(1) &=12(1-6+8) \\
&=12(3) \\
&=36>0
\end{aligned}
$$

Since $f^{\prime \prime}(x)>0$, the function is **concave upward** on $(-\infty, 2)$.

**Case II:** Consider the interval $(2,4)$
Let $x=3 \in(2,4)$:
$$
\begin{aligned}
f^{\prime \prime}(3) &=12\left(9-18+8\right) \\
&=12(-1) \\
&=-12<0
\end{aligned}
$$

Since $f^{\prime \prime}(x)<0$, the function is **concave downward** on $(2,4)$.

**Case III:** Consider the interval $(4, \infty)$
Let $x=5 \in(4, \infty)$:
$$
\begin{aligned}
f^{\prime \prime}(5) &=12\left(25-30+8\right) \\
&=12(3) \\
&=36>0
\end{aligned}
$$

Since $f^{\prime \prime}(x)>0$, the function is **concave upward** on $(4, \infty)$.

**Result:** Concave upward on $(-\infty, 2) \cup (4, \infty)$; concave downward on $(2,4)$.

---

## Part (v): $f(x)=x^{\frac{1}{2}}+2 x$

Given:
$$f(x)=x^{\frac{1}{2}}+2 x=\sqrt{x}+2x$$

Note: Domain is $x \geq 0$, but for the second derivative we consider $x > 0$.

Differentiate with respect to $x$:
$$f^{\prime}(x)=\frac{1}{2} x^{-\frac{1}{2}}+2$$

Differentiate again with respect to $x$:
$$
\begin{aligned}
f^{\prime \prime}(x) &=\frac{1}{2}\left(-\frac{1}{2} x^{-\frac{3}{2}}\right) \\
f^{\prime \prime}(x) &=\frac{-1}{4 x^{\frac{3}{2}}}
\end{aligned}
$$

Since $x^{\frac{3}{2}}>0$ for all $x>0$, we have $f^{\prime \prime}(x)<0$ for all $x>0$.

**Result:** Concave downward on $(0, \infty)$; never concave upward on its domain.

---

## Part (vi): $f(x)=x+\frac{9}{x}$

Given:
$$f(x)=x+\frac{9}{x}$$

Note: Domain is $x \neq 0$.

Differentiate with respect to $x$:
$$
\begin{aligned}
f^{\prime}(x) &=1+9 \cdot\left(\frac{-1}{x^{2}}\right) \\
f^{\prime}(x) &=1-9 x^{-2}
\end{aligned}
$$

Differentiate again with respect to $x$:
$$
\begin{aligned}
f^{\prime \prime}(x) &=-9\left(-2 x^{-3}\right) \\
f^{\prime \prime}(x) &=18 x^{-3} \\
f^{\prime \prime}(x) &=\frac{18}{x^{3}}
\end{aligned}
$$

Analyze the sign:
- For $x<0$: $x^3<0$, so $f^{\prime \prime}(x)=\frac{18}{x^3}<0$
- For $x>0$: $x^3>0$, so $f^{\prime \prime}(x)=\frac{18}{x^3}>0$

**Result:** Concave downward on $(-\infty, 0)$; concave upward on $(0, \infty)$.

---

# **Key Formulas or Methods Used**

- **Second Derivative Test for Concavity:**
  - If $f''(x) > 0$ on an interval, $f$ is concave upward (convex) on that interval
  - If $f''(x) < 0$ on an interval, $f$ is concave downward (concave) on that interval

- **Differentiation Rules:**
  - Power Rule: $\frac{d}{dx}[x^n] = nx^{n-1}$
  - Product Rule: $\frac{d}{dx}[u \cdot v] = u'v + uv'$
  - Chain Rule: $\frac{d}{dx}[f(g(x))] = f'(g(x)) \cdot g'(x)$

- **Interval Testing Method:** Choose test points in intervals determined by roots of $f''(x)=0$ or points where $f''(x)$ is undefined

---

# **Summary of Steps**

1. **Find the second derivative** $f''(x)$ by differentiating the function twice
2. **Identify critical points** where $f''(x) = 0$ or $f''(x)$ is undefined (these are potential inflection points)
3. **Divide the domain** into intervals using the critical points found in step 2
4. **Test each interval** by selecting a sample point and evaluating the sign of $f''(x)$ at that point
5. **Determine concavity:**
   - $f''(x) > 0 \Rightarrow$ concave upward
   - $f''(x) < 0 \Rightarrow$ concave downward
6. **State the final answer** as intervals with the corresponding concavity direction",,,"unclassified","3",,"Use the second derivative to determine the intervals on which the function is concave upward and concave downward.

(i) $f(x)=-x^{2}+7 x$

(ii) $f(x)=-x^{3}+6 x^{2}+x-1$

(iii) $f(x)=(x+5)^{5}$

(iv) $f(x)=x(x-4)^{3}$

(v) $f(x)=x^{\frac{1}{2}}+2 x$

(vi) $f(x)=x+\frac{9}{x}$

---","ms7c3assxkm1kb9atppxzz1xg985p91p",,,"xd7e122hzkqehg4kzqmdm972tn8c7h1b","Exercise 2.9","exercise","{""blockIndex"":47,""chapterNumber"":2,""page"":80,""subjectSlug"":""maths-12""}"
"maths-12","02-limit-continuity-and-derivative","Limit, Continuity And Derivative","exercise-2-9","2.9 Critical Points, Concavity and Inflection","m176p5x3s5hgrjg96dejzq5pnn8c7bxy",,,,,,"false",,"# **Background and Explanation**

Points of inflection occur where the concavity of a function changes, which requires the second derivative to equal zero or be undefined (with a sign change in $f''(x)$ around that point). To locate them, compute $f''(x)$, solve $f''(x)=0$, check for undefined points, and verify the concavity changes or simply identify the coordinates.

---

# **Solution**

## Part (i): $f(x)=x^{4}-x^{3}+2 x^{2}+x-1$

Given $f(x)=x^{4}-x^{3}+2 x^{2}+x-1$

Differentiate w.r.t. $x$:
$$f^{\prime}(x)=4 x^{3}-3 x^{2}+4 x+1$$

Again differentiate w.r.t. $x$:
$$f^{\prime \prime}(x)=12 x^{2}-6 x+4$$

For points of inflection, put $f^{\prime \prime}(x)=0$:

$$
\begin{array}{r}
12 x^{2}-6 x+4=0 \\
2\left(6 x^{2}-3 x+2\right)=0 \\
6 x^{2}-3 x+2=0
\end{array}
$$

Using the quadratic formula:

$$
\begin{aligned}
x & =\frac{3 \pm \sqrt{(-3)^{2}-4(6)(2)}}{2 \times 6} \\
& =\frac{3 \pm \sqrt{9-48}}{12} \\
x & =\frac{3 \pm \sqrt{-39}}{12}
\end{aligned}
$$

Since $\sqrt{-39}$ is imaginary, there are no real solutions for $x$. Hence there is **no point of inflection**.

## Part (ii): $f(x)=x^{\frac{5}{3}}+4 x$

Given
$$f(x)=x^{\frac{5}{3}}+4 x$$

Differentiate w.r.t. $x$:

$$
\begin{aligned}
f^{\prime}(x) & =\frac{5}{3} x^{\frac{5}{3}-1}+4 \\
f^{\prime}(x) & =\frac{5}{3} x^{\frac{2}{3}}+4
\end{aligned}
$$

Again differentiate w.r.t. $x$:

$$
\begin{aligned}
f^{\prime \prime}(x) & =\frac{5}{3} \cdot \frac{2}{3} x^{\frac{2}{3}-1}+0 \\
& =\frac{10}{9} x^{-\frac{1}{3}} \\
f^{\prime \prime}(x) & =\frac{10}{9 x^{\frac{1}{3}}}
\end{aligned}
$$

For point of inflection, put $f^{\prime \prime}(x)=0$:

$$
\begin{aligned}
\frac{10}{9 x^{\frac{1}{3}}} & =0 \\
10 & =0
\end{aligned}
$$

which is not true.

Also $f^{\prime \prime}(x)$ is not defined at $x=0$. Put $x=0$ in eq. (1):

$$f(0)=0+0=0$$

Hence point of inflection is $(\mathbf{0}, \mathbf{0})$.

## Part (iii): $f(x)=\sin x$

Given $f(x)=\sin x$

Differentiate w.r.t. $x$:
$$f^{\prime}(x)=\cos x$$

Again differentiate w.r.t. $x$:
$$f^{\prime \prime}(x)=-\sin x$$

For points of inflection, put $f^{\prime \prime}(x)=0$:

$$
\begin{aligned}
-\sin x & =0 \\
\sin x & =0 \\
\Rightarrow \quad x & =n \pi ; \quad n \in \mathbb{Z}
\end{aligned}
$$

Hence points of inflection occur at $x=n \pi$. Put $x=n \pi$ in (1):

$$f(n \pi)=\sin n \pi=0$$

$\therefore$ Points of inflection are $(n \pi, 0)$ where $n \in \mathbb{Z}$.

## Part (iv): $f(x)=\cos x$

Given $f(x)=\cos x$

Differentiate w.r.t. $x$:
$$f^{\prime}(x)=-\sin x$$

Again differentiate w.r.t. $x$:
$$f^{\prime \prime}(x)=-\cos x$$

For points of inflection, put $f^{\prime \prime}(x)=0$:

$$
\begin{aligned}
-\cos x & =0 \\
\cos x & =0 \\
x & =(2 n+1) \frac{\pi}{2} ; \quad n \in \mathbb{Z}
\end{aligned}
$$

Hence points of inflection occur at $x=(2 n+1) \frac{\pi}{2}$. Put $x=(2 n+1) \frac{\pi}{2}$ in (1):

$$
\begin{aligned}
f\left((2 n+1) \frac{\pi}{2}\right) & =\cos \left((2 n+1) \frac{\pi}{2}\right) \\
& =0
\end{aligned}
$$

$\therefore$ Points of inflection are $\left((2 n+1) \frac{\pi}{2}, 0\right)$ where $n \in \mathbb{Z}$.

## Part (v): $f(x)=x-\sin x$

Given $f(x)=x-\sin x$

Differentiate w.r.t. $x$:
$$f^{\prime}(x)=1-\cos x$$

Again differentiate w.r.t. $x$:

$$
\begin{aligned}
f^{\prime \prime}(x) & =0-(-\sin x) \\
f^{\prime \prime}(x) & =\sin x
\end{aligned}
$$

For point of inflection, put $f^{\prime \prime}(x)=0$:

$$
\Rightarrow \quad \begin{aligned}
\sin x & =0 \\
x & =n \pi ; \quad n \in \mathbb{Z}
\end{aligned}
$$

Put $x=n \pi$ in (1):

$$
\begin{aligned}
f(n \pi) & =n \pi+\sin n \pi \\
& =n \pi+0 \\
& =n \pi
\end{aligned}
$$

Hence points of inflection are $(n \pi, n \pi)$ where $n \in \mathbb{Z}$.

## Part (vi): $f(x)=\tan x$

Given $f(x)=\tan x$

Differentiate w.r.t. $x$:
$$f^{\prime}(x)=\sec ^{2} x$$

Again differentiate w.r.t. $x$:

$$
\begin{aligned}
f^{\prime \prime}(x) & =2 \sec x(\sec x \tan x) \\
& =2 \sec ^{2} x \tan x
\end{aligned}
$$

For point of inflection, put $f^{\prime \prime}(x)=0$:

$$
\begin{aligned}
2 \sec ^{2} x \tan x & =0
\end{aligned}
$$

This implies either $2 \sec ^{2} x=0$ or $\tan x=0$.

$$
\begin{aligned}
\sec ^{2} x & =0
\end{aligned}
$$

which is not possible because $\sec ^{2} x$ can never be zero for any $x$.

Therefore:
$$
\begin{aligned}
\tan x & =0 \\
x & =n \pi ; \quad n \in \mathbb{Z}
\end{aligned}
$$

Put $x=n \pi$ in (1):

$$f(n \pi)=\tan n \pi=0$$

$\therefore$ Points of inflection are $(n \pi, 0)$ where $n \in \mathbb{Z}$.

---

# **Key Formulas or Methods Used**

- **Second derivative test for inflection points**: Set $f''(x) = 0$ or identify where $f''(x)$ is undefined, then check for concavity changes
- **Power rule for differentiation**: $\frac{d}{dx}(x^n) = nx^{n-1}$
- **Trigonometric derivatives**: $\frac{d}{dx}(\sin x) = \cos x$, $\frac{d}{dx}(\cos x) = -\sin x$, $\frac{d}{dx}(\tan x) = \sec^2 x$, $\frac{d}{dx}(\sec x) = \sec x \tan x$
- **Quadratic formula**: $x = \frac{-b \pm \sqrt{b^2-4ac}}{2a}$ for solving $ax^2 + bx + c = 0$
- **General solutions for trigonometric equations**: $\sin x = 0 \Rightarrow x = n\pi$ and $\cos x = 0 \Rightarrow x = (2n+1)\frac{\pi}{2}$ where $n \in \mathbb{Z}$

---

# **Summary of Steps**

1. **Differentiate** the given function $f(x)$ to find the first derivative $f'(x)$.
2. **Differentiate again** to obtain the second derivative $f''(x)$.
3. **Solve** $f''(x) = 0$ to find potential inflection points (check where $f''(x)$ is undefined as well).
4. **Analyze** the solutions: if the equation has no real solutions, there are no inflection points; if solutions exist, substitute the $x$-values back into the original function $f(x)$.
5. **State** the coordinates of all points of inflection as $(x, f(x))$, including the general form for periodic functions (e.g., $n \in \mathbb{Z}$).",,,"unclassified","4",,"Use the second derivative to locate all points of inflection:

(i) $f(x)=x^{4}-x^{3}+2 x^{2}+x-1$

(ii) $f(x)=x^{\frac{5}{3}}+4 x$

(iii) $f(x)=\sin x$

(iv) $f(x)=\cos x$

(v) $f(x)=x-\sin x$

(vi) $f(x)=\tan x$

---","ms7c3assxkm1kb9atppxzz1xg985p91p",,,"xd7e122hzkqehg4kzqmdm972tn8c7h1b","Exercise 2.9","exercise","{""blockIndex"":48,""chapterNumber"":2,""page"":80,""subjectSlug"":""maths-12""}"
"maths-12","02-limit-continuity-and-derivative","Limit, Continuity And Derivative","exercise-2-9","2.9 Critical Points, Concavity and Inflection","m179d2f1brkh7v66gwts1k6rv18c64re",,,,,,"false",,"# **Background and Explanation**

The second derivative test helps classify critical points: if $f''(c) > 0$, the function has a relative minimum at $x=c$; if $f''(c) < 0$, it has a relative maximum; if $f''(c) = 0$, the test is inconclusive. First, find critical points by solving $f'(x) = 0$, then evaluate the second derivative at those points.

---

# **Solution**

## Part (i): $f(x)=-(-2 x-5)^{2}$

Given $f(x)=-(-2 x-5)^{2}$.

**Step 1:** Find the first derivative using the chain rule.
$$
\begin{aligned}
f^{\prime}(x) &= -2(-2 x-5)^{2-1} \cdot \frac{d}{d x}(-2 x-5) \\
&= -2(-2 x-5) \cdot(-2) \\
&= 4(-2 x-5) \\
&= -8 x-20
\end{aligned}
$$

**Step 2:** Find the second derivative.
$$
\begin{aligned}
f^{\prime \prime}(x) &= \frac{d}{dx}(-8x - 20) \\
&= -8
\end{aligned}
$$

**Step 3:** Find critical points by setting $f'(x) = 0$.
$$
\begin{aligned}
-8 x-20 &= 0 \\
-8 x &= 20 \\
x &= -\frac{5}{2}
\end{aligned}
$$

**Step 4:** Apply the second derivative test.
At $x=-\frac{5}{2}$:
$$f^{\prime \prime}\left(-\frac{5}{2}\right) = -8 < 0$$

Since $f''(x) < 0$, the function has a **relative maximum** at $x=-\frac{5}{2}$.

## Part (ii): $f(x)=x^{3}+3 x^{2}+3 x+1$

Given $f(x)=x^{3}+3 x^{2}+3 x+1$.

**Step 1:** Find the first derivative.
$$f^{\prime}(x)=3 x^{2}+6 x+3$$

**Step 2:** Find the second derivative.
$$f^{\prime \prime}(x)=6 x+6$$

**Step 3:** Find critical points.
$$
\begin{aligned}
3 x^{2}+6 x+3 &= 0 \\
3(x+1)^2 &= 0 \\
x &= -1
\end{aligned}
$$

**Step 4:** Apply the second derivative test.
At $x=-1$:
$$
\begin{aligned}
f^{\prime \prime}(-1) &= 6(-1)+6 \\
&= -6+6 \\
&= 0
\end{aligned}
$$

Since $f''(-1) = 0$, the **second derivative test fails** to determine the extrema.

**Step 5:** Find the point of inflection (since the test fails, we check the nature of the point).
Substitute $x=-1$ into the original function:
$$
\begin{aligned}
f(-1) &=(-1)^{3}+3(-1)^{2}+3(-1)+1 \\
&= -1+3-3+1 \\
&= 0
\end{aligned}
$$

Therefore, the point of inflection is $(-1,0)$.

## Part (iii): $f(x)=6 x^{5}-10 x^{2}$

Given $f(x)=6 x^{5}-10 x^{2}$.

**Step 1:** Find the first derivative.
$$f^{\prime}(x)=30 x^{4}-20 x$$

**Step 2:** Find the second derivative.
$$f^{\prime \prime}(x)=120 x^{3}-20$$

**Step 3:** Find critical points.
$$
\begin{aligned}
30 x^{4}-20 x &= 0 \\
10 x(3 x^{3}-2) &= 0
\end{aligned}
$$

This gives:
- $10x = 0 \Rightarrow x = 0$
- $3x^3 - 2 = 0 \Rightarrow x^3 = \frac{2}{3} \Rightarrow x = \left(\frac{2}{3}\right)^{\frac{1}{3}}$

**Step 4:** Apply the second derivative test at each critical point.

At $x=0$:
$$
\begin{aligned}
f^{\prime \prime}(0) &= 120(0)^3-20 \\
&= -20 < 0
\end{aligned}
$$
Since $f''(0) < 0$, $f(x)$ has a **relative maximum** at $x=0$.

At $x=\left(\frac{2}{3}\right)^{\frac{1}{3}}$:
$$
\begin{aligned}
f^{\prime \prime}\left(\left(\frac{2}{3}\right)^{\frac{1}{3}}\right) &= 120\left(\left(\frac{2}{3}\right)^{\frac{1}{3}}\right)^{3}-20 \\
&= 120\left(\frac{2}{3}\right)-20 \\
&= 80-20 \\
&= 60 > 0
\end{aligned}
$$
Since $f'' > 0$, $f(x)$ has a **relative minimum** at $x=\left(\frac{2}{3}\right)^{\frac{1}{3}}$.

## Part (iv): $f(x)=x^{2}+\frac{1}{x^{2}}$

Given $f(x)=x^{2}+\frac{1}{x^{2}} = x^2 + x^{-2}$.

**Step 1:** Find the first derivative.
$$
\begin{aligned}
f^{\prime}(x) &= 2 x+(-2) x^{-3} \\
&= 2 x-2 x^{-3} \\
&= 2x - \frac{2}{x^3}
\end{aligned}
$$

**Step 2:** Find the second derivative.
$$
\begin{aligned}
f^{\prime \prime}(x) &= 2+6 x^{-4} \\
&= 2+\frac{6}{x^{4}}
\end{aligned}
$$

**Step 3:** Find critical points.
$$
\begin{aligned}
2 x-\frac{2}{x^{3}} &= 0 \\
2 x &= \frac{2}{x^{3}} \\
x^4 &= 1 \\
x^4 - 1 &= 0 \\
(x^2-1)(x^2+1) &= 0
\end{aligned}
$$

This gives:
- $x^2 - 1 = 0 \Rightarrow x = \pm 1$
- $x^2 + 1 = 0 \Rightarrow x = \pm i$ (imaginary, so we discard these)

**Step 4:** Apply the second derivative test.

At $x=1$:
$$
\begin{aligned}
f^{\prime \prime}(1) &= 2+\frac{6}{(1)^{4}} \\
&= 2+6 \\
&= 8 > 0
\end{aligned}
$$
Since $f''(1) > 0$, $f(x)$ has a **relative minimum** at $x=1$.

At $x=-1$:
$$
\begin{aligned}
f^{\prime \prime}(-1) &= 2+\frac{6}{(-1)^{4}} \\
&= 2+6 \\
&= 8 > 0
\end{aligned}
$$
Since $f''(-1) > 0$, $f(x)$ has a **relative minimum** at $x=-1$.

## Part (v): $f(x)=\cos 3 x$ on $[0,2 \pi]$

Given $f(x)=\cos 3 x$.

**Step 1:** Find the first derivative.
$$f^{\prime}(x)=-3 \sin 3 x$$

**Step 2:** Find the second derivative.
$$
\begin{aligned}
f^{\prime \prime}(x) &= -3(3 \cos 3 x) \\
&= -9 \cos 3 x
\end{aligned}
$$

**Step 3:** Find critical points in $[0, 2\pi]$.
$$
\begin{aligned}
-3 \sin 3 x &= 0 \\
\sin 3 x &= 0 \\
3 x &= n \pi \quad (n \in \mathbb{Z}) \\
x &= \frac{n \pi}{3}
\end{aligned}
$$

In the interval $[0,2 \pi]$, the critical points are:
$$x=0, \frac{\pi}{3}, \frac{2 \pi}{3}, \pi, \frac{4 \pi}{3}, \frac{5 \pi}{3}, 2 \pi$$

**Step 4:** Evaluate $f''(x)$ at each critical point.

- At $x=0$: $f^{\prime \prime}(0)=-9 \cos (0)=-9<0$ → **Relative Maximum**
- At $x=\frac{\pi}{3}$: $f^{\prime \prime}\left(\frac{\pi}{3}\right)=-9 \cos (\pi)=-9(-1)=9>0$ → **Relative Minimum**
- At $x=\frac{2 \pi}{3}$: $f^{\prime \prime}\left(\frac{2 \pi}{3}\right)=-9 \cos (2\pi)=-9(1)=-9<0$ → **Relative Maximum**
- At $x=\pi$: $f^{\prime \prime}(\pi)=-9 \cos (3\pi)=-9(-1)=9>0$ → **Relative Minimum**
- At $x=\frac{4 \pi}{3}$: $f^{\prime \prime}\left(\frac{4 \pi}{3}\right)=-9 \cos (4\pi)=-9(1)=-9<0$ → **Relative Maximum**
- At $x=\frac{5 \pi}{3}$: $f^{\prime \prime}\left(\frac{5 \pi}{3}\right)=-9 \cos (5\pi)=-9(-1)=9>0$ → **Relative Minimum**
- At $x=2 \pi$: $f^{\prime \prime}(2 \pi)=-9 \cos (6\pi)=-9(1)=-9<0$ → **Relative Maximum**

## Part (vi): $f(x)=\cos x+\sin x$ on $[0,2 \pi]$

Given $f(x)=\cos x+\sin x$.

**Step 1:** Find the first derivative.
$$f^{\prime}(x)=-\sin x+\cos x$$

**Step 2:** Find the second derivative.
$$
\begin{aligned}
f^{\prime \prime}(x) &= -\cos x-\sin x
\end{aligned}
$$

**Step 3:** Find critical points.
$$
\begin{aligned}
-\sin x+\cos x &= 0 \\
\cos x &= \sin x \\
\tan x &= 1
\end{aligned}
$$

In $[0, 2\pi]$, the solutions are:
$$x=\frac{\pi}{4} \quad \text{and} \quad x=\frac{5 \pi}{4}$$

**Step 4:** Apply the second derivative test.

**Case I:** At $x=\frac{\pi}{4}$:
$$
\begin{aligned}
f^{\prime \prime}\left(\frac{\pi}{4}\right) &= -\cos \frac{\pi}{4}-\sin \frac{\pi}{4} \\
&= -\frac{1}{\sqrt{2}}-\frac{1}{\sqrt{2}} \\
&= -\frac{2}{\sqrt{2}} < 0
\end{aligned}
$$
Since $f'' < 0$, $f(x)$ has a **relative maximum** at $x=\frac{\pi}{4}$.

**Case II:** At $x=\frac{5 \pi}{4}$:
$$
\begin{aligned}
f^{\prime \prime}\left(\frac{5 \pi}{4}\right) &= -\cos \left(\frac{5 \pi}{4}\right)-\sin \left(\frac{5 \pi}{4}\right) \\
&= -\left(-\frac{1}{\sqrt{2}}\right)-\left(-\frac{1}{\sqrt{2}}\right) \\
&= \frac{1}{\sqrt{2}}+\frac{1}{\sqrt{2}} \\
&= \frac{2}{\sqrt{2}} > 0
\end{aligned}
$$
Since $f'' > 0$, $f(x)$ has a **relative minimum** at $x=\frac{5 \pi}{4}$.

---

# **Key Formulas or Methods Used**

- **Chain Rule:** $\frac{d}{dx}[f(g(x))] = f'(g(x)) \cdot g'(x)$
- **Power Rule:** $\frac{d}{dx}(x^n) = nx^{n-1}$
- **Trigonometric Derivatives:** $\frac{d}{dx}(\sin x) = \cos x$, $\frac{d}{dx}(\cos x) = -\sin x$
- **Second Derivative Test for Extrema:**
  - If $f'(c) = 0$ and $f''(c) > 0$: Relative minimum at $x=c$
  - If $f'(c) = 0$ and $f''(c) < 0$: Relative maximum at $x=c$
  - If $f'(c) = 0$ and $f''(c) = 0$: Test fails (inconclusive)
- **Critical Points:** Found by solving $f'(x) = 0$

---

# **Summary of Steps**

1. **Differentiate** the function to find $f'(x)$ using appropriate rules (chain rule, power rule, etc.).
2. **Differentiate again** to find $f''(x)$.
3. **Find critical points** by setting $f'(x) = 0$ and solving for $x$.
4. **Evaluate** $f''(x)$ at each critical point $x=c$:
   - If $f''(c) > 0$: Relative minimum
   - If $f''(c) < 0$: Relative maximum
   - If $f''(c) = 0$: Test fails; check for point of inflection or use first derivative test
5. **For trigonometric functions** on intervals: Find all solutions within the given domain before testing.",,,"unclassified","5",,"Use the second derivative test to find the relative extrema of the following functions:

(i) $f(x)=-(-2 x-5)^{2}$

(ii) $f(x)=x^{3}+3 x^{2}+3 x+1$

(iii) $f(x)=6 x^{5}-10 x^{2}$

(iv) $f(x)=x^{2}+\frac{1}{x^{2}}$

(v) $f(x)=\cos 3 x, \quad[0,2 \pi]$

(vi) $f(x)=\cos x+\sin x, \quad[0,2 \pi]$

---","ms7c3assxkm1kb9atppxzz1xg985p91p",,,"xd7e122hzkqehg4kzqmdm972tn8c7h1b","Exercise 2.9","exercise","{""blockIndex"":48,""chapterNumber"":2,""page"":80,""subjectSlug"":""maths-12""}"
"maths-12","02-limit-continuity-and-derivative","Limit, Continuity And Derivative","exercise-2-9","2.9 Critical Points, Concavity and Inflection","m175kb7wqsvjv7m4kzzayxh7118c6xsw",,,,,,"false",,"# **Background and Explanation**

To classify relative extrema, we use the **second derivative test**: if $f'(c) = 0$ and $f''(c) < 0$, then $f$ has a relative maximum at $c$; if $f''(c) > 0$, it has a relative minimum. First, we must verify that the point is a critical point (where $f'(x) = 0$ or undefined).

---

# **Solution**

## Part (i): $f(x) = \cos x \sin x$ at $x = \frac{\pi}{4}$

Given $f(x) = \cos x \sin x$.

Differentiate with respect to $x$ using the product rule:
$$
\begin{aligned}
f'(x) &= \frac{d}{dx}(\cos x) \cdot \sin x + \cos x \cdot \frac{d}{dx}(\sin x) \\
&= -\sin x \cdot \sin x + \cos x \cdot \cos x \\
&= -\sin^2 x + \cos^2 x \\
&= \cos^2 x - \sin^2 x \\
&= \cos 2x
\end{aligned}
$$

Differentiate again to find the second derivative:
$$
\begin{aligned}
f''(x) &= \frac{d}{dx}(\cos 2x) \\
&= -\sin(2x) \cdot 2 \\
&= -2\sin 2x
\end{aligned}
$$

Evaluate at $x = \frac{\pi}{4}$:
$$
\begin{aligned}
f''\left(\frac{\pi}{4}\right) &= -2\sin\left(2 \cdot \frac{\pi}{4}\right) \\
&= -2\sin\left(\frac{\pi}{2}\right) \\
&= -2(1) \\
&= -2 < 0
\end{aligned}
$$

Since $f''\left(\frac{\pi}{4}\right) = -2 < 0$, the function $f(x)$ has a **relative maximum** at $x = \frac{\pi}{4}$.

## Part (ii): $f(x) = x \sin x$ at $x = 0$

Given $f(x) = x \sin x$.

Differentiate with respect to $x$ using the product rule:
$$
\begin{aligned}
f'(x) &= 1 \cdot \sin x + x \cdot \cos x \\
&= \sin x + x\cos x
\end{aligned}
$$

Differentiate again (applying product rule to the second term):
$$
\begin{aligned}
f''(x) &= \cos x + (1 \cdot \cos x + x(-\sin x)) \\
&= \cos x + \cos x - x\sin x \\
&= 2\cos x - x\sin x
\end{aligned}
$$

Evaluate at $x = 0$:
$$
\begin{aligned}
f''(0) &= 2\cos(0) - 0 \cdot \sin(0) \\
&= 2(1) - 0 \\
&= 2 > 0
\end{aligned}
$$

Since $f''(0) = 2 > 0$, the function $f(x)$ has a **relative minimum** at $x = 0$.

## Part (iii): $f(x) = \tan^2 x$ at $x = \pi$

Given $f(x) = \tan^2 x$.

Differentiate with respect to $x$ using the chain rule:
$$f'(x) = 2\tan x \cdot \sec^2 x$$

At $x = \pi$:
$$
\begin{aligned}
f'(\pi) &= 2\tan(\pi) \cdot \sec^2(\pi) \\
&= 2(0)(1) \\
&= 0
\end{aligned}
$$

Since $f'(\pi) = 0$, this is a critical point. We proceed to find the second derivative.

Rewriting $f'(x)$ using the identity $\sec^2 x = 1 + \tan^2 x$:
$$
\begin{aligned}
f'(x) &= 2\tan x(1 + \tan^2 x) \\
&= 2\tan x + 2\tan^3 x
\end{aligned}
$$

Differentiate again:
$$
\begin{aligned}
f''(x) &= 2\sec^2 x + 2(3\tan^2 x \cdot \sec^2 x) \\
&= 2\sec^2 x + 6\tan^2 x \sec^2 x \\
&= 2\sec^2 x(1 + 3\tan^2 x)
\end{aligned}
$$

Evaluate at $x = \pi$:
$$
\begin{aligned}
f''(\pi) &= 2\sec^2(\pi)(1 + 3\tan^2(\pi)) \\
&= 2(-1)^2(1 + 3(0)) \\
&= 2(1)(1) \\
&= 2 > 0
\end{aligned}
$$

Since $f''(\pi) = 2 > 0$, the function $f(x)$ has a **relative minimum** at $x = \pi$.

## Part (iv): $f(x) = (1+\sin x)^3$ at $x = \frac{\pi}{8}$

Given $f(x) = (1+\sin x)^3$.

Differentiate with respect to $x$ using the chain rule:
$$
\begin{aligned}
f'(x) &= 3(1+\sin x)^{2} \cdot \frac{d}{dx}(1+\sin x) \\
&= 3(1+\sin x)^{2} \cdot \cos x
\end{aligned}
$$

At $x = \frac{\pi}{8}$:
Since $\frac{\pi}{8}$ is in the first quadrant ($0 < \frac{\pi}{8} < \frac{\pi}{2}$), we have $\sin\left(\frac{\pi}{8}\right) > 0$ and $\cos\left(\frac{\pi}{8}\right) > 0$.

Therefore:
$$f'\left(\frac{\pi}{8}\right) = 3(1+\sin(\frac{\pi}{8}))^2 \cdot \cos(\frac{\pi}{8}) > 0$$

Since $f'\left(\frac{\pi}{8}\right) \neq 0$, the point $x = \frac{\pi}{8}$ is **not a critical point**.

Hence, $f(x)$ has **no relative extremum** at $x = \frac{\pi}{8}$.

---

# **Key Formulas or Methods Used**

- **Product Rule**: $\frac{d}{dx}[u(x)v(x)] = u'(x)v(x) + u(x)v'(x)$
- **Chain Rule**: $\frac{d}{dx}[f(g(x))] = f'(g(x)) \cdot g'(x)$
- **Second Derivative Test**: If $f'(c) = 0$ and $f''(c) < 0 \Rightarrow$ relative maximum; if $f''(c) > 0 \Rightarrow$ relative minimum
- **Trigonometric Identities**: $\cos^2 x - \sin^2 x = \cos 2x$, $\sec^2 x = 1 + \tan^2 x$, $\tan(\pi) = 0$, $\sec(\pi) = -1$

---

# **Summary of Steps**

1. **Compute the first derivative** $f'(x)$ using appropriate differentiation rules (product, chain, or power rules).
2. **Verify critical point**: Check if $f'(c) = 0$ at the indicated point. If $f'(c) \neq 0$, conclude there is no relative extremum.
3. **Compute the second derivative** $f''(x)$ by differentiating $f'(x)$.
4. **Apply the second derivative test**: Evaluate $f''(c)$. If negative $\Rightarrow$ relative maximum; if positive $\Rightarrow$ relative minimum.
5. **State the conclusion** clearly for each function at the indicated point.",,,"unclassified","6",,"Determine whether the given function has a relative extremum at the indicated points:

(i) $f(x)=\cos x \sin x, \quad x=\frac{\pi}{4}$

(ii) $f(x)=x \sin x, \quad x=0$

(iii) $f(x)=\tan^2 x, \quad x=\pi$

(iv) $f(x)=(1+\sin x)^3, \quad x=\frac{\pi}{8}$

---","ms7c3assxkm1kb9atppxzz1xg985p91p",,,"xd7e122hzkqehg4kzqmdm972tn8c7h1b","Exercise 2.9","exercise","{""blockIndex"":48,""chapterNumber"":2,""page"":80,""subjectSlug"":""maths-12""}"
"maths-12","02-limit-continuity-and-derivative","Limit, Continuity And Derivative","exercise-2-10","2.10 Applications of Differentiation","m174vc2jh569q9pf3ayt0z7c8185qv4d","false","Federal Board",,"[""Set up constraint equation from perimeter to express area as single-variable function"",""Differentiate area function and find critical points by setting $f'(x) = 0$"",""Verify maximum using second derivative test: $f''(x) < 0$ at critical point"",""Apply triangle inequality constraints to determine valid domain for side lengths"",""Conclude that sides are 5 cm, 5 cm, and 8 cm for maximum area""]",,"false","8","**a. Finding function f(x):**
Let the two unknown sides be $x$ and $y$. Given: perimeter = 18 cm and one side = 8 cm.
Therefore: $x + y + 8 = 18$, which gives $y = 10 - x$.
For maximum area, using Heron's formula with semi-perimeter $s = 9$:
$$f(x) = \sqrt{9(9-x)(9-(10-x))(9-8)} = \sqrt{9(9-x)(x-1)}$$
Simplifying: $f(x) = 3\sqrt{(9-x)(x-1)}$

**b. Finding derivatives:**
Let $g(x) = (9-x)(x-1) = -x^2 + 10x - 9$
$$f'(x) = \frac{3(-2x + 10)}{2\sqrt{(9-x)(x-1)}} = \frac{3(5-x)}{\sqrt{(9-x)(x-1)}}$$
$$f''(x) = \frac{-3\sqrt{(9-x)(x-1)} - 3(5-x) \cdot \frac{(-2x+10)}{2\sqrt{(9-x)(x-1)}}}{(9-x)(x-1)}$$

**c. Finding critical points:**
Setting $f'(x) = 0$: $5 - x = 0$, so $x = 5$
Since $f''(5) < 0$, this is a maximum.
The domain constraint requires $1 < x < 9$ and triangle inequality: $x + y > 8$, giving $1 < x < 9$.

**d. Sides of triangle ABC:**
When $x = 5$: $y = 10 - 5 = 5$
The three sides are: **5 cm, 5 cm, and 8 cm**
This forms an isosceles triangle with maximum area $A = 12$ cm².",,"C","long","2","annual","The perimeter of a triangle is 18 centimetres. If one side is of length 8 cm, what are the lengths of the other sides for maximum area of the triangle?
**a.** Find function $f(x)$
**b.** Find $f'(x)$ and $f''(x)$
**c.** Find the values of $f(x)$ for which it has maximum or minimum values
**d.** Find the sides of triangle ABC.","ms7dfdrn50kj7eh5wn9gx4x48185pm02","2022",,,,,
"maths-12","02-limit-continuity-and-derivative","Limit, Continuity And Derivative","exercise-2-10","2.10 Applications of Differentiation","m1708w4620yh5dced1j6h66wrx85q91r","false","Federal Board","To solve $-20 > -2x$, divide both sides by $-2$. When dividing an inequality by a negative number, reverse the inequality sign: $\frac{-20}{-2} < \frac{-2x}{-2}$, which gives $10 < x$ or equivalently $x > 10$. Therefore, the solution is $x > 10$.","[""Correctly divide both sides by $-2$"",""Reverse the inequality sign when dividing by a negative number"",""Express final answer as $x > 10$"",""Understand that inequality direction changes with negative divisors""]",,"false","1","To solve $-20 > -2x$, divide both sides by $-2$. When dividing an inequality by a negative number, reverse the inequality sign: $\frac{-20}{-2} < \frac{-2x}{-2}$, which gives $10 < x$ or equivalently $x > 10$. Therefore, the solution is $x > 10$.","[{""key"":""A"",""text"":""$10 > x > 2$""},{""key"":""B"",""text"":""$10 < x < +\\infty$""},{""key"":""C"",""text"":""$10 > x > -\\infty$""},{""key"":""D"",""text"":""$-10 > x > -\\infty$""}]","MCQ","unclassified","15","annual","Which one is the solution of inequality $-20 > -2x$?","ms7dfdrn50kj7eh5wn9gx4x48185pm02","2023",,,,,
"maths-12","02-limit-continuity-and-derivative","Limit, Continuity And Derivative","exercise-2-10","2.10 Applications of Differentiation","m17f3k77ea6xnb0fqzmfykm58985q35w","true","Federal Board",,"[""Set up constraint equation $x + y = 9$ and express objective function $P = xy^2$ in one variable"",""Find critical points by taking derivative and setting $\\frac{dP}{dx} = 0$"",""Verify maximum using second derivative test ($\\frac{d^2P}{dx^2} < 0$)"",""State the answer: integers are 3 and 6 with maximum value 108""]",,"false","4","Let the two positive integers be $x$ and $y$ with constraint $x + y = 9$, so $y = 9 - x$. We need to maximize $P = xy^2 = x(9-x)^2$. Taking the derivative: $\frac{dP}{dx} = (9-x)^2 + x \cdot 2(9-x)(-1) = (9-x)^2 - 2x(9-x) = (9-x)[(9-x) - 2x] = (9-x)(9-3x)$. Setting $\frac{dP}{dx} = 0$ gives $x = 9$ or $x = 3$. Since $x$ must be positive and $x < 9$, we have $x = 3$, giving $y = 6$. Verification: $\frac{d^2P}{dx^2} = -3(9-3x) - 3(9-x) = -27 + 9x - 27 + 3x = 12x - 54$. At $x = 3$: $\frac{d^2P}{dx^2} = 36 - 54 = -18 < 0$ (maximum). Therefore, the two positive integers are **3 and 6**, with maximum product $3 \times 6^2 = 108$.",,"B","short","6","annual","Find two positive integers whose sum is 9 and product of one with square of the other is maximum.","ms7dfdrn50kj7eh5wn9gx4x48185pm02","2023",,,,,
"maths-12","02-limit-continuity-and-derivative","Limit, Continuity And Derivative","exercise-2-10","2.10 Applications of Differentiation","m17cmaqhf3ygfr9sp011sgj71x85qyg2",,"Federal Board",,"[""Correctly expressed volume as $V = 12x^2 - x^3$ using constraint $x + h = 12$"",""Correctly computed first derivative $\\frac{dV}{dx} = 24x - 3x^2$ and second derivative $\\frac{d^2V}{dx^2} = 24 - 6x$"",""Found critical point by solving $\\frac{dV}{dx} = 0$ to get $x = 8$ cm"",""Verified maximum using second derivative test showing $\\frac{d^2V}{dx^2} < 0$ at $x = 8$"",""Calculated dimensions ($x = 8$ cm, $h = 4$ cm) and maximum volume ($V = 256$ cm³)""]",,"false","8","**Solution:**

**Part (a): Express volume V in terms of x**

Let the side of the square base be $x$ cm and height be $h$ cm. Given: $x + h = 12$, so $h = 12 - x$.

Volume of box: $V = x^2 h = x^2(12 - x) = 12x^2 - x^3$

**Part (b): Find derivatives**

$\frac{dV}{dx} = 24x - 3x^2$

$\frac{d^2V}{dx^2} = 24 - 6x$

**Part (c): Find dimensions for maximum volume**

For maximum, set $\frac{dV}{dx} = 0$:

$24x - 3x^2 = 0$

$3x(8 - x) = 0$

$x = 0$ or $x = 8$

Since $x > 0$, we have $x = 8$ cm.

Verify maximum using second derivative test:
$\frac{d^2V}{dx^2}\bigg|_{x=8} = 24 - 6(8) = -24 < 0$ ✓ (maximum)

When $x = 8$: $h = 12 - 8 = 4$ cm

**Maximum volume:** $V = 8^2 \times 4 = 256$ cm³

**Dimensions:** Base side = 8 cm, Height = 4 cm, Maximum Volume = 256 cm³",,"C","long","2","annual","A box has square base and the sum of one side of the base and height of the box is 12. If the length of one side of box is $x$ cm:
a. Express volume $V$ of the box in terms of $x$.
b. Find $\frac{d}{dx}(V)$ and $\frac{d^{2}}{dx^{2}}(V)$.
c. Find the dimensions of the box for which the volume of the box is maximum. Hence find maximum volume of the box.","ms7dfdrn50kj7eh5wn9gx4x48185pm02","2023",,,,,
"maths-12","02-limit-continuity-and-derivative","Limit, Continuity And Derivative","exercise-2-10","2.10 Applications of Differentiation","m17a3464cfmndhzab0j967jz1185pxcy",,"Federal Board",,"[""Correctly formulate objective function P = 2000x + 1500y"",""Identify and write all constraints: inspection (x + y ≤ 100) and maintenance (3x + 2y ≤ 240) with non-negativity"",""Find corner points of feasible region by solving system of equations"",""Evaluate objective function at all corner points to determine maximum"",""State optimal solution: 40 deluxe and 60 ordinary detailings with maximum profit Rs 170,000""]",,"false","8","This is a linear programming problem. Let x = number of deluxe detailings and y = number of ordinary detailings. The objective function to maximize is: $P = 2000x + 1500y$. Subject to constraints: $x + y \leq 100$ (inspection hours), $3x + 2y \leq 240$ (maintenance hours), and $x, y \geq 0$. Finding corner points of the feasible region: (0,0) gives P = 0; (0,100) gives P = 150,000; (80,0) gives P = 160,000; and solving $x + y = 100$ and $3x + 2y = 240$ simultaneously gives $x = 40, y = 60$ with P = 2000(40) + 1500(60) = 170,000. Therefore, the company should perform 40 deluxe detailings and 60 ordinary detailings to achieve maximum profit of Rs 170,000.",,"C","long","5","annual","A car detailing company performs two types of detailing: deluxe and ordinary. The deluxe detailing requires 1 hour inspection and 3 hours maintenance time. While an ordinary detailing requires 1 hour inspection and 2 hours maintenance time. There are 100 hours of inspection and 240 hours of maintenance time during the coming two weeks. How many detailing(s) of each type should the company perform to get maximum profit if the company gets a profit of Rs 2000 on deluxe detailing and Rs 1500 on ordinary detailing?","ms7dfdrn50kj7eh5wn9gx4x48185pm02","2023",,,,,
"maths-12","02-limit-continuity-and-derivative","Limit, Continuity And Derivative","exercise-2-10","2.10 Applications of Differentiation","m1709j74d4rsb085b64h1zm2nn85p784",,"Federal Board",,"[""Correctly formulates objective function $P = 50x + 80y$ and identifies all constraints from the problem"",""Accurately determines corner points of the feasible region by solving system of equations and checking boundaries"",""Evaluates profit function at all corner points and identifies maximum value correctly"",""Provides clear final answer: 16 ceiling lights and 10 ceiling fans for maximum profit of Rs 1600""]",,"false","8","This is a linear programming problem. Let x = number of ceiling lights and y = number of ceiling fans. The objective function to maximize is: $P = 50x + 80y$. Subject to constraints: $5x + 4y \leq 120$ (Machine A), $4x + 8y \leq 144$ (Machine B), $x \geq 0$, $y \geq 0$. Finding corner points of the feasible region: (0,0), (24,0), (0,18), and solving $5x + 4y = 120$ and $4x + 8y = 144$ simultaneously gives $(16, 10)$. Evaluating profit at each corner point: $P(0,0) = 0$, $P(24,0) = 1200$, $P(0,18) = 1440$, $P(16,10) = 50(16) + 80(10) = 800 + 800 = 1600$. The maximum profit of Rs 1600 is achieved when the factory manufactures 16 ceiling lights and 10 ceiling fans.",,"C","long","6","annual","A factory produces two items: ceiling lights and ceiling fans by using two machines A and B. Machine A has at most 120 hours available and machine B has a maximum of 144 hours available. Manufacturing of a ceiling light requires 5 hours in machine A and 4 hours in machine B, while manufacturing of a ceiling fan requires 4 hours in machine A and 8 hours in machine B. If the factory gets a profit of Rs 50 per ceiling light and Rs 80 per ceiling fan, how many ceiling lights and ceiling fans should be manufactured to get maximum profit?","ms7dfdrn50kj7eh5wn9gx4x48185pm02","2024",,,,,
"maths-12","02-limit-continuity-and-derivative","Limit, Continuity And Derivative","exercise-2-10","2.10 Applications of Differentiation","m175knd8th8nv6k0wyjchksje58c6649",,,,,,"false",,"# **Background and Explanation**

This problem explores the concept of limits at infinity, specifically what happens when a denominator approaches zero while the numerator remains constant. Understanding one-sided limits is crucial here since the velocity $v$ cannot exceed $c$, so we only consider the approach from below ($v < c$).

---

# **Solution**

## Method 1: Conceptual Analysis

We analyze the behavior of the mass formula as velocity increases toward the speed of light:

As $v$ increases and gets closer to $c$:
- The ratio $\frac{v^{2}}{c^{2}}$ approaches $1$:
  $$\frac{v^{2}}{c^{2}} \rightarrow 1$$
- Therefore, the expression inside the square root approaches zero:
  $$1-\frac{v^{2}}{c^{2}} \rightarrow 0$$
- Taking the square root, the denominator approaches zero:
  $$\sqrt{1-\frac{v^{2}}{c^{2}}} \rightarrow 0$$
- Since the numerator $m_{0}$ remains constant, we have a constant divided by an increasingly small positive number:
  $$m=\frac{m_{0}}{\sqrt{1-\frac{v^{2}}{c^{2}}}} \rightarrow \infty$$

Hence, when $v \rightarrow c^{-}$, then $m \rightarrow \infty$.

## Method 2: Formal Limit Evaluation

Given the mass formula:
$$m=\frac{m_{0}}{\sqrt{1-\frac{v^{2}}{c^{2}}}}$$

Taking the limit as $v \rightarrow c$:

$$
\begin{aligned}
\lim _{v \rightarrow c} m & =\lim _{v \rightarrow c} \frac{m_{0}}{\sqrt{1-\frac{v^{2}}{c^{2}}}} \\
& =\frac{m_{0}}{\sqrt{1-\frac{c^{2}}{c^{2}}}} \quad \text{(substituting } v = c \text{)} \\
& =\frac{m_{0}}{\sqrt{1-1}} \\
& =\frac{m_{0}}{\sqrt{0}} \\
& =\frac{m_{0}}{0} \\
& =\infty
\end{aligned}
$$

This shows that when $v \rightarrow c$, then $m \rightarrow \infty$.

## Additional Limit Calculations (Separate Problem)

The following content appears to be from a different problem involving piecewise function continuity at $x=3$:

**Left Hand Limit (L.H.L):**

$$
\begin{aligned}
\lim _{x \rightarrow 3^{-}} f(x) & =\lim _{x \rightarrow 3^{-}}(k x+1) \\
& =k(3)+1 \\
\lim _{x \rightarrow 3^{-}} f(x) & =3 k+1
\end{aligned}
$$

**Right Hand Limit (R.H.L):**

$$
\begin{aligned}
\lim _{x \rightarrow 3^{+}} f(x) & =\lim _{x \rightarrow 3^{+}}(2-k x) \\
& =2-k(3) \\
\lim _{x \rightarrow 3^{+}} f(x) & =2-3 k
\end{aligned}
$$

---

# **Key Formulas or Methods Used**

- **Relativistic mass formula:** $m=\frac{m_{0}}{\sqrt{1-\frac{v^{2}}{c^{2}}}}$
- **Limit of a quotient:** When $\lim_{x \to a} f(x) = L \neq 0$ and $\lim_{x \to a} g(x) = 0$, then $\lim_{x \to a} \frac{f(x)}{g(x)} = \infty$ (sign depends on direction of approach)
- **Direct substitution property:** For continuous functions, $\lim_{x \to a} f(x) = f(a)$
- **One-sided limits:** Analysis of $v \rightarrow c^{-}$ ensures we approach from the physical domain where $v < c$

---

# **Summary of Steps**

1. Identify the relativistic mass formula $m=\frac{m_{0}}{\sqrt{1-\frac{v^{2}}{c^{2}}}}$
2. Analyze the denominator's behavior as $v \to c^{-}$: observe that $\frac{v^2}{c^2} \to 1$
3. Determine that $1-\frac{v^2}{c^2} \to 0^+$ (approaches zero through positive values)
4. Recognize that the square root $\sqrt{1-\frac{v^2}{c^2}} \to 0$
5. Conclude that dividing constant $m_0$ by an infinitesimally small positive number yields $m \to \infty$
6. (Alternative) Apply formal limit notation: substitute $v=c$ to obtain $\frac{m_0}{0} = \infty$",,,"unclassified","1",,"According to Einstein's theory of relativity, the mass $m$ of a body moving with velocity $v$ is given by:

$$m=\frac{m_{0}}{\sqrt{1-\frac{v^{2}}{c^{2}}}}$$

where $m_{0}$ is the initial mass (rest mass) and $c$ is the speed of light.

What happens to $m$ as $v \rightarrow c^{-}$ (as $v$ approaches $c$ from below)?

---","ms7dfdrn50kj7eh5wn9gx4x48185pm02",,,"xd719tmjjjjc6tm3s4rz9g2mpd8c6yex","Exercise 2.10","exercise","{""blockIndex"":50,""chapterNumber"":2,""page"":85,""subjectSlug"":""maths-12""}"
"maths-12","02-limit-continuity-and-derivative","Limit, Continuity And Derivative","exercise-2-10","2.10 Applications of Differentiation","m175zs4edgvrrrtpwbem6e2am98c7r5c",,,,,,"false",,"# **Background and Explanation**

This problem requires evaluating a given rate equation at a specific value of $x$. Although the particle's path is defined by the curve $y^2 = x + 1$, we are provided with an explicit expression for $\frac{dx}{dt}$ as a function of $x$, allowing us to solve by direct substitution without needing to analyze the curve's geometry.

---

# **Solution**

We are given the differential equation describing the rate of change of $x$ with respect to time:

$$\frac{dx}{dt} = 4x + 4$$

To find the value of $\frac{dx}{dt}$ when the particle is at position $x = 8$, we substitute $x = 8$ directly into equation (1):

$$
\begin{aligned}
\frac{dx}{dt} &= 4(8) + 4 \\
&= 32 + 4 \\
&= 36
\end{aligned}
$$

Therefore, when $x = 8$, the rate of change $\frac{dx}{dt}$ equals $36$.

---

# **Key Formulas or Methods Used**

- **Given rate equation:** $\frac{dx}{dt} = 4x + 4$
- **Direct substitution:** Evaluating a function by replacing the variable with a specific numeric value
- **Algebraic order of operations:** Multiplication before addition ($4 \times 8 = 32$, then $32 + 4 = 36$)

---

# **Summary of Steps**

1. Identify the given rate equation: $\frac{dx}{dt} = 4x + 4$
2. Substitute $x = 8$ into the right-hand side of the equation
3. Calculate $4(8) = 32$
4. Add $4$ to obtain the final result: $32 + 4 = 36$",,,"unclassified","10",,"A particle moves on the graph of $y^{2}=x+1$ such that the rate of change of $x$ with respect to time is given by $\frac{d x}{d t}=4 x+4$. What is $\frac{d x}{d t}$ when $x=8$?

---","ms7dfdrn50kj7eh5wn9gx4x48185pm02",,,"xd719tmjjjjc6tm3s4rz9g2mpd8c6yex","Exercise 2.10","exercise","{""blockIndex"":51,""chapterNumber"":2,""page"":86,""subjectSlug"":""maths-12""}"
"maths-12","02-limit-continuity-and-derivative","Limit, Continuity And Derivative","exercise-2-10","2.10 Applications of Differentiation","m17c15bybzpz9kk05fq80bqte58c6x22",,,,,,"false",,"# **Background and Explanation**

This is a **related rates** problem in calculus, where we determine how quickly the distance between two moving objects changes over time. The solution requires setting up a geometric relationship (typically using the Pythagorean theorem) between the positions of the ships, then differentiating with respect to time to find the rate of change.

---

# **Solution**

## Setting Up the Geometry

At 8:00 am, ship $S_1$ is 20 km due north of ship $S_2$. Let's denote the initial position of $S_2$ as point $Q$ and the initial position of $S_1$ as point $P$, so $|PQ| = 20$ km.

After time $t$ hours (measured from 8:00 am):
- Ship $S_1$ sails south, so it moves toward point $Q$
- Ship $S_2$ sails west, perpendicular to the original north-south line

## Determining the Time Variable

At 9:20 am, the time elapsed from 8:00 am is:
$$t = 1 \text{ hour } 20 \text{ minutes} = 1 + \frac{20}{60} = \frac{4}{3} \text{ hours}$$

## Expressing Positions as Functions of Time

Using the formula $\text{Distance} = \text{Velocity} \times \text{Time}$:

**For ship $S_1$ (moving south):**
- Distance traveled south from $P$: $|PA| = 9t$
- Remaining distance from $Q$: $|AQ| = |PQ| - |PA| = 20 - 9t$

**For ship $S_2$ (moving west):**
- Distance traveled west from $Q$: $|BQ| = 12t$

## Finding the Distance Between Ships

Let $D$ be the distance between the ships at time $t$. By the Pythagorean theorem applied to right triangle $AQB$:

$$D = \sqrt{|AQ|^2 + |BQ|^2}$$

Substituting the expressions:
$$D = \sqrt{(20-9t)^2 + (12t)^2}$$

Expanding the squared terms:
$$D = \sqrt{400 - 360t + 81t^2 + 144t^2}$$

$$D = \sqrt{225t^2 - 360t + 400}$$

## Differentiating to Find the Rate of Change

To find how fast the distance is changing, we differentiate $D$ with respect to $t$ using the chain rule:

$$\frac{dD}{dt} = \frac{1}{2}(225t^2 - 360t + 400)^{-1/2} \cdot \frac{d}{dt}(225t^2 - 360t + 400)$$

$$\frac{dD}{dt} = \frac{1}{2\sqrt{225t^2 - 360t + 400}} \cdot (450t - 360)$$

Simplifying by factoring out 2 from the numerator:
$$\frac{dD}{dt} = \frac{225t - 180}{\sqrt{225t^2 - 360t + 400}}$$

## Evaluating at 9:20 am

At 9:20 am, we have $t = \frac{4}{3}$. Substituting this value:

**Numerator:**
$$225\left(\frac{4}{3}\right) - 180 = 300 - 180 = 120$$

**Denominator:**
$$\sqrt{225\left(\frac{4}{3}\right)^2 - 360\left(\frac{4}{3}\right) + 400}$$

$$= \sqrt{225 \cdot \frac{16}{9} - 480 + 400}$$

$$= \sqrt{400 - 480 + 400}$$

$$= \sqrt{320}$$

Therefore:
$$\frac{dD}{dt} = \frac{120}{\sqrt{320}} = \frac{120}{8\sqrt{5}} = \frac{15}{\sqrt{5}} = 3\sqrt{5} \approx 6.708 \text{ km/hr}$$

The distance between the two ships is increasing at a rate of approximately **$6.708 \mathrm{~km} / \mathrm{hr}$** (or exactly $3\sqrt{5}$ km/hr) at 9:20 am.

---

# **Key Formulas or Methods Used**

- **Distance formula**: $d = v \times t$ (where $v$ is velocity and $t$ is time)
- **Pythagorean theorem**: $c = \sqrt{a^2 + b^2}$ for right triangles
- **Chain rule for differentiation**: $\frac{d}{dt}[f(g(t))] = f'(g(t)) \cdot g'(t)$
- **Related rates method**: Differentiating a geometric constraint equation with respect to time to relate the rates of change of different variables

---

# **Summary of Steps**

1. **Set up coordinates**: Establish that at $t=0$ (8:00 am), the vertical separation is 20 km with $S_1$ north of $S_2$.
2. **Define time variable**: Calculate $t = \frac{4}{3}$ hours for 9:20 am.
3. **Express positions**: Write $|AQ| = 20 - 9t$ (remaining north-south separation) and $|BQ| = 12t$ (westward displacement).
4. **Apply Pythagorean theorem**: $D = \sqrt{(20-9t)^2 + (12t)^2} = \sqrt{225t^2 - 360t + 400}$.
5. **Differentiate**: Use chain rule to get $\frac{dD}{dt} = \frac{225t - 180}{\sqrt{225t^2 - 360t + 400}}$.
6. **Substitute $t = \frac{4}{3}$**: Calculate numerator ($120$) and denominator ($\sqrt{320}$) to get the final rate of $3\sqrt{5} \approx 6.708$ km/hr.",,,"unclassified","11",,"At 8:00 am ship $S_{1}$ is 20 km due north of $S_{2}$. Ship $S_{1}$ sails south at a rate of $9 \mathrm{~km} / \mathrm{hr}$ and $S_{2}$ sails west at a rate of $12 \mathrm{~km} / \mathrm{hr}$. At what rate is the distance between the two ships changing at 9:20 am?

---","ms7dfdrn50kj7eh5wn9gx4x48185pm02",,,"xd719tmjjjjc6tm3s4rz9g2mpd8c6yex","Exercise 2.10","exercise","{""blockIndex"":51,""chapterNumber"":2,""page"":86,""subjectSlug"":""maths-12""}"
"maths-12","02-limit-continuity-and-derivative","Limit, Continuity And Derivative","exercise-2-10","2.10 Applications of Differentiation","m17arabr3sc0df5mgs2dxb67wx8c6f49",,,,,,"false",,"# **Background and Explanation**

This problem applies optimization techniques from differential calculus to find maximum values subject to constraints. You will need to express the product as a function of a single variable using the given sum constraint, then apply the first and second derivative tests to locate and verify the maximum.

---

# **Solution**

Let the first number be $x$ and the second number be $y$.

According to the question, the sum of the two numbers is $60$:
$$
\begin{align*}
x + y &= 60 \\
y &= 60 - x
\end{align*}
$$

Let $P$ represent the product of the two numbers. Substituting equation (1) to express $P$ as a function of $x$ alone:
$$
\begin{aligned}
P &= xy \\
&= x(60 - x) \\
P &= 60x - x^{2}
\end{aligned}
$$

To find the maximum product, we differentiate $P$ with respect to $x$:
$$
\frac{dP}{dx} = 60 - 2x
$$

Differentiating again with respect to $x$ to obtain the second derivative:
$$
\frac{d^{2}P}{dx^{2}} = -2
$$

**For critical values:**

Set the first derivative equal to zero to find stationary points:
$$
\Rightarrow \quad \begin{aligned}
60 - 2x &= 0 \\
60 &= 2x \\
x &= 30
\end{aligned}
$$

**Verification of maximum:**

At $x = 30$, evaluate the second derivative:
$$
\frac{d^{2}P}{dx^{2}} = -2 < 0
$$

Since $\frac{d^{2}P}{dx^{2}} < 0$, the product $P$ is maximum at $x = 30$.

Substituting $x = 30$ back into equation (1) to find the second number:

Therefore, the two non-negative numbers are both $30$.

---

# **Key Formulas or Methods Used**

- **Constraint equation:** $x + y = 60$ (used to eliminate one variable)
- **Objective function:** $P = xy = 60x - x^{2}$ (product expressed in terms of $x$)
- **First derivative test:** $\frac{dP}{dx} = 0$ for finding critical points
- **Second derivative test:** $\frac{d^{2}P}{dx^{2}} < 0$ confirms a local maximum

---

# **Summary of Steps**

1. **Define variables:** Let the numbers be $x$ and $y$, with constraint $x + y = 60$.
2. **Formulate objective function:** Express product as $P(x) = x(60-x) = 60x - x^{2}$.
3. **Find critical points:** Compute $\frac{dP}{dx} = 60 - 2x$, set to zero, and solve to get $x = 30$.
4. **Verify maximum:** Check that $\frac{d^{2}P}{dx^{2}} = -2 < 0$ to confirm a maximum exists at $x = 30$.
5. **Calculate second number:** Substitute $x = 30$ into $y = 60 - x$ to find $y = 30$.",,,"unclassified","12",,"Find two non-negative numbers whose sum is $60$ and whose product is a maximum.

---","ms7dfdrn50kj7eh5wn9gx4x48185pm02",,,"xd719tmjjjjc6tm3s4rz9g2mpd8c6yex","Exercise 2.10","exercise","{""blockIndex"":51,""chapterNumber"":2,""page"":86,""subjectSlug"":""maths-12""}"
"maths-12","02-limit-continuity-and-derivative","Limit, Continuity And Derivative","exercise-2-10","2.10 Applications of Differentiation","m175fxc37mm08w6cy1d9171g6s8c6m9v",,,,,,"false",,"# **Background and Explanation**

This problem involves maximizing the area of a rectangular enclosure subject to a fixed constraint on the total fencing available, using techniques from differential calculus. The key approach is to express the area as a function of a single variable using the perimeter constraint, then identify critical points where the first derivative equals zero and verify they represent a maximum using the second derivative test.

---

# **Solution**

## Setting Up the Constraint

Let $x$ be the length of the rectangle and $y$ be the width. Based on the figure, the fencing arrangement requires two lengths of side $x$ and four lengths of side $y$ (this configuration typically represents a rectangular field with internal dividers parallel to the width).

The total fencing constraint is:

$$
\begin{aligned}
\text{Perimeter} &= x + x + y + y + y + y \\
\text{Perimeter} &= 2x + 4y
\end{aligned}
$$

Given that the total fence available is 8000 m:

$$
2x + 4y = 8000
$$

Simplifying by dividing by 2:

$$
x + 2y = 4000
$$

Solving for $x$ in terms of $y$:

$$
x = 4000 - 2y
$$

## Expressing the Area Function

The area of the rectangular enclosure is given by:

$$
A = x \times y
$$

Substituting equation (1) to express the area solely in terms of $y$:

$$
\begin{aligned}
A &= (4000 - 2y) \times y \\
A &= 4000y - 2y^{2}
\end{aligned}
$$

## Finding Critical Points

To find the value of $y$ that maximizes the area, we differentiate $A$ with respect to $y$:

$$
\frac{dA}{dy} = 4000 - 4y
$$

We also compute the second derivative for the concavity test:

$$
\frac{d^{2}A}{dy^{2}} = -4
$$

Setting the first derivative equal to zero to find critical points:

$$
\begin{aligned}
4000 - 4y &= 0 \\
4000 &= 4y \\
y &= 1000
\end{aligned}
$$

## Verifying the Maximum

Since the second derivative is:

$$
\frac{d^{2}A}{dy^{2}} = -4 < 0
$$

The negative value confirms that the function is concave down at $y = 1000$, indicating that this critical point yields a local maximum for the area.

## Calculating the Final Dimensions

Substitute $y = 1000$ back into equation (1) to find $x$:

$$
\begin{aligned}
x &= 4000 - 2(1000) \\
&= 4000 - 2000 \\
x &= 2000
\end{aligned}
$$

Therefore, the dimensions that yield the greatest enclosed area are:
- **Length:** $x = 2000$ m
- **Width:** $y = 1000$ m

---

# **Key Formulas or Methods Used**

- **Perimeter constraint:** $2x + 4y = 8000$ (simplified to $x = 4000 - 2y$)
- **Area function:** $A = xy$ or $A = 4000y - 2y^{2}$
- **First derivative (optimization):** $\frac{dA}{dy} = 4000 - 4y$
- **Critical point condition:** $\frac{dA}{dy} = 0$
- **Second derivative test for maximum:** $\frac{d^{2}A}{dy^{2}} < 0$ confirms concave down (maximum)

---

# **Summary of Steps**

1. Define variables $x$ (length) and $y$ (width) for the rectangular enclosure.
2. Establish the fencing constraint based on the figure: $2x + 4y = 8000$.
3. Solve the constraint for $x$ to get $x = 4000 - 2y$.
4. Substitute into the area formula to obtain $A(y) = 4000y - 2y^{2}$.
5. Differentiate with respect to $y$ to get $\frac{dA}{dy} = 4000 - 4y$.
6. Set the first derivative to zero and solve: $y = 1000$ m.
7. Verify this is a maximum using the second derivative test ($\frac{d^{2}A}{dy^{2}} = -4 < 0$).
8. Substitute $y = 1000$ back to find $x = 2000$ m and state the final dimensions.",,,"unclassified","13",,"If the total fence to be used is 8000 m, find the dimensions of the enclosed land in the figure below that has the greatest area.

---","ms7dfdrn50kj7eh5wn9gx4x48185pm02",,,"xd719tmjjjjc6tm3s4rz9g2mpd8c6yex","Exercise 2.10","exercise","{""blockIndex"":51,""chapterNumber"":2,""page"":86,""subjectSlug"":""maths-12""}"
"maths-12","02-limit-continuity-and-derivative","Limit, Continuity And Derivative","exercise-2-10","2.10 Applications of Differentiation","m17c3penngdj7ggsvd4mr6ja018c62bx",,,,,,"false",,"# **Background and Explanation**

This problem requires optimization using differential calculus. We need to minimize the surface area (material used) of an open-top box subject to a fixed volume constraint. The approach involves expressing the surface area as a function of a single variable, then using derivatives to find the minimum.

---

# **Solution**

Let the side length of the square base be $x$ and the height be $y$.

**Step 1: Establish the constraint equation from the volume**

Given that the volume of the box is $32,000 \mathrm{~cm}^{3}$:

$$
\begin{aligned}
\text{Volume} &= x \cdot x \cdot y = 32000 \\
x^{2} y &= 32000
\end{aligned}
$$

Solving for $y$ in terms of $x$:

$$
y = \frac{32000}{x^{2}}
$$

**Step 2: Formulate the surface area function**

Since the box is open at the top, the material is used for the square base and the four rectangular walls:
- Area of base: $x^{2}$
- Area of one wall: $xy$
- Area of four walls: $4xy$

Therefore, the total surface area $A$ is:

$$
A = x^{2} + 4xy
$$

Substituting equation (1) to express $A$ as a function of $x$ only:

$$
\begin{aligned}
A &= x^{2} + 4x\left(\frac{32000}{x^{2}}\right) \\
A &= x^{2} + \frac{128000}{x}
\end{aligned}
$$

**Step 3: Find the critical points**

Differentiate $A$ with respect to $x$:

$$
\begin{aligned}
\frac{dA}{dx} &= 2x + 128000 \cdot \frac{d}{dx}\left(\frac{1}{x}\right) \\
&= 2x + 128000\left(-\frac{1}{x^{2}}\right) \\
\frac{dA}{dx} &= 2x - \frac{128000}{x^{2}}
\end{aligned}
$$

Set $\frac{dA}{dx} = 0$ to find critical values:

$$
\begin{aligned}
2x - \frac{128000}{x^{2}} &= 0 \\
2x &= \frac{128000}{x^{2}} \\
2x^{3} &= 128000 \\
x^{3} &= 64000 \\
x &= \sqrt[3]{64000} \\
x &= 40 \mathrm{~cm}
\end{aligned}
$$

**Step 4: Verify this is a minimum using the second derivative test**

Differentiate $\frac{dA}{dx}$ again with respect to $x$:

$$
\begin{aligned}
\frac{d^{2}A}{dx^{2}} &= 2 - 128000 \cdot \frac{d}{dx}\left(x^{-2}\right) \\
&= 2 - 128000\left(-2x^{-3}\right) \\
&= 2 + \frac{256000}{x^{3}} \\
&= 2\left(1 + \frac{128000}{x^{3}}\right)
\end{aligned}
$$

Evaluate at $x = 40$:

$$
\begin{aligned}
\frac{d^{2}A}{dx^{2}} &= 2\left(1 + \frac{128000}{(40)^{3}}\right) \\
&= 2\left(1 + \frac{128000}{64000}\right) \\
&= 2(1 + 2) \\
&= 6 > 0
\end{aligned}
$$

Since $\frac{d^{2}A}{dx^{2}} > 0$ at $x = 40$, the surface area is indeed minimized at this value.

**Step 5: Calculate the corresponding height**

Substitute $x = 40$ into equation (1):

$$
\begin{aligned}
y &= \frac{32000}{(40)^{2}} \\
&= \frac{32000}{1600} \\
&= 20 \mathrm{~cm}
\end{aligned}
$$

**Final Answer:**
- Length of base: $x = 40 \mathrm{~cm}$
- Height: $y = 20 \mathrm{~cm}$

---

# **Key Formulas or Methods Used**

- **Volume of rectangular box:** $V = \text{length} \times \text{width} \times \text{height} = x^{2}y$ (since base is square)
- **Surface area of open box:** $A = \text{base area} + \text{4 walls} = x^{2} + 4xy$
- **First derivative test:** Set $\frac{dA}{dx} = 0$ to find critical points
- **Second derivative test for minimum:** If $\frac{d^{2}A}{dx^{2}} > 0$ at a critical point, the function has a local minimum there
- **Power rule for differentiation:** $\frac{d}{dx}(x^{n}) = nx^{n-1}$

---

# **Summary of Steps**

1. **Define variables:** Let $x$ be the side of the square base and $y$ be the height
2. **Apply volume constraint:** Use $x^{2}y = 32000$ to express $y = \frac{32000}{x^{2}}$
3. **Create objective function:** Write surface area $A = x^{2} + 4xy$ and substitute to get $A(x) = x^{2} + \frac{128000}{x}$
4. **Differentiate:** Find $\frac{dA}{dx} = 2x - \frac{128000}{x^{2}}$
5. **Find critical points:** Solve $\frac{dA}{dx} = 0$ to get $x = 40$ cm
6. **Verify minimum:** Check $\frac{d^{2}A}{dx^{2}} = 6 > 0$ at $x = 40$ to confirm it's a minimum
7. **Find height:** Calculate $y = \frac{32000}{40^{2}} = 20$ cm
8. **State dimensions:** The optimal dimensions are $40 \mathrm{~cm} \times 40 \mathrm{~cm} \times 20 \mathrm{~cm}$",,,"unclassified","14",,"An open rectangular box is to be constructed with a square base and a volume of $32,000 \mathrm{~cm}^{3}$. Find the dimensions of box that require the least amount of material.

---","ms7dfdrn50kj7eh5wn9gx4x48185pm02",,,"xd719tmjjjjc6tm3s4rz9g2mpd8c6yex","Exercise 2.10","exercise","{""blockIndex"":51,""chapterNumber"":2,""page"":86,""subjectSlug"":""maths-12""}"
"maths-12","02-limit-continuity-and-derivative","Limit, Continuity And Derivative","exercise-2-10","2.10 Applications of Differentiation","m179pwxt4gtzzbezwnwa03gps18c75ke",,,,,,"false",,"# **Background and Explanation**

This problem involves **optimization using calculus**, specifically finding extrema (maximums and minimums) of economic functions. You need to construct the profit function from revenue and cost, then use the first and second derivative tests to find optimal production levels.

---

# **Solution**

## Finding Maximum Profit

First, we define the **profit function** $P(x)$ as revenue minus cost. Note that we denote the cost function as $C(x) = 2x^{2} + 500$ (given as $G(x)$ in the problem):

$$
\begin{align*}
P(x) &= R(x) - C(x) \\
&= (-3x^{2} + 970x) - (2x^{2} + 500) \\
P(x) &= -5x^{2} + 970x - 500
\end{align*}
$$

To find the maximum, we take the first derivative with respect to $x$:

$$\frac{dP}{dx} = -10x + 970$$

For critical values, we set the first derivative equal to zero:

$$
\begin{align*}
-10x + 970 &= 0 \\
-10x &= -970 \\
x &= 97
\end{align*}
$$

To confirm this is a maximum, we use the second derivative test:

$$\frac{d^{2}P}{dx^{2}} = -10$$

Since $\frac{d^{2}P}{dx^{2}} = -10 < 0$, the function is concave down at $x = 97$, confirming that **$P(x)$ is maximum at $x = 97$ units**.

Now we calculate the maximum profit by substituting $x = 97$ into equation (1):

$$
\begin{align*}
P(97) &= -5(97)^{2} + 970(97) - 500 \\
&= -5(9409) + 94090 - 500 \\
&= -47045 + 94090 - 500 \\
P(97) &= 46545
\end{align*}
$$

**Maximum Profit = $46,545$**

## Finding Minimum Average Cost

The **average cost function** is defined as total cost divided by the number of units:

$$
\begin{align*}
C_{\text{avg}}(x) &= \frac{C(x)}{x} \\
&= \frac{2x^{2} + 500}{x} \\
C_{\text{avg}}(x) &= 2x + \frac{500}{x}
\end{align*}
$$

Differentiate with respect to $x$:

$$\frac{d}{dx}(C_{\text{avg}}) = 2 - \frac{500}{x^{2}}$$

For the second derivative (needed for the optimization test):

$$
\begin{align*}
\frac{d^{2}}{dx^{2}}(C_{\text{avg}}) &= \frac{d}{dx}\left(2 - 500x^{-2}\right) \\
&= 0 - 500(-2)x^{-3} \\
\frac{d^{2}}{dx^{2}}(C_{\text{avg}}) &= \frac{1000}{x^{3}}
\end{align*}
$$

To find critical values, set the first derivative equal to zero:

$$
\begin{align*}
2 - \frac{500}{x^{2}} &= 0 \\
2 &= \frac{500}{x^{2}} \\
x^{2} &= \frac{500}{2} = 250 \\
x &= \sqrt{250} = \sqrt{25 \times 10} \\
x &= 5\sqrt{10} \approx 15.81
\end{align*}
$$

Verify this is a minimum using the second derivative test. At $x = 5\sqrt{10} \approx 15.81$:

$$\frac{d^{2}}{dx^{2}}(C_{\text{avg}}) = \frac{1000}{(15.81)^{3}} > 0$$

Since the second derivative is positive, **$C_{\text{avg}}$ is minimum at $x \approx 15.81$ units**.

Calculate the minimum average cost by substituting $x = 15.81$ into equation (2):

$$
\begin{align*}
C_{\text{avg}}(15.81) &= 2(15.81) + \frac{500}{15.81} \\
&= 31.62 + 31.62 \\
&= 63.24
\end{align*}
$$

**Minimum Average Cost = $63.24$** (or exactly $20\sqrt{10}$)

---

# **Key Formulas or Methods Used**

- **Profit Function**: $P(x) = R(x) - C(x)$ (Revenue minus Cost)
- **Average Cost**: $C_{\text{avg}}(x) = \frac{C(x)}{x}$
- **First Derivative Test**: Set $\frac{dy}{dx} = 0$ to find critical points
- **Second Derivative Test**:
  - If $\frac{d^{2}y}{dx^{2}} < 0$ at critical point $\Rightarrow$ Local Maximum
  - If $\frac{d^{2}y}{dx^{2}} > 0$ at critical point $\Rightarrow$ Local Minimum
- **Power Rule**: $\frac{d}{dx}(x^{n}) = nx^{n-1}$

---

# **Summary of Steps**

1. **Construct Profit Function**: Subtract cost from revenue: $P(x) = (-3x^{2} + 970x) - (2x^{2} + 500) = -5x^{2} + 970x - 500$
2. **Find Critical Point for Profit**: Differentiate $P(x)$, set equal to zero: $-10x + 970 = 0 \Rightarrow x = 97$
3. **Confirm Maximum**: Check second derivative $P''(x) = -10 < 0$, confirming maximum at $x = 97$
4. **Calculate Max Profit**: Substitute $x = 97$ into profit function to get $46,545$
5. **Set Up Average Cost**: Divide cost by $x$: $C_{\text{avg}}(x) = \frac{2x^{2} + 500}{x} = 2x + \frac{500}{x}$
6. **Find Critical Point for Avg Cost**: Differentiate and set to zero: $2 - \frac{500}{x^{2}} = 0 \Rightarrow x = \sqrt{250} \approx 15.81$
7. **Confirm Minimum**: Check second derivative $\frac{1000}{x^{3}} > 0$ at $x = 15.81$, confirming minimum
8. **Calculate Min Average Cost**: Substitute $x = 15.81$ to get $63.24$",,,"unclassified","15",,"A company determines that for the production of $x$ units of a commodity, its **revenue** and **cost** functions are, respectively:

$$R(x) = -3x^{2} + 970x$$

$$G(x) = 2x^{2} + 500$$

Find:
1. The maximum profit
2. The minimum average cost

---","ms7dfdrn50kj7eh5wn9gx4x48185pm02",,,"xd719tmjjjjc6tm3s4rz9g2mpd8c6yex","Exercise 2.10","exercise","{""blockIndex"":51,""chapterNumber"":2,""page"":86,""subjectSlug"":""maths-12""}"
"maths-12","02-limit-continuity-and-derivative","Limit, Continuity And Derivative","exercise-2-10","2.10 Applications of Differentiation","m17abp4zf76z3nqhxjv2t8sepn8c7w2t",,,,,,"false",,"# **Background and Explanation**

This problem applies the continuous compounding model, where quantities grow exponentially at a rate proportional to their current value. You will need the continuous growth formula and basic differentiation rules for exponential functions to solve for future values and instantaneous rates of change.

---

# **Solution**

## Part (a)

The general formula for continuous compounding (exponential growth) is:

$$P(t) = P_0 e^{rt}$$

where:
- $P_0$ is the initial price
- $r$ is the continuous growth rate (as a decimal)
- $t$ is time in years

Given the initial price $P_0 = 50$ and the inflation rate $r = 0.04$ (which is $4\%$), we substitute these values into the formula:

$$P(t) = 50e^{(0.04)t}$$

or simply:

$$P(t) = 50e^{0.04t}$$

## Part (b)

To find the price after 8 years, substitute $t = 8$ into the function derived in part (a):

$$
\begin{aligned}
P(8) &= 50 e^{(0.04)(8)} \\
&= 50 e^{0.32} \\
&= 50(1.37713) \\
&= 68.85
\end{aligned}
$$

Therefore, the price after 8 years is approximately $\$68.85$.

## Part (c)

The instantaneous rate of price change is given by the derivative $\frac{dP}{dt}$.

Starting with $P(t) = 50e^{0.04t}$, we differentiate with respect to $t$ using the chain rule (the derivative of $e^{kt}$ is $ke^{kt}$):

$$\frac{dP}{dt} = 50 \cdot (0.04) \cdot e^{0.04t} = 2e^{0.04t}$$

Now evaluate this at $t = 8$:

$$
\begin{aligned}
\frac{dP}{dt} &= 50(0.04) e^{(0.04)(8)} \\
&= (50)(0.04) e^{0.32} \\
&= (50)(0.04)(1.37713) \\
&= 2.75
\end{aligned}
$$

Thus, the instantaneous rate of price increase at $t = 8$ years is approximately $\$2.75$ per year.

---

# **Key Formulas or Methods Used**

- **Continuous compounding formula:** $P(t) = P_0e^{rt}$
- **Differentiation of exponential functions:** $\frac{d}{dt}[e^{kt}] = ke^{kt}$ (applied here as $\frac{dP}{dt} = rP_0e^{rt}$)
- **Chain rule** for differentiating composite exponential functions

---

# **Summary of Steps**

1. **Identify parameters:** Recognize $P_0 = 50$ and $r = 0.04$ for the continuous growth model
2. **Establish the price function:** Write $P(t) = 50e^{0.04t}$
3. **Calculate future price:** Substitute $t = 8$ to find $P(8) = 50e^{0.32} \approx 68.85$
4. **Find the rate function:** Differentiate to get $\frac{dP}{dt} = 2e^{0.04t}$ (or $50(0.04)e^{0.04t}$)
5. **Evaluate instantaneous rate:** Substitute $t = 8$ into the derivative to obtain $2.75$ dollars per year",,,"unclassified","16",,"If the inflation rate is continuously compounded $4\%$ per year and the price of a commodity is $\$50$ today:

a. Derive the function for the price of the commodity over time.

b. Find the price after 8 years.

c. Find the instantaneous rate of price at $t=8$ years.

---","ms7dfdrn50kj7eh5wn9gx4x48185pm02",,,"xd719tmjjjjc6tm3s4rz9g2mpd8c6yex","Exercise 2.10","exercise","{""blockIndex"":51,""chapterNumber"":2,""page"":86,""subjectSlug"":""maths-12""}"
"maths-12","02-limit-continuity-and-derivative","Limit, Continuity And Derivative","exercise-2-10","2.10 Applications of Differentiation","m175p0j9sxyryt7979nvygxcwh8c62j4",,,,,,"false",,"# **Background and Explanation**

This problem requires calculating derivatives to analyze how a cost function changes over time. You will need to apply the chain rule for exponential functions and use the second derivative to determine the behavior (increasing/decreasing) of the rate of change itself.

---

# **Solution**

## Part (a)

To find the rate of change of cost at any time $t$, we calculate the first derivative of the cost function $C(t)$ with respect to time.

Given:
$$C(t) = 500e^{0.04t} - 100t$$

Differentiating with respect to $t$:
- For the term $500e^{0.04t}$, apply the chain rule: $\frac{d}{dt}[e^{u}] = e^{u} \cdot \frac{du}{dt}$ where $u = 0.04t$, so $\frac{du}{dt} = 0.04$
- For the term $-100t$, the derivative is $-100$

$$
\begin{aligned}
\frac{dC}{dt} &= 500 \cdot e^{0.04t} \cdot (0.04) - 100 \\
&= 20e^{0.04t} - 100
\end{aligned}
$$

Therefore, the rate of change of cost at any time $t$ is:
$$\frac{dC}{dt} = 20e^{0.04t} - 100$$

## Part (b)

To determine when the **rate of increase** (i.e., $\frac{dC}{dt}$) is minimal, we must find the minimum value of the rate function $\frac{dC}{dt} = 20e^{0.04t} - 100$.

Since this is an optimization problem for the rate function, we examine its derivative (which is the second derivative of the original cost function $C(t)$):

Differentiate $\frac{dC}{dt}$ with respect to $t$:
$$
\begin{aligned}
\frac{d^{2}C}{dt^{2}} &= \frac{d}{dt}\left[20e^{0.04t} - 100\right] \\
&= 20 \cdot e^{0.04t} \cdot (0.04) - 0 \\
&= 0.8e^{0.04t}
\end{aligned}
$$

Analyze the sign of the second derivative:
Since $e^{0.04t} > 0$ for all real values of $t$, we have:
$$\frac{d^{2}C}{dt^{2}} = 0.8e^{0.04t} > 0 \quad \text{for all } t$$

This result indicates that $\frac{dC}{dt}$ is a **strictly increasing function** for all $t$ (its slope is always positive). Consequently, the rate of change $\frac{dC}{dt}$ achieves its minimum value at the smallest possible value of $t$.

Assuming time begins at $t = 0$ (since $t$ represents time in years), the rate of increase in cost is minimal when:
$$t = 0$$

---

# **Key Formulas or Methods Used**

- **Chain Rule**: $\frac{d}{dt}\left[e^{u(t)}\right] = e^{u(t)} \cdot u'(t)$
- **Exponential Differentiation**: $\frac{d}{dt}\left[e^{kt}\right] = ke^{kt}$
- **Power Rule**: $\frac{d}{dt}[t^n] = nt^{n-1}$
- **Second Derivative Test**: Used to determine concavity and monotonicity of the first derivative
- **Optimization Principle**: If $f'(x) > 0$ for all $x$ in a domain, then $f(x)$ is strictly increasing and its minimum on $[a, \infty)$ occurs at $x = a$

---

# **Summary of Steps**

1. **Identify the cost function**: $C(t) = 500e^{0.04t} - 100t$
2. **Find the first derivative** (rate of change): $\frac{dC}{dt} = 20e^{0.04t} - 100$ using the chain rule
3. **Find the second derivative**: $\frac{d^{2}C}{dt^{2}} = 0.8e^{0.04t}$ to analyze the behavior of the rate
4. **Analyze the sign**: Note that $\frac{d^{2}C}{dt^{2}} > 0$ for all $t$, proving $\frac{dC}{dt}$ is strictly increasing
5. **Determine the minimum**: Since the rate function is always increasing, its minimum value occurs at the initial time $t = 0$",,,"unclassified","17",,"A company models its operational cost as:

$$C(t)=500 e^{0.04 t}-100 t$$

where $t$ is the time in years.

a. Find the rate of change of cost at any time $t$.

b. Determine when the rate of increase in cost is minimal.

---","ms7dfdrn50kj7eh5wn9gx4x48185pm02",,,"xd719tmjjjjc6tm3s4rz9g2mpd8c6yex","Exercise 2.10","exercise","{""blockIndex"":51,""chapterNumber"":2,""page"":86,""subjectSlug"":""maths-12""}"
"maths-12","02-limit-continuity-and-derivative","Limit, Continuity And Derivative","exercise-2-10","2.10 Applications of Differentiation","m17es3mfgwj2a93gc9s0rjnwch8c7e1k",,,,,,"false",,"# **Background and Explanation**

This problem requires finding the derivative of a composite function using the chain rule to determine the instantaneous rate of price change. The inflation rate represents the percentage change of the price level relative to the current price, calculated as $\frac{dP/dt}{P(t)} \times 100$.

---

# **Solution**

## Part (a): Instantaneous Rate of Change

To find the instantaneous rate of change, we need to differentiate $P(t)$ with respect to $t$ and evaluate at $t=3$.

Given:

$$P(t)=150(1+0.05 t)^{2}$$

Differentiate with respect to $t$ using the chain rule. The function is a composition where the outer function is $150u^2$ and the inner function is $u = 1+0.05t$:

$$
\begin{aligned}
\frac{d P}{d t} &=150 \cdot \frac{d}{dt}\left[(1+0.05 t)^{2}\right] \\
&=150(2)(1+0.05 t)^{2-1} \cdot \frac{d}{d t}(1+0.05 t) \\
&=300(1+0.05 t) \cdot(0+(0.05)(1)) \\
&=(300)(0.05)(1+0.05 t) \\
\frac{d P}{d t} &=15(1+0.05 t)
\end{aligned}
$$

Now evaluate at $t=3$:

$$
\begin{aligned}
\left.\frac{d P}{d t}\right|_{t=3} &=15(1+(0.05)(3)) \\
&=15(1+0.15) \\
&=15(1.15) \\
\frac{d P}{d t} &=17.25
\end{aligned}
$$

Therefore, the instantaneous rate of change of prices at $t=3$ years is **17.25 units per year**.

## Part (b): Inflation Rate

The inflation rate is defined as the percentage rate of change of price relative to the current price level:

$$\text{Inflation rate}=\frac{\frac{d P}{d t}}{P(t)} \times 100$$

From part (a), at $t=3$, we have $\frac{d P}{d t}=17.25$.

First, calculate $P(3)$:

$$
\begin{aligned}
P(3) &=150(1+(0.05)(3))^{2} \\
&=150(1+0.15)^{2} \\
&=150(1.15)^{2} \\
&=150(1.3225) \\
P(3) &=198.375
\end{aligned}
$$

Now substitute these values into the inflation rate formula:

$$
\begin{aligned}
\text{Inflation rate} &=\frac{17.25}{198.375} \times 100 \\
&=0.087 \times 100 \\
&=8.7\%
\end{aligned}
$$

Therefore, the inflation rate at $t=3$ years is **8.7%**.

---

# **Key Formulas or Methods Used**

- **Chain Rule for Differentiation**: $\frac{d}{dt}[f(g(t))] = f'(g(t)) \cdot g'(t)$
- **Power Rule**: $\frac{d}{dt}[u^n] = n \cdot u^{n-1} \cdot \frac{du}{dt}$
- **Instantaneous Rate of Change**: $\frac{dP}{dt}$ evaluated at a specific time $t$
- **Inflation Rate Formula**: $\text{Inflation Rate} = \frac{dP/dt}{P(t)} \times 100\%$

---

# **Summary of Steps**

1. **Differentiate the price function** $P(t)=150(1+0.05t)^2$ using the chain rule to obtain $\frac{dP}{dt} = 15(1+0.05t)$
2. **Evaluate the derivative at $t=3$** to find the instantaneous rate of change: $15(1.15) = 17.25$
3. **Calculate the price level at $t=3$** by substituting into the original function: $P(3) = 150(1.15)^2 = 198.375$
4. **Compute the inflation rate** using the percentage change formula: $\frac{17.25}{198.375} \times 100 = 8.7\%$",,,"numerical","18",,"The price of commodity $P(t)$ is given by:

$$P(t)=150(1+0.05 t)^{2}$$

where $t$ is measured in years and $P(t)$ is the price level.

**a.** Find the instantaneous rate of change of prices at $t=3$ years.

**b.** Calculate the inflation rate at $t=3$ years.

---","ms7dfdrn50kj7eh5wn9gx4x48185pm02",,,"xd719tmjjjjc6tm3s4rz9g2mpd8c6yex","Exercise 2.10","exercise","{""blockIndex"":52,""chapterNumber"":2,""page"":86,""subjectSlug"":""maths-12""}"
"maths-12","02-limit-continuity-and-derivative","Limit, Continuity And Derivative","exercise-2-10","2.10 Applications of Differentiation","m175nva51kbj7sjjqp4tc8qdmd8c6tfv",,,,,,"false",,"# **Background and Explanation**

This problem involves analyzing a linear distance-time relationship. You need to understand that the derivative of a position function yields velocity (speed), and that the slope of a linear function represents its constant rate of change.

---

# **Solution**

## Part (a): Finding the Speed

The speed of the ship is the instantaneous rate of change of distance with respect to time. Mathematically, this is the derivative of the distance function $d(t)$ with respect to $t$.

Given the distance function:

$$d(t) = 15t$$

Differentiate with respect to $t$ using the constant multiple rule (since $\frac{d}{dt}(t) = 1$):

$$d'(t) = \frac{d}{dt}(15t) = 15 \cdot \frac{d}{dt}(t) = 15 \cdot 1 = 15$$

Therefore:

$$\text{Speed of the ship} = 15 \text{ nautical miles per hour}$$

## Part (b): Calculating Distance After 3 Hours

To find the distance traveled after 3 hours, substitute $t = 3$ into the original distance function.

Given:

$$d(t) = 15t$$

Substitute $t = 3$:

$$d(3) = 15 \times 3$$

$$d(3) = 45$$

Therefore, the distance after 3 hours is **45 nautical miles**.

## Part (c): Meaning of the Slope

The slope of the distance-time function represents the **rate of change** of distance with respect to time.

In this specific problem:
- The function $d(t) = 15t$ is linear with a constant slope of $15$
- This slope indicates that for every 1-hour increase in time, the distance increases by 15 nautical miles
- Therefore, the slope means that the ship moves at a **constant speed of 15 nautical miles per hour**

The constant slope (derivative) confirms that the ship maintains steady speed without acceleration or deceleration.

---

# **Key Formulas or Methods Used**

- **Distance function:** $d(t) = 15t$
- **Velocity as derivative:** $v = \dfrac{dd}{dt} = d'(t)$
- **Power rule/Constant multiple rule:** $\dfrac{d}{dt}[kt] = k$ (where $k$ is a constant)
- **Function evaluation:** $d(t_1) = 15t_1$ for specific time values
- **Interpretation of slope:** Slope = rate of change = speed in distance-time problems

---

# **Summary of Steps**

1. **Find speed:** Differentiate $d(t) = 15t$ with respect to $t$ to get $d'(t) = 15$, giving a constant speed of 15 nautical miles per hour.
2. **Calculate distance:** Substitute $t = 3$ into $d(t) = 15t$ to obtain $d(3) = 15 \times 3 = 45$ nautical miles.
3. **Interpret slope:** Recognize that the slope (15) represents the constant rate of change, meaning the ship travels at a steady speed of 15 nautical miles per hour.",,,"numerical","19",,"A ship sails in a straight line. Its distance $d(t)$ (in nautical miles) from port is modeled by:

$$d(t) = 15t$$

where $t$ is time in hours.

**a.** Find the speed of the ship.

**b.** Calculate the distance after 3 hours.

**c.** Explain the meaning of the slope.

---","ms7dfdrn50kj7eh5wn9gx4x48185pm02",,,"xd719tmjjjjc6tm3s4rz9g2mpd8c6yex","Exercise 2.10","exercise","{""blockIndex"":53,""chapterNumber"":2,""page"":86,""subjectSlug"":""maths-12""}"
"maths-12","02-limit-continuity-and-derivative","Limit, Continuity And Derivative","exercise-2-10","2.10 Applications of Differentiation","m171w63yrasezjzxefr56wyt3d8c7zjs",,,,,,"false",,"# **Background and Explanation**

For a function to be continuous at a point $x = a$, the left-hand limit must equal the right-hand limit, and both must equal the function value at that point. When working with piecewise functions defined differently on either side of a boundary, we evaluate each piece separately at the approach point.

---

# **Solution**

For $f(x)$ to be continuous at $x = 3$, the left-hand limit must equal the right-hand limit:

$$
\lim_{x \to 3^-} f(x) = \lim_{x \to 3^+} f(x)
$$

**Evaluating the left-hand limit:**
For $x \leq 3$, we use the expression $f(x) = kx + 1$:
$$
\lim_{x \to 3^-} f(x) = 3k + 1
$$

**Evaluating the right-hand limit:**
For $x > 0$ (specifically in the neighborhood $x > 3$ when approaching from the right), we use the expression $f(x) = 2 - kx$:
$$
\lim_{x \to 3^+} f(x) = 2 - 3k
$$

**Setting the limits equal and solving:**

$$
3k + 1 = 2 - 3k
$$

$$
3k + 3k = 2 - 1
$$

$$
6k = 1
$$

$$
k = \frac{1}{6}
$$

---

# **Key Formulas or Methods Used**

- **Continuity condition**: $\lim_{x \to a^-} f(x) = \lim_{x \to a^+} f(x) = f(a)$
- **Left-hand limit evaluation**: Substituting $x = 3$ into $kx + 1$
- **Right-hand limit evaluation**: Substituting $x = 3$ into $2 - kx$
- **Linear equation solving**: Isolating the variable $k$

---

# **Summary of Steps**

1. **Find left-hand limit**: Use $f(x) = kx + 1$ for $x \leq 3$ to get $\lim_{x \to 3^-} f(x) = 3k + 1$
2. **Find right-hand limit**: Use $f(x) = 2 - kx$ for $x > 3$ to get $\lim_{x \to 3^+} f(x) = 2 - 3k$
3. **Apply continuity condition**: Set $3k + 1 = 2 - 3k$
4. **Solve**: Rearrange to get $6k = 1$, therefore $k = \frac{1}{6}$",,,"unclassified","2",,"Q2. $f(x)=\begin{cases}k x+1, & x \leq 3 \\ 2-k x, & x>0\end{cases}$ is continuous at 3. What is $k$ ?

---","ms7dfdrn50kj7eh5wn9gx4x48185pm02",,,"xd719tmjjjjc6tm3s4rz9g2mpd8c6yex","Exercise 2.10","exercise","{""blockIndex"":50,""chapterNumber"":2,""page"":85,""subjectSlug"":""maths-12""}"
"maths-12","02-limit-continuity-and-derivative","Limit, Continuity And Derivative","exercise-2-10","2.10 Applications of Differentiation","m173kv6h1mfqxzcxdkym9rsd5n8c698y",,,,,,"false",,"# **Background and Explanation**

This problem applies differential calculus to kinematics. The derivative of a distance-time function gives the instantaneous rate of change of position, which is the speed of the object. The power rule for differentiation allows us to find this rate of change at any moment.

---

# **Solution**

## Part (a)

To find the speed at any time $t$, we differentiate the distance function $s(t)$ with respect to time $t$. The derivative $\frac{ds}{dt}$ represents the slope of the distance-time graph and gives the instantaneous speed.

Given:
$$s(t) = 5t^2 + 3t$$

Differentiating with respect to $t$ using the power rule:

$$
\begin{aligned}
\frac{ds}{dt} &= 5 \cdot \frac{d}{dt}(t^2) + 3 \cdot \frac{d}{dt}(t) \\
&= 5(2t) + 3(1) \\
&= 10t + 3
\end{aligned}
$$

Therefore, the speed at any time $t$ is:
$$\text{Speed} = 10t + 3 \text{ m/s}$$

## Part (b)

To find the speed at $t = 4$ seconds, we substitute $t = 4$ into the velocity function derived in part (a):

$$
\begin{aligned}
\text{Speed} &= \frac{ds}{dt}\bigg|_{t=4} \\
&= 10(4) + 3 \\
&= 40 + 3 \\
&= 43 \text{ m/s}
\end{aligned}
$$

The cyclist is traveling at **43 m/s** at $t = 4$ seconds.

## Part (c)

The slope of the distance-time graph is given by $\frac{ds}{dt} = 10t + 3$.

Observe that as $t$ increases, the value of $10t + 3$ also increases (since the coefficient of $t$ is positive). This means the speed of the cyclist is not constant but increases linearly with time.

In physical terms, this indicates that the cyclist is **accelerating**—specifically, the cyclist has a constant acceleration of $10 \text{ m/s}^2$ (the rate of change of speed). The slope represents the instantaneous velocity, and the fact that it changes with time tells us the motion is non-uniform.

---

# **Key Formulas or Methods Used**

- **Power Rule for Differentiation:** $\frac{d}{dt}(t^n) = nt^{n-1}$
- **Constant Multiple Rule:** $\frac{d}{dt}[c \cdot f(t)] = c \cdot \frac{d}{dt}[f(t)]$
- **Sum Rule:** $\frac{d}{dt}[f(t) + g(t)] = \frac{d}{dt}[f(t)] + \frac{d}{dt}[g(t)]$
- **Interpretation of Derivative:** $\frac{ds}{dt}$ represents instantaneous speed (slope of distance-time graph)

---

# **Summary of Steps**

1. **Differentiate the distance function** $s(t) = 5t^2 + 3t$ using the power rule to obtain the speed function $v(t) = 10t + 3$.
2. **Evaluate the speed function** at $t = 4$ by substitution: $10(4) + 3 = 43$ m/s.
3. **Analyze the slope function** $10t + 3$ to determine that speed increases linearly with time, indicating constant positive acceleration.",,,"unclassified","20",,"A cyclist is traveling along a straight path, and the distance traveled $s(t)$ (in meters) is given by:

$$s(t) = 5t^2 + 3t$$

where $t$ is the time in seconds.

a. Find the speed (slope of the distance-time graph) at any time $t$.

b. Determine the speed at $t = 4$ seconds.

c. Interpret the significance of the slope in this context.

---","ms7dfdrn50kj7eh5wn9gx4x48185pm02",,,"xd719tmjjjjc6tm3s4rz9g2mpd8c6yex","Exercise 2.10","exercise",
"maths-12","02-limit-continuity-and-derivative","Limit, Continuity And Derivative","exercise-2-10","2.10 Applications of Differentiation","m17ck9yxgq5a0wrrsd0pwc1y3h8c7k4y",,,,,,"false",,"# **Background and Explanation**

This problem connects the geometric formulas for a sphere through calculus. The ""instantaneous rate of change"" indicates we need to find the derivative of the volume function with respect to the radius. Recall that the power rule for differentiation states $\frac{d}{dx}(x^n) = nx^{n-1}$.

---

# **Solution**

We are given the volume of a sphere as a function of its radius:

$$v = \frac{4\pi}{3}r^{3}$$

To find the surface area $s$, we calculate the instantaneous rate of change of volume with respect to the radius. This means we differentiate $v$ with respect to $r$:

$$\frac{dv}{dr} = \frac{d}{dr}\left(\frac{4\pi}{3}r^{3}\right)$$

Using the power rule for differentiation, we bring down the exponent 3 and reduce the power by 1:

$$\frac{dv}{dr} = \frac{4\pi}{3} \cdot (3r^{2})$$

Simplifying the expression, the 3 in the numerator and denominator cancel:

$$\frac{dv}{dr} = 4\pi r^{2}$$

Since $s$ is defined as the instantaneous rate of change of volume with respect to radius, we have:

$$s = \frac{dv}{dr} = 4\pi r^{2}$$

Thus, the surface area of the sphere is $s = 4\pi r^{2}$.

---

# **Key Formulas or Methods Used**

- **Volume of a sphere:** $v = \frac{4}{3}\pi r^{3}$
- **Power rule for differentiation:** $\frac{d}{dr}(r^n) = nr^{n-1}$
- **Surface area of a sphere (result):** $s = 4\pi r^{2}$

---

# **Summary of Steps**

1. Write down the given volume formula: $v = \frac{4\pi}{3}r^{3}$
2. Differentiate with respect to $r$ using the power rule: $\frac{dv}{dr} = \frac{4\pi}{3} \cdot 3r^{2}$
3. Simplify to obtain the surface area: $s = 4\pi r^{2}$",,,"unclassified","3",,"The volume $v$ of a sphere of radius $r$ is $v=\left(\frac{4 \pi}{3}\right) r^{3}$. Find the surface area $s$ of the sphere if $s$ is the instantaneous rate of change of the volume with respect to the radius.

---","ms7dfdrn50kj7eh5wn9gx4x48185pm02",,,"xd719tmjjjjc6tm3s4rz9g2mpd8c6yex","Exercise 2.10","exercise","{""blockIndex"":50,""chapterNumber"":2,""page"":85,""subjectSlug"":""maths-12""}"
"maths-12","02-limit-continuity-and-derivative","Limit, Continuity And Derivative","exercise-2-10","2.10 Applications of Differentiation","m177rv1ckdb17q39fjknzsrkrd8c778h",,,,,,"false",,"## **Background and Explanation**

This problem requires finding the derivative of a position function to determine the instantaneous velocity (rate of change of height with respect to time). The derivative $\frac{dS}{dt}$ represents the velocity of the projectile at any given time $t$.

---

## **Solution**

To find the instantaneous rate of change, we differentiate the position function $S(t)$ with respect to time $t$ and then evaluate at $t=4$.

**Step 1:** Differentiate $S(t)$ with respect to $t$.

Using the power rule for differentiation on each term:

$$
\begin{aligned}
\frac{dS}{dt} &= \frac{d}{dt}\left(\frac{1}{2} g t^{2}\right) + \frac{d}{dt}(v_{0} t) + \frac{d}{dt}(s_{0}) \\
&= \frac{1}{2}g(2t) + v_{0}(1) + 0 \\
&= gt + v_{0}
\end{aligned}
$$

*Note: The constant $s_0$ (initial height) disappears since the derivative of a constant is zero. The term $\frac{1}{2}g(2t)$ simplifies to $gt$ as the 2s cancel.*

**Step 2:** Evaluate the derivative at $t=4$.

Substitute $t=4$ into the derivative:

$$
\begin{aligned}
\left.\frac{dS}{dt}\right|_{t=4} &= g(4) + v_{0} \\
&= 4g + v_{0}
\end{aligned}
$$

Thus, the instantaneous rate of change of $S$ with respect to $t$ at $t=4$ is:

$$\frac{dS}{dt} = 4g + v_{0}$$

---

## **Key Formulas or Methods Used**

- **Power Rule:** $\frac{d}{dt}(t^n) = nt^{n-1}$
- **Constant Multiple Rule:** $\frac{d}{dt}[c \cdot f(t)] = c \cdot f'(t)$
- **Constant Rule:** $\frac{d}{dt}(\text{constant}) = 0$
- **Instantaneous Rate of Change:** Value of the derivative $\frac{dS}{dt}$ at a specific point

---

## **Summary of Steps**

1. Differentiate the height function $S(t)$ term by term using basic differentiation rules.
2. Simplify the resulting expression to obtain $\frac{dS}{dt} = gt + v_{0}$.
3. Substitute $t=4$ into the derivative expression.
4. State the final result as $4g + v_{0}$.

---

# **Question 5: Error Approximation Using Differentials**

## **Question Statement**

The side of a square is measured to be $10$ cm with a possible error of $\pm 0.3$ cm. Use differentials to find:
- The approximate maximum error in the area
- The approximate relative error
- The approximate percentage error

---

## **Background and Explanation**

When measurements have small uncertainties, differentials provide a linear approximation for how these errors propagate through calculations. For a function $A(x)$, the differential $dA \approx \Delta A$ estimates the maximum error in the output given a small error $dx$ in the input measurement.

---

## **Solution**

**Step 1:** Define the variables and the area function.

Let $x$ represent the side length of the square:
- Measured side: $x = 10$ cm
- Possible error: $dx = \pm 0.3$ cm

The area of a square is:
$$A = x^2$$

**Step 2:** Find the differential $dA$.

Differentiate $A$ with respect to $x$ to find the rate of change, then express as a differential:
$$\frac{dA}{dx} = 2x$$

Therefore:
$$dA = 2x \, dx$$

**Step 3:** Calculate the maximum error in the area.

Substitute $x = 10$ and $dx = \pm 0.3$:

$$
\begin{aligned}
dA &= 2(10)(\pm 0.3) \\
&= 20(\pm 0.3) \\
&= \pm 6 \text{ cm}^2
\end{aligned}
$$

**Maximum error in Area:** $\pm 6$ cm²

**Step 4:** Calculate the relative error.

First, find the actual area at $x = 10$:
$$A = (10)^2 = 100 \text{ cm}^2$$

Relative error is the ratio of the error in the area to the total area:

$$
\begin{aligned}
\text{Relative Error} &= \frac{dA}{A} \\
&= \frac{\pm 6}{100} \\
&= \pm 0.06
\end{aligned}
$$

**Step 5:** Calculate the percentage error.

Multiply the relative error by $100\%$:

$$
\begin{aligned}
\text{Percentage Error} &= \frac{dA}{A} \times 100\% \\
&= \pm 0.06 \times 100\% \\
&= \pm 6\%
\end{aligned}
$$

---

## **Key Formulas or Methods Used**

- **Area of Square:** $A = x^2$
- **Differential Formula:** $dA = A'(x) \, dx = 2x \, dx$
- **Relative Error:** $\frac{dA}{A}$ (or $\frac{\Delta A}{A}$)
- **Percentage Error:** $\frac{dA}{A} \times 100\%$

---

## **Summary of Steps**

1. Identify the side length $x = 10$ cm and its possible error $dx = \pm 0.3$ cm.
2. Write the area formula $A = x^2$ and find its differential $dA = 2x \, dx$.
3. Substitute values to find maximum area error: $dA = \pm 6$ cm².
4. Calculate the area $A = 100$ cm² to use as the denominator for relative error.
5. Compute relative error: $\frac{\pm 6}{100} = \pm 0.06$.
6. Convert to percentage error by multiplying by 100: $\pm 6\%$.",,,"unclassified","4",,"The height $S$ above ground of a projectile at time $t$ is given by:

$$S(t)=\frac{1}{2} g t^{2}+v_{0} t+s_{0}$$

where $g$, $v_{0}$, and $s_{0}$ are constants. Find the instantaneous rate of change of $S$ with respect to $t$ at $t=4$.

---","ms7dfdrn50kj7eh5wn9gx4x48185pm02",,,"xd719tmjjjjc6tm3s4rz9g2mpd8c6yex","Exercise 2.10","exercise","{""blockIndex"":50,""chapterNumber"":2,""page"":85,""subjectSlug"":""maths-12""}"
"maths-12","02-limit-continuity-and-derivative","Limit, Continuity And Derivative","exercise-2-10","2.10 Applications of Differentiation","m175dem9hm5tf9325n70wh0ybh8c69g7",,,,,,"false",,"# **Background and Explanation**

Differentials are used to estimate how a small change (or error) in an independent variable affects a calculated dependent variable. For a function $y = f(x)$, the differential $dy = f'(x)dx$ approximates the actual change $\Delta y$ when $x$ changes by a small amount $dx$.

---

# **Solution**

## Part (a): Maximum Error in Area

Let $s$ represent the side of the square and $A$ represent its area. The formula for the area of a square is:
$$A = s^2$$

To find the differential $dA$, we differentiate $A$ with respect to $s$:
$$\frac{dA}{ds} = 2s \implies dA = 2s \, ds$$

Given:
- Measured side $s = 10 \text{ cm}$
- Possible error in measurement $ds = \pm 0.3 \text{ cm}$

Substitute these values into the differential equation:
$$dA = 2(10)(\pm 0.3)$$
$$dA = \pm 6 \text{ cm}^2$$

The approximate maximum error in the area is $\pm 6 \text{ cm}^2$.

## Part (b): Relative Error

The relative error is defined as the ratio of the error in the area ($dA$) to the total area ($A$).

First, calculate the area $A$ at the measured value:
$$A = s^2 = (10)^2 = 100 \text{ cm}^2$$

Now, calculate the relative error:
$$\text{Relative Error} = \frac{dA}{A}$$
$$\text{Relative Error} = \frac{\pm 6}{100} = \pm 0.06$$

The approximate relative error is $\pm 0.06$.

## Part (c): Percentage Error

The percentage error is the relative error expressed as a percentage.

$$\text{Percentage Error} = \frac{dA}{A} \times 100\%$$
$$\text{Percentage Error} = \pm 0.06 \times 100\% = \pm 6\%$$

The approximate percentage error is $\pm 6\%$.

---

# **Key Formulas or Methods Used**

- **Area of a square:** $A = s^2$
- **Differential of a power function:** $d(s^n) = ns^{n-1} ds$
- **Relative Error:** $\frac{dA}{A}$
- **Percentage Error:** $\frac{dA}{A} \times 100\%$

---

# **Summary of Steps**

1. Define the area formula $A = s^2$ and find its derivative to obtain the differential $dA = 2s \, ds$.
2. Substitute the measured side length ($s=10$) and the measurement error ($ds=0.3$) to calculate the absolute error in area.
3. Divide the absolute error by the calculated area ($s^2$) to find the relative error.
4. Multiply the relative error by 100 to determine the percentage error.",,,"unclassified","5",,"The side of a square is measured to be $10 \text{ cm}$ with a possible error of $\pm 0.3 \text{ cm}$. Use differentials to find:
1. An approximation to the maximum error in the area.
2. The approximate relative error.
3. The approximate percentage error.

---","ms7dfdrn50kj7eh5wn9gx4x48185pm02",,,"xd719tmjjjjc6tm3s4rz9g2mpd8c6yex","Exercise 2.10","exercise","{""blockIndex"":50,""chapterNumber"":2,""page"":85,""subjectSlug"":""maths-12""}"
"maths-12","02-limit-continuity-and-derivative","Limit, Continuity And Derivative","exercise-2-10","2.10 Applications of Differentiation","m17bys3ja2d6fnf3wkmm8gtwts8c699k",,,,,,"false",,"# **Background and Explanation**

This is a **related rates** problem where two objects move in perpendicular directions, and we need to find how fast the distance between them changes. The key is to establish a coordinate system, express the positions as functions of time, use the Pythagorean theorem to relate the distance, and then differentiate with respect to time.

---

# **Solution**

## Setting Up the Coordinate System

Let point $A$ be the origin $(0,0)$. We align the axes such that:
- The woman travels along the **positive $y$-axis** (north) at $10 \mathrm{~km/hr}$
- The man travels along the **positive $x$-axis** (east) at $9 \mathrm{~km/hr}$

Let $t$ represent the time in **hours** since the man crossed point $A$.

## Expressing Positions as Functions of Time

Since the woman had a 10-minute head start (which equals $\frac{10}{60} = \frac{1}{6}$ hours), at time $t$ she has been jogging for $\left(t + \frac{1}{6}\right)$ hours.

Using the formula $\text{distance} = \text{velocity} \times \text{time}$:

- **Woman's position** (north of A):
  $$y(t) = 10\left(t + \frac{1}{6}\right)$$

- **Man's position** (east of A):
  $$x(t) = 9t$$

## Distance Between the Joggers

Let $z(t)$ be the distance between the two joggers. By the Pythagorean theorem:

$$z(t) = \sqrt{x(t)^2 + y(t)^2}$$

Substituting our expressions:

$$z(t) = \sqrt{(9t)^2 + \left(10\left(t + \frac{1}{6}\right)\right)^2}$$

$$z(t) = \sqrt{81t^2 + 100\left(t + \frac{1}{6}\right)^2}$$

## Finding the Rate of Change

To find how fast the distance is changing, we differentiate $z$ with respect to $t$ using the chain rule:

$$\frac{dz}{dt} = \frac{1}{2}\left[81t^2 + 100\left(t + \frac{1}{6}\right)^2\right]^{-1/2} \cdot \frac{d}{dt}\left[81t^2 + 100\left(t + \frac{1}{6}\right)^2\right]$$

Differentiating the expression inside the brackets:

$$\frac{d}{dt}\left[81t^2 + 100\left(t + \frac{1}{6}\right)^2\right] = 162t + 200\left(t + \frac{1}{6}\right)$$

Therefore:

$$\frac{dz}{dt} = \frac{162t + 200\left(t + \frac{1}{6}\right)}{2\sqrt{81t^2 + 100\left(t + \frac{1}{6}\right)^2}}$$

Simplifying the numerator:
$$162t + 200t + \frac{200}{6} = 362t + \frac{100}{3}$$

So:
$$\frac{dz}{dt} = \frac{362t + \frac{100}{3}}{2\sqrt{81t^2 + 100\left(t + \frac{1}{6}\right)^2}} = \frac{181t + \frac{50}{3}}{\sqrt{81t^2 + 100\left(t + \frac{1}{6}\right)^2}}$$

## Evaluating at $t = 20$ Minutes

We need to find the rate when $t = 20$ minutes $= \frac{20}{60} = \frac{1}{3}$ hour.

**Calculate the numerator:**
$$181\left(\frac{1}{3}\right) + \frac{50}{3} = \frac{181}{3} + \frac{50}{3} = \frac{231}{3} = 77$$

**Calculate the denominator:**
$$\sqrt{81\left(\frac{1}{3}\right)^2 + 100\left(\frac{1}{3} + \frac{1}{6}\right)^2}$$

$$= \sqrt{81\left(\frac{1}{9}\right) + 100\left(\frac{2}{6} + \frac{1}{6}\right)^2}$$

$$= \sqrt{9 + 100\left(\frac{1}{2}\right)^2}$$

$$= \sqrt{9 + 100\left(\frac{1}{4}\right)}$$

$$= \sqrt{9 + 25} = \sqrt{34}$$

**Final calculation:**
$$\frac{dz}{dt} = \frac{77}{\sqrt{34}} \approx 13.2 \mathrm{~km/hr}$$

---

# **Key Formulas or Methods Used**

- **Distance formula (Pythagorean theorem):** $z = \sqrt{x^2 + y^2}$ for perpendicular motion
- **Chain rule for differentiation:** $\frac{d}{dt}[\sqrt{u}] = \frac{1}{2\sqrt{u}} \cdot \frac{du}{dt}$
- **Related rates:** Differentiating the position relationship to find how distance changes over time
- **Alternative implicit differentiation method:** $2z\frac{dz}{dt} = 2x\frac{dx}{dt} + 2y\frac{dy}{dt}$, yielding $\frac{dz}{dt} = \frac{x\frac{dx}{dt} + y\frac{dy}{dt}}{z}$

---

# **Summary of Steps**

1. **Set up coordinates:** Place $A$ at origin $(0,0)$ with woman on $y$-axis and man on $x$-axis
2. **Define time variable:** Let $t$ = hours since man crossed $A$ (woman started at $t = -\frac{1}{6}$)
3. **Write position functions:** $x(t) = 9t$ and $y(t) = 10(t + \frac{1}{6})$
4. **Apply Pythagorean theorem:** $z(t) = \sqrt{x^2 + y^2} = \sqrt{81t^2 + 100(t + \frac{1}{6})^2}$
5. **Differentiate:** Use chain rule to find $\frac{dz}{dt} = \frac{181t + \frac{50}{3}}{\sqrt{81t^2 + 100(t + \frac{1}{6})^2}}$
6. **Substitute $t = \frac{1}{3}$:** Calculate numerator $= 77$ and denominator $= \sqrt{34}$
7. **Compute final answer:** $\frac{77}{\sqrt{34}} \approx 13.2 \mathrm{~km/hr}$",,,"unclassified","6",,"A woman jogging at a constant rate of $10 \mathrm{~km} / \mathrm{hr}$ crosses a point $A$ heading north. Ten minutes later a man jogging at a constant rate of $9 \mathrm{~km} / \mathrm{hr}$ crosses the same point heading east. How fast is the distance between the joggers changing 20 minutes after the man crosses $A$?

---","ms7dfdrn50kj7eh5wn9gx4x48185pm02",,,"xd719tmjjjjc6tm3s4rz9g2mpd8c6yex","Exercise 2.10","exercise","{""blockIndex"":50,""chapterNumber"":2,""page"":85,""subjectSlug"":""maths-12""}"
"maths-12","02-limit-continuity-and-derivative","Limit, Continuity And Derivative","exercise-2-10","2.10 Applications of Differentiation","m17bgfmk3dkxrst2f051xnzkrd8c7fqy",,,,,,"false",,"# **Background and Explanation**

This problem involves **related rates**, where we use calculus to relate the rate of change of one quantity (the area) to the rate of change of another (the side length). You will need the formula for the area of an equilateral triangle and the chain rule for differentiation.

---

# **Solution**

Let $x$ be the length of each side of the equilateral triangle.

First, we express the area in terms of $x$. Using Heron's formula, we begin by calculating the semi-perimeter $s$:

$$
\begin{aligned}
s &= \frac{a+b+c}{2} \\
&= \frac{x+x+x}{2} \quad (\text{since } a=b=c=x \text{ for an equilateral triangle}) \\
s &= \frac{3x}{2}
\end{aligned}
$$

Now, apply Heron's formula for the area $A$:

$$
A = \sqrt{s(s-a)(s-b)(s-c)}
$$

Substituting $s = \frac{3x}{2}$ and $a=b=c=x$:

$$
\begin{aligned}
A &= \sqrt{s(s-x)(s-x)(s-x)} \\
&= \sqrt{s(s-x)^{3}} \\
&= \sqrt{\frac{3x}{2}\left(\frac{3x}{2}-x\right)^{3}} \\
&= \sqrt{\frac{3x}{2} \cdot \left(\frac{3x-2x}{2}\right)^{3}} \\
&= \sqrt{\frac{3x}{2} \cdot \left(\frac{x}{2}\right)^{3}} \\
&= \sqrt{\frac{3x}{2} \cdot \frac{x^{3}}{8}} \\
&= \sqrt{\frac{3x^{4}}{16}} \\
A &= \frac{\sqrt{3}}{4} x^{2}
\end{aligned}
$$

Differentiate both sides with respect to time $t$ (using the chain rule):

$$
\begin{align}
\frac{dA}{dt} &= \frac{\sqrt{3}}{4} \cdot 2x \frac{dx}{dt} \\
\frac{dA}{dt} &= \frac{\sqrt{3}}{2} x \frac{dx}{dt}
\end{align}
$$

We are given the following values:

$$
x = 8 \mathrm{~cm}, \quad \frac{dx}{dt} = 2 \mathrm{~cm} / \mathrm{hr}
$$

Substituting these into equation (1):

$$
\begin{aligned}
\frac{dA}{dt} &= \frac{\sqrt{3}}{2}(8)(2) \\
&= \frac{\sqrt{3}}{2} \cdot 16 \\
&= 8\sqrt{3}
\end{aligned}
$$

Thus, the rate at which the area is increasing is $\boxed{8\sqrt{3} \mathrm{~cm}^{2} / \mathrm{hr}}$.

---

# **Key Formulas or Methods Used**

- **Heron's Formula**: $A = \sqrt{s(s-a)(s-b)(s-c)}$ where $s = \frac{a+b+c}{2}$ is the semi-perimeter
- **Area of Equilateral Triangle**: $A = \frac{\sqrt{3}}{4}x^2$ (derived from Heron's formula, where $x$ is the side length)
- **Chain Rule for Related Rates**: $\frac{dA}{dt} = \frac{dA}{dx} \cdot \frac{dx}{dt}$

---

# **Summary of Steps**

1. **Define the variable**: Let $x$ represent the side length of the equilateral triangle.
2. **Calculate semi-perimeter**: Find $s = \frac{3x}{2}$.
3. **Establish area formula**: Use Heron's formula to derive $A = \frac{\sqrt{3}}{4}x^2$.
4. **Differentiate**: Apply the chain rule to obtain $\frac{dA}{dt} = \frac{\sqrt{3}}{2}x \frac{dx}{dt}$.
5. **Substitute known values**: Insert $x = 8$ cm and $\frac{dx}{dt} = 2$ cm/hr into the differentiated equation.
6. **Compute the result**: Calculate $\frac{dA}{dt} = 8\sqrt{3}$ cm²/hr.",,,"unclassified","7",,"A plate in the shape of an equilateral triangle is expanding with time. A side increases at a constant rate of $2 \mathrm{~cm} / \mathrm{hr}$. At what rate is the area increasing when the side is $8 \mathrm{~cm}$?

---","ms7dfdrn50kj7eh5wn9gx4x48185pm02",,,"xd719tmjjjjc6tm3s4rz9g2mpd8c6yex","Exercise 2.10","exercise","{""blockIndex"":50,""chapterNumber"":2,""page"":85,""subjectSlug"":""maths-12""}"
"maths-12","02-limit-continuity-and-derivative","Limit, Continuity And Derivative","exercise-2-10","2.10 Applications of Differentiation","m172sh37frwhxs0krtc7d5qb798c7cr2",,,,,,"false",,"# **Background and Explanation**

This problem involves **related rates**, where we relate the rates of change of different quantities using a common equation. Here, the Pythagorean theorem connects the diagonal, length, and width of the rectangle. By differentiating this relationship with respect to time, we can relate the rates of change of these dimensions.

---

# **Solution**

Let:
- $x$ = length of the rectangle
- $y$ = width of the rectangle
- $D$ = length of the diagonal

From the geometry of the rectangle:

$$D^{2}=x^{2}+y^{2}$$

(By Pythagorean theorem)

Differentiate both sides with respect to time $t$:

$$2 D \frac{d D}{d t}=2 x \frac{d x}{d t}+2 y \frac{d y}{d t}$$

Dividing both sides by 2:

$$
\begin{align*}
D \frac{d D}{d t} &= x \frac{d x}{d t}+y \frac{d y}{d t}
\end{align*}
$$

**Given values:**
- Rate of change in diagonal: $\frac{d D}{d t}=1 \mathrm{in} / \mathrm{hr}$
- Rate of change in length: $\frac{d x}{d t}=\frac{1}{4} \mathrm{in} / \mathrm{hr}$
- Rate of change in width: $\frac{d y}{d t}=$ ? (what we need to find)
- Current dimensions: $x = 8$ in and $y = 6$ in

First, calculate the current diagonal $D$ using equation (1):

$$
\begin{aligned}
D^{2} &=x^{2}+y^{2} \quad(\text { Putting } x=8 \text { and } y=6) \\
&=(8)^{2}+(6)^{2} \\
&=64+36 \\
D^{2} &=100 \\
D &=10
\end{aligned}
$$

Now substitute all known values ($D = 10$, $\frac{dD}{dt} = 1$, $x = 8$, $\frac{dx}{dt} = \frac{1}{4}$, $y = 6$) into equation (2):

$$
\begin{aligned}
10(1) &= 8\left(\frac{1}{4}\right)+6 \cdot \frac{d y}{d t} \\
10 &= 2+6 \frac{d y}{d t} \\
10-2 &= 6 \frac{d y}{d t} \\
8 &= 6 \frac{d y}{d t} \\
\frac{d y}{d t} &= \frac{8}{6} \\
\frac{d y}{d t} &= \frac{4}{3} \mathrm{in} / \mathrm{hr}
\end{aligned}
$$

Therefore, the width is increasing at a rate of $\boxed{\frac{4}{3} \mathrm{in} / \mathrm{hr}}$.

---

# **Key Formulas or Methods Used**

- **Pythagorean Theorem**: $D^{2}=x^{2}+y^{2}$ (relating diagonal, length, and width of a rectangle)
- **Implicit Differentiation**: Differentiating both sides of an equation with respect to time $t$
- **Chain Rule**: $\frac{d}{dt}(u^2) = 2u\frac{du}{dt}$ for any function $u(t)$
- **Related Rates Equation**: $D \frac{d D}{d t} = x \frac{d x}{d t}+y \frac{d y}{d t}$

---

# **Summary of Steps**

1. **Define variables**: Let $x$ = length, $y$ = width, $D$ = diagonal
2. **Establish relationship**: Use the Pythagorean theorem $D^2 = x^2 + y^2$
3. **Differentiate**: Differentiate with respect to time $t$ to get $D \frac{dD}{dt} = x \frac{dx}{dt} + y \frac{dy}{dt}$
4. **Find current diagonal**: Calculate $D = \sqrt{8^2 + 6^2} = 10$ inches
5. **Substitute and solve**: Plug in all known rates and values, then solve for $\frac{dy}{dt}$
6. **Final answer**: $\frac{dy}{dt} = \frac{4}{3}$ in/hr",,,"unclassified","8",,"A rectangle expands with time. The diagonal of the rectangle increases at a rate of $1 \mathrm{in} / \mathrm{hr}$ and length increases at a rate of $1/4 \mathrm{~in} / \mathrm{hr}$. How fast is its width increasing when the width is 6 in and length is 8 in?

---","ms7dfdrn50kj7eh5wn9gx4x48185pm02",,,"xd719tmjjjjc6tm3s4rz9g2mpd8c6yex","Exercise 2.10","exercise","{""blockIndex"":51,""chapterNumber"":2,""page"":86,""subjectSlug"":""maths-12""}"
"maths-12","02-limit-continuity-and-derivative","Limit, Continuity And Derivative","exercise-2-10","2.10 Applications of Differentiation","m173ds8s7faesz4bfsbcrs6wcx8c7zkk",,,,,,"false",,"# **Background and Explanation**

This problem involves **related rates**, a calculus technique used to find how quickly one quantity changes by relating it to another known rate of change. You need to understand the geometric relationship between a cube's side length and its space diagonal (the longest diagonal passing through the interior of the cube).

---

# **Solution**

Let $x$ be the length of each side of the cube.

We are given the rate at which the side increases:
$$\frac{dx}{dt} = 5 \mathrm{~cm/hr}$$

Let $D$ be the length of the **space diagonal** of the cube (the diagonal connecting opposite vertices through the cube's interior).

To establish the relationship between $D$ and $x$, we can place the cube in a 3D coordinate system with one vertex at the origin $(0,0,0)$ and the opposite vertex at $(x,x,x)$. Using the 3D distance formula:

$$
\begin{aligned}
\therefore \quad D &= |OP| = \sqrt{(x-0)^{2}+(x-0)^{2}+(x-0)^{2}} \\
D &= \sqrt{x^{2}+x^{2}+x^{2}} \\
D &= \sqrt{3 x^{2}} \\
D &= \sqrt{3} x
\end{aligned}
$$

Now, differentiate both sides with respect to time $t$ to find the rate of change of the diagonal:

$$
\begin{aligned}
\frac{d D}{d t} &= \sqrt{3} \cdot \frac{d x}{d t} \\
&= \sqrt{3} \cdot 5 = 5 \sqrt{3} \mathrm{~cm} / \mathrm{hr}
\end{aligned}
$$

Therefore, the diagonal of the cube increases at a rate of $5\sqrt{3} \mathrm{~cm/hr}$.

---

# **Key Formulas or Methods Used**

- **Related rates method**: Differentiating an equation relating two or more variables with respect to time
- **3D Distance formula**: $d = \sqrt{(x_2-x_1)^2 + (y_2-y_1)^2 + (z_2-z_1)^2}$
- **Space diagonal of a cube**: $D = \sqrt{3}x$ where $x$ is the side length
- **Chain rule**: $\frac{d}{dt}[f(x)] = f'(x) \cdot \frac{dx}{dt}$

---

# **Summary of Steps**

1. **Define variables**: Let $x$ = side length, $D$ = space diagonal, with $\frac{dx}{dt} = 5$ cm/hr given
2. **Establish geometric relationship**: Derive $D = \sqrt{3}x$ using the 3D distance formula
3. **Differentiate**: Apply $\frac{d}{dt}$ to both sides to get $\frac{dD}{dt} = \sqrt{3}\frac{dx}{dt}$
4. **Substitute**: Plug in $\frac{dx}{dt} = 5$ to obtain $\frac{dD}{dt} = 5\sqrt{3}$ cm/hr",,,"unclassified","9",,"The side of a cube increases at a rate of $5 \mathrm{~cm} / \mathrm{hr}$. At what rate does the diagonal of the cube increases?

---","ms7dfdrn50kj7eh5wn9gx4x48185pm02",,,"xd719tmjjjjc6tm3s4rz9g2mpd8c6yex","Exercise 2.10","exercise","{""blockIndex"":51,""chapterNumber"":2,""page"":86,""subjectSlug"":""maths-12""}"