subjectSlug,chapterSlug,chapterTitle,topicSlug,topicTitle,_creationTime,_id,createdAt,publishedAt,slug,sourceRef,status,summary,title,topicId,updatedAt,mdxBodyChars,updatedBy
"biology-11","01-cells-and-sub-cellular-organelles","Cells And Sub Cellular Organelles","1-1-cells-the-basic-unit-of-life","1.1 Cells: The Basic Unit of Life","1777383695670.2283","kx7e3xn911v7eh4cvehc2tb7n585q510","1777383695670","1777383695670","1-1-cells-the-basic-unit-of-life","{""blockIndex"":4,""chapterNumber"":1,""subjectSlug"":""biology-11""}","published","better explanation for cell theory","1.1 Cells: The Basic Unit of Life","ms7akphdfszyah7ss6rpxw8svn85pfcy","1787244979922","3538",
"biology-11","01-cells-and-sub-cellular-organelles","Cells And Sub Cellular Organelles","1-2-cell-theory","1.2 Cell Theory","1777383696445.64","kx7185gz97fhwecbzdrkq9fybx85q562","1777383696445","1777383696445","1-2-cell-theory","{""blockIndex"":9,""chapterNumber"":1,""subjectSlug"":""biology-11""}","published",,"1.2 Cell Theory","ms7cy6h3dm0af0zmqwmtwgsh6n85pxbt","1788216240035","4159",
"biology-11","01-cells-and-sub-cellular-organelles","Cells And Sub Cellular Organelles","1-3-microscopy","1.3 Microscopy","1777383697446.0977","kx75wfdrcxd665csgytxtye8vh85qwsb","1777383697446","1777383697446","1-3-microscopy","{""blockIndex"":24,""chapterNumber"":1,""page"":6,""subjectSlug"":""biology-11""}","published",,"Microscopy","ms77dkj4ap9f285050m9zjbr0n85qx2h","1788251630861","4760",
"biology-11","01-cells-and-sub-cellular-organelles","Cells And Sub Cellular Organelles","1-4-ultrastructure-of-animal-and-plant-cells","1.4 Ultrastructure of Animal and Plant Cells","1777383698450.0488","kx73sfy92aabsq1wt01va8aqq585q3z7","1777383698450","1777383698450","1-4-ultrastructure-of-animal-and-plant-cells","{""blockIndex"":39,""chapterNumber"":1,""page"":9,""subjectSlug"":""biology-11""}","published",,"1.4 Ultrastructure of Animal and Plant Cells","ms736y2cs2wb0mjr7ergxkmky585qf01","1788216240252","4853",
"biology-11","01-cells-and-sub-cellular-organelles","Cells And Sub Cellular Organelles","1-5-cell-wall-and-plasma-membrane","1.5 Cell Wall and Plasma Membrane","1777383699219.3865","kx7cecgh2d3815zgdbz98yrtkn85pc0r","1777383699219","1777383699219","1-5-cell-wall-and-plasma-membrane","{""blockIndex"":45,""chapterNumber"":1,""page"":10,""subjectSlug"":""biology-11""}","published",,"1.5 Cell Wall and Plasma Membrane","ms7ajvc5ba6aagh7mrccxe54rs85qq30","1788978473909","4878",
"biology-11","01-cells-and-sub-cellular-organelles","Cells And Sub Cellular Organelles","1-6-cell-signaling","1.6 Cell Signaling","1777383700470.5334","kx78mk4kdyr7h7tgysd2pt60td85qz9f","1777383700470","1777383700470","1-6-cell-signaling","{""blockIndex"":70,""chapterNumber"":1,""page"":13,""subjectSlug"":""biology-11""}","published",,"1.6 Cell Signaling","ms7f18j2wmc3m7j6xmr3emj0b585pkbq","1787015054551","3916",
"biology-11","01-cells-and-sub-cellular-organelles","Cells And Sub Cellular Organelles","1-7-membrane-transport-mechanism","1.7 Membrane Transport Mechanism","1777383701319.8445","kx7e7qhnykk5dmjmrffnv8dfgd85qdhy","1777383701319","1777383701319","1-7-membrane-transport-mechanism","{""blockIndex"":84,""chapterNumber"":1,""page"":16,""subjectSlug"":""biology-11""}","published",,"Membrane Transport Mechanism","ms7844ge3vepdqcvv41bckz3ax85pd2p","1788978529022","6544",
"biology-11","01-cells-and-sub-cellular-organelles","Cells And Sub Cellular Organelles","1-8-cytoplasm-and-organelles","1.8 Cytoplasm and Organelles","1777383702122.804","kx7fbxc9rg26rpazz9d5a9ybe985p152","1777383702122","1777383702122","1-8-cytoplasm-and-organelles","{""blockIndex"":107,""chapterNumber"":1,""page"":16,""subjectSlug"":""biology-11""}","published",,"Cytoplasm and Organelles","ms7eczyn1y977h0pds3rd2hrhn85pm84","1788978529518","14241",
"biology-11","01-cells-and-sub-cellular-organelles","Cells And Sub Cellular Organelles","1-9-prokaryotic-and-eukaryotic-cells","1.9 Prokaryotic and Eukaryotic Cells","1777383703241.7363","kx7ata9nkh00h2ccxgbj0xtcas85qp24","1777383703241","1777383703241","1-9-prokaryotic-and-eukaryotic-cells","{""blockIndex"":191,""chapterNumber"":1,""page"":28,""subjectSlug"":""biology-11""}","published",,"1.9 Prokaryotic and Eukaryotic Cells","ms7frmeh8s53jjzq57r3r28tk585qpbr","1788216240440","3551",
"biology-11","01-cells-and-sub-cellular-organelles","Cells And Sub Cellular Organelles","1-10-stem-cells","1.10 Stem Cells","1777383692943.7761","kx71mm3xd72tph2582pdq5ryyn85pmmw","1777383692943","1777383692943","1-10-stem-cells","{""blockIndex"":196,""chapterNumber"":1,""page"":29,""subjectSlug"":""biology-11""}","published",,"1.10 Stem Cells","ms7ecm3ysnba0x0mm2jqms1jv185qjzs","1788216240638","5106",
"biology-11","01-cells-and-sub-cellular-organelles","Cells And Sub Cellular Organelles","1-11-endocytosis-and-exocytosis","1.11 Endocytosis and Exocytosis","1777383693944.3347","kx7fama553tk6srqqbmwxcxpk985psey","1777383693944","1777383693944","1-11-endocytosis-and-exocytosis","{""blockIndex"":212,""chapterNumber"":1,""page"":30,""subjectSlug"":""biology-11""}","published",,"1.11 Endocytosis and Exocytosis","ms792kgnycy7fbzearwpfe535x85pnkf","1788251628484","3848",
"biology-11","01-cells-and-sub-cellular-organelles","Cells And Sub Cellular Organelles","1-12-cell-division","1.12 Cell Division","1777383694900.7036","kx7e8x3px69at9maptepb6qj1x85q4cs","1777383694900","1777383694900","1-12-cell-division","{""blockIndex"":224,""chapterNumber"":1,""page"":33,""subjectSlug"":""biology-11""}","published",,"Cell Division","ms76atp2qqc9mxqzf74hxstvbh85qmpz","1788978527668","8092",
"biology-11","02-molecular-biology","Molecular Biology","2-1-biochemistry-molecular-biology","2.1 Biochemistry and Molecular Biology","1777383712604.6926","kx7aqp02cg35wvt6x1fr2y2w7n85pwtv","1777383712604","1777383712604","2-1-biochemistry-molecular-biology","{""blockIndex"":5,""chapterNumber"":2,""subjectSlug"":""biology-11""}","published",,"2.1 Biochemistry and Molecular Biology","ms7awkqpsrk2bz7ydz40mrkhs185q048","1787071965241","2926",
"biology-11","02-molecular-biology","Molecular Biology","2-2-different-types-of-bonds-and-interactions-found-in-biological-molecules","2.2 Different Types of Bonds and Interactions in Biological Molecules","1777383722880.7195","kx71mmjgjz4prndv04kpc1sdys85qt7v","1777383722880","1777383722880","2-2-different-types-of-bonds-and-interactions-found-in-biological-molecules","{""blockIndex"":8,""chapterNumber"":2,""subjectSlug"":""biology-11""}","published",,"Different Types of Bonds and Interactions in Biological Molecules","ms77epprd28gmba1k43wdd5c5985qa9q","1788216260499","6043",
"biology-11","02-molecular-biology","Molecular Biology","2-3-protoplasm-and-biological-molecules","2.3 Protoplasm and Biological Molecules","1777383723996.304","kx7ap2zwx51cartmhshm88cn6n85p4fz","1777383723996","1777383723996","2-3-protoplasm-and-biological-molecules","{""blockIndex"":31,""chapterNumber"":2,""subjectSlug"":""biology-11""}","published",,"2.3 Protoplasm and Biological Molecules","ms7ek5nc8c3kfwq92za5qvkyc185pe5r","1788216240856","3609",
"biology-11","02-molecular-biology","Molecular Biology","2-4-condensation-and-hydrolysis","2.4 Condensation and Hydrolysis","1777383725479.7795","kx77yepb9vkwsydgpkb748rxs185qjq0","1777383725479","1777383725479","2-4-condensation-and-hydrolysis","{""blockIndex"":39,""chapterNumber"":2,""subjectSlug"":""biology-11""}","published",,"Condensation and Hydrolysis","ms71ggxakmr8fqf782ydp72nps85qemx","1788216241033","3976",
"biology-11","02-molecular-biology","Molecular Biology","2-5-water-as-medium-of-life","2.5 Water as a Medium of Life","1777383726561.4019","kx7etsf9f3h9hh41fyd7y3t25985p79j","1777383726561","1777383726561","2-5-water-as-medium-of-life","{""blockIndex"":45,""chapterNumber"":2,""subjectSlug"":""biology-11""}","published",,"2.5 Water as a Medium of Life","ms705hfhnekj34s4a9mg1pea0x85qsm7","1788216260639","6265",
"biology-11","02-molecular-biology","Molecular Biology","2-6-carbohydrates","2.6 Carbohydrates","1777383727831.3643","kx7bf7js7cfznrs6jfeb3j14ps85psd8","1777383727831","1777383727831","2-6-carbohydrates","{""blockIndex"":74,""chapterNumber"":2,""subjectSlug"":""biology-11""}","published",,"2.6 Carbohydrates","ms7d1a05bz772fsjzawehmsz1n85qs0b","1788216241208","3380",
"biology-11","02-molecular-biology","Molecular Biology","2-7-monosaccharides","2.7 Monosaccharides","1777383728615.9546","kx7dnn053j4sj1jcvdmvr3rk3s85p6rc","1777383728616","1777383728616","2-7-monosaccharides","{""blockIndex"":81,""chapterNumber"":2,""subjectSlug"":""biology-11""}","published",,"Monosaccharides","ms79vt30rvf880mpcagbw00pxd85p1fp","1788216260799","4451",
"biology-11","02-molecular-biology","Molecular Biology","2-8-isomers-and-stereoisomers-of-glucose","2.8 Isomers and Stereoisomers of Glucose","1777383729428.5044","kx75ja27azjfg9n7qq4hcsnr7n85pnxz","1777383729428","1777383729428","2-8-isomers-and-stereoisomers-of-glucose","{""blockIndex"":94,""chapterNumber"":2,""subjectSlug"":""biology-11""}","published",,"2.8 Isomers and Stereoisomers of Glucose","ms78fqt1q22wm456kanxvbb39985pzrj","1788216260970","4173",
"biology-11","02-molecular-biology","Molecular Biology","2-9-properties-and-roles-of-disaccharides","2.9 Properties and Roles of Disaccharides","1777383730293.538","kx7ac8rt5t9h3b9rw6bes8vtj985ph2p","1777383730293","1777383730293","2-9-properties-and-roles-of-disaccharides","{""blockIndex"":106,""chapterNumber"":2,""subjectSlug"":""biology-11""}","published",,"2.9 Properties and Roles of Disaccharides","ms753fts8x4196dsc231t5x4xd85q9k2","1787071969650","3882",
"biology-11","02-molecular-biology","Molecular Biology","2-10-glycosidic-bonds-in-disaccharides","2.10 Glycosidic Bonds in Disaccharides","1777383704154.1077","kx749m4s2fq76kdht5nnq27y0h85qp5k","1777383704154","1777383704154","2-10-glycosidic-bonds-in-disaccharides","{""blockIndex"":116,""chapterNumber"":2,""subjectSlug"":""biology-11""}","published",,"Glycosidic Bonds in Disaccharides","ms7906wcxqa2f0gmajp7zet68985p5jk","1788216261128","4189",
"biology-11","02-molecular-biology","Molecular Biology","2-11-polysaccharides","2.11 Polysaccharides","1777383705025.9644","kx765j2r00kz2w3epthsezjr2985qt17","1777383705026","1777383705026","2-11-polysaccharides","{""blockIndex"":128,""chapterNumber"":2,""subjectSlug"":""biology-11""}","published",,"2.11 Polysaccharides","ms771pyhfcscqezsypqzd75kch85pd5g","1788978576160","7678",
"biology-11","02-molecular-biology","Molecular Biology","2-12-proteins","2.12 Proteins","1777383705798.6248","kx73ac5b8hcyeta6947ka51jbh85p2gx","1777383705798","1777383705798","2-12-proteins","{""blockIndex"":147,""chapterNumber"":2,""subjectSlug"":""biology-11""}","published",,"2.12 Proteins","ms7bse1mwhg6eeq8fykw4cf2yn85p14k","1788216261285","3924",
"biology-11","02-molecular-biology","Molecular Biology","2-13-synthesis-and-breakage-of-peptide-linkages","2.13 Synthesis and Breakage of Peptide Linkages","1777383707027.7126","kx7f1861djaw6tn3m04vmrnjhx85qg7q","1777383707027","1777383707027","2-13-synthesis-and-breakage-of-peptide-linkages","{""blockIndex"":160,""chapterNumber"":2,""subjectSlug"":""biology-11""}","published",,"2.13 Synthesis and Breakage of Peptide Linkages","ms72fw4d8br5g2gkdnngqwwa9985q56r","1788251617628","4913",
"biology-11","02-molecular-biology","Molecular Biology","2-14-significance-of-amino-acid-sequence","2.14 Significance of Amino Acid Sequence","1777383707794.651","kx7aggbpqjv2xjy13f7m352rad85q393","1777383707794","1777383707794","2-14-significance-of-amino-acid-sequence","{""blockIndex"":167,""chapterNumber"":2,""subjectSlug"":""biology-11""}","published",,"Significance of Amino Acid Sequence","ms76tbh1r24005hfrjwm6djgd985q60n","1788216241401","3222",
"biology-11","02-molecular-biology","Molecular Biology","2-15-classification-of-proteins","2.15 Classification of Proteins","1777383708623.0283","kx7ekdzz0wxb95hhch6kes82hn85qks3","1777383708623","1777383708623","2-15-classification-of-proteins","{""blockIndex"":171,""chapterNumber"":2,""subjectSlug"":""biology-11""}","published",,"2.15 Classification of Proteins","ms7c0f8cqe6d8cg5p4d191edv185p0v7","1788982600609","2961",
"biology-11","02-molecular-biology","Molecular Biology","2-16-role-of-proteins","2.16 Role of Proteins","1777383709390.8843","kx706s8gjmkzqvtxh41m8tamp585pmc0","1777383709390","1777383709390","2-16-role-of-proteins","{""blockIndex"":173,""chapterNumber"":2,""subjectSlug"":""biology-11""}","published",,"2.16 Role of Proteins","ms7cgk1v45wszg59xzs03j17h985qtz0","1787071972410","3120",
"biology-11","02-molecular-biology","Molecular Biology","2-17-lipids","2.17 Lipids","1777383710154.5476","kx731f9bm31a85c5vjvmc4bby585q5q0","1777383710154","1777383710154","2-17-lipids","{""blockIndex"":178,""chapterNumber"":2,""subjectSlug"":""biology-11""}","published",,"Lipids","ms730f7gcs00fz7xaaq459g8wn85pxmw","1787071972794","4575",
"biology-11","02-molecular-biology","Molecular Biology","2-18-properties-and-roles-of-acylglycerols-phospholipids-terpenes-and-waxes","2.18 Properties and Roles of Acylglycerols, Phospholipids, Terpenes and Waxes","1777383710941.23","kx7fbjakw39nancy0rk31qythx85pj4d","1777383710941","1777383710941","2-18-properties-and-roles-of-acylglycerols-phospholipids-terpenes-and-waxes","{""blockIndex"":181,""chapterNumber"":2,""subjectSlug"":""biology-11""}","published",,"2.18 Properties and Roles of Acylglycerols, Phospholipids, Terpenes and Waxes","ms7811k6697y0zd7rba2p9y23985pn6s","1788978576456","5441",
"biology-11","02-molecular-biology","Molecular Biology","2-19-molecular-structure-of-an-acylglycerol-a-phospholipid-and-a-terpene","2.19 Molecular Structure of Acylglycerol, Phospholipid and Terpene","1777383711833.066","kx705gerv6wt81ys0j0kx3byds85q1ar","1777383711833","1777383711833","2-19-molecular-structure-of-an-acylglycerol-a-phospholipid-and-a-terpene","{""blockIndex"":194,""chapterNumber"":2,""subjectSlug"":""biology-11""}","published",,"2.19 Molecular Structure of Acylglycerol, Phospholipid and Terpene","ms7bvjek4fb8fhkqepp75mqc8h85pjgv","1788216261439","7055",
"biology-11","02-molecular-biology","Molecular Biology","2-20-steroids-and-prostaglandins","2.20 Steroids and Prostaglandins","1777383713453.642","kx77nr2wkak88j8t06eadc6jzd85pd82","1777383713453","1777383713453","2-20-steroids-and-prostaglandins","{""blockIndex"":216,""chapterNumber"":2,""subjectSlug"":""biology-11""}","published",,"2.20 Steroids and Prostaglandins","ms7a9kvckd0k0nk3yqxbxb775n85qc31","1788216241581","4416",
"biology-11","02-molecular-biology","Molecular Biology","2-21-nucleic-acid","2.21 Nucleic Acid","1777383714198.4766","kx74j4re8yxpk76hh2ncx5815h85q726","1777383714198","1777383714198","2-21-nucleic-acid","{""blockIndex"":227,""chapterNumber"":2,""subjectSlug"":""biology-11""}","published",,"2.21 Nucleic Acid","ms73vtr899epfjprv15vrdzt8x85qnq6","1788978575644","3223",
"biology-11","02-molecular-biology","Molecular Biology","2-22-nitrogenous-bases-in-the-nucleotide","2.22 Nitrogenous Bases in the Nucleotide","1777383714969.0728","kx7c9t4ywx9nd29z015f6803e585p2vc","1777383714969","1777383714969","2-22-nitrogenous-bases-in-the-nucleotide","{""blockIndex"":235,""chapterNumber"":2,""subjectSlug"":""biology-11""}","published",,"2.22 Nitrogenous Bases in the Nucleotide","ms705cxfgn5wk85nnw4jk2pc3s85phkj","1788216241761","2766",
"biology-11","02-molecular-biology","Molecular Biology","2-23-formation-of-phosphodiester-bond-polymerization-of-nucleotides","2.23 Formation of Phosphodiester Bond and Polymerization of Nucleotides","1777383716047.0098","kx7f31jb1zmx7m4rrgdrxzjg8n85q3e9","1777383716047","1777383716047","2-23-formation-of-phosphodiester-bond-polymerization-of-nucleotides","{""blockIndex"":241,""chapterNumber"":2,""subjectSlug"":""biology-11""}","published",,"2.23 Formation of Phosphodiester Bond and Polymerization of Nucleotides","ms7eze9dgnshmn49g0qckkfcx585pz6j","1788251605364","3143",
"biology-11","02-molecular-biology","Molecular Biology","2-24-chemical-nature-and-role-of-atp-and-nad","2.24 Chemical Nature and Role of ATP and NAD","1777383716806.1763","kx7b8z3aywctvq4zpv6beqjtnx85p2pn","1777383716806","1777383716806","2-24-chemical-nature-and-role-of-atp-and-nad","{""blockIndex"":246,""chapterNumber"":2,""subjectSlug"":""biology-11""}","published",,"Chemical Nature and Role of ATP and NAD","ms72fc9w01y271pncyf0vtqppn85pn2q","1788216241928","3302",
"biology-11","02-molecular-biology","Molecular Biology","2-25-watson-and-crick-model-of-dna","2.25 Watson and Crick Model of DNA","1777383718006.8738","kx77789t7d9r8rv9htqd077vqh85q8zy","1777383718007","1777383718007","2-25-watson-and-crick-model-of-dna","{""blockIndex"":254,""chapterNumber"":2,""subjectSlug"":""biology-11""}","published",,"Watson and Crick Model of DNA","ms72w4sac4sakv9se931cg8j7d85qj15","1788216261591","4037",
"biology-11","02-molecular-biology","Molecular Biology","2-26-ribonucleic-acid-rna","2.26 Ribonucleic Acid (RNA)","1777383718977.5637","kx7fpyd6jyc7knbfj5f7a45jwd85q9r2","1777383718977","1777383718977","2-26-ribonucleic-acid-rna","{""blockIndex"":259,""chapterNumber"":2,""subjectSlug"":""biology-11""}","published",,"2.26 Ribonucleic Acid (RNA)","ms75rmpkbv26wc973wb04jq61585py59","1787071976636","3124",
"biology-11","02-molecular-biology","Molecular Biology","2-27-roles-and-types-of-rna","2.27 Roles and Types of RNA","1777383719822.4304","kx7cz6kdewh1w36bmzcp5qe9k985p7m1","1777383719822","1777383719822","2-27-roles-and-types-of-rna","{""blockIndex"":261,""chapterNumber"":2,""subjectSlug"":""biology-11""}","published",,"2.27 Roles and Types of RNA","ms7a8vtpfk6dabfp9h0s5tzc1d85pjdg","1788251605036","3531",
"biology-11","02-molecular-biology","Molecular Biology","2-28-central-dogma-of-life","2.28 Central Dogma of Life","1777383721124.9038","kx74yr39sxs9nmktdzbrb29nn185p24c","1777383721124","1777383721124","2-28-central-dogma-of-life","{""blockIndex"":276,""chapterNumber"":2,""subjectSlug"":""biology-11""}","published",,"Central Dogma of Life","ms75fj01nfdr64wqvd0rmq4x3985parn","1788216261730","4143",
"biology-11","02-molecular-biology","Molecular Biology","2-29-conjugated-molecuels","2.29 Conjugated Molecules","1777383722085.1921","kx7bg4rnbygd2qt7x4vv7ar1ax85qh7r","1777383722085","1777383722085","2-29-conjugated-molecuels","{""blockIndex"":284,""chapterNumber"":2,""subjectSlug"":""biology-11""}","published",,"2.29 Conjugated Molecules","ms741j76pnvx8vv49j4mp7edvs85pj0w","1787083846286","3438",
"biology-11","03-enzymes","Enzymes","3-1-enzyme-structure","3.1 Enzyme Structure","1777383731339.8726","kx7agv47fkgcyppjfw60vxd7sh85q2m7","1777383731339","1777383731339","3-1-enzyme-structure","{""blockIndex"":6,""chapterNumber"":3,""subjectSlug"":""biology-11""}","published",,"3.1 Enzyme Structure","ms77ds9fjnq3we6d1hsgjgvtk185pk5m","1787083853510","3785",
"biology-11","03-enzymes","Enzymes","3-2-mechanism-of-enzyme-action","3.2 Mechanism of Enzyme Action","1777383732622.4802","kx7adbcrq7mmwh3z8wt9f4k0j585qjsf","1777383732622","1777383732622","3-2-mechanism-of-enzyme-action","{""blockIndex"":20,""chapterNumber"":3,""subjectSlug"":""biology-11""}","published",,"Mechanism of Enzyme Action","ms79b9z50se59ywttxxdw34jyn85qkcb","1788251613224","4598",
"biology-11","03-enzymes","Enzymes","3-3-factors-affecting-the-rate-of-enzymatic-action","3.3 Factors Affecting Enzymatic Action Rate","1777383733391.801","kx7f65gwdxwawydy9549s22c9s85qp18","1777383733391","1777383733391","3-3-factors-affecting-the-rate-of-enzymatic-action","{""blockIndex"":39,""chapterNumber"":3,""subjectSlug"":""biology-11""}","published",,"3.3 Factors Affecting Enzymatic Action Rate","ms7f679mfaehsbg6abaen1xc2s85p8y1","1788251631723","4966",
"biology-11","03-enzymes","Enzymes","3-4-enzyme-inhibition","3.4 Enzyme Inhibition","1777383734237.0657","kx7b9dm7cx81tzt20r2hyyer5985qgvd","1777383734237","1777383734237","3-4-enzyme-inhibition","{""blockIndex"":56,""chapterNumber"":3,""subjectSlug"":""biology-11""}","published",,"3.4 Enzyme Inhibition","ms776mh5tk7z9v36k8z03qed4985p5re","1788982622779","6631",
"biology-11","03-enzymes","Enzymes","3-5-classification-of-enzymes","3.5 Classification of Enzymes","1777383734994.4238","kx7d416s4q7y9x4jh0q1qhs2dn85qk3j","1777383734994","1777383734994","3-5-classification-of-enzymes","{""blockIndex"":72,""chapterNumber"":3,""subjectSlug"":""biology-11""}","published",,"3.5 Classification of Enzymes","ms7bbh3g21kshbmxjte96e5hg185p400","1787083853840","3205",
"biology-11","04-bioenergetics","Bioenergetics","4-1-photosynthesis","4.1 Photosynthesis","1777383735922.4978","kx79kgwv473eh5asgs65ggqwnn85pra3","1777383735922","1777383735922","4-1-photosynthesis","{""blockIndex"":5,""chapterNumber"":4,""subjectSlug"":""biology-11""}","published",,"4.1 PHOTOSYNTHESIS","ms7249hqkeqafe4psfe10jb1as85p4wa","1788251628260","12143",
"biology-11","04-bioenergetics","Bioenergetics","4-2-cellular-respiration","4.2 Cellular Respiration","1777383736704.3323","kx7eqpzy4g5ymn3gcsebdz7gw185pzd2","1777383736704","1777383736704","4-2-cellular-respiration","{""blockIndex"":82,""chapterNumber"":4,""subjectSlug"":""biology-11""}","published",,"Cellular Respiration","ms75wpcz29fqfkv0nkg52h2ng585p0s0","1788982595641","7809",
"biology-11","04-bioenergetics","Bioenergetics","4-3-photorespiration","4.3 Photorespiration","1777383737528.777","kx77bmbmeetphyvxydbf3qgrkh85p9jy","1777383737528","1777383737528","4-3-photorespiration","{""blockIndex"":151,""chapterNumber"":4,""subjectSlug"":""biology-11""}","published",,"4.3 Photorespiration","ms76vh71mn04gegm9m86q995ad85p480","1788251602188","6128",
"biology-11","05-acellular-life","Acellular Life","5-1-viruses-discovery-and-structure","5.1 Viruses: Discovery and Structure","1777383738466.8325","kx71dr3tgcxz5s7tb78nmx4gad85pw8y","1777383738466","1777383738466","5-1-viruses-discovery-and-structure","{""blockIndex"":4,""chapterNumber"":5,""subjectSlug"":""biology-11""}","published",,"5.1 Viruses: Discovery and Structure","ms7as4gk3q67gfd8ahvvmqp5ss85qb1s","1788251618280","5480",
"biology-11","05-acellular-life","Acellular Life","5-2-parasitic-nature-of-virus","5.2 Parasitic Nature of Virus","1777383739289.3008","kx7cxdb0jb4f598a0tmn6w6jqs85py41","1777383739289","1777383739289","5-2-parasitic-nature-of-virus","{""blockIndex"":24,""chapterNumber"":5,""subjectSlug"":""biology-11""}","published",,"5.2 Parasitic Nature of Virus","ms79h45pfsp20yj427gr2875yn85qckz","1787225074885","3269",
"biology-11","05-acellular-life","Acellular Life","5-3-bacteriophage","5.3 Bacteriophage","1777383740074.9358","kx7dp0hp19vjp6s5w4dfcx6g0985qkkf","1777383740075","1777383740075","5-3-bacteriophage","{""blockIndex"":33,""chapterNumber"":5,""subjectSlug"":""biology-11""}","published",,"BACTERIOPHAGE","ms733gsjp3twn5crm5rvk8kmrn85p1rg","1787225075817","5916",
"biology-11","05-acellular-life","Acellular Life","5-4-human-immunodeficiency-virus","5.4 Human Immunodeficiency Virus","1777383740893.6794","kx7ds6a2gca27cka8vhby9hx2585q01d","1777383740893","1777383740893","5-4-human-immunodeficiency-virus","{""blockIndex"":60,""chapterNumber"":5,""subjectSlug"":""biology-11""}","published",,"5.4 Human Immunodeficiency Virus","ms74rxjxm3dt35b69se8ffkjv585p3vk","1788254802996","7118",
"biology-11","05-acellular-life","Acellular Life","5-5-viral-diseases","5.5 Viral Diseases","1777383741809.3215","kx702wpzabt6xrsrh4r15ag99585q066","1777383741809","1777383741809","5-5-viral-diseases","{""blockIndex"":80,""chapterNumber"":5,""subjectSlug"":""biology-11""}","published",,"Viral Diseases","ms78prxd35dfy448k0a0yz5z7n85pxv7","1788251617964","5322",
"biology-11","05-acellular-life","Acellular Life","5-6-economic-losses-due-to-viral-infections","5.6 Economic Losses Due to Viral Infections","1777383742658.001","kx7eqb6dq6kypkfr1fkz8ad8js85qpfd","1777383742658","1777383742658","5-6-economic-losses-due-to-viral-infections","{""blockIndex"":97,""chapterNumber"":5,""subjectSlug"":""biology-11""}","published",,"Economic Losses Due to Viral Infections","ms7689ybwwr4xa1g8ptgtng58h85qp04","1788982592267","3335",
"biology-11","05-acellular-life","Acellular Life","5-7-limitations-of-flu-vaccine","5.7 Limitations of Flu Vaccine","1777383743567.4583","kx78gdy7th7tr48f6z108cxfjd85pzwh","1777383743567","1777383743567","5-7-limitations-of-flu-vaccine","{""blockIndex"":99,""chapterNumber"":5,""subjectSlug"":""biology-11""}","published",,"5.7 Limitations of Flu Vaccine","ms7d8asst3g7vepsr244b73r3x85pnxb","1787225078133","2608",
"biology-11","05-acellular-life","Acellular Life","5-8-prions-and-viroids","5.8 Prions and Viroids","1777383744804.0955","kx77xgdhxa08wgqwjwh9carb4d85pshp","1777383744804","1777383744804","5-8-prions-and-viroids","{""blockIndex"":101,""chapterNumber"":5,""subjectSlug"":""biology-11""}","published",,"5.8 Prions and Viroids","ms7569jnebndjjqr4kez8wy30x85p5ps","1787244986917","2884",
"biology-11","06-prokaryotes","Prokaryotes","6-1-taxonomy-of-prokaryotes","6.1 Taxonomy of Prokaryotes","1777383746004.8562","kx7as098f0dnzj329vgrqem55h85pbmw","1777383746004","1777383746004","6-1-taxonomy-of-prokaryotes","{""blockIndex"":4,""chapterNumber"":6,""subjectSlug"":""biology-11""}","published",,"6.1 Taxonomy of Prokaryotes","ms79xk0emfnewwahj76bs8x3dd85p7n9","1788946134233","3150",
"biology-11","06-prokaryotes","Prokaryotes","6-2-archaea","6.2 Archaea","1777383746748.2732","kx72a4dmhbvkk9n34va2czapxh85ps1b","1777383746748","1777383746748","6-2-archaea","{""blockIndex"":10,""chapterNumber"":6,""subjectSlug"":""biology-11""}","published",,"6.2 Archaea","ms734bfqxpcak9rj1cemm57y0x85pszy","1788982589682","6410",
"biology-11","06-prokaryotes","Prokaryotes","6-4-structure-shape-and-size-of-bacteria","6.4 Structure, Shape and Size of Bacteria","1777383747555.028","kx7c5bcr4mkds12qps3j8396v985qkry","1777383747555","1777383747555","6-4-structure-shape-and-size-of-bacteria","{""blockIndex"":38,""chapterNumber"":6,""subjectSlug"":""biology-11""}","published",,"6.4 Structure, Shape and Size of Bacteria","ms7ac5at9cy9w34fm6nq338fp585pznf","1788251617017","7454",
"biology-11","06-prokaryotes","Prokaryotes","6-5-modes-of-nutrition-in-bacteria","6.5 Modes of Nutrition in Bacteria","1777383748705.363","kx795dsw8ere5p9gewz4has91n85qp9v","1777383748705","1777383748705","6-5-modes-of-nutrition-in-bacteria","{""blockIndex"":70,""chapterNumber"":6,""subjectSlug"":""biology-11""}","published",,"6.5 Modes of Nutrition in Bacteria","ms79kt9v5ax4exwd50xc3g13js85p9sj","1788946134421","4273",
"biology-11","06-prokaryotes","Prokaryotes","6-6-growth-and-reproduction-in-bacteria","6.6 Growth and Reproduction in Bacteria","1777383749519.5461","kx7cza0qrd6bcbbqewkq4wnbn985psqm","1777383749519","1777383749519","6-6-growth-and-reproduction-in-bacteria","{""blockIndex"":93,""chapterNumber"":6,""subjectSlug"":""biology-11""}","published",,"6.6 Growth and Reproduction in Bacteria","ms7c2ejwd8hfg4yrasxnfmev3185pm9b","1788982586662","9010",
"biology-11","06-prokaryotes","Prokaryotes","6-8-the-bacterial-flora-of-humans","6.8 The Bacterial Flora of Humans","1777383750348.3962","kx7cyjf450ytsjg6yvbe4hw5tn85qh1m","1777383750348","1777383750348","6-8-the-bacterial-flora-of-humans","{""blockIndex"":192,""chapterNumber"":6,""subjectSlug"":""biology-11""}","published",,"The Bacterial Flora of Humans","ms73p6pcf7eyxk52mjs4k19bvd85q712","1788946134561","3439",
"biology-11","06-prokaryotes","Prokaryotes","6-9-control-of-harmful-bactreria","6.9 Control of Harmful Bacteria","1777383751410.287","kx74gjt5t01ymq7jzase2xrvmn85pfw0","1777383751410","1777383751410","6-9-control-of-harmful-bactreria","{""blockIndex"":207,""chapterNumber"":6,""subjectSlug"":""biology-11""}","published",,"6.9 Control of Harmful Bacteria","ms70q3c7gh65b08epc6xmd7qkn85qn33","1788946134718","3583",
"biology-11","07-protista-and-fungi","Protista And Fungi","7-1-protists-the-evolutionary-relationship","7.1 Protists - The Evolutionary Relationship","1777383752283.42","kx721q583sk3mz0w1sr3v4dtc585qyes","1777383752283","1777383752283","7-1-protists-the-evolutionary-relationship","{""blockIndex"":4,""chapterNumber"":7,""subjectSlug"":""biology-11""}","published",,"PROTISTS - The Evolutionary Relationship","ms7ferbem851y68dbkt55ctw7185pfvx","1787225087718","4551",
"biology-11","07-protista-and-fungi","Protista And Fungi","7-2-major-groups-of-protists","7.2 Major Groups of Protists","1777383753113.8508","kx7ej4kkwg36b4kcfzkhadet9185p982","1777383753113","1777383753113","7-2-major-groups-of-protists","{""blockIndex"":16,""chapterNumber"":7,""subjectSlug"":""biology-11""}","published",,"7.2 Major Groups of Protists","ms7ec03wpbsmpwwk5p9cxzksfx85pypy","1788978527839","11026",
"biology-11","07-protista-and-fungi","Protista And Fungi","7-3-general-characteristics-of-fungi","7.3 General Characteristics of Fungi","1777383753903.3535","kx7bhtaggjcxcep3kaf2pp4ddn85pbk6","1777383753903","1777383753903","7-3-general-characteristics-of-fungi","{""blockIndex"":76,""chapterNumber"":7,""subjectSlug"":""biology-11""}","published",,"General Characteristics of Fungi","ms74tpveqetrt4efm3pbvfez2x85q3jd","1787225091631","4900",
"biology-11","07-protista-and-fungi","Protista And Fungi","7-4-diversity-among-fungi","7.4 Diversity Among Fungi","1777383754732.1624","kx7afe6v0bkde9khc3vvz9awy985pceq","1777383754732","1777383754732","7-4-diversity-among-fungi","{""blockIndex"":95,""chapterNumber"":7,""subjectSlug"":""biology-11""}","published",,"Diversity Among Fungi","ms72qamrb0nqstd0zqfprz85n985p231","1788251628837","7633",
"biology-11","07-protista-and-fungi","Protista And Fungi","7-5-importance-of-fungi","7.5 Importance of Fungi","1777383755838.1577","kx7fshn47k26bx6fbx4t4ev6hn85q7hm","1777383755838","1777383755838","7-5-importance-of-fungi","{""blockIndex"":126,""chapterNumber"":7,""subjectSlug"":""biology-11""}","published",,"7.5 Importance of Fungi","ms7d19krdwpvp7qc3f1xcwc7cx85p08p","1788982497941","7134",
"biology-11","08-plantae","Plantae","8-1-an-overview-of-kingdom-plantae","8.1 Overview of Kingdom Plantae","1777383756700.5935","kx72jb1tt10fc80b87de4725z985qc24","1777383756700","1777383756700","8-1-an-overview-of-kingdom-plantae","{""blockIndex"":5,""chapterNumber"":8,""subjectSlug"":""biology-11""}","published",,"8.1 Overview of Kingdom Plantae","ms7dak7pydq8g4zh6s91y2g7ds85qjev","1788251616312","3830",
"biology-11","08-plantae","Plantae","8-2-bryophyta-non-vascular-plants","8.2 Bryophyta (Non-Vascular Plants)","1777383757585.4448","kx7897axkx97pt7s1hhxy9kxm585pxe9","1777383757585","1777383757585","8-2-bryophyta-non-vascular-plants","{""blockIndex"":17,""chapterNumber"":8,""subjectSlug"":""biology-11""}","published",,"Bryophyta (Non-Vascular Plants)","ms71fsjxyvzek7ewmtad2dg52h85qacw","1788251605725","5689",
"biology-11","08-plantae","Plantae","8-3-tracheophyta-vascular-plants","8.3 Tracheophyta (vascular plants)","1777383758604.4849","kx7eq4mm28sx0ve329yy9gan9585qg2f","1777383758604","1777383758604","8-3-tracheophyta-vascular-plants","{""blockIndex"":40,""chapterNumber"":8,""subjectSlug"":""biology-11""}","published",,"TRACHEOPHYTA (VASCULAR PLANTS)","ms77yw4zjh9vk3dqh0fw98y7w985qj7n","1787225098949","3574",
"biology-11","08-plantae","Plantae","8-4-pteridophyta-seedless-vascular-plants","8.4 Pteridophyta: Seedless Vascular Plants","1777383759570.2153","kx759g7kmc4118t7qh7fzp8jbs85q5qg","1777383759570","1777383759570","8-4-pteridophyta-seedless-vascular-plants","{""blockIndex"":46,""chapterNumber"":8,""subjectSlug"":""biology-11""}","published",,"8.4 Pteridophyta: Seedless Vascular Plants","ms70wmxkedjm64f7s1bjp52b8x85qdn1","1788251617260","7074",
"biology-11","08-plantae","Plantae","8-5-spermatophyta","8.5 Spermatophyta (Seed-Bearing Plants)","1777383760471.653","kx793wh6fwta8df8rjxjmfxwkh85qx8a","1777383760471","1777383760471","8-5-spermatophyta","{""blockIndex"":72,""chapterNumber"":8,""subjectSlug"":""biology-11""}","published",,"8.5 Spermatophyta (Seed-Bearing Plants)","ms76s4w64adehhxwppne18bghx85paqj","1787225101807","6316",
"biology-11","09-diversity-in-plant-functions","Diversity In Plant Functions","9-1-nutrition-in-plants","9.1 Nutrition in Plants","1777383761278.7686","kx76p7anvxsdnwhy6g6yrfvzg185pet5","1777383761278","1777383761278","9-1-nutrition-in-plants","{""blockIndex"":4,""chapterNumber"":9,""subjectSlug"":""biology-11""}","published",,"9.1 Nutrition in Plants","ms777dxg51bmymsp41hvb5rwgd85pfq2","1788946134867","4661",
"biology-11","09-diversity-in-plant-functions","Diversity In Plant Functions","9-2-gaseous-exchange-in-plants","9.2 Gaseous Exchange in Plants","1777383762170.9075","kx77apw6hngy3w8ta486554c5d85qnpx","1777383762170","1777383762170","9-2-gaseous-exchange-in-plants","{""blockIndex"":19,""chapterNumber"":9,""subjectSlug"":""biology-11""}","published",,"9.2 Gaseous Exchange in Plants","ms71sd2p3x4aaq60fz5298yjd185pdsw","1788946135019","4955",
"biology-11","09-diversity-in-plant-functions","Diversity In Plant Functions","9-3-transport-in-plants","9.3 Transport in Plants","1777383763151.5483","kx7ed8a8mhvpvcj20zs1x4xmn585qth7","1777383763151","1777383763151","9-3-transport-in-plants","{""blockIndex"":32,""chapterNumber"":9,""subjectSlug"":""biology-11""}","published",,"9.3 Transport in Plants","ms794r06vx8phr9e8fz0t4sz9d85pabw","1788946135185","5087",
"biology-11","09-diversity-in-plant-functions","Diversity In Plant Functions","9-4-homeostasis-in-plants","9.4 Homeostasis in Plants","1777383763992.1897","kx72dhx6xq3nnykz17j64cegsn85qktp","1777383763992","1777383763992","9-4-homeostasis-in-plants","{""blockIndex"":103,""chapterNumber"":9,""subjectSlug"":""biology-11""}","published",,"9.4 Homeostasis in Plants","ms70ks70y9cr80nvw02bjp96p185qh51","1788946135465","4210",
"biology-11","09-diversity-in-plant-functions","Diversity In Plant Functions","9-5-support-in-plants","9.5 Support in Plants","1777383764853.7227","kx7fw6p4t5vchfgn05f55j7qe185pdqn","1777383764853","1777383764853","9-5-support-in-plants","{""blockIndex"":125,""chapterNumber"":9,""subjectSlug"":""biology-11""}","published",,"9.5 Support in Plants","ms7a3tp66kfx4r85kpvk1a2ra985p49b","1788978528685","4217",
"biology-11","09-diversity-in-plant-functions","Diversity In Plant Functions","9-6-growth-and-development-in-plants","9.6 Growth and Development in Plants","1777383765670.3271","kx77wf3xc6agste5pmyttz077585qpms","1777383765670","1777383765670","9-6-growth-and-development-in-plants","{""blockIndex"":136,""chapterNumber"":9,""subjectSlug"":""biology-11""}","published",,"9.6 Growth and Development in Plants","ms7d9xgwak0chssz2c2aa024fd85p0hk","1788946135636","3132",
"biology-11","09-diversity-in-plant-functions","Diversity In Plant Functions","9-7-growth-responses-in-plants","9.7 Growth Responses in Plants","1777383766453.623","kx746dcpfvq6jdrrz7e6tdg2ch85qa41","1777383766453","1777383766453","9-7-growth-responses-in-plants","{""blockIndex"":159,""chapterNumber"":9,""subjectSlug"":""biology-11""}","published",,"9.7 Growth Responses in Plants","ms705mj9cj3kwm8frxzyt70abn85qyre","1788946135779","6186",
"biology-11","10-animalia","Animalia","10-1-criteria-for-animal-classification","10.1 Criteria for Animal Classification","1777383767509.3215","kx7fjaztc6ag6egxnxrjbsg5k185qkhj","1777383767509","1777383767509","10-1-criteria-for-animal-classification","{""blockIndex"":4,""chapterNumber"":10,""subjectSlug"":""biology-11""}","published",,"10.1 Criteria for Animal Classification","ms71damxg72r0rfghzf4x0pwt985qzgj","1787225115624","3551",
"biology-11","10-animalia","Animalia","10-2-classification-based-upon-type-of-body-cavity","10.2 Classification by Type of Body Cavity","1777383768239.8154","kx76b3jrxmmcmwtmg8rb6yscw185px8v","1777383768239","1777383768239","10-2-classification-based-upon-type-of-body-cavity","{""blockIndex"":21,""chapterNumber"":10,""subjectSlug"":""biology-11""}","published",,"10.2 Classification by Type of Body Cavity","ms74g3y6k2yzs6ak7b3ecy8r0h85px5y","1787225116061","1882",
"biology-11","10-animalia","Animalia","10-3-diversity-in-animals","10.3 Diversity in Animals","1777383769120.3372","kx78fs36f15qqn4g4d7h0c67d585qvew","1777383769120","1777383769120","10-3-diversity-in-animals","{""blockIndex"":30,""chapterNumber"":10,""subjectSlug"":""biology-11""}","published",,"10.3 Diversity in Animals","ms7b2ffs5wyaxp66j747w0hrp985p00x","1787225116694","4893",
"biology-11","11-reproduction","Reproduction","11-1-reproductive-system-of-man","11.1 Male Reproductive System","1777383770086.4204","kx79cf7ph2bjap18yjr5gm1tr585pttn","1777383770086","1777383770086","11-1-reproductive-system-of-man","{""blockIndex"":4,""chapterNumber"":11,""subjectSlug"":""biology-11""}","published",,"11.1 Male Reproductive System","ms744k670mn2hft661kd63g25d85qx1k","1787225117139","3156",
"biology-11","11-reproduction","Reproduction","11-2-female-reproductive-cycle-and-its-hormonal-regulation","11.2 Female Reproductive Cycle and Hormonal Regulation","1777383771029.6226","kx7etv7vbyf1ypaz646j542d3x85p756","1777383771029","1777383771029","11-2-female-reproductive-cycle-and-its-hormonal-regulation","{""blockIndex"":42,""chapterNumber"":11,""subjectSlug"":""biology-11""}","published",,"11.2 Female Reproductive Cycle and Hormonal Regulation","ms7bwj9cpfxck81xe1vd9hka2s85p9dn","1787225117566","3490",
"biology-11","12-inheritance","Inheritance","12-1-mendelian-inheritance","12.1 Mendelian Inheritance","1777383771995.3306","kx7fb1bj6rhd61b47m45j93hh985qn8q","1777383771995","1777383771995","12-1-mendelian-inheritance","{""blockIndex"":7,""chapterNumber"":12,""subjectSlug"":""biology-11""}","published",,"12.1 Mendelian Inheritance","ms7801k66t5c8eqgm3vbt8fxeh85p7hp","1787225118012","6209",
"biology-11","12-inheritance","Inheritance","12-2-exceptions-to-mendelian-inheritance","12.2 Exceptions to Mendelian Inheritance","1777383772959.3345","kx72mnvb1zn86x1t1cgythnmds85pbrx","1777383772959","1777383772959","12-2-exceptions-to-mendelian-inheritance","{""blockIndex"":56,""chapterNumber"":12,""subjectSlug"":""biology-11""}","published",,"12.2 Exceptions to Mendelian Inheritance","ms70kjy5zqrxfsjsn5hgb76c4d85qp2f","1788946135952","4617",
"biology-11","12-inheritance","Inheritance","12-3-blood-group-systems","12.3 Blood Group Systems","1777383773734.7395","kx7c8rgn2khhbs86vbe393wd0d85qmt6","1777383773734","1777383773734","12-3-blood-group-systems","{""blockIndex"":72,""chapterNumber"":12,""subjectSlug"":""biology-11""}","published",,"12.3 Blood Group Systems","ms77f8wbtng4nwcm548whxdv5585p8s8","1788946136141","3868",
"biology-11","12-inheritance","Inheritance","12-4-polygenic-inheritance-and-epistasis","12.4 Polygenic Inheritance and Epistasis","1777383775354.8044","kx786c1fqz9a9692yyzefnppw985q51c","1777383775354","1777383775354","12-4-polygenic-inheritance-and-epistasis","{""blockIndex"":123,""chapterNumber"":12,""subjectSlug"":""biology-11""}","published",,"12.4 Polygenic Inheritance and Epistasis","ms78dqmxxgk160py4qfaj0kap585pvhs","1788946136484","3394",
"biology-11","12-inheritance","Inheritance","12-5-gene-linkage-and-crossing-over","12.5 Gene Linkage and Crossing Over","1777383776154.089","kx751qbsn5gs40ht6zbqshn5dn85py57","1777383776154","1777383776154","12-5-gene-linkage-and-crossing-over","{""blockIndex"":152,""chapterNumber"":12,""subjectSlug"":""biology-11""}","published",,"12.5 Gene Linkage and Crossing Over","ms77kqn4mrtbxdzxdvdpqrr0en85qwhf","1788946136687","4172",
"biology-11","12-inheritance","Inheritance","12-6-sex-determination","12.6 Sex Determination","1777383777244.0105","kx7d1b4687m8azsz9w66x9qmv985pgyc","1777383777244","1777383777244","12-6-sex-determination","{""blockIndex"":165,""chapterNumber"":12,""subjectSlug"":""biology-11""}","published",,"12.6 Sex Determination","ms77rdsz1s2kfv22znkdhey6es85pyzw","1788946136850","3757",
"biology-11","12-inheritance","Inheritance","12-7-sex-linkage","12.7 Sex Linkage","1777383778404.1284","kx7dpnyssmfbzs9p3yjxppxr3s85pe3t","1777383778404","1777383778404","12-7-sex-linkage","{""blockIndex"":179,""chapterNumber"":12,""subjectSlug"":""biology-11""}","published",,"12.7 Sex Linkage","ms732sm5mq68ab2xwd9kh1g69h85q00h","1788946137111","3547",
"biology-11","13-chromosome-and-dna","Chromosome And DNA","13-1-morphology-of-chromosomes","13.1 Morphology of Chromosomes","1777383779325.136","kx7874x24g4gsw9psdpeqvnnfx85qx6s","1777383779325","1777383779325","13-1-morphology-of-chromosomes","{""blockIndex"":4,""chapterNumber"":13,""subjectSlug"":""biology-11""}","published",,"13.1 Morphology of Chromosomes","ms79054afdyr6y7npv542c0sgn85ph1n","1788946137276","3008",
"biology-11","13-chromosome-and-dna","Chromosome And DNA","13-2-dna-as-the-hereditary-material","13.2 DNA as the Hereditary Material","1777383780393.01","kx7eae36p9w947qtzdj3tg52xh85ppfq","1777383780393","1777383780393","13-2-dna-as-the-hereditary-material","{""blockIndex"":22,""chapterNumber"":13,""subjectSlug"":""biology-11""}","published",,"13.2 DNA as the Hereditary Material","ms74gr8xvc6zkbz4npks5nz9s585pj3s","1788946137412","3864",
"biology-11","13-chromosome-and-dna","Chromosome And DNA","13-3-dna-replication","13.3 DNA Replication","1777383781297.9639","kx7dhrx2bqk3rqqzaf0q0esjcx85paav","1777383781298","1777383781298","13-3-dna-replication","{""blockIndex"":38,""chapterNumber"":13,""subjectSlug"":""biology-11""}","published",,"13.3 DNA Replication","ms7e11vbxb4f4d92f26vwayj9585pxcd","1788946137550","4055",
"biology-11","13-chromosome-and-dna","Chromosome And DNA","13-4-gene-expression","13.4 Gene Expression","1777383782248.2117","kx79ckbqbjdare12eyr4pc1cxd85q9rh","1777383782248","1777383782248","13-4-gene-expression","{""blockIndex"":78,""chapterNumber"":13,""subjectSlug"":""biology-11""}","published",,"13.4 Gene Expression","ms79dr3sjb5ww1c28p343vez4585peaq","1788946137705","5231",
"biology-11","13-chromosome-and-dna","Chromosome And DNA","13-5-regulating-gene-expression","13.5 Regulating Gene Expression","1777383783066.434","kx76r7cpa4xet0teph09kvxh8d85qw0c","1777383783066","1777383783066","13-5-regulating-gene-expression","{""blockIndex"":135,""chapterNumber"":13,""subjectSlug"":""biology-11""}","published",,"13.5 Regulating Gene Expression","ms784pjcww95zbqx9b8e6bbs2585pzg6","1788978480860","5037",
"biology-11","13-chromosome-and-dna","Chromosome And DNA","13-6-mutations","13.6 Mutations","1777383783922.5803","kx77df06bz823btv3wpnj4ppbx85p5he","1777383783922","1777383783922","13-6-mutations","{""blockIndex"":145,""chapterNumber"":13,""subjectSlug"":""biology-11""}","published",,"13.6 Mutations","ms7a5av69jtg1mx9x60a4rpts985qr2s","1788946137889","3680",
"biology-11","14-evolution","Evolution","14-1-evolution-from-prokaryotes-to-eukaryotes","14.1 Evolution from Prokaryotes to Eukaryotes","1777383784794.0737","kx70jr6q9k92s0m778hm953axd85qday","1777383784794","1777383784794","14-1-evolution-from-prokaryotes-to-eukaryotes","{""blockIndex"":6,""chapterNumber"":14,""subjectSlug"":""biology-11""}","published",,"14.1 Evolution from Prokaryotes to Eukaryotes","ms7d4efw25kcsj92njmf574m7x85q2a6","1787228937564","3740",
"biology-11","14-evolution","Evolution","14-2-lamarckism","14.2 Lamarckism","1777383785753.5862","kx70k56nqa0zsmkkmk97jf3nb185pzm6","1777383785753","1777383785753","14-2-lamarckism","{""blockIndex"":12,""chapterNumber"":14,""subjectSlug"":""biology-11""}","published",,"14.2 Lamarckism","ms7b7mrkvwcyajf0gwf1pnn0q185qb3y","1787228938438","4395",
"biology-11","14-evolution","Evolution","14-3-darwinism","14.3 Darwinism","1777383787027.4824","kx76gve124vxm9jekr0qk2ahv985q40x","1777383787027","1777383787027","14-3-darwinism","{""blockIndex"":30,""chapterNumber"":14,""subjectSlug"":""biology-11""}","published",,"14.3 Darwinism","ms72hqaxe4jex7b5advymta1fs85prmm","1787228939373","3966",
"biology-11","14-evolution","Evolution","14-4-neo-darwinism","14.4 Neo-Darwinism (Modern Synthesis)","1777383787790.3853","kx70vdth1evva02r1kqd61r7fx85qnq0","1777383787790","1777383787790","14-4-neo-darwinism","{""blockIndex"":61,""chapterNumber"":14,""subjectSlug"":""biology-11""}","published",,"14.4 Neo-Darwinism (Modern Synthesis)","ms75fgrnv7nke10wbp9rc0654n85pjfp","1787228940299","3375",
"biology-11","15-ecology","Ecology","15-1-ecosystem","15.1 Ecosystem","1777383788678.0923","kx7d7pt10wv328akc6xwc48xz585pwmt","1777383788678","1777383788678","15-1-ecosystem","{""blockIndex"":5,""chapterNumber"":15,""subjectSlug"":""biology-11""}","published",,"15.1 Ecosystem","ms79d9bta6kwbn1khgxc5jvwc185phwg","1788946138066","3683",
"biology-11","15-ecology","Ecology","15-2-energy-flow","15.2 Energy Flow","1777383789507.5576","kx7crxz7nhbzqfzz6z721k0yqs85pjw0","1777383789507","1777383789507","15-2-energy-flow","{""blockIndex"":31,""chapterNumber"":15,""subjectSlug"":""biology-11""}","published",,"15.2 Energy Flow","ms7dbxdz97wxfb5fh8732sgkzn85qpw8","1788946138253","4559",
"biology-11","15-ecology","Ecology","15-3-biogeochemical-cycle","15.3 Biogeochemical Cycles","1777383790280.01","kx74yrcab32j6f9egcfp4yacms85qv3k","1777383790280","1777383790280","15-3-biogeochemical-cycle","{""blockIndex"":41,""chapterNumber"":15,""subjectSlug"":""biology-11""}","published",,"15.3 Biogeochemical Cycles","ms7dehd4n0p5gyjd681njd7mns85qdnt","1788946138499","4023",
"biology-11","15-ecology","Ecology","15-4-ecological-succession","15.4 Ecological Succession","1777383791058.2122","kx72dgzkz4mbrqr3ca92n3myxs85qtza","1777383791058","1777383791058","15-4-ecological-succession","{""blockIndex"":66,""chapterNumber"":15,""subjectSlug"":""biology-11""}","published",,"15.4 Ecological Succession","ms76w202y6bfd7fh8qpmvx7apd85pcnh","1788978483846","5390",
"biology-11","15-ecology","Ecology","15-5-popoulation-dynamics","15.5 Population Dynamics","1777383792247.9673","kx7dbf1r1nwdv30pxeqetexskd85pyj5","1777383792248","1777383792248","15-5-popoulation-dynamics","{""blockIndex"":82,""chapterNumber"":15,""subjectSlug"":""biology-11""}","published",,"15.5 Population Dynamics","ms7bbqt9gtw0nck4kfcn1x7nph85pez3","1788946138769","4296",
"biology-11","15-ecology","Ecology","15-6-coral-reefs","15.6 Coral Reefs","1777383793434.8691","kx797krg7ect17jvhxf1yqexws85q8xd","1777383793435","1777383793435","15-6-coral-reefs","{""blockIndex"":139,""chapterNumber"":15,""subjectSlug"":""biology-11""}","published",,"15.6 Coral Reefs","ms7728b430yctgx871x7j7jqqn85qzny","1788946138913","3999",
"biology-11","15-ecology","Ecology","15-7-the-ecosystems-of-pakistan","15.7 Ecosystems of Pakistan","1777383794294.5278","kx7ajysys07x12y92k90dm6k1185q361","1777383794294","1777383794294","15-7-the-ecosystems-of-pakistan","{""blockIndex"":145,""chapterNumber"":15,""subjectSlug"":""biology-11""}","published",,"15.7 Ecosystems of Pakistan","ms7fapk56v28e3ct1hk896kk4985q80e","1788978525111","4965",
"biology-12","01-digestive-system-of-man","Digestive System Of Man","1-1-oral-cavity","1.1 Oral Cavity","1777384129217.1487","kx73514v1yrz7mstfjq3vy805985pcz0","1777384129217","1777384129217","1-1-oral-cavity",,"published",,"1.1 Oral Cavity","ms7ckfdsqx6bpeasmb3vfe7ebd85pnv9","1788978527988","2793",
"biology-12","01-digestive-system-of-man","Digestive System Of Man","1-2-swallowing-and-peristalsis","1.2 Swallowing (Deglutition)","1777384130005.9038","kx75zwydt6yjvh9t3jgqraf57d85qwrz","1777384130005","1777384130005","1-2-swallowing-and-peristalsis",,"published",,"Swallowing (Deglutition)","ms7ambzqer4j1zks8ct576nx8x85qvfg","1788946144904","3538",
"biology-12","01-digestive-system-of-man","Digestive System Of Man","1-3-esophagus-and-stomach","1.3 Esophagus and Stomach","1777384130812.4194","kx76he1aywyfvdbexm45hv4dz185qwvx","1777384130812","1777384130812","1-3-esophagus-and-stomach",,"published",,"1.3 Esophagus and Stomach","ms75n0nhqa8sq7h0vnz62xyqvs85qe6x","1788978527487","7258",
"biology-12","01-digestive-system-of-man","Digestive System Of Man","1-4-role-of-the-nervous-system-and-gastrin-hormone-on-the-secretion-of-gastric-juice","1.4 Nervous System and Gastrin on Gastric Juice","1777384131793.7468","kx7dm06thc4wwvfxcqpzg51e0s85qag0","1777384131793","1777384131793","1-4-role-of-the-nervous-system-and-gastrin-hormone-on-the-secretion-of-gastric-juice",,"published",,"1.4 Nervous System and Gastrin on Gastric Juice","ms791egarzswsgc7cwfc1ksw6d85ph7h","1788946145047","2568",
"biology-12","01-digestive-system-of-man","Digestive System Of Man","1-5-small-intestine","1.5 Small Intestine","1777384132606.6523","kx71y58cnb30r5nh45cpwctxjn85pa7a","1777384132606","1777384132606","1-5-small-intestine",,"published",,"1.5 Small Intestine","ms72bk5bthmb6r37rv70jc4zq185p5e3","1788946141835","5053",
"biology-12","01-digestive-system-of-man","Digestive System Of Man","1-6-absorption-of-digestion-products","1.6 Absorption of Digestion Products","1777384133684.567","kx7c395sj93adjzactmm4b84ts85pgfb","1777384133684","1777384133684","1-6-absorption-of-digestion-products",,"published",,"1.6 Absorption of Digestion Products","ms7csxmvcsa7qqgewfsy27ybj585pkw7","1788251604651","5085",
"biology-12","01-digestive-system-of-man","Digestive System Of Man","1-7-large-intestine","1.7 Large Intestine","1777384134715.7288","kx70d161q14h2k4y6qm767netn85p445","1777384134715","1777384134715","1-7-large-intestine",,"published",,"1.7 Large Intestine","ms7fkcb2fdfqc9822n1609rc5985pdmg","1788251613753","3425",
"biology-12","01-digestive-system-of-man","Digestive System Of Man","1-8-defaecation","1.8 Defaecation","1777384135669.5527","kx799yzkb99rtf7c002vh64tw985pk9r","1777384135669","1777384135669","1-8-defaecation",,"published",,"1.8 Defaecation","ms7feg1r1cmzgs82dmp94m58rs85q2p6","1788946145193","2887",
"biology-12","01-digestive-system-of-man","Digestive System Of Man","1-9-storage-and-metabolic-role-of-liver","1.9 Storage and Metabolic Role of Liver","1777384136462.7146","kx73wa8vsz2pn2ejrgmqe3bw1x85pvw8","1777384136462","1777384136462","1-9-storage-and-metabolic-role-of-liver",,"published",,"1.9 Storage and Metabolic Role of Liver","ms74v8shrcwtxdt198xjekvyx985qhbm","1788946141962","3188",
"biology-12","01-digestive-system-of-man","Digestive System Of Man","1-10-composition-and-role-of-bile","1.10 Composition and Role of Bile","1777384126778.6309","kx74ghq228bbq9s4dpjd9zkwnh85qger","1777384126778","1777384126778","1-10-composition-and-role-of-bile",,"published",,"1.10 Composition and Role of Bile","ms7fdev72jktwpzterqr0zfnch85pw70","1788946145328","3302",
"biology-12","01-digestive-system-of-man","Digestive System Of Man","1-11-structure-and-function-of-pancreas","1.11 Structure and Function of Pancreas","1777384127586.5693","kx757njqkg912jnjq68h35mnbn85qdqp","1777384127586","1777384127586","1-11-structure-and-function-of-pancreas",,"published",,"1.11 Structure and Function of Pancreas","ms71wzmjxcy99w4kekwxv86n3d85qs8v","1788946142182","2655",
"biology-12","01-digestive-system-of-man","Digestive System Of Man","1-12-relation-of-secretion-of-bile-and-pancreatic-juice-with-the-secretin-of-hormone","1.12 Bile, Pancreatic Juice and Secretin Hormone","1777384128418.4402","kx73788ht1c4a0bf1kybjh468h85paae","1777384128418","1777384128418","1-12-relation-of-secretion-of-bile-and-pancreatic-juice-with-the-secretin-of-hormone",,"published",,"1.12 Bile, Pancreatic Juice and Secretin Hormone","ms770f1qny7h0x957w95bfxfj585p3rz","1788946142348","4276",
"biology-12","02-blood-circulatory-system-of-man","Blood Circulatory System Of Man","2-1-human-heart","2.1 Human Heart","1777384145884.5679","kx7ckvf11vtxccjwt3q7hr0wrx85q3x3","1777384145884","1777384145884","2-1-human-heart",,"published",,"2.1 Human Heart","ms7dg6kyda81290gerdk5zekqn85q7n1","1788978528547","3712",
"biology-12","02-blood-circulatory-system-of-man","Blood Circulatory System Of Man","2-2-structure-of-walls-of-heart","2.2 Structure of Walls of Heart","1777384147583.7136","kx783wtenpvan6pwk360d5262s85pdzx","1777384147583","1777384147583","2-2-structure-of-walls-of-heart",,"published",,"2.2 Structure of Walls of Heart","ms79pf2teqc8k95vpjhfskryj985qngk","1788946142497","4509",
"biology-12","02-blood-circulatory-system-of-man","Blood Circulatory System Of Man","2-3-flow-of-blood-through-the-heart","2.3 Flow of Blood Through the Heart","1777384148414.484","kx7chwcra5h6a0xxfnm7yhast985q582","1777384148414","1777384148414","2-3-flow-of-blood-through-the-heart",,"published",,"2.3 Flow of Blood Through the Heart","ms7da2hgkzjcwn21sggrfat9gs85q0g7","1788946142633","3325",
"biology-12","02-blood-circulatory-system-of-man","Blood Circulatory System Of Man","2-4-phases-of-heartbeat","2.4 Phases of Heartbeat","1777384149264.3464","kx7185j8e9c8jkh56j8y13agzd85pke0","1777384149264","1777384149264","2-4-phases-of-heartbeat",,"published",,"2.4 Phases of Heartbeat","ms732tg2rd5nfdm82v6qcwkxvs85p18t","1788251626655","6870",
"biology-12","02-blood-circulatory-system-of-man","Blood Circulatory System Of Man","2-5-conducting-system-of-the-heart","2.5 Conducting System of the Heart","1777384150238.4844","kx777cjk6acgtnwmr6mpthq9zn85qnmc","1777384150238","1777384150238","2-5-conducting-system-of-the-heart",,"published",,"2.5 Conducting System of the Heart","ms78tayb35hvtnwbem9fqvpg4585q7q6","1788251611993","5368",
"biology-12","02-blood-circulatory-system-of-man","Blood Circulatory System Of Man","2-6-electrocardiogram","2.6 Electrocardiogram","1777384151285.55","kx7592ehjk7n5jpzws60fbnyt585p6p4","1777384151285","1777384151285","2-6-electrocardiogram",,"published",,"2.6 Electrocardiogram","ms7aan10wj6bc531vrjhnnfhcs85q756","1788251613591","3214",
"biology-12","02-blood-circulatory-system-of-man","Blood Circulatory System Of Man","2-7-blood-vessels","2.7 Blood Vessels","1777384152139.613","kx77zt7bd8fqh9bpgrtrjx10cs85ph0y","1777384152139","1777384152139","2-7-blood-vesesls",,"published",,"2.7 Blood Vessels","ms7c72dccm6a0m3f9mr7tx8r7x85pb8r","1788946142762","5322",
"biology-12","02-blood-circulatory-system-of-man","Blood Circulatory System Of Man","2-8-role-of-arterioles-in-vasoconstriction-and-vasodilation","2.8 Arterioles in Vasoconstriction and Vasodilation","1777384152984.787","kx7b0vfypfx1c6c0w633s0r8ed85qc7v","1777384152984","1777384152984","2-8-role-of-arterioles-in-vasoconstriction-and-vasodilation",,"published",,"2.8 Arterioles in Vasoconstriction and Vasodilation","ms7c78nfk1qwvewyjr0v54t63s85p870","1788946145458","4213",
"biology-12","02-blood-circulatory-system-of-man","Blood Circulatory System Of Man","2-9-role-of-pre-capillary-sphincters","2.9 Role of Pre-Capillary Sphincters","1777384153864.2175","kx7d9yj6zr19y8q6gx28s20e1585pjd5","1777384153864","1777384153864","2-9-role-of-pre-capillary-sphincters",,"published",,"2.9 Role of Pre-Capillary Sphincters","ms76n0yfjawb3c3495t8c2a7y185qv9e","1788946142901","2135",
"biology-12","02-blood-circulatory-system-of-man","Blood Circulatory System Of Man","2-10-path-of-blood-through-the-pulmonary-and-systemic-circulation","2.10 Pulmonary and Systemic Circulation","1777384137283.5835","kx73p5w5h8pqe7v9r97k0fh19n85p4p2","1777384137283","1777384137283","2-10-path-of-blood-through-the-pulmonary-and-systemic-circulation",,"published",,"2.10 Pulmonary and Systemic Circulation","ms79ryp18asppmzx42amz1a3vh85qkq9","1780786849969","5604",
"biology-12","02-blood-circulatory-system-of-man","Blood Circulatory System Of Man","2-11-rate-of-blood-flow-in-blood-vessels","2.11 Rate of Blood Flow in Blood Vessels","1777384138158.094","kx7fyvqf40bzx28w3jks136dbx85qpcx","1777384138158","1777384138158","2-11-rate-of-blood-flow-in-blood-vessels",,"published",,"Rate of Blood Flow in Blood Vessels","ms7drq8frrgcpkpt5vwptzsx6585pgd6","1788946143039","3594",
"biology-12","02-blood-circulatory-system-of-man","Blood Circulatory System Of Man","2-12-blood-pressure","2.12 Blood Pressure","1777384138944.6274","kx7386hxhprns46r6707z4kxy185q53m","1777384138944","1777384138944","2-12-blood-pressure",,"published",,"Blood Pressure","ms7fqce2rr8rvts42587hhknh185p75d","1788251602417","2745",
"biology-12","02-blood-circulatory-system-of-man","Blood Circulatory System Of Man","2-13-baroreceptors-and-volume-receptors","2.13 Baroreceptors and Volume Receptors","1777384139765.3032","kx78a8p6v1fyp16phqsnysj0nd85pcfj","1777384139765","1777384139765","2-13-baroreceptors-and-volume-receptors",,"published",,"Baroreceptors and Volume Receptors","ms7870qxh4jns2mbxwzxpc2zs585p8bz","1788978528126","2909",
"biology-12","02-blood-circulatory-system-of-man","Blood Circulatory System Of Man","2-14-cardiovascular-disorders","2.14 Cardiovascular Disorders","1777384140567.564","kx7dasjy5fhzyh7rj0b5726avn85q8k0","1777384140567","1777384140567","2-14-cardiovascular-disorders",,"published",,"Cardiovascular Disorders","ms73q7xfc27e3wqajztfjc456985pfgx","1788946145594","2529",
"biology-12","02-blood-circulatory-system-of-man","Blood Circulatory System Of Man","2-15-heart-problems","2.15 Heart Problems: Atherosclerosis and Arteriosclerosis","1777384141318.92","kx758845ekwf2d0791q8tedxyh85pnk0","1777384141319","1777384141319","2-15-heart-problems",,"published",,"Heart Problems: Atherosclerosis and Arteriosclerosis","ms789vjk6j3fbegn8x6j1rab0985qh5f","1788978528258","2999",
"biology-12","02-blood-circulatory-system-of-man","Blood Circulatory System Of Man","2-16-stages-of-cardiovascular-disease-development","2.16 Cardiovascular Diseases (CVDs)","1777384142109.946","kx702kzzz3c52e1n1npd8mfpx585qwnp","1777384142110","1777384142110","2-16-stages-of-cardiovascular-disease-development",,"published",,"Cardiovascular Diseases (CVDs)","ms7fy77jpgvhh0s4he9ft2r0x585ps7x","1788946145728","2448",
"biology-12","02-blood-circulatory-system-of-man","Blood Circulatory System Of Man","2-17-diagnosis-of-cardiovascular-disorders","2.17 Diagnosis of Cardiovascular Disorders","1777384142949.9956","kx71dvmd7tv6zs67qzv2pzmk0185pa1f","1777384142950","1777384142950","2-17-diagnosis-of-cardiovascular-disorders",,"published",,"2.17 Diagnosis of Cardiovascular Disorders","ms7asb9r85yxm4j5b1dsqbjwr185pdv5","1788251611416","4649",
"biology-12","02-blood-circulatory-system-of-man","Blood Circulatory System Of Man","2-18-hypertension-and-hypotension","2.18 Hypertension and Hypotension","1777384143766.5068","kx79zmtswrxe849vdyshf7wwb185pzzb","1777384143766","1777384143766","2-18-hypertension-and-hypotension",,"published",,"2.18 HYPERTENSION AND HYPOTENSION","ms7da6tr028re6t8y6jmjx877s85qyws","1788946143173","5199",
"biology-12","02-blood-circulatory-system-of-man","Blood Circulatory System Of Man","2-19-intercellular-fluid-and-lymph","2.19 Intercellular Fluid and Lymph","1777384144608.248","kx78n2w6wjpsppp0dm7620zgq985p0gt","1777384144608","1777384144608","2-19-intercellular-fluid-and-lymph",,"published",,"2.19 Intercellular Fluid and Lymph","ms77a35p1twsrf7r08aghfyv5n85pmvm","1788251602600","4701",
"biology-12","02-blood-circulatory-system-of-man","Blood Circulatory System Of Man","2-20-lymphatic-system-of-man","2.20 Lymphatic System of Man","1777384146786.31","kx7drqervgxgbppch27cbtcscn85pb8h","1777384146786","1777384146786","2-20-lymphatic-system-of-man",,"published",,"2.20 Lymphatic System of Man","ms7bramh40sycpz8y90mdaggn585pvgx","1788946143313","3820",
"biology-12","03-respiratory-system-of-man","Respiratory System Of Man","3-1-properties-of-respiratory-surface","3.1 Properties of Respiratory Surface","1777384154672.267","kx74xn7eda5wpmrz52yvd33t2985q394","1777384154672","1777384154672","3-1-properties-of-respiratory-surface",,"published",,"3.1 Properties of Respiratory Surface","ms75e2c65d3sq4k16n357pac6x85qbzz","1788946145855","3577",
"biology-12","03-respiratory-system-of-man","Respiratory System Of Man","3-2-respiratory-system-of-man","3.2 Respiratory System of Man","1777384155516.989","kx71xnwpgb71njz0wa2pw0k6xs85prz5","1777384155517","1777384155517","3-2-respiratory-system-of-man",,"published",,"3.2 Respiratory System of Man","ms7eagf41khw9qkaj9fqzkhqyx85p438","1788978481268","6381",
"biology-12","03-respiratory-system-of-man","Respiratory System Of Man","3-3-mechanism-of-ventilation-breathing","3.3 Mechanism of Ventilation (Breathing)","1777384156422.4133","kx7cxg00hprzf8ygdt7wkacwg585ppm6","1777384156422","1777384156422","3-3-mechanism-of-ventilation-breathing",,"published",,"3.3 Mechanism of Ventilation (Breathing)","ms7eghhdwnq0dt2xjqqth3cxed85prfm","1780786849969","3307",
"biology-12","03-respiratory-system-of-man","Respiratory System Of Man","3-4-transport-of-gases","3.4 Transport of Gases","1777384157226.4539","kx7fz5fpjzt9jracnk9b5tqw3185p8de","1777384157226","1777384157226","3-4-transport-of-gases",,"published",,"3.4 Transport of Gases","ms7b7ktsrmrqwvht0wssc6gq6h85qjxc","1788946143467","4666",
"biology-12","03-respiratory-system-of-man","Respiratory System Of Man","3-5-role-of-respiratory-pigments","3.5 Role of Respiratory Pigments","1777384158115.95","kx7amr7dt6jqad66br3yg2cy0s85pvhk","1777384158116","1777384158116","3-5-role-of-respiratory-pigments",,"published",,"3.5 Role of Respiratory Pigments","ms7f20et5wvmw8vqfe9fzt9hj185pvwf","1788946143602","3794",
"biology-12","03-respiratory-system-of-man","Respiratory System Of Man","3-6-respiratory-disorders","3.6 Respiratory Disorders","1777384158954.4153","kx7fgchym4zn7x20dfg53b713d85qasj","1777384158954","1777384158954","3-6-respiratory-disorders",,"published",,"3.6 Respiratory Disorders","ms7bkwc7nzdhcn69pbd3ddbwt585pm8e","1788251631546","6676",
"biology-12","04-urinary-system-of-man","Urinary System Of Man","4-1-excretion","4.1 Excretion","1777384159801.9844","kx7e5t4fwmxvx7qy1j7j1m3c0d85psaw","1777384159802","1777384159802","4-1-excretion","{""blockIndex"":5,""chapterNumber"":4,""subjectSlug"":""biology-12""}","published","Anchor the existing substantive note for 4.1 Excretion to its canonical Chapter 4 source heading; preserve its body.","4.1 Excretion","ms77234kn5fkxj0zwq332zehqn85qgz1","1787564545162","3794",
"biology-12","04-urinary-system-of-man","Urinary System Of Man","4-2-urinary-system-of-man","4.2 Urinary System of Man","1777384160614.4504","kx7ex5ahqj8767d7q44w4py3sn85pqkb","1777384160614","1777384160614","4-2-urinary-system-of-man","{""blockIndex"":21,""chapterNumber"":4,""subjectSlug"":""biology-12""}","published","Anchor the existing substantive note for 4.2 Urinary System of Man to its canonical Chapter 4 source heading; preserve its body.","4.2 Urinary System of Man","ms7fz2xp960fjmtwv4eb95vdrn85qgkt","1788457973613","5232",
"biology-12","04-urinary-system-of-man","Urinary System Of Man","4-3-urine-formation","4.3 Urine Formation","1777384161432.368","kx76bnfmj40wbzcgjjt2h60mj985pp66","1777384161432","1777384161432","4-3-urine-formation","{""blockIndex"":38,""chapterNumber"":4,""subjectSlug"":""biology-12""}","published","Anchor the existing substantive note for 4.3 Urine Formation to its canonical Chapter 4 source heading; preserve its body.","4.3 Urine Formation","ms74xfkx4cda94q7hkvzceqkr185qt4y","1788251603888","4967",
"biology-12","04-urinary-system-of-man","Urinary System Of Man","4-4-functions-of-kidney","4.4 Functions of the Kidney","1777384162244.8225","kx723mbbmc34pgar28gy8kbyzd85pqs3","1777384162244","1777384162244","4-4-functions-of-kidney","{""blockIndex"":51,""chapterNumber"":4,""subjectSlug"":""biology-12""}","published","Anchor the existing substantive note for 4.4 Functions of the Kidney to its canonical Chapter 4 source heading; preserve its body.","4.4 Functions of the Kidney","ms717awex760wngcr8m5wjv9h185q554","1788946143742","2033",
"biology-12","04-urinary-system-of-man","Urinary System Of Man","4-5-disorders-of-urinary-tract","4.5 Disorders of Urinary Tract","1777384163053.6436","kx7fr1r8zp2j1qh1tj1j0w3gg185p6wz","1777384163053","1777384163053","4-5-disorders-of-urinary-tract","{""blockIndex"":53,""chapterNumber"":4,""subjectSlug"":""biology-12""}","published","Anchor the existing substantive note for 4.5 Disorders of Urinary Tract to its canonical Chapter 4 source heading; preserve its body.","4.5 Disorders of Urinary Tract","ms7aqyv1qhsjvgggy77t384f2h85py0t","1788978483654","5583",
"biology-12","05-nervous-system-of-man","Nervous System Of Man","5-1-receptors-are-transducers","5.1 Receptors Are Transducers","1777384165914.5852","kx78593bhavd2cgwn11kkx8sk985pn68","1777384165914","1777384165914","5-1-receptors-are-transducers","{""blockIndex"":5,""chapterNumber"":5,""subjectSlug"":""biology-12""}","published","Anchor the existing substantive note for 5.1 Receptors Are Transducers to its canonical Chapter 5 source; preserve its body.","5.1 Receptors Are Transducers","ms781j83y1rd98bfa268cy3v7h85qg7k","1787566631380","5228",
"biology-12","05-nervous-system-of-man","Nervous System Of Man","5-2-path-of-a-message-transmitted-to-the-central-nervous-system","5.2 Message Path to Central Nervous System","1777384166891.8904","kx7bv4j0ze8gxrsak2ectmayh185p1h9","1777384166891","1777384166891","5-2-path-of-a-message-transmitted-to-the-central-nervous-system","{""blockIndex"":8,""chapterNumber"":5,""subjectSlug"":""biology-12""}","published","Anchor the existing substantive note for 5.2 Message Path to Central Nervous System to its canonical Chapter 5 source; preserve its body.","5.2 Message Path to Central Nervous System","ms71xaaa902k8t3b6r811etwy985prr8","1788457856987","3323",
"biology-12","05-nervous-system-of-man","Nervous System Of Man","5-3-neuron","5.3 Neuron","1777384167693.2117","kx7857pv4h8m4gbaxrw56h8ywx85qe6x","1777384167693","1777384167693","5-3-neuron","{""blockIndex"":12,""chapterNumber"":5,""subjectSlug"":""biology-12""}","published","Anchor the existing substantive note for 5.3 Neuron to its canonical Chapter 5 source; preserve its body.","5.3 Neuron","ms756fx2twk5yzbtzrqb9q6zwd85q931","1787566632041","4332",
"biology-12","05-nervous-system-of-man","Nervous System Of Man","5-4-reflex-arc","5.4 Reflex Arc","1777384168561.6997","kx7eyxzyr6gdex7409nxwfd02x85qjv1","1777384168561","1777384168561","5-4-reflex-arc","{""blockIndex"":53,""chapterNumber"":5,""subjectSlug"":""biology-12""}","published","Anchor the existing substantive note for 5.4 Reflex Arc to its canonical Chapter 5 source; preserve its body.","5.4 Reflex Arc","ms7axza7zxr6tztk3rrwg945an85pn7b","1788978526525","4196",
"biology-12","05-nervous-system-of-man","Nervous System Of Man","5-5-nerve-impulse","5.5 Nerve Impulse","1777384169396.4104","kx789xwzperryejk2ynw2dg9sd85qfzq","1777384169396","1777384169396","5-5-nerve-impulse","{""blockIndex"":60,""chapterNumber"":5,""subjectSlug"":""biology-12""}","published","Anchor the existing substantive note for 5.5 Nerve Impulse to its canonical Chapter 5 source; preserve its body.","5.5 Nerve Impulse","ms735tkkxh3ye0z2sgvteheemx85q4ck","1788978485555","6562",
"biology-12","05-nervous-system-of-man","Nervous System Of Man","5-5-role-of-local-circuits-in-saltatory-conduction","5.5 Local Circuits in Saltatory Conduction","1777384170238.1123","kx72n587bpkd9dqefe4g693n3h85q5dg","1777384170238","1777384170238","5-5-role-of-local-circuits-in-saltatory-conduction","{""blockIndex"":91,""chapterNumber"":5,""subjectSlug"":""biology-12""}","published","Anchor the existing substantive note for 5.5 Local Circuits in Saltatory Conduction to its canonical Chapter 5 source; preserve its body.","5.5 Local Circuits in Saltatory Conduction","ms72gwrxjjb9ry24fpd97k0a7h85q5b4","1788946143895","3427",
"biology-12","05-nervous-system-of-man","Nervous System Of Man","5-6-synapse","5.6 Synapse","1777384171052.613","kx730dxatz9f3vvwqkykhnw8n985qa0r","1777384171052","1777384171052","5-6-synapse","{""blockIndex"":95,""chapterNumber"":5,""subjectSlug"":""biology-12""}","published","Anchor the existing substantive note for 5.6 Synapse to its canonical Chapter 5 source; preserve its body.","5.6 Synapse","ms78y46ws1txmd603vx2jyy4wh85q2b6","1788251606073","4865",
"biology-12","05-nervous-system-of-man","Nervous System Of Man","5-7-main-components-of-nervous-system","5.7 Main Components of Nervous System","1777384172078.2385","kx7efekers03j2kfrbtzv69wd585pmap","1777384172078","1777384172078","5-7-main-components-of-nervous-system","{""blockIndex"":110,""chapterNumber"":5,""subjectSlug"":""biology-12""}","published","Anchor the existing substantive note for 5.7 Main Components of Nervous System to its canonical Chapter 5 source; preserve its body.","5.7 Main Components of Nervous System","ms76wew40tpzrp70c7z41k3crs85pm38","1788978524958","8734",
"biology-12","05-nervous-system-of-man","Nervous System Of Man","5-8-effects-of-drugs-on-nfrvous-coordination","5.8 Effects of Drugs on Nervous Coordination","1777384173026.059","kx7cd1g2n6w66t5hhxcsfc4yyx85q1xa","1777384173026","1777384173026","5-8-effects-of-drugs-on-nfrvous-coordination","{""blockIndex"":161,""chapterNumber"":5,""subjectSlug"":""biology-12""}","published","Anchor the existing substantive note for 5.8 Effects of Drugs on Nervous Coordination to its canonical Chapter 5 source; preserve its body.","5.8 Effects of Drugs on Nervous Coordination","ms7fmkpje7qhzwwh4yt7c3caan85qydg","1787566634355","4218",
"biology-12","05-nervous-system-of-man","Nervous System Of Man","5-9-pain-medicines-reduce-or-numb-pain-in-human-body","5.9 Pain Medicines and Pain Relief","1777384173832.5613","kx73pcqb3v54ghh5a2d79vrdt185qddb","1777384173832","1777384173832","5-9-pain-medicines-reduce-or-numb-pain-in-human-body","{""blockIndex"":187,""chapterNumber"":5,""subjectSlug"":""biology-12""}","published","Anchor the existing substantive note for 5.9 Pain Medicines and Pain Relief to its canonical Chapter 5 source; preserve its body.","5.9 Pain Medicines and Pain Relief","ms72t527q19wc29xw8hxecwjyh85qms2","1787566634854","3755",
"biology-12","05-nervous-system-of-man","Nervous System Of Man","5-10-disorders-of-the-nervous-system","5.10 Disorders of the Nervous System","1777384164156.0527","kx786kp7jkqb7n0m0c7wvshzfd85qk4e","1777384164156","1777384164156","5-10-disorders-of-the-nervous-system","{""blockIndex"":193,""chapterNumber"":5,""subjectSlug"":""biology-12""}","published","Anchor the existing substantive note for 5.10 Disorders of the Nervous System to its canonical Chapter 5 source; preserve its body.","5.10 Disorders of the Nervous System","ms74kkq5q369vkqe9bfdmr8b8h85pak9","1787568862147","7791",
"biology-12","05-nervous-system-of-man","Nervous System Of Man","5-11-principles-of-diagnostic-tests-for-nervous-disorders","5.11 Diagnostic Tests for Nervous Disorders","1777384164974.0662","kx795c6nj367wnr4fzpmdy6pgx85qtrx","1777384164974","1777384164974","5-11-principles-of-diagnostic-tests-for-nervous-disorders","{""blockIndex"":214,""chapterNumber"":5,""subjectSlug"":""biology-12""}","published","Anchor the existing substantive note for 5.11 Diagnostic Tests for Nervous Disorders to its canonical Chapter 5 source; preserve its body.","5.11 Diagnostic Tests for Nervous Disorders","ms70r0f5vz1sj5hna3hwk5znfh85p6wk","1787568862355","5732",
"biology-12","06-endocrine-system-of-man","Endocrine System Of Man","6-1-hormones","6.1 Hormones","1777384174674.3774","kx727qb9db6m3x9eg57594jf7s85qqh3","1777384174674","1777384174674","6-1-hormones","{""blockIndex"":4,""chapterNumber"":6,""subjectSlug"":""biology-12""}","published","Anchor the existing substantive note for 6.1 Hormones to its canonical Chapter 6 source; preserve its body.","6.1 Hormones","ms72xa364nydxj2dyt662z4exn85pj8p","1788946144045","4194",
"biology-12","06-endocrine-system-of-man","Endocrine System Of Man","6-2-endocrine-system-of-man","6.2 Endocrine System of Man","1777384175512.421","kx73vdn55j825pet6sersx0q3h85p1v4","1777384175512","1777384175512","6-2-endocrine-system-of-man","{""blockIndex"":13,""chapterNumber"":6,""subjectSlug"":""biology-12""}","published","Anchor the existing substantive note for 6.2 Endocrine System of Man to its canonical Chapter 6 source; preserve its body.","6.2 Endocrine System of Man","ms74q3c6v93dy1vencx8fa8nzs85q6f2","1788946144185","11115",
"biology-12","06-endocrine-system-of-man","Endocrine System Of Man","6-3-neurosecretory-role-of-hypothalamus","6.3 Neurosecretory Role of Hypothalamus","1777384176347.5686","kx7a6n7zpwq5xanza49zjr61cx85p7ss","1777384176347","1777384176347","6-3-neurosecretory-role-of-hypothalamus","{""blockIndex"":58,""chapterNumber"":6,""subjectSlug"":""biology-12""}","published","Anchor the existing substantive note for 6.3 Neurosecretory Role of Hypothalamus to its canonical Chapter 6 source; preserve its body.","6.3 Neurosecretory Role of Hypothalamus","ms79hr90pxzr58r08k2dcey4f585qtcs","1788978528389","3971",
"biology-12","06-endocrine-system-of-man","Endocrine System Of Man","6-4-feedback-mechanism","6.4 Feedback Mechanism","1777384177242.5288","kx7btx5mkzyxg1gdq39fmkarzh85paf2","1777384177242","1777384177242","6-4-feedback-mechanism","{""blockIndex"":66,""chapterNumber"":6,""subjectSlug"":""biology-12""}","published","Anchor the existing substantive note for 6.4 Feedback Mechanism to its canonical Chapter 6 source; preserve its body.","6.4 Feedback Mechanism","ms70bg3r67rdz07nmcq4a82q5s85p332","1788978527336","5329",
"biology-12","07-skeletal-system-of-man","Skeletal System Of Man","7-1-human-skeleton","7.1 Human Skeleton","1777384179869.076","kx78emrt81162y01bpdfsampnx85qjg9","1777384179869","1777384179869","7-1-human-skeleton","{""blockIndex"":4,""chapterNumber"":7,""subjectSlug"":""biology-12""}","published","Anchor the existing substantive note for 7.1 Human Skeleton to its canonical Chapter 7 source; preserve its body.","7.1 Human Skeleton","ms7014aewc9qwzqpcyzm99mvyx85p24q","1788216261876","4114",
"biology-12","07-skeletal-system-of-man","Skeletal System Of Man","7-2-divisions-of-human-skeleton","7.2 Divisions of Human Skeleton","1777384180707.458","kx7fg9p51dx1wdp5m069ym0kch85paw7","1777384180707","1777384180707","7-2-divisions-of-human-skeleton","{""blockIndex"":18,""chapterNumber"":7,""subjectSlug"":""biology-12""}","published","Anchor the existing substantive note for 7.2 Divisions of Human Skeleton to its canonical Chapter 7 source; preserve its body.","7.2 Divisions of Human Skeleton","ms75x3xp83888rqxe1g09mphx585q5e0","1788978529232","7117",
"biology-12","07-skeletal-system-of-man","Skeletal System Of Man","7-3-joints","7.3 Joints","1777384181486.0693","kx76a2htdfjcpp1ymr0t2cbsnd85q3np","1777384181486","1777384181486","7-3-joints","{""blockIndex"":38,""chapterNumber"":7,""subjectSlug"":""biology-12""}","published","Anchor the existing substantive note for 7.3 Joints to its canonical Chapter 7 source; preserve its body.","7.3 Joints","ms71ndyekqjm49gsx6cpkd338h85q1s3","1788946144333","4068",
"biology-12","07-skeletal-system-of-man","Skeletal System Of Man","7-4-disorders-of-skeleton","7.4 Disorders of Skeleton","1777384182269.6902","kx7bz10bwhsjhw04vy2qgkchhx85q8ne","1777384182269","1777384182269","7-4-disorders-of-skeleton","{""blockIndex"":56,""chapterNumber"":7,""subjectSlug"":""biology-12""}","published","Anchor the existing substantive note for 7.4 Disorders of Skeleton to its canonical Chapter 7 source; preserve its body.","7.4 Disorders of Skeleton","ms747xm4qms0smjgbjwsz0mmb985q7dh","1788946144474","5715",
"biology-12","07-skeletal-system-of-man","Skeletal System Of Man","7-5-bone-fractures","7.5 Bone Fractures","1777384183066.5903","kx75rq2fd83gy830w6nvx6w9cx85px2h","1777384183066","1777384183066","7-5-bone-fractures","{""blockIndex"":70,""chapterNumber"":7,""subjectSlug"":""biology-12""}","published","Anchor the existing substantive note for 7.5 Bone Fractures to its canonical Chapter 7 source; preserve its body.","7.5 Bone Fractures","ms71j3sv75sp236z8b23g3113n85q0gp","1788216262016","2767",
"biology-12","07-skeletal-system-of-man","Skeletal System Of Man","7-6-injuries-to-joints","7.6 Injuries to Joints","1777384183846.0312","kx71js1vcx89sev76wv4mt64ad85qywr","1777384183846","1777384183846","7-6-injuries-to-joints","{""blockIndex"":87,""chapterNumber"":7,""subjectSlug"":""biology-12""}","published","Anchor the existing substantive note for 7.6 Injuries to Joints to its canonical Chapter 7 source; preserve its body.","7.6 Injuries to Joints","ms77rvfttpwkv6zc67182rm4xd85p6dh","1788946144626","3005",
"biology-12","07-skeletal-system-of-man","Skeletal System Of Man","7-7-muscles","7.7 Muscles","1777384184635.6277","kx727sf24njffphz4v24ky4nnh85q1x9","1777384184635","1777384184635","7-7-muscles","{""blockIndex"":95,""chapterNumber"":7,""subjectSlug"":""biology-12""}","published","Anchor the existing substantive note for 7.7 Muscles to its canonical Chapter 7 source; preserve its body.","7.7 Muscles","ms77x4r7cge1tj0xcmy8gh0m5h85psjg","1788946144759","4887",
"biology-12","07-skeletal-system-of-man","Skeletal System Of Man","7-8-structure-of-skeletal-muscles","7.8 Structure of Skeletal Muscles","1777384185758.4097","kx7deb62a7ac7hdmttq2pzhr3185pevx","1777384185758","1777384185758","7-8-structure-of-skeletal-muscles","{""blockIndex"":107,""chapterNumber"":7,""subjectSlug"":""biology-12""}","published","Anchor the existing substantive note for 7.8 Structure of Skeletal Muscles to its canonical Chapter 7 source; preserve its body.","7.8 Structure of Skeletal Muscles","ms7fs6640j7damwdgh56v0vsnn85p8ms","1788251627955","6912",
"biology-12","07-skeletal-system-of-man","Skeletal System Of Man","7-9-muscle-contraction-sliding-filament-model","7.9 Muscle Contraction: Sliding Filament Model","1777384186757.6785","kx72n5p8gkbg7dve6nev71ckkx85q7y5","1777384186757","1777384186757","7-9-muscle-contraction-sliding-filament-model","{""blockIndex"":115,""chapterNumber"":7,""subjectSlug"":""biology-12""}","published","Anchor the existing substantive note for 7.9 Muscle Contraction: Sliding Filament Model to its canonical Chapter 7 source; preserve its body.","7.9 Muscle Contraction: Sliding Filament Model","ms70pt5z7sr1q5e1297cv1035585qkem","1788251618488","5021",
"biology-12","07-skeletal-system-of-man","Skeletal System Of Man","7-10-antagonistic-arrangement-of-skeletal-muscles","7.10 Antagonistic Arrangement of Skeletal Muscles","1777384178257.512","kx7d77jjamf0ka6hbz5z53j8ss85p46b","1777384178257","1777384178257","7-10-antagonistic-arrangement-of-skeletal-muscles","{""blockIndex"":121,""chapterNumber"":7,""subjectSlug"":""biology-12""}","published","Anchor the existing substantive note for 7.10 Antagonistic Arrangement of Skeletal Muscles to its canonical Chapter 7 source; preserve its body.","7.10 Antagonistic Arrangement of Skeletal Muscles","ms76btr7wzcvtksdy02fb6j6s185q069","1788216242770","2571",
"biology-12","07-skeletal-system-of-man","Skeletal System Of Man","7-11-muscle-disorders","7.11 Muscle Disorders","1777384179040.1604","kx71nkqjpdhpj8mmc69ttrw5gs85qdnv","1777384179040","1777384179040","7-11-muscle-disorders","{""blockIndex"":127,""chapterNumber"":7,""subjectSlug"":""biology-12""}","published","Anchor the existing substantive note for 7.11 Muscle Disorders to its canonical Chapter 7 source; preserve its body.","7.11 Muscle Disorders","ms77nmxhv7mas718rsmsrvkxhs85p4p4","1787568869648","3175",
"biology-12","08-thermoregulation-homeostasis","Thermoregulation, Homeostasis","8-1-thermoregulation","8.1 Thermoregulation","1777384187523.3518","kx7cffs2gjvtwwb1652km6dks985pgeq","1777384187523","1777384187523","8-1-thermoregulation","{""blockIndex"":4,""chapterNumber"":8,""subjectSlug"":""biology-12""}","published","Anchor the existing substantive note for 8.1 Thermoregulation to its canonical Chapter 8 source; preserve its body.","8.1 Thermoregulation","ms77rcteczsvh9r6tr0csyctkh85pb5a","1788978529376","5228",
"biology-12","08-thermoregulation-homeostasis","Thermoregulation, Homeostasis","8-2-homeostasis","8.2 Homeostasis","1777384188430.7166","kx79rmt7wjzj8txq4ymma1h3nn85q8nd","1777384188430","1777384188430","8-2-homeostasis","{""blockIndex"":28,""chapterNumber"":8,""subjectSlug"":""biology-12""}","published","Anchor the existing substantive note for 8.2 Homeostasis to its canonical Chapter 8 source; preserve its body.","8.2 Homeostasis","ms7csb3mb9zstb4vmzyzm54wc985py3a","1788946141272","5640",
"biology-12","08-thermoregulation-homeostasis","Thermoregulation, Homeostasis","8-3-osmoregulation","8.3 Osmoregulation","1777384189300.11","kx7eq6283tgax61vp70wztj97x85pnby","1777384189300","1777384189300","8-3-osmoregulation","{""blockIndex"":48,""chapterNumber"":8,""subjectSlug"":""biology-12""}","published","Anchor the existing substantive note for 8.3 Osmoregulation to its canonical Chapter 8 source; preserve its body.","8.3 Osmoregulation","ms7cwaxs3bthb8tskq4j3aeqgh85qz7e","1788978529710","6292",
"biology-12","09-immunity","Immunity","9-1-first-line-of-defence","9.1 First Line of Defence","1777384190080.2322","kx7e44vnnv4k8khnsn7qegwp4n85qgej","1777384190080","1777384190080","9-1-first-line-of-defence","{""blockIndex"":5,""chapterNumber"":9,""subjectSlug"":""biology-12""}","published","Anchor the existing substantive note for 9.1 First Line of Defence to its canonical Chapter 9 source; preserve its body.","9.1 First Line of Defence","ms77gdbhk250841d3c3n44g7s985pxzr","1788216262166","4034",
"biology-12","09-immunity","Immunity","9-2-second-line-of-defence-nonspecific-defence","9.2 Second Line of Defence: Nonspecific Defence","1777384190852.4302","kx72msst2j7p05p377t922ewr985q93r","1777384190852","1777384190852","9-2-second-line-of-defence-nonspecific-defence","{""blockIndex"":17,""chapterNumber"":9,""subjectSlug"":""biology-12""}","published","Anchor the existing substantive note for 9.2 Second Line of Defence: Nonspecific Defence to its canonical Chapter 9 source; preserve its body.","9.2 Second Line of Defence: Nonspecific Defence","ms77v308pcjthd441vrkq1gk1s85pjbx","1788251605194","5878",
"biology-12","09-immunity","Immunity","9-3-third-line-of-defence-the-specific-defences","9.3 Third Line of Defence: Specific Defences","1777384191676.5813","kx702737kd7cd8x8hfcdk3qgjn85pscq","1777384191676","1777384191676","9-3-third-line-of-defence-the-specific-defences","{""blockIndex"":52,""chapterNumber"":9,""subjectSlug"":""biology-12""}","published","Anchor the existing substantive note for 9.3 Third Line of Defence: Specific Defences to its canonical Chapter 9 source; preserve its body.","9.3 Third Line of Defence: Specific Defences","ms7954m8vf09yrn7fbj6evggrd85q55z","1788251629341","9440",
"biology-12","09-immunity","Immunity","9-4-types-of-acquired-immunity","9.4 Types of Acquired Immunity","1777384192452.1843","kx7bxwxdpa6avpr96fwtpsy3bh85p8jy","1777384192452","1777384192452","9-4-types-of-acquired-immunity","{""blockIndex"":96,""chapterNumber"":9,""subjectSlug"":""biology-12""}","published","Anchor the existing substantive note for 9.4 Types of Acquired Immunity to its canonical Chapter 9 source; preserve its body.","9.4 Types of Acquired Immunity","ms75d4gzw79n5a2zw6cyj81pgx85qwzd","1788978575790","5517",
"biology-12","10-biotechnology","Biotechnology","10-1-introduction-to-genetic-engineering","10.1 Introduction to Genetic Engineering","1777384193463.8792","kx7csq7vdrjtrtkf22ggtw8g9185qpqr","1777384193463","1777384193463","10-1-introduction-to-genetic-engineering","{""blockIndex"":4,""chapterNumber"":10,""subjectSlug"":""biology-12""}","published","Anchor the existing substantive note for 10.1 Introduction to Genetic Engineering to its canonical Chapter 10 source; preserve its body.","10.1 Introduction to Genetic Engineering","ms71z2vhvk4xey847vyjx0vk1x85p8a2","1788978525255","3625",
"biology-12","10-biotechnology","Biotechnology","10-2-molecular-scissors-restriction-endonuclease","10.2 Molecular Scissors: Restriction Endonuclease","1777384194437.3997","kx707snv3ysxe1zz2x2nx88d0x85ppq9","1777384194437","1777384194437","10-2-molecular-scissors-restriction-endonuclease","{""blockIndex"":12,""chapterNumber"":10,""subjectSlug"":""biology-12""}","published","Anchor the existing substantive note for 10.2 Molecular Scissors: Restriction Endonuclease to its canonical Chapter 10 source; preserve its body.","10.2 Molecular Scissors: Restriction Endonuclease","ms70ehk1r8a86394gfky1cc2j585qsdq","1788946133134","3929",
"biology-12","10-biotechnology","Biotechnology","10-3-molecular-carriers-or-vectors","10.3 Molecular Carriers or Vectors","1777384195239.6504","kx76df8q2ebgm1mt145gnfz76x85p8fr","1777384195239","1777384195239","10-3-molecular-carriers-or-vectors","{""blockIndex"":21,""chapterNumber"":10,""subjectSlug"":""biology-12""}","published","Anchor the existing substantive note for 10.3 Molecular Carriers or Vectors to its canonical Chapter 10 source; preserve its body.","10.3 Molecular Carriers or Vectors","ms795d7ejbeq4wz8sfmxbxp6m585qxan","1788216243097","7222",
"biology-12","10-biotechnology","Biotechnology","10-4-formation-of-human-insulin-protein-in-bacteria","10.4 Human Insulin Production in Bacteria","1777384196036.9824","kx7ewpgvgk6g0mq96e873nyvbx85qk4p","1777384196037","1777384196037","10-4-formation-of-human-insulin-protein-in-bacteria","{""blockIndex"":45,""chapterNumber"":10,""subjectSlug"":""biology-12""}","published","Anchor the existing substantive note for 10.4 Human Insulin Production in Bacteria to its canonical Chapter 10 source; preserve its body.","10.4 Human Insulin Production in Bacteria","ms75t09ve087n98bbjbn4k951d85q94m","1788978525591","4565",
"biology-12","10-biotechnology","Biotechnology","10-5-polymerase-chain-reaction-pcr","10.5 Polymerase Chain Reaction (PCR)","1777384196956.9927","kx7a96hefdd4pw8b0yc0ex00y185qahw","1777384196957","1777384196957","10-5-polymerase-chain-reaction-pcr","{""blockIndex"":68,""chapterNumber"":10,""subjectSlug"":""biology-12""}","published","Anchor the existing substantive note for 10.5 Polymerase Chain Reaction (PCR) to its canonical Chapter 10 source; preserve its body.","10.5 Polymerase Chain Reaction (PCR)","ms73dj0hj23r8w53gkw657pcyh85q64w","1788978525407","6056",
"biology-12","10-biotechnology","Biotechnology","10-6-genetically-modified-organisms-gmos","10.6 Genetically Modified Organisms (GMOs)","1777384197733.5203","kx7d4myc9t7bxm8edcqnb9vf0985p2cg","1777384197733","1777384197733","10-6-genetically-modified-organisms-gmos","{""blockIndex"":88,""chapterNumber"":10,""subjectSlug"":""biology-12""}","published","Anchor the existing substantive note for 10.6 Genetically Modified Organisms (GMOs) to its canonical Chapter 10 source; preserve its body.","10.6 Genetically Modified Organisms (GMOs)","ms7ftpg192xks1a0dkb1qz5pn185qcg3","1787568877155","4813",
"biology-12","10-biotechnology","Biotechnology","10-7-working-of-vertical-soil-free-food-farms","10.7 Vertical Soil-Free Food Farms","1777384198513.8193","kx71ynzxqr405rwm2x6brfn0kx85qshb","1777384198513","1777384198513","10-7-working-of-vertical-soil-free-food-farms","{""blockIndex"":110,""chapterNumber"":10,""subjectSlug"":""biology-12""}","published","Anchor the existing substantive note for 10.7 Vertical Soil-Free Food Farms to its canonical Chapter 10 source; preserve its body.","10.7 Vertical Soil-Free Food Farms","ms7895n5a65fd9zqnzqtvqm7v585pnjd","1788216262370","5720",
"biology-12","11-biostatistics-and-data-analyzing","Biostatistics And Data Analyzing","11-1-biostatistics-and-its-uses","11.1 Biostatistics and Its Uses","1777384199300.6401","kx71bqfxr01d20jmgvd92vbg4585pqrv","1777384199300","1777384199300","11-1-biostatistics-and-its-uses","{""blockIndex"":3,""chapterNumber"":11,""subjectSlug"":""biology-12""}","published","Anchor the existing substantive note for 11.1 Biostatistics and Its Uses to its canonical Chapter 11 source; preserve its body.","11.1 Biostatistics and Its Uses","ms7cr0qy0bjmpsnghd7y8e5rxn85pkka","1788946133282","3522",
"biology-12","11-biostatistics-and-data-analyzing","Biostatistics And Data Analyzing","11-2-definition-and-calculation-of-mean-median-mode-standard-deviation-range-and-percentile","11.2 Mean, Median, Mode, SD, Range and Percentile","1777384200119.2725","kx773mcnqfs5syhye5rcb3wamd85p4mv","1777384200119","1777384200119","11-2-definition-and-calculation-of-mean-median-mode-standard-deviation-range-and-percentile","{""blockIndex"":27,""chapterNumber"":11,""subjectSlug"":""biology-12""}","published","Anchor the existing substantive note for 11.2 Mean, Median, Mode, SD, Range and Percentile to its canonical Chapter 11 source; preserve its body.","11.2 Mean, Median, Mode, SD, Range and Percentile","ms79pbma5v0a8e2wvgnbdxfrfh85pffr","1788216243268","8827",
"biology-12","11-biostatistics-and-data-analyzing","Biostatistics And Data Analyzing","11-3-sketching-a-bar-chart-for-a-given-set-of-biological-data","11.3 Sketching a Bar Chart for Biological Data","1777384200963.1936","kx71z9kknpy2ydbqbrydyb6hqd85pha9","1777384200963","1777384200963","11-3-sketching-a-bar-chart-for-a-given-set-of-biological-data","{""blockIndex"":129,""chapterNumber"":11,""subjectSlug"":""biology-12""}","published","Anchor the existing substantive note for 11.3 Sketching a Bar Chart for Biological Data to its canonical Chapter 11 source; preserve its body.","11.3 Sketching a Bar Chart for Biological Data","ms78vp5pa6t2207ry3h7q7typn85qnsk","1789042312373","5165",
"biology-12","11-biostatistics-and-data-analyzing","Biostatistics And Data Analyzing","11-5-sketching-error-bars-based-on-range-or-standard-deviation-on-a-bar-chart","11.5 Error Bars on Bar Charts","1777384201771.5745","kx70h6c6aar6trm0kgzqcjr8xh85q827","1777384201771","1777384201771","11-5-sketching-error-bars-based-on-range-or-standard-deviation-on-a-bar-chart","{""blockIndex"":149,""chapterNumber"":11,""subjectSlug"":""biology-12""}","published","Anchor the existing substantive note for 11.5 Error Bars on Bar Charts to its canonical Chapter 11 source; preserve its body.","11.5 Error Bars on Bar Charts","ms71k41pp9zdzr2w926yxpft1d85ptj1","1788216262512","5679",
"biology-12","12-structural-biology-and-computational-biology","Structural Biology And Computational Biology","12-1-structural-biology","12.1 Structural Biology","1777384202558.65","kx75tv4meza44h25zbrpa400ts85pg8g","1777384202558","1777384202558","12-1-structural-biology","{""blockIndex"":4,""chapterNumber"":12,""subjectSlug"":""biology-12""}","published","Anchor the existing substantive note for 12.1 Structural Biology to its canonical Chapter 12 source; preserve its body.","12.1 Structural Biology","ms7fwn8cbw5cpy2r6xw390r6jx85p1e8","1788946133427","4157",
"biology-12","12-structural-biology-and-computational-biology","Structural Biology And Computational Biology","12-2-the-importance-of-structural-determination-of-biomolecules","12.2 Structural Determination of Biomolecules","1777384203359.2925","kx79v9kpvq9hcg81tg3eht8sbx85pz1z","1777384203359","1777384203359","12-2-the-importance-of-structural-determination-of-biomolecules","{""blockIndex"":6,""chapterNumber"":12,""subjectSlug"":""biology-12""}","published","Anchor the existing substantive note for 12.2 Structural Determination of Biomolecules to its canonical Chapter 12 source; preserve its body.","12.2 Structural Determination of Biomolecules","ms75arw5k92fqc46x7fx08fh5n85qgpa","1788978527143","4217",
"biology-12","12-structural-biology-and-computational-biology","Structural Biology And Computational Biology","12-3-x-ray-crystallography","12.3 X-Ray Crystallography","1777384204170.6116","kx77zh14tp2htsmnwr5knsfre585qtp5","1777384204170","1777384204170","12-3-x-ray-crystallography","{""blockIndex"":9,""chapterNumber"":12,""subjectSlug"":""biology-12""}","published","Anchor the existing substantive note for 12.3 X-Ray Crystallography to its canonical Chapter 12 source; preserve its body.","12.3 X-Ray Crystallography","ms7bseh50e2d917nc1nyk6nwwx85qzy3","1788216262662","3740",
"biology-12","12-structural-biology-and-computational-biology","Structural Biology And Computational Biology","12-4-online-database-for-biomolecule-structures-the-protein-data-bank-pdb","12.4 Protein Data Bank (PDB)","1777384204962.5605","kx7czkx8ha3aa5022ts1jj9f9985pk7y","1777384204962","1777384204962","12-4-online-database-for-biomolecule-structures-the-protein-data-bank-pdb","{""blockIndex"":13,""chapterNumber"":12,""subjectSlug"":""biology-12""}","published","Anchor the existing substantive note for 12.4 Protein Data Bank (PDB) to its canonical Chapter 12 source; preserve its body.","12.4 Protein Data Bank (PDB)","ms74xcqvpcyc9vrcjasvfnvnmd85pcx1","1788216243456","2320",
"biology-12","12-structural-biology-and-computational-biology","Structural Biology And Computational Biology","12-5-computational-biology","12.5 Computational Biology","1777384205743.4998","kx74bje8aypqs486n8kmdr9wxs85q9sx","1777384205743","1777384205743","12-5-computational-biology","{""blockIndex"":16,""chapterNumber"":12,""subjectSlug"":""biology-12""}","published","Anchor the existing substantive note for 12.5 Computational Biology to its canonical Chapter 12 source; preserve its body.","12.5 Computational Biology","ms747y3m3m8zpmrzhywatcyr9585pc8g","1788978526387","3956",
"biology-12","12-structural-biology-and-computational-biology","Structural Biology And Computational Biology","12-6-computational-evolutionary-biology","12.6 Computational Evolutionary Biology","1777384206561.7756","kx717k3hzjc8xrrntq266sgkzx85pxq7","1777384206561","1777384206561","12-6-computational-evolutionary-biology","{""blockIndex"":20,""chapterNumber"":12,""subjectSlug"":""biology-12""}","published","Anchor the existing substantive note for 12.6 Computational Evolutionary Biology to its canonical Chapter 12 source; preserve its body.","12.6 Computational Evolutionary Biology","ms70c4tcv1qrtt4jsw8py42mw985psxp","1787568884985","2340",
"biology-12","12-structural-biology-and-computational-biology","Structural Biology And Computational Biology","12-7-sequence-homology","12.7 Sequence Homology","1777384207369.7483","kx7f7npd3eadsc0vkvt9yhat4d85pxtx","1777384207369","1777384207369","12-7-sequence-homology","{""blockIndex"":22,""chapterNumber"":12,""subjectSlug"":""biology-12""}","published","Anchor the existing substantive note for 12.7 Sequence Homology to its canonical Chapter 12 source; preserve its body.","12.7 Sequence Homology","ms78xs785hwwwaypjsrm02tsys85p3kv","1788946141700","2742",
"biology-12","12-structural-biology-and-computational-biology","Structural Biology And Computational Biology","12-8-structural-homology","12.8 Structural Homology","1777384208168.74","kx75r0b8y6p5naprnw0667jtwx85phxt","1777384208168","1777384208168","12-8-structural-homology","{""blockIndex"":25,""chapterNumber"":12,""subjectSlug"":""biology-12""}","published","Anchor the existing substantive note for 12.8 Structural Homology to its canonical Chapter 12 source; preserve its body.","12.8 Structural Homology","ms7b8ck3rhncq75anxp22a7t7x85qh63","1788946141426","2039",
"biology-12","13-climate-change","Climate Change","13-1-climate-change-its-causes-and-impacts-on-biodiversity","13.1 Climate Change: Causes and Impacts on Biodiversity","1777384208985.3918","kx7bagsd4j3nbs3jkgsj652xqs85pd7c","1777384208985","1777384208985","13-1-climate-change-its-causes-and-impacts-on-biodiversity","{""blockIndex"":4,""chapterNumber"":13,""subjectSlug"":""biology-12""}","published",,"13.1 Climate Change: Causes and Impacts on Biodiversity","ms726gdq5f5v6x19qmavh2fb9x85pka4","1788946133591","6742",
"biology-12","13-climate-change","Climate Change","13-2-climate-change-impacts-on-ocean-ecosystem","13.2 Climate Change Impacts on Ocean Ecosystem","1777384209778.915","kx79fdntq8gvb5zgjvjyx371r185pk5z","1777384209779","1777384209779","13-2-climate-change-impacts-on-ocean-ecosystem","{""blockIndex"":50,""chapterNumber"":13,""subjectSlug"":""biology-12""}","published",,"13.2 Climate Change Impacts on Ocean Ecosystem","ms70vqsygzecq12smmtevxhcz585qdej","1787568886443","5202",
"biology-12","13-climate-change","Climate Change","13-3-species-extinction-due-to-climate-change","13.3 Species Extinction Due to Climate Change","1777384210590.5012","kx78mznhec2zvpk77zkw3h4p9s85q5g1","1777384210590","1777384210590","13-3-species-extinction-due-to-climate-change","{""blockIndex"":107,""chapterNumber"":13,""subjectSlug"":""biology-12""}","published",,"13.3 Species Extinction Due to Climate Change","ms7a50cmrrdxp11hwvhn7gdf2d85qsj9","1788946133746","5115",
"biology-12","14-selected-topics","Selected Topics","14-1-biological-warfare","14.1 Biological Warfare","1777384211446.9712","kx78yjnysbxwsj7vhh8bq9tn5x85phc4","1777384211447","1777384211447","14-1-biological-warfare","{""blockIndex"":3,""chapterNumber"":14,""subjectSlug"":""biology-12""}","published",,"14.1 Biological Warfare","ms7dz4x4w15m5fjrh8c1pmhq4x85q98x","1788946133890","6692",
"biology-12","14-selected-topics","Selected Topics","14-2-biodefense","14.2 Biodefense","1777384212392.0635","kx7dks0pbmw14wzxntjhd9ffbn85qq3w","1777384212392","1777384212392","14-2-biodefense","{""blockIndex"":26,""chapterNumber"":14,""subjectSlug"":""biology-12""}","published",,"14.2 Biodefense","ms71ays53g6x8654ddmkvc8gns85q3cw","1788946134056","3530",
"biology-12","14-selected-topics","Selected Topics","14-3-omics","14.3 Omics","1777384213583.5935","kx75kk41yfedv82mf9hhjytnes85p6kv","1777384213583","1777384213583","14-3-omics","{""blockIndex"":39,""chapterNumber"":14,""subjectSlug"":""biology-12""}","published",,"14.3 Omics","ms71ksvgsjmavn0tf8cft84wxd85pn12","1788251604068","4671",
"biology-12","14-selected-topics","Selected Topics","14-4-synthetic-biology","14.4 Synthetic Biology","1777384214378.5437","kx7003swbse69dqm8pmmk9rpex85p5gf","1777384214378","1777384214378","14-4-synthetic-biology","{""blockIndex"":51,""chapterNumber"":14,""subjectSlug"":""biology-12""}","published",,"14.4 Synthetic Biology","ms7cm0ncakzv04mwr6960h5pch85qpch","1787568888196","5157",
"biology-12","15-pharmacological-drugs","Pharmacological drugs","15-1-drug-discovery-and-development-process","15.1 Drug Discovery and Development Process","1785879620724.4226","kx7c1wf0z21xn4zyat7y903zqn8bvxm2","1785879620724","1785879620724","15-1-drug-discovery-and-development-process","{""blockIndex"":4,""chapterNumber"":15,""subjectSlug"":""biology-12""}","published",,"15.1 Drug Discovery and Development Process","ms778a1arkczkj4wae59beeprh8bv1jq","1787554196419","3219",
"biology-12","15-pharmacological-drugs","Pharmacological drugs","15-2-antibiotics-and-their-mode-of-action","15.2 Antibiotics and Their Mode of Action","1785879620724.4233","kx7bt6dhee3jj1r899yab91x698btcbt","1785879620724","1785879620724","15-2-antibiotics-and-their-mode-of-action","{""blockIndex"":19,""chapterNumber"":15,""subjectSlug"":""biology-12""}","published",,"15.2 Antibiotics and Their Mode of Action","ms7ep6h5rs4pqnfzedzfcqg8dh8btcpq","1787554196630","2204",
"biology-12","15-pharmacological-drugs","Pharmacological drugs","15-3-antivirals-and-antiretrovirals","15.3 Antivirals and Antiretrovirals","1785879620724.424","kx7859weh21swe8zvvys1cx4rn8bte96","1785879620724","1785879620724","15-3-antivirals-and-antiretrovirals","{""blockIndex"":26,""chapterNumber"":15,""subjectSlug"":""biology-12""}","published",,"15.3 Antivirals and Antiretrovirals","ms7akzmv58m3ems8s23c7awh2s8bvam1","1787554196855","866",
"biology-12","15-pharmacological-drugs","Pharmacological drugs","15-4-advantages-of-monoclonal-antibodies","15.4 Advantages of Monoclonal Antibodies","1785879620724.4248","kx7cv3jtmm0tvcg4n42zbsdpzx8bvx9j","1785879620724","1785879620724","15-4-advantages-of-monoclonal-antibodies","{""blockIndex"":29,""chapterNumber"":15,""subjectSlug"":""biology-12""}","published",,"15.4 Advantages of Monoclonal Antibodies","ms7f02dm5nzf0wehcwc90wqbpn8bvb0z","1788946141554","2396",
"chemistry-11","01-nature-of-science-in-chemistry","Nature Of Science In Chemistry","1-1-the-discovery-of-atom","1.1 The Discovery of the Atom","1777383795045.347","kx7b1n1gk186zs7hndkjjga4r185qy5n","1777383795045","1777383795045","1-1-the-discovery-of-atom","{""blockIndex"":5,""chapterNumber"":1,""subjectSlug"":""chemistry-11""}","published",,"1.1 The Discovery of the Atom","ms73wqwdzxq4hbkcm1fn8ayfdd85pm5c","1788251600798","3986",
"chemistry-11","01-nature-of-science-in-chemistry","Nature Of Science In Chemistry","1-2-the-maxwell-s-demon-experiment","1.2 The Maxwell's Demon Experiment","1777383796129.147","kx7aezvtc8fnbwy0z5v5cft69985pnbe","1777383796129","1777383796129","1-2-the-maxwell-s-demon-experiment","{""blockIndex"":11,""chapterNumber"":1,""subjectSlug"":""chemistry-11""}","published","Removed the redundant opening H1 while preserving the note body and all canonical section content.","1.2 The Maxwell's Demon Experiment","ms7080rq7eyetq218bccg2egjn85q3hq","1788216243606","3286",
"chemistry-11","01-nature-of-science-in-chemistry","Nature Of Science In Chemistry","1-3-the-schrodinger-s-cat-experiment","1.3 Schrödinger's Cat Experiment","1777383796947.4844","kx7a777s5zyshs9xp96w91s0bn85pzd4","1777383796947","1777383796947","1-3-the-schrodinger-s-cat-experiment","{""blockIndex"":18,""chapterNumber"":1,""subjectSlug"":""chemistry-11""}","published","Removed the redundant opening H1 while preserving the note body and all canonical section content.","1.3 Schrödinger's Cat Experiment","ms785zvx5tejqt26nxa9x32br985qyvk","1788216243777","3310",
"chemistry-11","01-nature-of-science-in-chemistry","Nature Of Science In Chemistry","1-4-imam-al-ghazali-historical-background","1.4 Imam Al-Ghazali: Historical Background","1777383797910.1865","kx736vg4w6yvwqfcd7rkwqhzs185qqrf","1777383797910","1777383797910","1-4-imam-al-ghazali-historical-background","{""blockIndex"":22,""chapterNumber"":1,""subjectSlug"":""chemistry-11""}","published","Removed the redundant opening H1 while preserving the note body and all canonical section content.","1.4 Imam Al-Ghazali: Historical Background","ms744c1pcfnm3cy8yz3pyppc8d85qsrk","1787244652756","4480",
"chemistry-11","01-nature-of-science-in-chemistry","Nature Of Science In Chemistry","1-5-reasoning","1.5 Reasoning","1777383799201.8025","kx704vh1973tyv576a1yb6ewqh85qhm0","1777383799201","1777383799201","1-5-reasoning","{""blockIndex"":40,""chapterNumber"":1,""subjectSlug"":""chemistry-11""}","published","Removed the redundant opening H1, normalized em-dash punctuation, and changed the display equation to a single valid math span while preserving the lesson.","1.5 Reasoning","ms7fkr5xqq7wx8evrsnpccz28985qyed","1787249898279","3767",
"chemistry-11","02-atomic-structure","Atomic Structure","2-1-brief-history-of-atomic-models","2.1 Brief History of Atomic Models","1777383800162.0242","kx78nvwg1a7z0ewmphxvxg98h185pnte","1777383800162","1777383800162","2-1-brief-history-of-atomic-models","{""blockIndex"":6,""chapterNumber"":2,""subjectSlug"":""chemistry-11""}","published","Removed the redundant opening H1, normalized em-dash punctuation, and converted display equations to valid single math spans while preserving the lesson.","Brief History of Atomic Models","ms7ehrq2syjmby3n0y0txkjmk185prf3","1788216243964","5447",
"chemistry-11","02-atomic-structure","Atomic Structure","2-2-quantum-numbers","2.2 Quantum Numbers","1777383800919.665","kx7427mk5202cze3yf6aa9ga5d85pnrb","1777383800919","1777383800919","2-2-quantum-numbers","{""blockIndex"":36,""chapterNumber"":2,""subjectSlug"":""chemistry-11""}","published","Removed the redundant opening H1, normalized em-dash punctuation, and converted display equations to valid single math spans while preserving the lesson.","2.2 Quantum Numbers","ms7aj8q22dbqpz4hvt7xatpgt185q2mx","1788251604832","6807",
"chemistry-11","02-atomic-structure","Atomic Structure","2-3-rules-of-electronic-configuration","2.3 Rules of Electronic Configuration","1777383801697.091","kx764j336c0fk4ncc3h3p01ndx85pc6m","1777383801697","1777383801697","2-3-rules-of-electronic-configuration","{""blockIndex"":69,""chapterNumber"":2,""subjectSlug"":""chemistry-11""}","published",,"2.3 Rules of Electronic Configuration","ms74z9sy4ygn2xday4k1qwkdqh85pp2p","1788251612864","6497",
"chemistry-11","02-atomic-structure","Atomic Structure","2-4-determination-of-electronic-configuration-of-atoms-and-ions-with-proton-or-electron-number-and-charge","2.4 Determining Electronic Configuration of Atoms and Ions","1777383802548.9211","kx7bsfj459wznxs2e19ngvnwvd85pb6h","1777383802548","1777383802548","2-4-determination-of-electronic-configuration-of-atoms-and-ions-with-proton-or-electron-number-and-charge","{""blockIndex"":90,""chapterNumber"":2,""subjectSlug"":""chemistry-11""}","published",,"Determining Electronic Configuration of Atoms and Ions","ms756ftvbxxq2kjqnr8h4bppm185qwde","1787212353725","6447",
"chemistry-11","02-atomic-structure","Atomic Structure","2-5-shapes-of-orbitals","2.5 Shapes of Orbitals","1777383803397.6084","kx7cxhsng5p4y9n1b4r7qz5t7185pnv3","1777383803397","1777383803397","2-5-shapes-of-orbitals","{""blockIndex"":104,""chapterNumber"":2,""subjectSlug"":""chemistry-11""}","published",,"Shapes of Orbitals","ms79r2y88nk20hkhx97fr1n3f585qsqq","1788251599830","2645",
"chemistry-11","02-atomic-structure","Atomic Structure","2-6-ionization-energy","2.6 Ionization Energy","1777383804305.1116","kx7c2vewp7zjxe2a5n0mhbe5bd85p1fc","1777383804305","1777383804305","2-6-ionization-energy","{""blockIndex"":111,""chapterNumber"":2,""subjectSlug"":""chemistry-11""}","published",,"2.6 Ionization Energy","ms744qtx1jvz7d8scff1fcgdrn85qzf1","1788251618634","6212",
"chemistry-11","02-atomic-structure","Atomic Structure","2-7-mass-spectrometry","2.7 Mass Spectrometry","1777383805271.7346","kx7eymjsv52evjmhz1sakeeabh85q281","1777383805271","1777383805271","2-7-mass-spectrometry","{""blockIndex"":138,""chapterNumber"":2,""subjectSlug"":""chemistry-11""}","published",,"2.7 Mass Spectrometry","ms778kzjfzg5qcbt7kqhtybhn985p59r","1788251614719","4969",
"chemistry-11","02-atomic-structure","Atomic Structure","2-8-electronic-configuration-of-modern-electronic-materials","2.8 Electronic Configuration of Modern Electronic Materials","1777383806040.932","kx769bb3bb50z07z0m9w7gbs4d85qxgv","1777383806041","1777383806041","2-8-electronic-configuration-of-modern-electronic-materials","{""blockIndex"":155,""chapterNumber"":2,""subjectSlug"":""chemistry-11""}","published",,"Electronic Configuration of Modern Electronic Materials","ms7c1mxqyjkd3mc1rp8qc3yxpd85p4e9","1788152301128","4099",
"chemistry-11","03-chemical-bonding","Chemical Bonding","3-1-electronegativity","3.1 Electronegativity","1777383807661.681","kx71n58a3fztgfdvtz6rz9nwex85p5zy","1777383807661","1777383807661","3-1-electronegativity","{""blockIndex"":4,""chapterNumber"":3,""subjectSlug"":""chemistry-11""}","published",,"3.1 Electronegativity","ms7e1ka1ypc6bmvjqvjacnb87n85p1my","1788216244179","6138",
"chemistry-11","03-chemical-bonding","Chemical Bonding","3-2-dipole-moment","3.2 Dipole Moment","1777383808535.7668","kx76b16aw2q10msnftk3nkfahs85p57b","1777383808535","1777383808535","3-2-dipole-moment","{""blockIndex"":30,""chapterNumber"":3,""subjectSlug"":""chemistry-11""}","published",,"3.2 Dipole Moment","ms7b0nwwm9htj9g9zjrgpdrcps85qm62","1788251627293","2870",
"chemistry-11","03-chemical-bonding","Chemical Bonding","3-3-polar-and-nonpolar-covalent-bond","3.3 Polar and Nonpolar Covalent Bonds","1777383809486.4954","kx7dmq0ege9gp8nadqya8fkezs85q03x","1777383809486","1777383809486","3-3-polar-and-nonpolar-covalent-bond","{""blockIndex"":36,""chapterNumber"":3,""subjectSlug"":""chemistry-11""}","published",,"3.3 Polar and Nonpolar Covalent Bonds","ms77tjaw54rj0dyyzhk9bbxe1x85qcs1","1787212355096","4431",
"chemistry-11","03-chemical-bonding","Chemical Bonding","3-4-bond-energy-bond-enthalpy","3.4 Bond Energy (Bond Enthalpy)","1777383810431.1895","kx7bftx3hhd1mp5rqnev7hstyn85qc0z","1777383810431","1777383810431","3-4-bond-energy-bond-enthalpy","{""blockIndex"":41,""chapterNumber"":3,""subjectSlug"":""chemistry-11""}","published",,"3.4 Bond Energy (Bond Enthalpy)","ms78n2510nj63k3fe79xy9z6kh85p8zc","1788251599255","5832",
"chemistry-11","03-chemical-bonding","Chemical Bonding","3-5-shapes-of-molecules","3.5 Shapes of Molecules","1777383811369.4622","kx7bw29j4ehxh4savhv545m7cn85q4h4","1777383811369","1777383811369","3-5-shapes-of-molecules","{""blockIndex"":52,""chapterNumber"":3,""subjectSlug"":""chemistry-11""}","published",,"3.5 Shapes of Molecules","ms7an88w2zgvp516m9y9tj214d85ppj1","1788216262811","8252",
"chemistry-11","03-chemical-bonding","Chemical Bonding","3-6-valence-bond-theory","3.6 Valence Bond Theory","1777383812295.8608","kx7bydcxxt50511fvexasrx5jn85qd13","1777383812295","1777383812295","3-6-valence-bond-theory","{""blockIndex"":91,""chapterNumber"":3,""subjectSlug"":""chemistry-11""}","published",,"3.6 Valence Bond Theory","ms752rdsdbfyxz111880w1kngs85q1tv","1787212355616","7494",
"chemistry-11","03-chemical-bonding","Chemical Bonding","3-7-hybridization","3.7 Hybridization","1777383813092.304","kx7epeh4b37jxre0bddap7hxsd85pqag","1777383813092","1777383813092","3-7-hybridization","{""blockIndex"":120,""chapterNumber"":3,""subjectSlug"":""chemistry-11""}","published",,"3.7 Hybridization","ms72mrk732vgqb35pwx4gngtjx85qf9r","1788254797292","7722",
"chemistry-11","03-chemical-bonding","Chemical Bonding","3-8-co-ordinate-covalent-bond","3.8 Co-ordinate Covalent Bond","1777383813901.6665","kx7c9nmkywsd93n8vgvxyp99fs85qtgm","1777383813901","1777383813901","3-8-co-ordinate-covalent-bond","{""blockIndex"":163,""chapterNumber"":3,""subjectSlug"":""chemistry-11""}","published",,"3.8 Co-ordinate Covalent Bond","ms72jrxx5b5c646xv83x4e4ced85pxkp","1788251598827","3840",
"chemistry-11","03-chemical-bonding","Chemical Bonding","3-9-intermolecular-forces-forces-between-molecules","3.9 Intermolecular Forces (Forces Between Molecules)","1777383814935.8708","kx74vv2kgbqc9n6v5wmykxx44n85p24d","1777383814936","1777383814936","3-9-intermolecular-forces-forces-between-molecules","{""blockIndex"":168,""chapterNumber"":3,""subjectSlug"":""chemistry-11""}","published",,"3.9 Intermolecular Forces (Forces Between Molecules)","ms7af8atqwxxx8ghfxyf23dck985p2tf","1788251600600","7546",
"chemistry-11","03-chemical-bonding","Chemical Bonding","3-10-molecular-orbital-theory","3.10 Molecular Orbital Theory","1777383806814.2637","kx7a9jjprtqzycrwf7wxafd4fd85qggs","1777383806814","1777383806814","3-10-molecular-orbital-theory","{""blockIndex"":198,""chapterNumber"":3,""subjectSlug"":""chemistry-11""}","published",,"3.10 Molecular Orbital Theory","ms70wyp4b5y7xsq8vne3rhaxen85q63p","1787212356157","8912",
"chemistry-11","04-stoichiometry","Stoichiometry","4-1-mole","4.1 The Mole Concept","1777383815879.4834","kx79c9cw4byf9t245jax5k9b6h85qv4c","1777383815879","1777383815879","4-1-mole","{""blockIndex"":4,""chapterNumber"":4,""subjectSlug"":""chemistry-11""}","published",,"4.1 The Mole Concept","ms74yhpymx4b5305d2bpezr2rs85qwe9","1787212356315","5902",
"chemistry-11","04-stoichiometry","Stoichiometry","4-2-limiting-and-non-limiting-reactants","4.2 Limiting and Non-Limiting Reactants","1777383816642.557","kx77gxa9yxkdp9jyxgjqbtkm5h85q6hx","1777383816642","1777383816642","4-2-limiting-and-non-limiting-reactants","{""blockIndex"":85,""chapterNumber"":4,""subjectSlug"":""chemistry-11""}","published",,"4.2 Limiting and Non-Limiting Reactants","ms71aaq58dcafa9bbpezn2vxx185qfb4","1788251631893","5094",
"chemistry-11","04-stoichiometry","Stoichiometry","4-3-theoretical-yield-actual-yield-and-percent-yield","4.3 Theoretical Yield, Actual Yield, and Percent Yield","1777383817751.8245","kx7bfde54sy3qfkw16mrn4a8a985pht5","1777383817751","1777383817751","4-3-theoretical-yield-actual-yield-and-percent-yield","{""blockIndex"":96,""chapterNumber"":4,""subjectSlug"":""chemistry-11""}","published",,"4.3 Theoretical Yield, Actual Yield, and Percent Yield","ms77ct96qtgfx7g4gpf2f9kz7x85pm1b","1787212356723","5508",
"chemistry-11","04-stoichiometry","Stoichiometry","4-4-importance-of-stoichiometry-in-the-production-and-dosage-of-medicine","4.4 Stoichiometry in Medicine Production","1777383818610.957","kx751t2p0d4ezjndcghbkhnd7985qgrc","1777383818611","1777383818611","4-4-importance-of-stoichiometry-in-the-production-and-dosage-of-medicine","{""blockIndex"":103,""chapterNumber"":4,""subjectSlug"":""chemistry-11""}","published",,"4.4 Stoichiometry in Medicine Production","ms7bzps937xjb785j8g51kbxzs85q1r6","1787212356941","4703",
"chemistry-11","05-states-and-phases-of-matter","States And Phases Of Matter","5-1-kinetic-molecular-interpretation-of-liquids","5.1 Kinetic Molecular Interpretation of Liquids","1777383819390.3127","kx71bpa1bek5wncfrpevtqzh3585q4m1","1777383819390","1777383819390","5-1-kinetic-molecular-interpretation-of-liquids","{""blockIndex"":4,""chapterNumber"":5,""subjectSlug"":""chemistry-11""}","published",,"5.1 Kinetic Molecular Interpretation of Liquids","ms7cvb83gdfqr4gn9mhrmx6dns85q2qd","1787554065981","4169",
"chemistry-11","05-states-and-phases-of-matter","States And Phases Of Matter","5-2-physical-properties-of-liquids","5.2 Physical Properties of Liquids","1777383820667.6194","kx7ecpq1jac8y72bkrjbx6s40185p65c","1777383820667","1777383820667","5-2-physical-properties-of-liquids","{""blockIndex"":23,""chapterNumber"":5,""subjectSlug"":""chemistry-11""}","published",,"5.2 Physical Properties of Liquids","ms76k3m00s5b0s899ts5qqda2585pxzc","1788251612158","9814",
"chemistry-11","05-states-and-phases-of-matter","States And Phases Of Matter","5-3-energetic-of-phase-changes","5.3 Energetics of Phase Changes","1777383822605.939","kx7e710sgvn81phxdvse6q0tw985qepa","1777383822606","1777383822606","5-3-energetic-of-phase-changes","{""blockIndex"":58,""chapterNumber"":5,""subjectSlug"":""chemistry-11""}","published",,"5.3 Energetics of Phase Changes","ms704s5gnh9sh0m1qwpb2mztgs85qfn1","1787212357344","6290",
"chemistry-11","05-states-and-phases-of-matter","States And Phases Of Matter","5-4-general-properties-of-gases","5.4 General Properties of Gases","1777383823383.2747","kx763khwe8wpbp05gzpetqedcx85qrcz","1777383823383","1777383823383","5-4-general-properties-of-gases","{""blockIndex"":81,""chapterNumber"":5,""subjectSlug"":""chemistry-11""}","published",,"5.4 General Properties of Gases","ms79gy9847bb4fxkdwrtv95xeh85q58s","1787212357486","3381",
"chemistry-11","05-states-and-phases-of-matter","States And Phases Of Matter","5-5-general-properties-of-solids","5.5 General Properties of Solids","1777383824161.2815","kx72vwj73mcqbkyv9vwgjdrc4985p26a","1777383824161","1777383824161","5-5-general-properties-of-solids","{""blockIndex"":92,""chapterNumber"":5,""subjectSlug"":""chemistry-11""}","published",,"General Properties of Solids","ms7dxj7f2vk4vs22expbdfbqws85pngx","1788216244393","7837",
"chemistry-11","06-thermochemistry","Thermochemistry","6-1-energy-in-chemical-reactions","6.1 Energy in Chemical Reactions","1777383826577.788","kx7ffvbm3215sq7rd3cdztwpps85p409","1777383826577","1777383826577","6-1-energy-in-chemical-reactions","{""blockIndex"":5,""chapterNumber"":6,""subjectSlug"":""chemistry-11""}","published",,"6.1 Energy in Chemical Reactions","ms75zhhpbts34wyxdnjvv6brkh85qj14","1787212357745","7263",
"chemistry-11","06-thermochemistry","Thermochemistry","6-2-bond-energy","6.2 Bond Energy","1777383827367.3435","kx7ctxvdez1djqh18dr4f05je185pxpb","1777383827367","1777383827367","6-2-bond-energy","{""blockIndex"":75,""chapterNumber"":6,""subjectSlug"":""chemistry-11""}","published",,"6.2 Bond Energy","ms76hpb7kmvqa79v2f2jc5zrdx85ps7p","1787212357878","6997",
"chemistry-11","06-thermochemistry","Thermochemistry","6-3-heat-and-temperature","6.3 Heat and Temperature","1777383828330.2434","kx78exk6d739qwh2httn59gns985qwvg","1777383828330","1777383828330","6-3-heat-and-temperature","{""blockIndex"":94,""chapterNumber"":6,""subjectSlug"":""chemistry-11""}","published",,"6.3 HEAT AND TEMPERATURE","ms745bpa3zncxm0cb8pskeag9n85q0m9","1787212358013","6585",
"chemistry-11","06-thermochemistry","Thermochemistry","6-4-hess-s-law","6.4 Hess's Law","1777383829278.1106","kx702j0kj8t5ax8rq51ncfzsyx85p79s","1777383829278","1777383829278","6-4-hess-s-law","{""blockIndex"":130,""chapterNumber"":6,""subjectSlug"":""chemistry-11""}","published",,"6.4 Hess's Law","ms7bzr618ej8mjt27t79jw1mh985q45y","1788251600053","6256",
"chemistry-11","06-thermochemistry","Thermochemistry","6-5-born-haber-cycle","6.5 Born-Haber Cycle","1777383830341.051","kx707afwfj6wna3a0e5z922cad85qkm4","1777383830341","1777383830341","6-5-born-haber-cycle","{""blockIndex"":173,""chapterNumber"":6,""subjectSlug"":""chemistry-11""}","published",,"6.5 Born-Haber Cycle","ms7b3j9dm6vpr6csp8e6f2czvn85qxk0","1788251626190","10665",
"chemistry-11","06-thermochemistry","Thermochemistry","6-6-entropy","6.6 Entropy","1777383831105.815","kx73cf61yhk7ryp9apzgg2jjch85qg6n","1777383831105","1777383831105","6-6-entropy","{""blockIndex"":226,""chapterNumber"":6,""subjectSlug"":""chemistry-11""}","published",,"6.6 Entropy","ms7axf172ed787c2trshzz0wxh85p759","1788251603503","5428",
"chemistry-11","06-thermochemistry","Thermochemistry","6-7-gibbs-free-energy","6.7 Gibbs Free Energy","1777383832157.3022","kx73an6cdgd31yh8574c5ck4sh85ppk5","1777383832157","1777383832157","6-7-gibbs-free-energy","{""blockIndex"":241,""chapterNumber"":6,""subjectSlug"":""chemistry-11""}","published",,"6.7 Gibbs Free Energy","ms72n7mpxd8y4442jf0pcpdf2985q0c0","1787212358577","3502",
"chemistry-11","07-chemical-kinetics","Chemical Kinetics","7-1-rates-of-reactions","7.1 Rates of Reactions","1777383832937.4219","kx7aj76yf0ccq3jyztsy1t2b1d85pmb4","1777383832937","1777383832937","7-1-rates-of-reactions","{""blockIndex"":4,""chapterNumber"":7,""subjectSlug"":""chemistry-11""}","published",,"7.1 Rates of Reactions","ms752d7esdeym648gfycdm78yx85qe4v","1788251611622","4224",
"chemistry-11","07-chemical-kinetics","Chemical Kinetics","7-2-rate-law","7.2 Rate Law","1777383833747.3792","kx7097hq7bhhxn4k49m4cns6gn85qscm","1777383833747","1777383833747","7-2-rate-law","{""blockIndex"":25,""chapterNumber"":7,""subjectSlug"":""chemistry-11""}","published",,"7.2 Rate Law","ms7fv6zhkdbczmhrkrc4kw02hd85pvm7","1787212358870","7500",
"chemistry-11","07-chemical-kinetics","Chemical Kinetics","7-3-effect-of-temperature-on-the-rate-of-reactions","7.3 Effect of Temperature on the Rate of Reactions","1777383834839.7256","kx7c2ep3e9b6tejp2ajgccp3zd85qj3g","1777383834839","1777383834839","7-3-effect-of-temperature-on-the-rate-of-reactions","{""blockIndex"":107,""chapterNumber"":7,""subjectSlug"":""chemistry-11""}","published",,"7.3 Effect of Temperature on the Rate of Reactions","ms7c4acr3arhgj8e58b7b44kyn85paad","1788251601067","3926",
"chemistry-11","07-chemical-kinetics","Chemical Kinetics","7-4-the-mechanism-of-a-chemical-reaction","7.4 The Mechanism of a Chemical Reaction","1777383835633.8042","kx7ej9xfg1ddb4n4j77xv2j9jh85qr0a","1777383835633","1777383835633","7-4-the-mechanism-of-a-chemical-reaction","{""blockIndex"":115,""chapterNumber"":7,""subjectSlug"":""chemistry-11""}","published",,"7.4 The Mechanism of a Chemical Reaction","ms7bkfvh7w8ngkysf2bfvcwtbh85p305","1787212359155","5232",
"chemistry-11","07-chemical-kinetics","Chemical Kinetics","7-5-activation-energy","7.5 Activation Energy","1777383836426.8398","kx75h39sesg58m0yvecvkv219d85qwty","1777383836426","1777383836426","7-5-activation-energy","{""blockIndex"":169,""chapterNumber"":7,""subjectSlug"":""chemistry-11""}","published",,"7.5 Activation Energy","ms751d6pdyte1cmrcrdd0xbxgs85q3n9","1788251599460","4582",
"chemistry-11","07-chemical-kinetics","Chemical Kinetics","7-6-catalysis","7.6 Catalysis","1777383837258.8213","kx707nmk7q7ypnt31mm6kwmbp985prnm","1777383837258","1777383837258","7-6-catalysis","{""blockIndex"":175,""chapterNumber"":7,""subjectSlug"":""chemistry-11""}","published",,"7.6 Catalysis","ms72k4d81z60ajzvq0mx9v757985qsrm","1788251627758","4474",
"chemistry-11","07-chemical-kinetics","Chemical Kinetics","7-7-gibbes-free-energy-change-and-feasibility-of-a-reaction","7.7 Gibbs Free Energy and Reaction Feasibility","1777383838058.3428","kx73cbqta6w12s4rbvtftjnf6185q10n","1777383838058","1777383838058","7-7-gibbes-free-energy-change-and-feasibility-of-a-reaction","{""blockIndex"":184,""chapterNumber"":7,""subjectSlug"":""chemistry-11""}","published",,"7.7 Gibbs Free Energy and Reaction Feasibility","ms7dcx73apdhs4pmnknqq4ezxn85qb93","1787212359792","4047",
"chemistry-11","08-chemical-equilibrium","Chemical Equilibrium","8-1-macroscopic-events-and-microscopic-events","8.1 Macroscopic and Microscopic Events","1777383838836.2195","kx7fnw0kea62nja0ec8nf179v185qshc","1777383838836","1777383838836","8-1-macroscopic-events-and-microscopic-events","{""blockIndex"":4,""chapterNumber"":8,""subjectSlug"":""chemistry-11""}","published",,"8.1 Macroscopic and Microscopic Events","ms7ee3ss9b4w1ccpekdh8r83fs85pbb2","1787554107962","3626",
"chemistry-11","08-chemical-equilibrium","Chemical Equilibrium","8-2-reversible-reactions-and-dynamic-equilibrium","8.2 Reversible Reactions and Dynamic Equilibrium","1777383839879.4883","kx78z05zqq4tqbv7nq8nvwf1js85qw2m","1777383839879","1777383839879","8-2-reversible-reactions-and-dynamic-equilibrium","{""blockIndex"":9,""chapterNumber"":8,""subjectSlug"":""chemistry-11""}","published",,"8.2 Reversible Reactions and Dynamic Equilibrium","ms7f4y8jkhfqdgka3my2y1me0s85qpyp","1788251600413","4760",
"chemistry-11","08-chemical-equilibrium","Chemical Equilibrium","8-3-the-law-of-mass-action","8.3 The Law of Mass Action","1777383840691.008","kx779gps3stgsske3pc7zsw71n85pj83","1777383840691","1777383840691","8-3-the-law-of-mass-action","{""blockIndex"":22,""chapterNumber"":8,""subjectSlug"":""chemistry-11""}","published",,"8.3 The Law of Mass Action","ms7ft7ses461bwj4z2ht4rzp0d85q8jf","1787212360258","6749",
"chemistry-11","08-chemical-equilibrium","Chemical Equilibrium","8-4-types-of-equilibrium","8.4 Types of Equilibrium","1777383841468.546","kx7bae09pevrk60e5pewqmbgtx85qn1r","1777383841468","1777383841468","8-4-types-of-equilibrium","{""blockIndex"":75,""chapterNumber"":8,""subjectSlug"":""chemistry-11""}","published",,"8.4 Types of Equilibrium","ms771p8ha2patg4zak0p680w4s85ppyv","1787212360433","4788",
"chemistry-11","08-chemical-equilibrium","Chemical Equilibrium","8-5-ways-to-recognize-equilibrium","8.5 Ways to Recognize Chemical Equilibrium","1777383842311.656","kx778km6mqed62kz63cg48mczn85pwv6","1777383842311","1777383842311","8-5-ways-to-recognize-equilibrium","{""blockIndex"":87,""chapterNumber"":8,""subjectSlug"":""chemistry-11""}","published",,"Ways to Recognize Chemical Equilibrium","ms7c0dwapm7qfwavr8t2353bph85pw97","1787212360627","3507",
"chemistry-11","08-chemical-equilibrium","Chemical Equilibrium","8-6-factors-affecting-equilibrium-the-le-chatelier-s-principle","8.6 Factors Affecting Equilibrium (The Le Chatelier's Principle)","1777383843067.5754","kx758zq26axyh53cac1s0qwwfx85q084","1777383843067","1777383843067","8-6-factors-affecting-equilibrium-the-le-chatelier-s-principle","{""blockIndex"":96,""chapterNumber"":8,""subjectSlug"":""chemistry-11""}","published",,"8.6 Factors Affecting Equilibrium (The Le Chatelier's Principle)","ms76kp7e9g2vgsqvdvxt30b4a985pyfy","1787212360788","6759",
"chemistry-11","08-chemical-equilibrium","Chemical Equilibrium","8-7-industrial-application-of-lechatelier-s-principle","8.7 Industrial Application of Le Chatelier's Principle","1777383843849.9426","kx7cmyw11b9vsw5hs13h6sgj9985pz0m","1777383843850","1777383843850","8-7-industrial-application-of-lechatelier-s-principle","{""blockIndex"":142,""chapterNumber"":8,""subjectSlug"":""chemistry-11""}","published",,"8.7 Industrial Application of Le Chatelier's Principle","ms710c866xkaefvcww5denb0ex85qj90","1787212360987","6554",
"chemistry-11","09-acids-bases-chemistry","Acids Bases Chemistry","9-1-conjugate-acid-base-pairs","9.1 Conjugate Acid-Base Pairs","1777383846287.1345","kx7f2cwxkdp8m0ev4094n6c9rs85paj1","1777383846287","1777383846287","9-1-conjugate-acid-base-pairs","{""blockIndex"":13,""chapterNumber"":9,""subjectSlug"":""chemistry-11""}","published",,"9.1 Conjugate Acid-Base Pairs","ms712jv84byk0awb2r6b52ktb185q603","1787212361163","4323",
"chemistry-11","09-acids-bases-chemistry","Acids Bases Chemistry","9-2-lewis-concept-of-acids-and-bases","9.2 The Lewis Concept of Acids and Bases","1777383847199.3362","kx72t5axhvrk4wgqd33yf2a63x85pxd0","1777383847199","1777383847199","9-2-lewis-concept-of-acids-and-bases","{""blockIndex"":19,""chapterNumber"":9,""subjectSlug"":""chemistry-11""}","published",,"9.2 The Lewis Concept of Acids and Bases","ms7cepmm4w0q8kpmv051pjfgwn85pbda","1787212361274","5482",
"chemistry-11","09-acids-bases-chemistry","Acids Bases Chemistry","9-3-strength-of-acids-and-bases","9.3 Strength of Acids and Bases","1777383848143.6028","kx76kgaxaqqa1n75p2ded2vby585qmja","1777383848143","1777383848143","9-3-strength-of-acids-and-bases","{""blockIndex"":31,""chapterNumber"":9,""subjectSlug"":""chemistry-11""}","published",,"9.3 Strength of Acids and Bases","ms76yvh5sqgm4269tvpchpjjsh85qs1b","1787212361420","3681",
"chemistry-11","09-acids-bases-chemistry","Acids Bases Chemistry","9-4-ionisation-constant-of-water-and-calculation-of-ph","9.4 Ionisation Constant of Water and Calculation of pH","1777383848891.323","kx79bpwwe86541cty190whqqmn85phdv","1777383848891","1777383848891","9-4-ionisation-constant-of-water-and-calculation-of-ph","{""blockIndex"":33,""chapterNumber"":9,""subjectSlug"":""chemistry-11""}","published",,"Ionisation Constant of Water and Calculation of pH","ms79hxj046avq5k3vgmrr9566d85psbm","1787212361532","5422",
"chemistry-11","09-acids-bases-chemistry","Acids Bases Chemistry","9-5-titration","9.5 Titration","1777383849796.0674","kx748hevgcshmtnj6dk15wgw5s85qkxd","1777383849796","1777383849796","9-5-titration","{""blockIndex"":67,""chapterNumber"":9,""subjectSlug"":""chemistry-11""}","published",,"9.5 Titration","ms77pkxxh0f7yxfg01ye48t0cs85qnym","1787212361667","5429",
"chemistry-11","09-acids-bases-chemistry","Acids Bases Chemistry","9-6-strong-and-weak-acids","9.6 Strong and Weak Acids","1777383850730.6494","kx7bn1kwwg78v3fqvehkvxaqf585qnv0","1777383850730","1777383850730","9-6-strong-and-weak-acids","{""blockIndex"":78,""chapterNumber"":9,""subjectSlug"":""chemistry-11""}","published",,"9.6 Strong and Weak Acids","ms753yt6bhmzah8hqb1ddh9df985qzzn","1787212361809","4076",
"chemistry-11","09-acids-bases-chemistry","Acids Bases Chemistry","9-7-strong-and-weak-bases","9.7 Strong and Weak Bases","1777383851684.5847","kx72d6p6ejh5jy4nj8rmxs946s85qthk","1777383851684","1777383851684","9-7-strong-and-weak-bases","{""blockIndex"":101,""chapterNumber"":9,""subjectSlug"":""chemistry-11""}","published",,"9.7 Strong and Weak Bases","ms76zfs7vy9x1ykw80r6p8dyjx85qzck","1787212361922","3175",
"chemistry-11","09-acids-bases-chemistry","Acids Bases Chemistry","9-8-buffer-solutions-and-their-applications","9.8 Buffer Solutions and Their Applications","1777383852627.655","kx7earqd9hhw3yyz9nbtqvy7f585q568","1777383852627","1777383852627","9-8-buffer-solutions-and-their-applications","{""blockIndex"":111,""chapterNumber"":9,""subjectSlug"":""chemistry-11""}","published",,"9.8 Buffer Solutions and Their Applications","ms7cm6n3m4dw0x5bkm02k36c5d85p2kc","1787212362054","4175",
"chemistry-11","09-acids-bases-chemistry","Acids Bases Chemistry","9-9-salt-hydrolysis","9.9 Salt Hydrolysis","1777383853659.9092","kx76f7hrhq9vvv61fbpe79b49185pebx","1777383853659","1777383853659","9-9-salt-hydrolysis","{""blockIndex"":128,""chapterNumber"":9,""subjectSlug"":""chemistry-11""}","published",,"9.9 Salt Hydrolysis","ms78j94k7nb9nkx853y6k78n0185qgj7","1787212362189","5857",
"chemistry-11","09-acids-bases-chemistry","Acids Bases Chemistry","9-10-solubility-product-and-precipitation-reactions","9.10 Solubility Product and Precipitation Reactions","1777383844654.4146","kx7e3frrb95shyp3j5bs55s69185qjex","1777383844654","1777383844654","9-10-solubility-product-and-precipitation-reactions","{""blockIndex"":146,""chapterNumber"":9,""subjectSlug"":""chemistry-11""}","published",,"9.10 Solubility Product and Precipitation Reactions","ms7874ajctq6hprzpk3659zdwd85qkk9","1787212362315","5833",
"chemistry-11","09-acids-bases-chemistry","Acids Bases Chemistry","9-11-common-ion-effect","9.11 Common Ion Effect","1777383845514.7236","kx78bqg4790xw90sf5w256trxx85q2p2","1777383845514","1777383845514","9-11-common-ion-effect","{""blockIndex"":168,""chapterNumber"":9,""subjectSlug"":""chemistry-11""}","published",,"9.11 Common Ion Effect","ms7c5kbjvvywd6swej6c4ap8z585qhez","1787212362451","5221",
"chemistry-11","10-periodic-table","Periodic Table","10-1-periods-and-groups-of-elements","10.1 Periods and Groups of Elements","1777383854615.6567","kx7bbvtsw9pwgfbe8snfj1vxgh85p243","1777383854615","1777383854615","10-1-periods-and-groups-of-elements","{""blockIndex"":5,""chapterNumber"":10,""subjectSlug"":""chemistry-11""}","published",,"10.1 Periods and Groups of Elements","ms71j03vevf1fxv0225dt28a0985q0aq","1788251629980","3392",
"chemistry-11","10-periodic-table","Periodic Table","10-2-blocks-of-elements-in-the-periodic-table","10.2 Blocks of Elements in the Periodic Table","1777383855416.044","kx75qpm6cgkr0y8j7rt6a6d9vd85pqah","1777383855416","1777383855416","10-2-blocks-of-elements-in-the-periodic-table","{""blockIndex"":14,""chapterNumber"":10,""subjectSlug"":""chemistry-11""}","published",,"10.2 Blocks of Elements in the Periodic Table","ms7ak3ryjz3zmwrrgkv5jwjstd85pjc4","1788216244590","2808",
"chemistry-11","10-periodic-table","Periodic Table","10-3-position-of-an-elementin-the-periodic-table","10.3 Position of an Element in the Periodic Table","1777383856542.4497","kx7ezyk83ad9rz1c0st9jnfknn85qtdd","1777383856542","1777383856542","10-3-position-of-an-elementin-the-periodic-table","{""blockIndex"":16,""chapterNumber"":10,""subjectSlug"":""chemistry-11""}","published",,"10.3 POSITION OF AN ELEMENT IN THE PERIODIC TABLE","ms75rmrn1deahwbcpns4e6p0qx85qngm","1787212362902","6215",
"chemistry-11","10-periodic-table","Periodic Table","10-4-metals-non-metals-and-metalloids","10.4 Metals, Non-metals, and Metalloids","1777383857749.9094","kx7dc6czznbe72p6xays641zg985qdwv","1777383857749","1777383857749","10-4-metals-non-metals-and-metalloids","{""blockIndex"":36,""chapterNumber"":10,""subjectSlug"":""chemistry-11""}","published",,"10.4 Metals, Non-metals, and Metalloids","ms7abr4r3g70hvdeyd2ct714xx85qf4c","1788251617459","3946",
"chemistry-11","10-periodic-table","Periodic Table","10-5-periodicity-of-properties","10.5 Periodicity of Properties","1777383858794.014","kx7582tc1aw8hqqc76swahsb7x85qebd","1777383858794","1777383858794","10-5-periodicity-of-properties","{""blockIndex"":42,""chapterNumber"":10,""subjectSlug"":""chemistry-11""}","published",,"10.5 Periodicity of Properties","ms7e2thm5mxz2v57vb9vdjxcyh85pp6e","1787212363168","6747",
"chemistry-11","10-periodic-table","Periodic Table","10-6-trends-in-metallic-and-non-metallic-behaviours","10.6 Trends in Metallic and Non-Metallic Behaviours","1777383859922.0737","kx7e7zd0j88ntqf8h4hgbzb0ws85pmcq","1777383859922","1777383859922","10-6-trends-in-metallic-and-non-metallic-behaviours","{""blockIndex"":55,""chapterNumber"":10,""subjectSlug"":""chemistry-11""}","published",,"Trends in Metallic and Non-Metallic Behaviours","ms7avx2apaqjz540f8xzggvfm585pbnk","1788145007838","9993",
"chemistry-11","11-nitrogen-and-sulphur","Nitrogen And Sulphur","11-1-nitrogen","11.1 Nitrogen","1777383860702.0115","kx71mhbrsz4b689gtcs9d0pprx85qh6h","1777383860702","1777383860702","11-1-nitrogen","{""blockIndex"":3,""chapterNumber"":11,""subjectSlug"":""chemistry-11""}","published",,"11.1 Nitrogen","ms79sb0y1y2bj0vg6cb3pa7j7185q6gd","1788251604454","6199",
"chemistry-11","11-nitrogen-and-sulphur","Nitrogen And Sulphur","11-2-nitrification-and-denitrification","11.2 Nitrification and Denitrification","1777383861472.4795","kx78p5kw3yvtgaf1vhcf97d6ds85p5qe","1777383861472","1777383861472","11-2-nitrification-and-denitrification","{""blockIndex"":57,""chapterNumber"":11,""subjectSlug"":""chemistry-11""}","published",,"11.2 Nitrification and Denitrification","ms7epm4b7wt43t287vz1q8a4j985p5t4","1788251616462","3344",
"chemistry-11","11-nitrogen-and-sulphur","Nitrogen And Sulphur","11-3-sulphur","11.3 Sulphur","1777383862283.913","kx75fnyxyarvq7nayb0xkba5qh85q0yh","1777383862283","1777383862283","11-3-sulphur","{""blockIndex"":67,""chapterNumber"":11,""subjectSlug"":""chemistry-11""}","published",,"11.3 Sulphur","ms72s1c9t3y934ak3f4h20r63s85pdjc","1788251614930","5351",
"chemistry-11","11-nitrogen-and-sulphur","Nitrogen And Sulphur","11-4-sulphuric-acid","11.4 Sulphuric Acid","1777383863055.4119","kx779aht6y52rkgr5eec6mj21s85pvxy","1777383863055","1777383863055","11-4-sulphuric-acid","{""blockIndex"":109,""chapterNumber"":11,""subjectSlug"":""chemistry-11""}","published",,"Sulphuric Acid","ms795j7fwt4faqerbpatxj39ed85qh42","1787212363761","4880",
"chemistry-11","12-halogens","Halogens","12-1-halogens","12.1 Halogens","1777383863823.6348","kx7fyvqytabqxfqn34685d191985pasw","1777383863823","1777383863823","12-1-halogens","{""blockIndex"":3,""chapterNumber"":12,""subjectSlug"":""chemistry-11""}","published",,"12.1 Halogens","ms7enm1e0rgksp14gkwczq0eph85qkxd","1788216244779","2749",
"chemistry-11","12-halogens","Halogens","12-2-reactivity","12.2 Reactivity of Halogens","1777383864568.0312","kx79smmg7pcfeer7nj0vtkqce985pem9","1777383864568","1777383864568","12-2-reactivity","{""blockIndex"":11,""chapterNumber"":12,""subjectSlug"":""chemistry-11""}","published",,"12.2 Reactivity of Halogens","ms7f91zfb3x7v9gqs29j7jmps185pex3","1787212367914","6482",
"chemistry-11","13-environmental-chemistry-air","Environmental Chemistry Air","13-1-air-pollution","13.1 Air Pollution","1777383865769.0818","kx7fr084hr35gefs90280sq2nn85py48","1777383865769","1777383865769","13-1-air-pollution","{""blockIndex"":4,""chapterNumber"":13,""subjectSlug"":""chemistry-11""}","published",,"13.1 AIR POLLUTION","ms7903qmqx8jy1rt2j5k2db0v585qktt","1788251629165","6461",
"chemistry-11","13-environmental-chemistry-air","Environmental Chemistry Air","13-2-smog","13.2 Smog","1777383866546.3088","kx75kh7yj7qcx3hf4a9yzgrhpx85qv60","1777383866546","1777383866546","13-2-smog","{""blockIndex"":39,""chapterNumber"":13,""subjectSlug"":""chemistry-11""}","published",,"13.2 Smog","ms70jxdvhna4v9adgra5m28szx85p3bf","1788251626963","4068",
"chemistry-11","13-environmental-chemistry-air","Environmental Chemistry Air","13-3-acid-rain","13.3 Acid Rain","1777383867315.4119","kx7enx87v4r1xw4fzf9vd49x7d85qc85","1777383867315","1777383867315","13-3-acid-rain","{""blockIndex"":54,""chapterNumber"":13,""subjectSlug"":""chemistry-11""}","published",,"13.3 ACID RAIN","ms7109kzh09mhkj5dcgkj2wadn85p4cs","1787212368321","3478",
"chemistry-11","13-environmental-chemistry-air","Environmental Chemistry Air","13-4-air-quality-parameters","13.4 Air Quality Parameters","1777383868082.9155","kx768w3h35hg5vjqjec2hbkxps85qn6v","1777383868083","1777383868083","13-4-air-quality-parameters","{""blockIndex"":78,""chapterNumber"":13,""subjectSlug"":""chemistry-11""}","published",,"13.4 Air Quality Parameters","ms7a9smhw5ty6wqey2n389xycd85pt9v","1787554158326","2448",
"chemistry-11","13-environmental-chemistry-air","Environmental Chemistry Air","13-5-laws-regulations-and-measures-to-control-air-pollution","13.5 Laws and Regulations to Control Air Pollution","1777383869074.2766","kx7d9088at6vnkqzmzd1vkn3q585p9sa","1777383869074","1777383869074","13-5-laws-regulations-and-measures-to-control-air-pollution","{""blockIndex"":90,""chapterNumber"":13,""subjectSlug"":""chemistry-11""}","published",,"13.5 Laws and Regulations to Control Air Pollution","ms76p5168zvyg69tegma45509185qxsg","1788216244965","4295",
"chemistry-11","13-environmental-chemistry-air","Environmental Chemistry Air","13-6-methods-to-measure-air-quality","13.6 Methods to Measure Air Quality","1777383869854.0767","kx7echdkh07f247854fqfbxbd185pxks","1777383869854","1777383869854","13-6-methods-to-measure-air-quality","{""blockIndex"":115,""chapterNumber"":13,""subjectSlug"":""chemistry-11""}","published",,"13.6 Methods to Measure Air Quality","ms78nd8m08jmgw8dzz8mkpcaf985qn9d","1787212368694","4662",
"chemistry-11","13-environmental-chemistry-air","Environmental Chemistry Air","13-7-green-house-effect-and-global-warming","13.7 Greenhouse Effect and Global Warming","1777383870678.7705","kx79mxfvkb5ddhdsxzcfaz0nk185pfz1","1777383870678","1777383870678","13-7-green-house-effect-and-global-warming","{""blockIndex"":137,""chapterNumber"":13,""subjectSlug"":""chemistry-11""}","published",,"13.7 Greenhouse Effect and Global Warming","ms7cdzje8axn86gb8e04dq3dw585ppjv","1788216245158","3967",
"chemistry-11","13-environmental-chemistry-air","Environmental Chemistry Air","13-8-economic-social-and-political-issues-related-with-air-pollution","13.8 Economic, Social and Political Issues on Air Pollution","1777383871465.5857","kx79zrxwajjjra73m05mne01hd85pfwh","1777383871465","1777383871465","13-8-economic-social-and-political-issues-related-with-air-pollution","{""blockIndex"":158,""chapterNumber"":13,""subjectSlug"":""chemistry-11""}","published",,"13.8 Economic, Social and Political Issues on Air Pollution","ms74krq0k86v37w0h016rrf11h85ps85","1788152300839","4156",
"chemistry-11","14-environmental-chemistry-water","Environmental Chemistry Water","14-1-sources-of-water-pollution","14.1 Sources of Water Pollution","1777383872719.6814","kx7021pkwhygznqb5c9j8pra6n85q7t2","1777383872719","1777383872719","14-1-sources-of-water-pollution","{""blockIndex"":9,""chapterNumber"":14,""subjectSlug"":""chemistry-11""}","published",,"Sources of Water Pollution","ms71shekncvyaef8ezzv52mt5s85qdd7","1788074615633","5017","n57fswxhycn52zhst97yaz7gw9869h2z"
"chemistry-11","14-environmental-chemistry-water","Environmental Chemistry Water","14-2-health-effects-of-water-pollutants","14.2 Health Effects of Water Pollutants","1777383873817.8757","kx79ezf0n68nqsk72j01dx66jn85psvy","1777383873817","1777383873817","14-2-health-effects-of-water-pollutants","{""blockIndex"":21,""chapterNumber"":14,""subjectSlug"":""chemistry-11""}","published",,"Health Effects of Water Pollutants","ms7bezmj46g0yy0sda56tbct2185qzs3","1787554176833","3446",
"chemistry-11","14-environmental-chemistry-water","Environmental Chemistry Water","14-3-environmental-problems-caused-by-water-pollution","14.3 Environmental Problems Caused by Water Pollution","1777383874705.5933","kx7bhwqywqsvtps9sb16vzjrns85pnmr","1777383874705","1777383874705","14-3-environmental-problems-caused-by-water-pollution","{""blockIndex"":24,""chapterNumber"":14,""subjectSlug"":""chemistry-11""}","published",,"14.3 Environmental Problems Caused by Water Pollution","ms7dc36kavy623xtkqtas4navn85p9n1","1787212369324","3750",
"chemistry-11","14-environmental-chemistry-water","Environmental Chemistry Water","14-4-water-treatment-methods","14.4 Water Treatment Methods","1777383875671.262","kx7eadvgzca428cyxmtwcetd0h85q9sr","1777383875671","1777383875671","14-4-water-treatment-methods","{""blockIndex"":30,""chapterNumber"":14,""subjectSlug"":""chemistry-11""}","published",,"14.4 WATER TREATMENT METHODS","ms7fw5n7nw34hxgw9zpseta2hh85pwsj","1788072540518","6842",
"chemistry-11","14-environmental-chemistry-water","Environmental Chemistry Water","14-5-laws-and-regulations-related-to-water-pollution-and-conservation","14.5 Laws and Regulations on Water Pollution and Conservation","1777383876592.7234","kx7cvm1rm9ajktfh30fk5mdag185qjzn","1777383876592","1777383876592","14-5-laws-and-regulations-related-to-water-pollution-and-conservation","{""blockIndex"":45,""chapterNumber"":14,""subjectSlug"":""chemistry-11""}","published",,"14.5 Laws and Regulations on Water Pollution and Conservation","ms79s4cn8mf083xp2kzv034epx85q8cx","1787554177924","2955",
"chemistry-11","14-environmental-chemistry-water","Environmental Chemistry Water","14-6-impact-of-human-activities-on-water-resources","14.6 Impact of Human Activities on Water Resources","1777383877430.2092","kx7a0wr0n56m1jhk66g6gkwpwd85qqwr","1777383877430","1777383877430","14-6-impact-of-human-activities-on-water-resources","{""blockIndex"":61,""chapterNumber"":14,""subjectSlug"":""chemistry-11""}","published",,"14.6 Impact of Human Activities on Water Resources","ms7cg4s9rnxnazhajcrbyxdve985p13f","1787212369688","4804",
"chemistry-11","14-environmental-chemistry-water","Environmental Chemistry Water","14-7-conservation-and-management-strategies-for-protecting-and-preserving-water-resources","14.7 Conservation and Management Strategies for Water Resources","1777383878219.2925","kx725n55jhdyj1gwb31ymeg4x185pp37","1777383878219","1777383878219","14-7-conservation-and-management-strategies-for-protecting-and-preserving-water-resources","{""blockIndex"":73,""chapterNumber"":14,""subjectSlug"":""chemistry-11""}","published",,"14.7 Conservation and Management Strategies for Water Resources","ms7d6jdq1sp3jerjbg6x05y80n85q3sm","1787554178687","2914",
"chemistry-11","14-environmental-chemistry-water","Environmental Chemistry Water","14-8-properties-of-water-related-to-pollution","14.8 Properties of Water Related to Pollution","1777383878979.8584","kx798sv7g9e5nszf1rt09971rh85q5vf","1777383878979","1777383878979","14-8-properties-of-water-related-to-pollution","{""blockIndex"":87,""chapterNumber"":14,""subjectSlug"":""chemistry-11""}","published",,"14.8 Properties of Water Related to Pollution","ms761cr61w3k5j8tzqk8tqvw7h85ptn6","1787212369954","7407",
"chemistry-11","15-organic-chemistry","Organic Chemistry","15-1-catenation","15.1 Catenation","1777383879760.5554","kx74qa40dxgb71bxys50869ct585qtdr","1777383879760","1777383879760","15-1-catenation","{""blockIndex"":0,""chapterNumber"":15,""subjectSlug"":""chemistry-11""}","published",,"15.1 Catenation","ms722ycadvfj3cm9warec7gpyx85p3ys","1788216245357","3016",
"chemistry-11","15-organic-chemistry","Organic Chemistry","15-2-representation-of-organic-molecules","15.2 Representation of Organic Molecules","1777383880539.785","kx7dp1npq3nmjhd4eja28hn6xd85p1w5","1777383880539","1777383880539","15-2-representation-of-organic-molecules","{""blockIndex"":6,""chapterNumber"":15,""subjectSlug"":""chemistry-11""}","published",,"15.2 Representation of Organic Molecules","ms71w6cnmz7c4ga594s3shkfj585q98x","1787212370228","7833",
"chemistry-11","15-organic-chemistry","Organic Chemistry","15-3-functional-group","15.3 Functional Group","1777383881316.1833","kx7cb4fcakpxwn6zgfpaype5px85p7xk","1777383881316","1777383881316","15-3-functional-group","{""blockIndex"":45,""chapterNumber"":15,""subjectSlug"":""chemistry-11""}","published",,"15.3 Functional Group","ms7d8q1tww2nb9ywxnbp5zjxy185qfpm","1787554189601","6996",
"chemistry-11","15-organic-chemistry","Organic Chemistry","15-4-nomenclature-of-aliphatic-organic-compounds","15.4 Nomenclature of Aliphatic Organic Compounds","1777383882107.2166","kx7eq3shg5pcejywt3p2vdq7ex85p6vv","1777383882107","1777383882107","15-4-nomenclature-of-aliphatic-organic-compounds","{""blockIndex"":82,""chapterNumber"":15,""subjectSlug"":""chemistry-11""}","published",,"Nomenclature of Aliphatic Organic Compounds","ms7am0hyfvy06xpm6c7hnkaxth85qaqc","1787212370461","8887",
"chemistry-11","15-organic-chemistry","Organic Chemistry","15-5-terminology-of-organic-chemical-reactions","15.5 Terminology of Organic Reactions","1777383882876.6904","kx7cd9qde1ak0hyfp12y06h5ex85q1te","1777383882876","1777383882876","15-5-terminology-of-organic-chemical-reactions","{""blockIndex"":177,""chapterNumber"":15,""subjectSlug"":""chemistry-11""}","published",,"15.5 Terminology of Organic Reactions","ms70864kgfskgx1z97rfee9a7585pyyb","1787212370638","4436",
"chemistry-11","15-organic-chemistry","Organic Chemistry","15-6-types-of-organic-chemical-reactions","15.6 Types of Organic Chemical Reactions","1777383883647.9966","kx79m1a1pksnacedzv5bdw47ax85qfn9","1777383883648","1777383883648","15-6-types-of-organic-chemical-reactions","{""blockIndex"":192,""chapterNumber"":15,""subjectSlug"":""chemistry-11""}","published",,"15.6 Types of Organic Chemical Reactions","ms7e2hhtcv31zhp47wvyhtqtkd85qcpa","1787212370867","5836",
"chemistry-11","15-organic-chemistry","Organic Chemistry","15-7-isomerism","15.7 Isomerism","1777383884414.7068","kx7152jk85d1fte35aat5frtwh85p0wc","1777383884414","1777383884414","15-7-isomerism","{""blockIndex"":236,""chapterNumber"":15,""subjectSlug"":""chemistry-11""}","published",,"15.7 Isomerism","ms79957qvrnk1gy3080yhxzynh85p2bc","1787212371036","6070",
"chemistry-11","16-hydrocarbons","Hydrocarbons","16-1-hydrocarbons","16.1 Hydrocarbons","1777383885190.2378","kx77h44th34r0f21ahe2neqr7s85pmm4","1777383885190","1777383885190","16-1-hydrocarbons","{""blockIndex"":3,""chapterNumber"":16,""subjectSlug"":""chemistry-11""}","published",,"16.1 Hydrocarbons","ms7bs3meq7a75q32n0zkxq1sks85q337","1787212378126","6507",
"chemistry-11","16-hydrocarbons","Hydrocarbons","16-2-reactivity-of-alkanes","16.2 Reactivity of Alkanes","1777383885954.3206","kx70fg7yr8rqpmznhkhb7f8tsx85qpkv","1777383885954","1777383885954","16-2-reactivity-of-alkanes","{""blockIndex"":29,""chapterNumber"":16,""subjectSlug"":""chemistry-11""}","published",,"16.2 Reactivity of Alkanes","ms74pxxfhfre8pskemyg99je3d85qgnp","1787212378329","4539",
"chemistry-11","16-hydrocarbons","Hydrocarbons","16-3-shapes-of-ethane-and-cyclopropane","16.3 Shapes of Ethane and Cyclopropane","1777383886855.2148","kx7d1kpkwgqtkc6vb89hp3f3s985q4nk","1777383886855","1777383886855","16-3-shapes-of-ethane-and-cyclopropane","{""blockIndex"":45,""chapterNumber"":16,""subjectSlug"":""chemistry-11""}","published",,"16.3 Shapes of Ethane and Cyclopropane","ms79a5g8pxs481bvd1g2t6wetx85qd15","1787212378481","2900",
"chemistry-11","16-hydrocarbons","Hydrocarbons","16-4-preparation-of-alkenes","16.4 Preparation of Alkenes","1777383887636.427","kx7dves70srhk9weddgdph40w985pt43","1777383887636","1777383887636","16-4-preparation-of-alkenes","{""blockIndex"":57,""chapterNumber"":16,""subjectSlug"":""chemistry-11""}","published",,"16.4 Preparation of Alkenes","ms7bf593vs6xfr8k7fg2kmn42x85qnav","1787212378599","4542",
"chemistry-11","16-hydrocarbons","Hydrocarbons","16-5-structure-and-reactivity-of-ethene","16.5 Molecular Structure of Ethene","1777383888433.045","kx7cgs7h4yh79t524z1temvhes85phve","1777383888433","1777383888433","16-5-structure-and-reactivity-of-ethene","{""blockIndex"":62,""chapterNumber"":16,""subjectSlug"":""chemistry-11""}","published",,"Molecular Structure of Ethene","ms755bavc131sfqgd7tgxg5h7185pzp5","1788251614073","4215",
"chemistry-11","16-hydrocarbons","Hydrocarbons","16-6-chemical-reactions-of-alkenes","16.6 Chemical Reactions of Alkenes","1777383889229.089","kx70cehnxcd2yzq7jvt9cjq8kd85q4zx","1777383889229","1777383889229","16-6-chemical-reactions-of-alkenes","{""blockIndex"":68,""chapterNumber"":16,""subjectSlug"":""chemistry-11""}","published",,"16.6 Chemical Reactions of Alkenes","ms75a5rt42ed65s3x1y36j4z8185qb46","1787212379008","5269",
"chemistry-11","16-hydrocarbons","Hydrocarbons","16-7-conjugation-in-alkenes","16.7 Conjugation in Alkenes","1777383890035.006","kx7f29t2fh8v4s2h2s8p3frb8985qyn5","1777383890035","1777383890035","16-7-conjugation-in-alkenes","{""blockIndex"":90,""chapterNumber"":16,""subjectSlug"":""chemistry-11""}","published",,"16.7 Conjugation in Alkenes","ms7c81btkmqss531d0x37gh57185pcsc","1788216245546","4266",
"chemistry-11","16-hydrocarbons","Hydrocarbons","16-8-redox-reactions-of-organic-compounds","16.8 Redox Reactions of Organic Compounds","1777383890809.4277","kx7585rp5pkyxgt0t7phd8hdq985pezc","1777383890809","1777383890809","16-8-redox-reactions-of-organic-compounds","{""blockIndex"":94,""chapterNumber"":16,""subjectSlug"":""chemistry-11""}","published",,"16.8 Redox Reactions of Organic Compounds","ms74nc4qmavs5hkzdrc6hbnmwh85q55r","1787212379265","4699",
"chemistry-11","16-hydrocarbons","Hydrocarbons","16-9-stereoisomerism","16.9 Stereoisomerism","1777383891798.098","kx74z719tafnxgea7dqxkv241h85qh9w","1777383891798","1777383891798","16-9-stereoisomerism","{""blockIndex"":102,""chapterNumber"":16,""subjectSlug"":""chemistry-11""}","published",,"16.9 Stereoisomerism","ms72kxh68d3xqkm31vsmpa8atn85qvqs","1788216262976","27674",
"chemistry-11","17-halogenoalkanes","Halogenoalkanes","17-1-types-of-halogenoalkanes","17.1 Types of Halogenoalkanes","1777383892822.4294","kx7a9hjbepzt6jaefnq32e4axx85q276","1777383892822","1777383892822","17-1-types-of-halogenoalkanes","{""blockIndex"":4,""chapterNumber"":17,""subjectSlug"":""chemistry-11""}","published",,"17.1 Types of Halogenoalkanes","ms735j6qbz3g3r02yezjbjs9fh85qg1h","1788216263148","3098",
"chemistry-11","17-halogenoalkanes","Halogenoalkanes","17-2-physical-properties","17.2 Physical Properties of Alkyl Halides","1777383893646.8325","kx7dhhv17436whms6h7y3bgvgs85qnt5","1777383893646","1777383893646","17-2-physical-properties","{""blockIndex"":16,""chapterNumber"":17,""subjectSlug"":""chemistry-11""}","published",,"17.2 Physical Properties of Alkyl Halides","ms7bcp2fmpe76y81hh4c8m0nrx85qvhx","1788216245752","3052",
"chemistry-11","17-halogenoalkanes","Halogenoalkanes","17-3-preparations-of-alkyl-halides","17.3 Preparations of Alkyl Halides","1777383894420.444","kx7748b9eaxw0ag0jb3ms8xy1985qex4","1777383894420","1777383894420","17-3-preparations-of-alkyl-halides","{""blockIndex"":21,""chapterNumber"":17,""subjectSlug"":""chemistry-11""}","published",,"17.3 Preparations of Alkyl Halides","ms7c7ctk7h5bnbcfpxpw7hnrch85qbc6","1788251603691","4133",
"chemistry-11","17-halogenoalkanes","Halogenoalkanes","17-4-reactivity","17.4 Reactivity of Halogenoalkanes","1777383895297.0344","kx7da3gxfd12xt91zk6fej6h0985pswk","1777383895297","1777383895297","17-4-reactivity","{""blockIndex"":31,""chapterNumber"":17,""subjectSlug"":""chemistry-11""}","published",,"17.4 Reactivity of Halogenoalkanes","ms7169nhh3bjsmd44g6xct1fg185q9vy","1787212379940","3706",
"chemistry-11","17-halogenoalkanes","Halogenoalkanes","17-5-reactions-of-alkyl-halides","17.5 Reactions of Alkyl Halides","1777383896056.3965","kx73kpps2jm51h4hsjmhdv0r1x85q0tc","1777383896056","1777383896056","17-5-reactions-of-alkyl-halides","{""blockIndex"":44,""chapterNumber"":17,""subjectSlug"":""chemistry-11""}","published",,"17.5 Reactions of Alkyl Halides","ms7f0kdrnhg3abvbc9d6w1wxgh85qge1","1787212380090","6737",
"chemistry-11","18-alcohol","Alcohol","18-1-classification-of-monohydric-alcohols","18.1 Classification of Monohydric Alcohols","1777383896827.8225","kx7dfszs18vbda0xkmmfvh32jx85q2be","1777383896827","1777383896827","18-1-classification-of-monohydric-alcohols","{""blockIndex"":7,""chapterNumber"":18,""subjectSlug"":""chemistry-11""}","published",,"18.1 Classification of Monohydric Alcohols","ms7an5k3eky3vhev7xv1k5xhgx85pb3n","1788216245945","2326",
"chemistry-11","18-alcohol","Alcohol","18-2-preparations-of-alcohols","18.2 Preparations of Alcohols","1777383897696.5032","kx7efhfe028tc9b60cdsjjzev585qfbh","1777383897696","1777383897696","18-2-preparations-of-alcohols","{""blockIndex"":16,""chapterNumber"":18,""subjectSlug"":""chemistry-11""}","published",,"18.2 Preparations of Alcohols","ms73p5whjtgg0emwtatp7cfk8h85prcr","1787212380350","4534",
"chemistry-11","18-alcohol","Alcohol","18-4-acidity-of-alcohols","18.4 Comparison with Water","1777383898533.8804","kx79cfhhazcn3hq1ms2narqd5d85pzze","1777383898533","1777383898533","18-4-acidity-of-alcohols","{""blockIndex"":32,""chapterNumber"":18,""subjectSlug"":""chemistry-11""}","published",,"Comparison with Water","ms76w5v4c5sjqfr4e4g011pgax85q24n","1787212380486","2826",
"chemistry-11","18-alcohol","Alcohol","18-5-reactions-of-alcohols","18.5 Reactions of Alcohols","1777383899391.646","kx7f50gmf5rvtkzfh5mpyhx51n85pqrs","1777383899391","1777383899391","18-5-reactions-of-alcohols","{""blockIndex"":35,""chapterNumber"":18,""subjectSlug"":""chemistry-11""}","published",,"18.5 Reactions of Alcohols","ms7f25mg0yrqvyhdya212fp11x85p9v7","1787212380703","7031",
"chemistry-11","19-carbonyl-compounds","Carbonyl Compounds","19-1-organic-compounds-containing-the-carbonyl-functional-group-are-called-aldehydes-and-ketones","19.1 Aldehydes and Ketones","1777383900355.0461","kx75754a5k16cm4d461sb61r9x85q4ka","1777383900355","1777383900355","19-1-organic-compounds-containing-the-carbonyl-functional-group-are-called-aldehydes-and-ketones","{""blockIndex"":5,""chapterNumber"":19,""subjectSlug"":""chemistry-11""}","published",,"Aldehydes and Ketones","ms7e7skdn57my0hn2e8s13fjq585qfxq","1787212381340","2491",
"chemistry-11","19-carbonyl-compounds","Carbonyl Compounds","19-2-preparations-of-aldehydes-and-ketones","19.2 Preparations of Aldehydes and Ketones","1777383901197.6526","kx7evw3zmy9234v73ya3xt0dvn85p2rf","1777383901197","1777383901197","19-2-preparations-of-aldehydes-and-ketones","{""blockIndex"":7,""chapterNumber"":19,""subjectSlug"":""chemistry-11""}","published",,"19.2 Preparations of Aldehydes and Ketones","ms787bek1p7khetdymhprsyb4185pn1e","1787212381475","3634",
"chemistry-11","19-carbonyl-compounds","Carbonyl Compounds","19-3-reactions-of-aldehydes-and-ketones","19.3 Reactions of Aldehydes and Ketones","1777383902227.8245","kx756pcpxzqnpspczvdzhdrvg985ptmw","1777383902227","1777383902227","19-3-reactions-of-aldehydes-and-ketones","{""blockIndex"":14,""chapterNumber"":19,""subjectSlug"":""chemistry-11""}","published",,"19.3 REACTIONS OF ALDEHYDES AND KETONES","ms7efkm226j3me2zyqzhgpmb4d85pw4d","1787212381597","6360",
"chemistry-11","19-carbonyl-compounds","Carbonyl Compounds","19-4-tests-used-to-distinguish-aldehydes-and-ketones","19.4 Tests Used to Distinguishing Aldehydes and Ketones","1777383903000.836","kx7bdqdtw8rt6r46da5x9e9jkd85qm2y","1777383903000","1777383903000","19-4-tests-used-to-distinguish-aldehydes-and-ketones","{""blockIndex"":50,""chapterNumber"":19,""subjectSlug"":""chemistry-11""}","published",,"19.4 Tests Used to Distinguishing Aldehydes and Ketones","ms785gz91gx713wq7dsgkqt4j585p53t","1787212381775","5672",
"chemistry-11","19-carbonyl-compounds","Carbonyl Compounds","19-5-carboxylic-acids","19.5 Definition and Structure","1777383903816.159","kx7cr80knydd9yj7rkkc6hfjps85pkxt","1777383903816","1777383903816","19-5-carboxylic-acids","{""blockIndex"":55,""chapterNumber"":19,""subjectSlug"":""chemistry-11""}","published",,"Definition and Structure","ms7b8s6d74g4vzc4d89p5jm4a585pabq","1787212381898","2877",
"chemistry-11","19-carbonyl-compounds","Carbonyl Compounds","19-6-preparation-of-carboxylic-acids","19.6 Preparation of Carboxylic Acids","1777383904591.8557","kx75713q9jqcwgtvhkqkt6dr2n85qtk7","1777383904591","1777383904591","19-6-preparation-of-carboxylic-acids","{""blockIndex"":58,""chapterNumber"":19,""subjectSlug"":""chemistry-11""}","published",,"19.6 Preparation of Carboxylic Acids","ms71jfkvs2s5qa75v9zxgyj25185qt02","1787212382022","4137",
"chemistry-11","19-carbonyl-compounds","Carbonyl Compounds","19-7-reactivity-of-carboxylic-acids","19.7 Reactivity of Carboxylic Acids","1777383905561.3613","kx75m18cw37pk9pvydfmjtb64d85pad5","1777383905561","1777383905561","19-7-reactivity-of-carboxylic-acids","{""blockIndex"":68,""chapterNumber"":19,""subjectSlug"":""chemistry-11""}","published",,"19.7 Reactivity of Carboxylic Acids","ms73dq2era4862eeygss0rr57585qyz3","1787212382148","5172",
"chemistry-11","19-carbonyl-compounds","Carbonyl Compounds","19-8-reactions-of-carboxylic-acids","19.8 Reactions of Carboxylic Acids","1777383906340.8809","kx700skpwn3gnhg4b3n8zhnxkh85ps1e","1777383906340","1777383906340","19-8-reactions-of-carboxylic-acids","{""blockIndex"":70,""chapterNumber"":19,""subjectSlug"":""chemistry-11""}","published",,"19.8 Reactions of Carboxylic Acids","ms7ekvxawpjqwqp42y0ft8neh185pds9","1787212382270","4318",
"chemistry-11","19-carbonyl-compounds","Carbonyl Compounds","19-9-hydrolysis-of-esters","19.9 Hydrolysis of Esters","1777383907180.0808","kx761vqs53qzafrkr25cr2g2vn85pf1a","1777383907180","1777383907180","19-9-hydrolysis-of-esters","{""blockIndex"":90,""chapterNumber"":19,""subjectSlug"":""chemistry-11""}","published",,"Hydrolysis of Esters","ms7f1q75geqzj7asykhx5k435d85p52t","1787212382381","2164",
"chemistry-11","20-nitrogen-compunds-amines","Nitrogen Compunds Amines","20-1-amines","20.1 Amines","1777383907986.459","kx7cq1hsfb44603f1mkrnd1deh85pad2","1777383907986","1777383907986","20-1-amines","{""blockIndex"":3,""chapterNumber"":20,""subjectSlug"":""chemistry-11""}","published",,"20.1 Amines","ms783hqrpkwf3zp7tcbnf9r31185pcy3","1787212388964","4346",
"chemistry-11","20-nitrogen-compunds-amines","Nitrogen Compunds Amines","20-2-physical-properties-of-amines","20.2 Physical Properties of Amines","1777383908794.8733","kx7f42ybwmbcq18jws4sgj4eq585p4zp","1777383908794","1777383908794","20-2-physical-properties-of-amines","{""blockIndex"":9,""chapterNumber"":20,""subjectSlug"":""chemistry-11""}","published",,"20.2 Physical Properties of Amines","ms79bf103j8dncssh6d9r7b2wd85q8tt","1787212389144","3439",
"chemistry-11","20-nitrogen-compunds-amines","Nitrogen Compunds Amines","20-3-preparation-of-amines","20.3 Preparation of Amines","1777383909573.3655","kx7ex4f5haajvr5jf14kpxna1x85p1bf","1777383909573","1777383909573","20-3-preparation-of-amines","{""blockIndex"":13,""chapterNumber"":20,""subjectSlug"":""chemistry-11""}","published",,"20.3 Preparation of Amines","ms769t9fvexq9abzn2fzjw8fth85qrct","1787212389261","4862",
"chemistry-11","20-nitrogen-compunds-amines","Nitrogen Compunds Amines","20-4-basicity-of-ammonia-and-methyl-amine","20.4 Basicity of Ammonia and Methylamine","1777383910624.3726","kx797n7ckb2fv34z1gb27yx1vs85pc4w","1777383910624","1777383910624","20-4-basicity-of-ammonia-and-methyl-amine","{""blockIndex"":23,""chapterNumber"":20,""subjectSlug"":""chemistry-11""}","published",,"20.4 Basicity of Ammonia and Methylamine","ms7ceezkfe6hm7sapkk6z4xjxd85pe4s","1787212389403","2215",
"chemistry-11","20-nitrogen-compunds-amines","Nitrogen Compunds Amines","20-5-reactions-of-amines","20.5 Reactions of Amines","1777383911420.6953","kx78aywsmv6v9jwrcjerd0ht7s85pf01","1777383911420","1777383911420","20-5-reactions-of-amines","{""blockIndex"":32,""chapterNumber"":20,""subjectSlug"":""chemistry-11""}","published",,"20.5 Reactions of Amines","ms75q8xr2d81wvy9ebw6w834vn85phsx","1787212389523","4217",
"chemistry-11","21-organic-synthesis","Organic Synthesis","21-1-important-organic-reactions","21.1 Important Organic Reactions","1777383912680.0466","kx7effn41dqpwzjww3q5j6yd8x85qyde","1777383912680","1777383912680","21-1-important-organic-reactions","{""blockIndex"":5,""chapterNumber"":21,""subjectSlug"":""chemistry-11""}","published",,"21.1 Important Organic Reactions","ms78bnp3j32w156g22d0nevjrn85qq7d","1787212389647","13796",
"chemistry-11","21-organic-synthesis","Organic Synthesis","21-2-key-regents-used-for-synthesis","21.2 Key Reagents and Functional Group Interconversions","1777383913476.3962","kx70pdndfgj9t4sh45yzpwapa985qedh","1777383913476","1777383913476","21-2-key-regents-used-for-synthesis","{""blockIndex"":71,""chapterNumber"":21,""subjectSlug"":""chemistry-11""}","published",,"Key Reagents and Functional Group Interconversions","ms76zr0pc5twwakycjwab3qya985qvs8","1788251601986","4635",
"chemistry-11","21-organic-synthesis","Organic Synthesis","21-3-retrosynthetic-analysis","21.3 Introduction to Retrosynthesis","1777383914433.478","kx799b76c6pej50np5kht6fnk585qef7","1777383914433","1777383914433","21-3-retrosynthetic-analysis","{""blockIndex"":78,""chapterNumber"":21,""subjectSlug"":""chemistry-11""}","published",,"Introduction to Retrosynthesis","ms7da8wjteb7xvngwat4epk80985pkz1","1787212389910","3809",
"chemistry-11","22-energy","Energy","22-1-origin-of-petroleum-and-natural-gas","22.1 Origin of Petroleum and Natural Gas","1777383915183.4075","kx7ew0y1dgjry06m6tyxxdg2k985pr9p","1777383915183","1777383915183","22-1-origin-of-petroleum-and-natural-gas","{""blockIndex"":4,""chapterNumber"":22,""subjectSlug"":""chemistry-11""}","published",,"22.1 Origin of Petroleum and Natural Gas","ms78f136hrc5dmhpc9sxyz3zj585pn21","1788251617784","3736",
"chemistry-11","22-energy","Energy","22-2-petrochemicals","22.2 Petrochemicals","1777383916042.1924","kx7b1e8zfz9hxkd9b2rj78wbk185qy00","1777383916042","1777383916042","22-2-petrochemicals","{""blockIndex"":14,""chapterNumber"":22,""subjectSlug"":""chemistry-11""}","published",,"22.2 Petrochemicals","ms73vyqgcb4ejm72by3c3w3p1h85p8xe","1788251616633","3921",
"chemistry-11","22-energy","Energy","22-3-energy-contents-of-fuel","22.3 Energy Contents of Fuel","1777383916859.3062","kx710cxpczq6dzm97kan2xrzx585qd7d","1777383916859","1777383916859","22-3-energy-contents-of-fuel","{""blockIndex"":27,""chapterNumber"":22,""subjectSlug"":""chemistry-11""}","published",,"22.3 Energy Contents of Fuel","ms77cmjewabjx8ec32dggeehkx85pbdg","1788068573800","8213",
"chemistry-12","01-ethics-and-values-in-chemistry","Ethics And Values In Chemistry","1-1-cognitive-biases-and-fallacies","1.1 Cognitive Biases and Fallacies","1777384215503.169","kx7bbjbkgtm3ctedtsvvhdsr6x85pkk0","1777384215503","1777384215503","1-1-cognitive-biases-and-fallacies","{""blockIndex"":4,""chapterNumber"":1,""subjectSlug"":""chemistry-12""}","published","Preserve the existing Chemistry 12 Chapter 1 note and add its verified textbook source anchor.","Cognitive Biases and Fallacies","ms7cbpeyrmwbzexf9y1q0cxq0n85pwq2","1787553964258","6404",
"chemistry-12","01-ethics-and-values-in-chemistry","Ethics And Values In Chemistry","1-2-ethical-considerations-in-the-production-and-use-of-chemical-substances","1.2 Ethical Considerations in the Production and Use of Chemical Substances","1777384216392.975","kx77f64nm90gkrjbyt6tnpmq4n85p649","1777384216393","1777384216393","1-2-ethical-considerations-in-the-production-and-use-of-chemical-substances","{""blockIndex"":19,""chapterNumber"":1,""subjectSlug"":""chemistry-12""}","published","Preserve the existing Chemistry 12 Chapter 1 note and add its verified textbook source anchor.","Ethical Considerations in the Production and Use of Chemical Substances","ms79vph8px2vtvy7w1507zqfnd85qwk1","1787553964379","5084",
"chemistry-12","01-ethics-and-values-in-chemistry","Ethics And Values In Chemistry","1-3-deconstructing-the-structure-of-a-scientific-argument","1.3 The Haber-Bosch Process: A Scientific Argument","1777384217194.3604","kx76j3hx7xjw2tm6t0rsantbvh85qdfb","1777384217194","1777384217194","1-3-deconstructing-the-structure-of-a-scientific-argument","{""blockIndex"":32,""chapterNumber"":1,""subjectSlug"":""chemistry-12""}","published","Preserve the existing Chemistry 12 Chapter 1 note and add its verified textbook source anchor.","The Haber-Bosch Process: A Scientific Argument ✅","ms7cpzncrb9gnek36k360y4wp985pw32","1787553964492","4176",
"chemistry-12","02-electrochemistry","Electrochemistry","2-1-oxidation-reduction-concepts","2.1 Oxidation-Reduction Concepts","1777384219982.1648","kx7bpf4hv73vm94rxt2qdbv99185pzte","1777384219982","1777384219982","2-1-oxidation-reduction-concepts","{""blockIndex"":5,""chapterNumber"":2,""subjectSlug"":""chemistry-12""}","published","Preserve the existing Chemistry 12 Chapter 2 note and add its verified textbook source anchor.","2.1 Oxidation-Reduction Concepts","ms768vdta49mwdmrfbk1rp2egn85pmdm","1787568864737","3167",
"chemistry-12","02-electrochemistry","Electrochemistry","2-2-balancing-of-equations","2.2 Balancing of Redox Equations","1777384220789.6277","kx7c008fdswt24fjbwphr00a5985qkrj","1777384220789","1777384220789","2-2-balancing-of-equations","{""blockIndex"":34,""chapterNumber"":2,""subjectSlug"":""chemistry-12""}","published","Preserve the existing Chemistry 12 Chapter 2 note and add its verified textbook source anchor.","2.2 Balancing of Redox Equations","ms74p2jqk2etjtjhq45gt3301585pakb","1787568862492","3934",
"chemistry-12","02-electrochemistry","Electrochemistry","2-3-oxidizing-and-reducing-agents","2.3 Oxidizing and Reducing Agents","1777384221573.5156","kx76ravw1417nxc67a287kbv0s85peqm","1777384221573","1777384221573","2-3-oxidizing-and-reducing-agents","{""blockIndex"":2,""chapterNumber"":2,""subjectSlug"":""chemistry-12""}","published","Preserve the existing Chemistry 12 Chapter 2 note and add its verified textbook source anchor.","2.3 Oxidizing and Reducing Agents","ms7d53h49earq5b54qebyxwje985qgzs","1787568862796","3172",
"chemistry-12","02-electrochemistry","Electrochemistry","2-4-electrode-electrode-potential-and-electrochemical-series","2.4 Electrode, Electrode Potential and Electrochemical Series","1777384222541.4207","kx70bz7e0nkagqx35y6qs9z6yd85pn0g","1777384222541","1777384222541","2-4-electrode-electrode-potential-and-electrochemical-series","{""blockIndex"":95,""chapterNumber"":2,""subjectSlug"":""chemistry-12""}","published","Preserve the existing Chemistry 12 Chapter 2 note and add its verified textbook source anchor.","2.4 Electrode, Electrode Potential and Electrochemical Series","ms7dmdn1gfmbah70jk7wcme9zd85qmpt","1787568863055","15803",
"chemistry-12","02-electrochemistry","Electrochemistry","2-5-nernst-equation","2.5 The Nernst Equation","1777384223394.8447","kx788fze58yyhzd97y94hcf3mh85q3x8","1777384223394","1777384223394","2-5-nernst-equation","{""blockIndex"":3,""chapterNumber"":2,""subjectSlug"":""chemistry-12""}","published","Preserve the existing Chemistry 12 Chapter 2 note and add its verified textbook source anchor.","The Nernst Equation","ms7ansjp383ha0b213bjmqvbj185q080","1787568865038","7423",
"chemistry-12","02-electrochemistry","Electrochemistry","2-6-electrochemical-series","2.6 Electrochemical Series","1777384224193.9827","kx79xkyg0n2bq775rzet6q9rx585p7yr","1777384224194","1777384224194","2-6-electrochemical-series","{""blockIndex"":95,""chapterNumber"":2,""subjectSlug"":""chemistry-12""}","published","Preserve the existing Chemistry 12 Chapter 2 note and add its verified textbook source anchor.","2.6 Electrochemical Series","ms78ez13h7cb6x401csbywgcps85qzfx","1787568863331","4746",
"chemistry-12","02-electrochemistry","Electrochemistry","2-7-the-relative-reactivity-of-species-as-oxidizing-agents-or-reducing-agents","2.7 Relative Reactivity as Oxidizing or Reducing Agents","1777384225113.9197","kx758p27g8vvfaqk9dbkafmn4585prxz","1777384225113","1777384225113","2-7-the-relative-reactivity-of-species-as-oxidizing-agents-or-reducing-agents","{""blockIndex"":3,""chapterNumber"":2,""subjectSlug"":""chemistry-12""}","published","Preserve the existing Chemistry 12 Chapter 2 note and add its verified textbook source anchor.","2.7 Relative Reactivity as Oxidizing or Reducing Agents","ms78ycqhzbxge11vqtgnv124fh85q33w","1787568865291","4489",
"chemistry-12","02-electrochemistry","Electrochemistry","2-8-types-of-electro-chemical-cells","2.8 Electrolytic Cells and Electrolysis","1777384225903.722","kx7ekv4gpyn3fbx0942b7sxns985pjqw","1777384225903","1777384225903","2-8-types-of-electro-chemical-cells","{""blockIndex"":275,""chapterNumber"":2,""subjectSlug"":""chemistry-12""}","published","Preserve the existing Chemistry 12 Chapter 2 note and add its verified textbook source anchor.","Electrolytic Cells and Electrolysis","ms72rwb2ax5ram5wta8d05b8mx85p9tg","1788251630155","10081",
"chemistry-12","02-electrochemistry","Electrochemistry","2-9-relation-between-the-faraday-constant-avogadro-constant-and-the-charge-on-the-electron","2.9 Relation Between the Faraday Constant, Avogadro Constant, and the Charge on the Electron","1777384227035.9282","kx70eq6nefva4f448qahyf32tn85phra","1777384227036","1777384227036","2-9-relation-between-the-faraday-constant-avogadro-constant-and-the-charge-on-the-electron","{""blockIndex"":220,""chapterNumber"":2,""subjectSlug"":""chemistry-12""}","published","Preserve the existing Chemistry 12 Chapter 2 note and add its verified textbook source anchor.","Relation Between the Faraday Constant, Avogadro Constant, and the Charge on the Electron","ms755yvr4cj50jyc4p167abyzx85pgm5","1787568863603","5977",
"chemistry-12","02-electrochemistry","Electrochemistry","2-10-experimental-determination-of-avogadro-constant-by-electrolytic-method","2.10 Experimental Determination of Avogadro Constant By Electrolytic Method","1777384217998.0537","kx7fn8wq2vdd7685j9nypw37yh85qr7v","1777384217998","1777384217998","2-10-experimental-determination-of-avogadro-constant-by-electrolytic-method","{""blockIndex"":254,""chapterNumber"":2,""subjectSlug"":""chemistry-12""}","published","Preserve the existing Chemistry 12 Chapter 2 note and add its verified textbook source anchor.","2.10 Experimental Determination of Avogadro Constant By Electrolytic Method","ms7canj3wgwvwdk8j4je39x8vx85pejh","1787568863860","7302",
"chemistry-12","02-electrochemistry","Electrochemistry","2-11-winkler-method-for-biological-oxygen-demand","2.11 Winkler Method for Biological Oxygen Demand","1777384218900.6968","kx7azpc86bsq6tc9hk3g3vhsf185p981","1777384218900","1777384218900","2-11-winkler-method-for-biological-oxygen-demand","{""blockIndex"":263,""chapterNumber"":2,""subjectSlug"":""chemistry-12""}","published","Preserve the existing Chemistry 12 Chapter 2 note and add its verified textbook source anchor.","2.11 Winkler Method for Biological Oxygen Demand","ms78d5rwv58hwcdm2p4ct5vt1d85p2ws","1787568864129","7250",
"chemistry-12","03-chemical-equilibria","Chemical Equilibria","3-1-strength-of-acids-and-bases","3.1 Strength of Acids and Bases","1777384227982.9016","kx739z6bknk1sjbkmsmtc5c7kn85qq4y","1777384227983","1777384227983","3-1-strength-of-acids-and-bases","{""blockIndex"":3,""chapterNumber"":3,""subjectSlug"":""chemistry-12""}","published","Preserve the existing Chemistry 12 Chapter 3 note and add its verified textbook source anchor.","3.1 Strength of Acids and Bases","ms79kwpy1dj76eg5fwr4xfmk0985pybw","1787568871023","2596",
"chemistry-12","03-chemical-equilibria","Chemical Equilibria","3-2-buffer-solutions-and-their-applications","3.2 Buffer Solutions and their Applications","1777384229033.0405","kx7aj0b6yst9z3j9zqtaq43w9h85pz54","1777384229033","1777384229033","3-2-buffer-solutions-and-their-applications","{""blockIndex"":37,""chapterNumber"":3,""subjectSlug"":""chemistry-12""}","published","Preserve the existing Chemistry 12 Chapter 3 note and add its verified textbook source anchor.","3.2 Buffer Solutions and their Applications","ms788x3g3vfzm997addf060d8585pkd7","1787568871252","9577",
"chemistry-12","03-chemical-equilibria","Chemical Equilibria","3-3-solubility-product-and-precipitation-reactions","3.3 Solubility Product and Precipitation Reactions","1777384229911.2593","kx7d8w6jm4j7hrwvwq6y97vee185pz1q","1777384229911","1777384229911","3-3-solubility-product-and-precipitation-reactions","{""blockIndex"":79,""chapterNumber"":3,""subjectSlug"":""chemistry-12""}","published","Preserve the existing Chemistry 12 Chapter 3 note and add its verified textbook source anchor.","3.3 Solubility Product and Precipitation Reactions","ms70925w8z1byszzx5mpng4tz985p9fk","1787568871485","5750",
"chemistry-12","03-chemical-equilibria","Chemical Equilibria","3-4-common-ion-effect","3.4 Common Ion Effect","1777384230814.0776","kx7bty1y57mvcexjnmz6bm3r7x85q5rv","1777384230814","1777384230814","3-4-common-ion-effect","{""blockIndex"":103,""chapterNumber"":3,""subjectSlug"":""chemistry-12""}","published","Preserve the existing Chemistry 12 Chapter 3 note and add its verified textbook source anchor.","3.4 Common Ion Effect","ms7dst22jsemchzjspqzsnjhrx85pzfd","1787568871768","7140",
"chemistry-12","03-chemical-equilibria","Chemical Equilibria","3-5-the-partition-coefficient","3.5 The Partition Coefficient and Distribution Law","1777384231638.933","kx7988d5dqqqq42062wfpf75md85pg45","1777384231639","1777384231639","3-5-the-partition-coefficient","{""blockIndex"":118,""chapterNumber"":3,""subjectSlug"":""chemistry-12""}","published","Preserve the existing Chemistry 12 Chapter 3 note and add its verified textbook source anchor.","The Partition Coefficient and Distribution Law","ms753qvx6pzchhd5qkf1r6q6ys85p78j","1787568871988","8783",
"chemistry-12","04-acid-base-chemistry","Acid Base Chemistry","4-1-the-ph","4.1 Introduction to pH","1777384232698.3635","kx78csy1h97jgyvjqbr7p0q3zh85pejr","1777384232698","1777384232698","4-1-the-ph","{""blockIndex"":3,""chapterNumber"":4,""subjectSlug"":""chemistry-12""}","published","Preserve the existing Chemistry 12 Chapter 4 note and add its verified textbook source anchor.","1. Introduction to pH","ms7cm991mnmd7w3g31w0zv29gh85phxy","1787568875216","4199",
"chemistry-12","04-acid-base-chemistry","Acid Base Chemistry","4-2-the-ph-scale","4.2 The pH Scale","1777384233485.6992","kx7bv3svynbcpcdgrqg5b2vs8n85ppdy","1777384233485","1777384233485","4-2-the-ph-scale","{""blockIndex"":13,""chapterNumber"":4,""subjectSlug"":""chemistry-12""}","published","Preserve the existing Chemistry 12 Chapter 4 note and add its verified textbook source anchor.","4.2 The pH Scale","ms72kpb9tp4kd4eywjdb6m3mhh85q3kd","1788251606439","4683",
"chemistry-12","04-acid-base-chemistry","Acid Base Chemistry","4-3-ionic-product-of-water-and-calculation-of-mathbf-p-h-and-mathbf-p-o-h","4.3 Ionic Product of Water and Calculation of pH and pOH","1777384234332.0752","kx7b9bynaw7x740tkb6g40w5xs85q4mw","1777384234332","1777384234332","4-3-ionic-product-of-water-and-calculation-of-mathbf-p-h-and-mathbf-p-o-h","{""blockIndex"":23,""chapterNumber"":4,""subjectSlug"":""chemistry-12""}","published","Preserve the existing Chemistry 12 Chapter 4 note and add its verified textbook source anchor.","Ionic Product of Water and Calculation of pH and pOH","ms70fx0jf90yefk5wxpz04seqd85pcec","1787568875606","6598",
"chemistry-12","04-acid-base-chemistry","Acid Base Chemistry","4-4-ph-titration-curves","4.4 pH Titration Curves","1777384235156.235","kx74g5tv5xavpygzwfk2dm12rs85qmcx","1777384235156","1777384235156","4-4-ph-titration-curves","{""blockIndex"":50,""chapterNumber"":4,""subjectSlug"":""chemistry-12""}","published","Preserve the existing Chemistry 12 Chapter 4 note and add its verified textbook source anchor.","4.4 pH Titration Curves","ms731e1kcbxsgq00j7vyfmjy6985qq10","1787568875795","8941",
"chemistry-12","05-group-2-elements","Group 2 Elements","5-1-general-trends-of-physical-properties-and-chemical-reactivity-of-group-2-elements","5.1 Group 2 Elements: General Trends in Physical Properties and Chemical Reactivity","1777384236079.851","kx72kzds8yxezpcsdgybkt9gh985qqcg","1777384236079","1777384236079","5-1-general-trends-of-physical-properties-and-chemical-reactivity-of-group-2-elements","{""blockIndex"":6,""chapterNumber"":5,""subjectSlug"":""chemistry-12""}","published","Preserve the existing Chemistry 12 Chapter 5 note and add its verified textbook source anchor.","Group 2 Elements: General Trends in Physical Properties and Chemical Reactivity","ms7d70n7c9kg51esn1gerzscjh85qxyb","1788216263347","6435",
"chemistry-12","05-group-2-elements","Group 2 Elements","5-2-trends-in-chemical-reactivity-with-oxygen-water-and-dilute-acids","5.2 Reactivity with Oxygen, Water and Dilute Acids","1777384236941.2793","kx7fyjvmpccbb2x3ms35axysg185p5bt","1777384236941","1777384236941","5-2-trends-in-chemical-reactivity-with-oxygen-water-and-dilute-acids","{""blockIndex"":21,""chapterNumber"":5,""subjectSlug"":""chemistry-12""}","published","Preserve the existing Chemistry 12 Chapter 5 note and add its verified textbook source anchor.","5.2 Reactivity with Oxygen, Water and Dilute Acids","ms75w1mwsdp28600t0qxgv9vtn85pspq","1787568878982","4196",
"chemistry-12","05-group-2-elements","Group 2 Elements","5-3-comparison-of-reactivity-of-group-1-and-group-2-element","5.3 Comparison of Reactivity: Group 1 (Alkali Metals) vs. Group 2 (Alkaline Earth Metals)","1777384237743.0884","kx74kyb3h5d41erc5t67qwd9n985q80c","1777384237743","1777384237743","5-3-comparison-of-reactivity-of-group-1-and-group-2-element","{""blockIndex"":45,""chapterNumber"":5,""subjectSlug"":""chemistry-12""}","published","Preserve the existing Chemistry 12 Chapter 5 note and add its verified textbook source anchor.","5.3 Comparison of Reactivity: Group 1 (Alkali Metals) vs. Group 2 (Alkaline Earth Metals)","ms7dfcgrdkj9nbn9bgd0j7hstn85pb2f","1787571818762","3632",
"chemistry-12","05-group-2-elements","Group 2 Elements","5-4-uses-of-group-2-compounds","5.4 Group 2 Compounds: Uses and Thermal Decomposition","1777384238901.0115","kx76c12fyvdpge7ravd8nvt08x85qtp9","1777384238901","1777384238901","5-4-uses-of-group-2-compounds","{""blockIndex"":60,""chapterNumber"":5,""subjectSlug"":""chemistry-12""}","published","Preserve the existing Chemistry 12 Chapter 5 note and add its verified textbook source anchor.","Group 2 Compounds: Uses and Thermal Decomposition","ms73n07cjrwambdp0zebrk72jd85p07j","1787568879381","10035",
"chemistry-12","05-group-2-elements","Group 2 Elements","5-5-trends-in-solubility-of-the-group-2-hydroxides-and-sulphate","5.5 Solubility Trends of Group 2 Hydroxides and Sulphates","1777384239764.6013","kx78mb9nvbceprcq92jtg5625985qbm1","1777384239764","1777384239764","5-5-trends-in-solubility-of-the-group-2-hydroxides-and-sulphate","{""blockIndex"":81,""chapterNumber"":5,""subjectSlug"":""chemistry-12""}","published","Preserve the existing Chemistry 12 Chapter 5 note and add its verified textbook source anchor.","5.5 Solubility Trends of Group 2 Hydroxides and Sulphates","ms7af53wbvdem3ev21917ntpbs85pr6f","1787568880093","3340",
"chemistry-12","05-group-2-elements","Group 2 Elements","5-6-complexes-of-the-alkaline-earth-metals","5.6 Introduction: General Tendency to Form Complexes","1777384240795.0667","kx7cq0kghx7ye915k08xqc3rzs85p381","1777384240795","1777384240795","5-6-complexes-of-the-alkaline-earth-metals","{""blockIndex"":105,""chapterNumber"":5,""subjectSlug"":""chemistry-12""}","published","Preserve the existing Chemistry 12 Chapter 5 note and add its verified textbook source anchor.","Introduction: General Tendency to Form Complexes","ms7ene3gdgx7663f27vzv9r9sd85qmar","1788216263516","5110",
"chemistry-12","05-group-2-elements","Group 2 Elements","5-7-extraction-and-purification-process-of-group-2-elements-and-their-compound-s","5.7 Extraction and Purification of Group 2 Elements","1777384241598.5088","kx70af4g71w9fxsgfefnavt1kn85q4wb","1777384241598","1777384241598","5-7-extraction-and-purification-process-of-group-2-elements-and-their-compound-s","{""blockIndex"":109,""chapterNumber"":5,""subjectSlug"":""chemistry-12""}","published","Preserve the existing Chemistry 12 Chapter 5 note and add its verified textbook source anchor.","Extraction and Purification of Group 2 Elements","ms7dwpdy0c5qkdjkpj5axwc8ks85p9ty","1787568879822","4406",
"chemistry-12","06-the-transition-metals","The Transition Metals","6-1-electron-configurations-of-the-d-block-elements","6.1 Electron Configurations of d-block Elements","1777384242520.2815","kx7azvhngjaghp0r5ytdwe56p585qjya","1777384242520","1777384242520","6-1-electron-configurations-of-the-d-block-elements",,"published","Anchor the existing Electron Configurations of d-block Elements note to its canonical Chapter 6 textbook source.","Electron Configurations of d-block Elements","ms78m9wvn05mnmdfxg7qt9ck5585qgft","1787568881184","3785",
"chemistry-12","06-the-transition-metals","The Transition Metals","6-2-properties-of-transition-elements","6.2 Properties of Transition Elements","1777384243506.0862","kx7ae02xhf1qhjwg5d5vg4xgwd85q4dk","1777384243506","1777384243506","6-2-properties-of-transition-elements",,"published","Anchor the existing 6.2 Properties of Transition Elements note to its canonical Chapter 6 textbook source.","6.2 Properties of Transition Elements","ms70kf7wcpra5qysdzh7kt29yx85qgfc","1788254804263","15968",
"chemistry-12","06-the-transition-metals","The Transition Metals","6-3-formation-of-complex-compounds","6.3 Formation of Complex Compounds","1777384246074.1594","kx71607axyf33bxhfr7kzqywa185q2mp","1777384246074","1777384246074","6-3-formation-of-complex-compounds",,"published","Anchor the existing 6.3 Formation of Complex Compounds note to its canonical Chapter 6 textbook source.","6.3 Formation of Complex Compounds","ms7dvn25g1pg2j2hz3f3pr1n5h85qvmk","1787568883648","15126",
"chemistry-12","06-the-transition-metals","The Transition Metals","6-3-3-coloured-complexes","6.3.3 Coloured Complexes","1777384244870.9146","kx767qf6pwek0rwx6mw2z2at8585q0ja","1777384244870","1777384244870","6-3-3-coloured-complexes",,"published","Anchor the existing 6.3.3 Coloured Complexes note to its canonical Chapter 6 textbook source.","6.3.3 Coloured Complexes","ms7d2yenw7b7hygp4aw80rzcts85pz02","1788254805743","9892",
"chemistry-12","06-the-transition-metals","The Transition Metals","6-4-ligand-substitution-reactions","6.4 Ligand Substitution Reactions","1777384246987.583","kx73y8mgx03te27f4ba2pyzdmd85pgg7","1777384246987","1777384246987","6-4-ligand-substitution-reactions",,"published","Anchor the existing 6.4 Ligand Substitution Reactions note to its canonical Chapter 6 textbook source.","6.4 Ligand Substitution Reactions","ms743w90pn1xv5z91x310xqywn85p136","1787568881979","4125",
"chemistry-12","06-the-transition-metals","The Transition Metals","6-5-redox-reactions","6.5 Redox Reactions","1777384247762.2642","kx73mphzap3sw40em3315mq9y585p9x3","1777384247762","1777384247762","6-5-redox-reactions",,"published","Anchor the existing 6.5 Redox Reactions note to its canonical Chapter 6 textbook source.","6.5 Redox Reactions","ms71hm0m2q5pkjnmkx4s20bte585qhwa","1787568882221","5019",
"chemistry-12","06-the-transition-metals","The Transition Metals","6-6-stereoisomerism-in-coordination-compounds","6.6 Stereoisomerism in Coordination Compounds","1777384248513.1626","kx7ekc4t13waa6a248n332vt3n85ptk0","1777384248513","1777384248513","6-6-stereoisomerism-in-coordination-compounds",,"published","Anchor the existing 6.6 Stereoisomerism in Coordination Compounds note to its canonical Chapter 6 textbook source.","6.6 Stereoisomerism in Coordination Compounds","ms7ehz1agkmbsmm8zp4fv428wd85pv1g","1788216246113","5481",
"chemistry-12","07-organic-chemistry","Organic Chemistry","7-1-1-stereoisomerism","7.1.1 Stereoisomerism","1777384249279.3184","kx70n6h421qws96xw08ywh33qs85pw0f","1777384249279","1777384249279","7-1-1-stereoisomerism",,"published","Anchor the existing 7.1.1 Stereoisomerism note to its canonical Chapter 7 textbook source.","7.1.1 Stereoisomerism","ms797p8gk9s64dhd18qy8bhgz585pr1f","1787568888453","6330",
"chemistry-12","07-organic-chemistry","Organic Chemistry","7-1-2-optical-isomerism","7.1.2 Optical Isomerism and Chirality in Organic Chemistry","1777384250343.0532","kx75tah0zf1ah0ph1e3jt7r2j185pst3","1777384250343","1777384250343","7-1-2-optical-isomerism",,"published","Anchor the existing Optical Isomerism and Chirality in Organic Chemistry note to its canonical Chapter 7 textbook source.","Optical Isomerism and Chirality in Organic Chemistry","ms7906bp31jqbfadfnyh8zrrs185p9yg","1788216246298","6558",
"chemistry-12","07-organic-chemistry","Organic Chemistry","7-1-3-properties-of-optical-isomers","7.1.3 Introduction to Optical Isomers","1777384251296.9958","kx7e2z31vnbq53b6rkw6j1dy8x85p7m8","1777384251297","1777384251297","7-1-3-properties-of-optical-isomers",,"published","Anchor the existing Introduction to Optical Isomers note to its canonical Chapter 7 textbook source.","1. Introduction to Optical Isomers","ms7akw61bpfty0hjn45fn7qtnh85qjfq","1788216263678","5082",
"chemistry-12","07-organic-chemistry","Organic Chemistry","7-2-1-separation-of-racemic-mixture-of-thalidomide","7.2.1 Separation of Racemic Mixture of Thalidomide","1777384252310.3564","kx77bm3vrxyxadfd9s1vrc8e7n85pq57","1777384252310","1777384252310","7-2-1-separation-of-racemic-mixture-of-thalidomide",,"published","Anchor the existing Separation of Racemic Mixture of Thalidomide note to its canonical Chapter 7 textbook source.","7.2.1 Separation of Racemic Mixture of Thalidomide","ms7c19t4kjjam0nmheq17pqqkx85q9hf","1787568889088","4555",
"chemistry-12","08-hydrocarbons","Hydrocarbons","8-1-nomenclature-of-benzene","8.1 Nomenclature of Benzene","1777384253194.7727","kx7az5v0e9jbcznvc9749awhws85p6a2","1777384253194","1777384253194","8-1-nomenclature-of-benzene",,"published","Anchor the existing Nomenclature of Benzene note to its canonical Chapter 8 textbook source.","Nomenclature of Benzene","ms761cp22xmqw2ynym779ccyn985qgfr","1787568891030","4795",
"chemistry-12","08-hydrocarbons","Hydrocarbons","8-2-the-structure-of-benzene","8.2 The Structure of Benzene","1777384253974.5403","kx76pzj4210cmq2hw8emqcr4gs85p4ye","1777384253974","1777384253974","8-2-the-structure-of-benzene",,"published","Anchor the existing The Structure of Benzene note to its canonical Chapter 8 textbook source.","8.2 The Structure of Benzene","ms77xmbhx9yzrb3pgb2dnycq8h85pp0z","1788251605528","10015",
"chemistry-12","08-hydrocarbons","Hydrocarbons","8-3-reactivity-of-benzene","8.3 Reactivity of Benzene: Substitution, Addition, and Oxidation Reactions","1777384255105.3315","kx7azagp23dmyec7zktp6vd25x85q4zy","1777384255105","1777384255105","8-3-reactivity-of-benzene",,"published","Anchor the existing Reactivity of Benzene note to its canonical Chapter 8 textbook source.","Reactivity of Benzene: Substitution, Addition, and Oxidation Reactions","ms74y2eswyadnc0gppyspj5rbh85pkkm","1788216246492","14228",
"chemistry-12","08-hydrocarbons","Hydrocarbons","8-4-electrophilic-aromatic-substitution-in-substituted-arenes","8.4 Electrophilic Substitution in Substituted Arenes","1777384255909.002","kx7ca8w2e2et8thnhj46e338z585pehj","1777384255909","1777384255909","8-4-electrophilic-aromatic-substitution-in-substituted-arenes",,"published","Anchor the existing Electrophilic Substitution in Substituted Arenes note to its canonical Chapter 8 textbook source.","8.4 Electrophilic Substitution in Substituted Arenes","ms7ehex8t9fwaexrxe3j6m5n1985pxsj","1787568891634","4739",
"chemistry-12","09-halogenoalkanes","Halogenoalkanes","9-1-preparations-of-halogenoarenes","9.1 Preparation of Halogenoarenes","1777384256680.3071","kx79ra4f9nawewf4naganev84s85qsm6","1777384256680","1777384256680","9-1-preparations-of-halogenoarenes",,"published","Anchor the existing Preparation of Halogenoarenes note to its canonical Chapter 9 textbook source.","9.1 Preparation of Halogenoarenes","ms7579mdtb9nb3s7k88sfdk21585pe51","1787569119845","4103",
"chemistry-12","09-halogenoalkanes","Halogenoalkanes","9-2-reactivity-of-halogenoalkanes","9.2 Reactivity of Halogenoalkanes","1777384257480.095","kx767dw2my1cgcr3h2fx79yg6x85p0tk","1777384257480","1777384257480","9-2-reactivity-of-halogenoalkanes",,"published","Anchor the existing Reactivity of Halogenoalkanes note to its canonical Chapter 9 textbook source.","Reactivity of Halogenoalkanes","ms78528x4nzpa9s2wc036keb3s85pse7","1788216263851","6235",
"chemistry-12","09-halogenoalkanes","Halogenoalkanes","9-3-1-nucleophilic-substitution-sn-reactions-of-alkyl-halides","9.3.1 Nucleophilic Substitution (S$_N$) Reactions of Alkyl Halides","1777384258441.6333","kx760ktx30v43x9hk61q0vwc7s85p7qp","1777384258441","1777384258441","9-3-1-nucleophilic-substitution-sn-reactions-of-alkyl-halides",,"published","Anchor the existing Nucleophilic Substitution Reactions of Alkyl Halides note to its canonical Chapter 9 textbook source.","Nucleophilic Substitution (S$_N$) Reactions of Alkyl Halides","ms70kj5mkbc00mt54sxz74hymd85pdcc","1788216264028","7127",
"chemistry-12","09-halogenoalkanes","Halogenoalkanes","9-6-alkyl-halides-and-retrosynthesis","9.6 Alkyl Halides as Synthetic Intermediates","1777384259407.1833","kx79adje6eej9mtex12tw55nr585pat2","1777384259407","1777384259407","9-6-alkyl-halides-and-retrosynthesis",,"published","Anchor the existing Alkyl Halides as Synthetic Intermediates note to its canonical Chapter 9 textbook source.","9.6 Alkyl Halides as Synthetic Intermediates","ms7fmwb546vzsk8aasbz68fp6985p0z1","1787569120425","4280",
"chemistry-12","10-hydroxy-compounds","Hydroxy Compounds","10-1-preparation-of-esters","10.1 Preparation of Esters","1777384260184.4045","kx7a570nbq3m2k2m56r04hpg8n85p9gp","1777384260184","1777384260184","10-1-preparation-of-esters",,"published","Anchor the existing Preparation of Esters note to its canonical Chapter 10 textbook source.","10.1 Preparation of Esters","ms73ac7y0pbwcp14qr80bejs7985p04p","1787570009885","3137",
"chemistry-12","10-hydroxy-compounds","Hydroxy Compounds","10-2-preparation-of-phenol","10.2 Preparation of Phenol","1777384260985.3936","kx7fjd5wp4m4d3b1ekrph9yar585q3at","1777384260985","1777384260985","10-2-preparation-of-phenol",,"published","Anchor the existing Preparation of Phenol note to its canonical Chapter 10 textbook source.","10.2 Preparation of Phenol","ms730x1eq07kcnj8e724xvdtm985qp4e","1788216264195","3560",
"chemistry-12","10-hydroxy-compounds","Hydroxy Compounds","10-3-acidity-of-water-phenol-and-ethanol","10.3 Acidity of Water, Phenol, and Ethanol","1777384262230.2087","kx7cd52asyc5nzehbhwdk5k8s585pftj","1777384262230","1777384262230","10-3-acidity-of-water-phenol-and-ethanol",,"published","Anchor the existing Acidity of Water, Phenol, and Ethanol note to its canonical Chapter 10 textbook source.","Acidity of Water, Phenol, and Ethanol","ms7bq7ny1qtwx7g64mj8at79vs85p9rm","1787570010313","5754",
"chemistry-12","11-carbonyl-compounds","Carbonyl Compounds","11-1-acidity","11.1 Acidity of Carboxylic Acids","1777384263182.764","kx700b1nc8arfp1zja4p56266585q6ks","1777384263182","1777384263182","11-1-acidity",,"published","Anchor the existing Acidity of Carboxylic Acids note to its canonical Chapter 11 textbook source.","11.1 Acidity of Carboxylic Acids","ms79th4mbdxdzfbegm31deb1ex85p9a1","1787570016179","4376",
"chemistry-12","11-carbonyl-compounds","Carbonyl Compounds","11-2-preparation-of-benzoic-acids","11.2 Preparation of Benzoic Acid and Further Oxidation of Carboxylic Acids","1777384263980.8237","kx7bskvwgjv3nz4sp84zdcts7585q7gm","1777384263980","1777384263980","11-2-preparation-of-benzoic-acids",,"published","Anchor the existing Preparation of Benzoic Acid note to its canonical Chapter 11 textbook source.","11.2 Preparation of Benzoic Acid and Further Oxidation of Carboxylic Acids","ms73y5m0mrxfcns73ftpnqga0x85pc96","1787570016389","3378",
"chemistry-12","11-carbonyl-compounds","Carbonyl Compounds","11-3-reactivity","11.3 Reactivity","1777384264872.6238","kx72mcknxmtz3mxqqk6cwvpx9d85qwmv","1777384264872","1777384264872","11-3-reactivity",,"published","Anchor the existing Reactivity note to its canonical Chapter 11 textbook source.","11.3 Reactivity","ms730x18wcn8hgqqpsdz9b00g985qv1j","1787570016605","2975",
"chemistry-12","11-carbonyl-compounds","Carbonyl Compounds","11-4-reactions-of-carboxylic-acids","11.4 Reactions and Acidity of Carboxylic Acids","1777384265698.3394","kx75k2wqxdtdhx7k92sf5my24h85qnk5","1777384265698","1777384265698","11-4-reactions-of-carboxylic-acids",,"published","Anchor the existing Reactions and Acidity of Carboxylic Acids note to its canonical Chapter 11 textbook source.","Reactions and Acidity of Carboxylic Acids","ms766ksye0wh50ykmrtxwm6qmd85p8v1","1787570016807","6797",
"chemistry-12","11-carbonyl-compounds","Carbonyl Compounds","11-5-reaction-of-acyl-chlorides","11.5 Reactions of Acyl Chlorides","1777384266525.8186","kx7azhdzqw7sk8ksxdd8mwvc9d85phnd","1777384266525","1777384266525","11-5-reaction-of-acyl-chlorides",,"published","Anchor the existing Reactions of Acyl Chlorides note to its canonical Chapter 11 textbook source.","Reactions of Acyl Chlorides","ms7dce3rc8kaf73158vcvgsb9985qdke","1788216246686","8326",
"chemistry-12","12-nitrogen-compounds","Nitrogen Compounds","12-1-preparation-of-amines","12.1 Preparation of Amines","1777384267318.2998","kx74sk842brcw0q1bvsmkh5hxh85przt","1777384267318","1777384267318","12-1-preparation-of-amines",,"published","Anchor the existing Preparation of Amines note to its canonical Chapter 12 textbook source.","12.1 Preparation of Amines","ms7bnvctxgrnmnf98c0taf98k585pz06","1787571287780","5001",
"chemistry-12","12-nitrogen-compounds","Nitrogen Compounds","12-2-basicity-of-amines","12.2 Basicity of Amines","1777384268164.2004","kx75wv3k0pc5hk0qtv3kkbf9mx85qg1p","1777384268164","1777384268164","12-2-basicity-of-amines",,"published","Anchor the existing Basicity of Amines note to its canonical Chapter 12 textbook source.","Basicity of Amines","ms73qcbtv8x18vbgf616fe44ys85q7nj","1787571288075","4889",
"chemistry-12","12-nitrogen-compounds","Nitrogen Compounds","12-3-formation-of-nitriles","12.3 Formation of Nitriles","1777384268942.2905","kx7dycn4ve361pn0tpy72ek8ts85p0me","1777384268942","1777384268942","12-3-formation-of-nitriles",,"published","Anchor the existing Formation of Nitriles note to its canonical Chapter 12 textbook source.","12.3 Formation of Nitriles","ms7ckdspv6ad7wdf9w669savfs85qchc","1788216246870","2945",
"chemistry-12","12-nitrogen-compounds","Nitrogen Compounds","12-4-hydrolysis-of-nitriles","12.4 Hydrolysis of Nitriles","1777384269807.297","kx74xr84rj62cz6z7bs5pd39vx85q7t8","1777384269807","1777384269807","12-4-hydrolysis-of-nitriles",,"published","Anchor the existing Hydrolysis of Nitriles note to its canonical Chapter 12 textbook source.","Hydrolysis of Nitriles","ms7c68q4c5abv3mam8j814cxq585p7tx","1787571288549","2983",
"chemistry-12","12-nitrogen-compounds","Nitrogen Compounds","12-5-phenylamine-and-azo-compounds","12.5 Phenylamine and Azo Compounds","1777384270735.4272","kx75qqj9f8zfnsbvpdx153q6d985pj8t","1777384270735","1777384270735","12-5-phenylamine-and-azo-compounds",,"published","Anchor the existing Phenylamine and Azo Compounds note to its canonical Chapter 12 textbook source.","12.5 Phenylamine and Azo Compounds","ms7ems2pm9j5vwfrrxr4rybk0585qztc","1787571288776","2859",
"chemistry-12","12-nitrogen-compounds","Nitrogen Compounds","12-6-reactions-of-benzene-diazonium-chloride","12.6 Reactions of Benzene Diazonium Chloride","1777384271491.864","kx7248xz0kzq542rqb7spfw6m185q0ga","1777384271491","1777384271491","12-6-reactions-of-benzene-diazonium-chloride",,"published","Anchor the existing Reactions of Benzene Diazonium Chloride note to its canonical Chapter 12 textbook source.","12.6 Reactions of Benzene Diazonium Chloride","ms75ntvv2eht7tarky5m0kyqas85qqzg","1787571289018","3513",
"chemistry-12","12-nitrogen-compounds","Nitrogen Compounds","12-7-preparation-of-amides","12.7 Preparation and Reactions of Amides","1777384272310.2346","kx7ey7jkdy5qh6d8w7j2ry3qms85pc9p","1777384272310","1777384272310","12-7-preparation-of-amides",,"published","Anchor the existing Preparation and Reactions of Amides note to its canonical Chapter 12 textbook source.","12.7 Preparation and Reactions of Amides","ms7d26591qwf738x85dk7y5n1185pnt7","1787571289299","5433",
"chemistry-12","12-nitrogen-compounds","Nitrogen Compounds","12-8-amino-acids","12.8 Amino Acids","1777384273092.473","kx76m9zvb2cc2sf367f3qqz4rd85qvft","1777384273092","1777384273092","12-8-amino-acids",,"published","Anchor the existing Amino Acids note to its canonical Chapter 12 textbook source.","12.8 Amino Acids","ms72wykqx0hsc0sqj9zt85xymd85qhkx","1787571289534","4269",
"chemistry-12","13-polymers","Polymers","13-1-synthetic-polymers","13.1 Introduction to Polymers","1777384273896.6543","kx7b58wwxk0z2k4trv31kjb8x585qk69","1777384273896","1777384273896","13-1-synthetic-polymers",,"published","Preserve the canonical 1. Introduction to Polymers note while registering its exact Chapter 13 corpus anchor.","1. Introduction to Polymers","ms7b56z11s447731d6nxbbbe3h85q0sg","1788216247048","3143",
"chemistry-12","13-polymers","Polymers","13-2-classification-of-polymers","13.2 Classification of Polymers","1777384275000.9421","kx74z3xbb85fr0wgkqyj9t8t1s85qryr","1777384275001","1777384275001","13-2-classification-of-polymers",,"published","Preserve the canonical 13.2 Classification of Polymers note while registering its exact Chapter 13 corpus anchor.","13.2 Classification of Polymers","ms7fcg88zfzd3yxb5sbq487ng185qpjr","1787571292480","3159",
"chemistry-12","13-polymers","Polymers","13-4-biodegradable-and-non-biodegradable-polymers","13.4 Biodegradable and Non-biodegradable Polymers","1777384275784.512","kx7e2h3k5779v01xg5sj3srndx85p0b5","1777384275784","1777384275784","13-4-biodegradable-and-non-biodegradable-polymers",,"published","Preserve the canonical 13.4 Biodegradable and Non-biodegradable Polymers note while registering its exact Chapter 13 corpus anchor.","13.4 Biodegradable and Non-biodegradable Polymers","ms7eeb9a51tg1h442cx5ksvgx585qa26","1787571292757","4053",
"chemistry-12","13-polymers","Polymers","13-5-polymer-hydrolysis","13.5 Polymer Hydrolysis","1777384276572.4434","kx73ehev0jgr5dsk8xz2ntb0fh85qd1t","1777384276572","1777384276572","13-5-polymer-hydrolysis",,"published","Preserve the canonical 13.5 Polymer Hydrolysis note while registering its exact Chapter 13 corpus anchor.","13.5 Polymer Hydrolysis","ms7c4x1hc0rha1fys4x85zf88d85pq76","1787571293022","4282",
"chemistry-12","13-polymers","Polymers","13-6-artificial-organs","13.6 Artificial Organs","1777384277367.063","kx7ej03w0dmqb73zfyk1kbh9w985qw10","1777384277367","1777384277367","13-6-artificial-organs",,"published","Preserve the canonical Artificial Organs note while registering its exact Chapter 13 corpus anchor.","Artificial Organs","ms75xrryyt21p6es4ykchrwvsh85ps69","1787571293298","3470",
"chemistry-12","13-polymers","Polymers","13-7-importance-of-chemical-industries","13.7 The Importance of Chemical Industries in Pakistan","1777384278604.5986","kx7ba53fqsrhvpb0wxtmwr218s85qsq5","1777384278604","1777384278604","13-7-importance-of-chemical-industries",,"published","Preserve the canonical The Importance of Chemical Industries in Pakistan note while registering its exact Chapter 13 corpus anchor.","The Importance of Chemical Industries in Pakistan","ms7djsaw3y3jx004c0aq8b6ssh85pjtc","1787571293570","3624",
"chemistry-12","14-organic-synthesis","Organic Synthesis","14-1-influence-of-artificial-intelligence-on-pharmaceutical-research","14.1 Influence of Artificial Intelligence on Pharmaceutical Research","1777384279770.5042","kx7030b5vxqqn25eb0y2drmpch85p4z5","1777384279770","1777384279770","14-1-influence-of-artificial-intelligence-on-pharmaceutical-research",,"published","Preserve the canonical Influence of Artificial Intelligence on Pharmaceutical Research note while registering its exact Chapter 14 corpus anchor.","Influence of Artificial Intelligence on Pharmaceutical Research","ms74t4v0pnsxy87d5azt3jq0e985p6er","1787571295448","3861",
"chemistry-12","14-organic-synthesis","Organic Synthesis","14-2-case-study-hallicin","14.2 Hallicin: An AI-Discovered Antibiotic","1777384280794.683","kx7dc67vbt6njg0mmyqpg5376x85q2ar","1777384280794","1777384280794","14-2-case-study-hallicin",,"published","Preserve the canonical Case Study: Hallicin note while registering its exact Chapter 14 corpus anchor.","Hallicin: An AI-Discovered Antibiotic","ms7c16f08m7tga5zqd2p130wwx85qamw","1787571295643","2434",
"chemistry-12","14-organic-synthesis","Organic Synthesis","14-3-advantages-of-ai-in-drug-development","14.3 Advantages of AI in Drug Development","1777384281720.0354","kx76ef5qfkskf7p9x34h8vk1qd85pkn9","1777384281720","1777384281720","14-3-advantages-of-ai-in-drug-development",,"published","Preserve the canonical Advantages of AI in drug development note while registering its exact Chapter 14 corpus anchor.","Advantages of AI in Drug Development","ms71yjpfvhxjb4kz9tk6vdszkd85png7","1787571295820","3255",
"chemistry-12","15-biochemistry","Biochemistry","15-1-carbohydrates","15.1 Introduction to Carbohydrates","1777384284240.1326","kx7aja09k2a2jzzdg9009dsn2s85qyr4","1777384284240","1777384284240","15-1-carbohydrates",,"published","Preserve the canonical Introduction to Carbohydrates note while registering its exact Chapter 15 corpus anchor.","15.1 Introduction to Carbohydrates","ms740nrm5bd4pbjenaws073bj585p86d","1787571298358","8719",
"chemistry-12","15-biochemistry","Biochemistry","15-2-proteins","15.2 Introduction to Proteins","1777384285050.7402","kx74ap39v3xf7wx5zb4z1e1wn585pjvb","1777384285050","1777384285050","15-2-proteins",,"published","Preserve the canonical Introduction to Proteins note while registering its exact Chapter 15 corpus anchor.","1. Introduction to Proteins","ms796m23yqadn66bdjnta8ts6h85pdyb","1788251615515","6416",
"chemistry-12","15-biochemistry","Biochemistry","15-3-precipitation-of-milk-proteins","15.3 Precipitation of Milk Proteins","1777384285870.7605","kx7evtdamsh4qfpvt5rykdwxdx85qwq1","1777384285870","1777384285870","15-3-precipitation-of-milk-proteins",,"published","Preserve the canonical Precipitation of Milk Proteins note while registering its exact Chapter 15 corpus anchor.","Precipitation of Milk Proteins","ms78gea18t1hk8jdr8hgeb7ad985qqqs","1787571298919","3444",
"chemistry-12","15-biochemistry","Biochemistry","15-4-enzymes","15.4 Enzymes","1777384286684.1372","kx7f7wg3r0mbpzpq9xxaf6gt6d85qkxy","1777384286684","1777384286684","15-4-enzymes",,"published","Preserve the canonical Enzymes note while registering its exact Chapter 15 corpus anchor.","15.4 Enzymes","ms73jnr56vr905nvqmpz2dzy6x85p0pt","1788251630667","9755",
"chemistry-12","15-biochemistry","Biochemistry","15-5-lipids","15.5 Lipids","1777384287496.7622","kx7c0nfjkj2x6q6565mhpadv9x85q77v","1777384287496","1777384287496","15-5-lipids",,"published","Preserve the canonical Lipids note while registering its exact Chapter 15 corpus anchor.","15.5 Lipids","ms7bfpcbc3an0xb79sz3m540jn85pjkm","1787571299526","5603",
"chemistry-12","15-biochemistry","Biochemistry","15-6-cholesterol","15.6 The Role of Cholesterol in Hormone Synthesis","1777384288281.0127","kx798bpe348mpdpeb0xnpyy3cx85pd2r","1777384288281","1777384288281","15-6-cholesterol",,"published","Preserve the canonical The Role of Cholesterol in Hormone Synthesis note while registering its exact Chapter 15 corpus anchor.","The Role of Cholesterol in Hormone Synthesis","ms7ckb3khwpc85x4kgjyrqdwfx85p1pn","1787571299818","1795",
"chemistry-12","15-biochemistry","Biochemistry","15-7-amino-acids","15.7 Peptide Hormones","1777384289079.0515","kx7ag73n9qvh9cp2x1f6vkdkv585qadr","1777384289079","1777384289079","15-7-amino-acids",,"published","Preserve the canonical Peptide Hormones note while registering its exact Chapter 15 corpus anchor.","Peptide Hormones","ms7b6m47b2bevy760pjr9ftmh585qb7n","1787571300183","1077",
"chemistry-12","15-biochemistry","Biochemistry","15-8-insulin","15.8 Insulin: Structure, Function, and Regulation","1777384289901.5464","kx7555jqdm1y01kh7ehbpr67z585pngm","1777384289901","1777384289901","15-8-insulin",,"published","Preserve the canonical Insulin: Structure, Function, and Regulation note while registering its exact Chapter 15 corpus anchor.","Insulin: Structure, Function, and Regulation","ms7118zsvhh9077q44k9vpgjjx85q4ya","1787571300491","2201",
"chemistry-12","15-biochemistry","Biochemistry","15-9-hibernation","15.9 Hibernation","1777384290910.2585","kx7d0aw3nnbxbkdjyjxn7ny7cs85px3y","1777384290910","1777384290910","15-9-hibernation",,"published","Preserve the canonical Hibernation note while registering its exact Chapter 15 corpus anchor.","15.9 Hibernation","ms7es4pqh4g9mas14agscsbs1d85qhe8","1787571300759","3163",
"chemistry-12","15-biochemistry","Biochemistry","15-10-nucleic-acids","15.10 Nucleic Acids","1777384282515.929","kx7a5tycahmfykxa97a8426hqh85qpad","1777384282516","1777384282516","15-10-nucleic-acids",,"published","Preserve the canonical Nucleic Acids note while registering its exact Chapter 15 corpus anchor.","15.10 Nucleic Acids","ms70mkyrrzqfj7ad0zh81625f185q9md","1788251631162","4755",
"chemistry-12","15-biochemistry","Biochemistry","15-11-minerals-of-biological-significance","15.11 Minerals of Biological Significance","1777384283332.5986","kx7bg270xca3wcmgs3nkg8w2b985p8ey","1777384283332","1777384283332","15-11-minerals-of-biological-significance",,"published","Preserve the canonical Minerals of Biological Significance note while registering its exact Chapter 15 corpus anchor.","15.11 Minerals of Biological Significance","ms72fwpeqq006snfv2v2gm2reh85qvca","1787571301369","5850",
"chemistry-12","16-empirical-data-collection-and-analysis","Empirical Data Collection And Analysis","16-1-types-of-data","16.1 Qualitative and Quantitative Data in Chemistry","1777384291700.1519","kx7ezt2pzzn326mg5cfpg79h2x85q878","1777384291700","1777384291700","16-1-types-of-data",,"published","Preserve the canonical Qualitative and Quantitative Data in Chemistry note while registering its exact Chapter 16 corpus anchor.","Qualitative and Quantitative Data in Chemistry","ms77b4br3t6be8dk46hhzg3v2h85q16v","1787571305235","4346",
"chemistry-12","16-empirical-data-collection-and-analysis","Empirical Data Collection And Analysis","16-2-types-of-errors","16.2 Types of Errors in Experimental Measurements","1777384292489.1123","kx7bfn8cyrhjs0dr74ym48ezns85p54w","1777384292489","1777384292489","16-2-types-of-errors",,"published","Preserve the canonical Types of Errors in Experimental Measurements note while registering its exact Chapter 16 corpus anchor.","16.2 Types of Errors in Experimental Measurements","ms7am6g9fc5aga45sfrrggp6th85psn2","1788216264366","7770",
"chemistry-12","16-empirical-data-collection-and-analysis","Empirical Data Collection And Analysis","16-3-repeat-trials-and-the-elimination-of-errors","16.3 Introduction to Errors in Chemical Analysis","1777384293272.5667","kx7f77qk2jwb34qzdg1qdspdx585qax3","1777384293272","1777384293272","16-3-repeat-trials-and-the-elimination-of-errors",,"published","Preserve the canonical Introduction to Errors in Chemical Analysis note while registering its exact Chapter 16 corpus anchor.","1. Introduction to Errors in Chemical Analysis","ms76e3n9rwtq9hdsefzve6821s85qzd5","1787571305687","6039",
"chemistry-12","16-empirical-data-collection-and-analysis","Empirical Data Collection And Analysis","16-4-graphical-techniques-and-data-of-variables","16.4 Graphical Techniques and Data Variables","1777384294069.874","kx7a3e4qqt0qeen234xgxf16ax85qd9r","1777384294069","1777384294069","16-4-graphical-techniques-and-data-of-variables",,"published","Preserve the canonical Graphical Techniques and Data Variables note while registering its exact Chapter 16 corpus anchor.","16.4 Graphical Techniques and Data Variables","ms79kv1f5xbq61rb08nqmjqx4n85pwea","1787571305890","5299",
"chemistry-12","16-empirical-data-collection-and-analysis","Empirical Data Collection And Analysis","16-5-sketched-graphs","16.5 Sketched Graphs","1777384294885.111","kx7chhy4jryrx793z843m5d6d185pty6","1777384294885","1777384294885","16-5-sketched-graphs",,"published","Preserve the canonical Sketched Graphs note while registering its exact Chapter 16 corpus anchor.","16.5 Sketched Graphs","ms7avbzkcep9fmb9x0dv9gygt185qt2k","1787571306114","4730",
"chemistry-12","17-qualitative-analysis","Qualitative Analysis","17-1-how-to-analyse-a-number-of-isotopes-and-their-relative-abundances-of-isotopes","17.1 Analysis of Isotopes using Mass Spectrometry","1777384295672.3418","kx70syj6e3g2kfytzw04abv6ad85p8np","1777384295672","1777384295672","17-1-how-to-analyse-a-number-of-isotopes-and-their-relative-abundances-of-isotopes",,"published","Preserve the canonical Analysis of Isotopes using Mass Spectrometry note while registering its exact Chapter 17 corpus anchor.","17.1 Analysis of Isotopes using Mass Spectrometry","ms7e47ag4ak01f4y07cpwx2wc985q2pn","1788216247258","2674",
"chemistry-12","17-qualitative-analysis","Qualitative Analysis","17-2-calculation-of-relative-atomic-masses","17.2 Calculation of Relative Atomic Masses","1777384296450.1536","kx78sayjtyww4w36vfdf1zath585pkpx","1777384296450","1777384296450","17-2-calculation-of-relative-atomic-masses",,"published","Preserve the canonical Calculation of Relative Atomic Masses note while registering its exact Chapter 17 corpus anchor.","17.2 Calculation of Relative Atomic Masses","ms7cdshe1tkxw76fe7b4gbdjzh85pran","1788216264551","3371",
"chemistry-12","17-qualitative-analysis","Qualitative Analysis","17-3-determination-of-molecular-mass-by-molecular-ion-peak","17.3 Determination of Molecular Mass by Molecular Ion Peak","1777384297315.6184","kx78yfc12e8v8126hnrmnfqfc985qqpr","1777384297315","1777384297315","17-3-determination-of-molecular-mass-by-molecular-ion-peak",,"published","Preserve the canonical Determination of Molecular Mass by Molecular Ion Peak note while registering its exact Chapter 17 corpus anchor.","17.3 Determination of Molecular Mass by Molecular Ion Peak","ms70f0fdhm74p7tz7vghnmsp3s85qp35","1787571307317","2794",
"chemistry-12","17-qualitative-analysis","Qualitative Analysis","17-4-identification-of-a-molecule-by-fragmentation-pattern","17.4 Identification of a Molecule by Fragmentation Pattern","1777384298349.5437","kx70c42pa8s8w02x7myx94rrfd85qsvq","1777384298349","1777384298349","17-4-identification-of-a-molecule-by-fragmentation-pattern",,"published","Preserve the canonical Identification of a Molecule by Fragmentation Pattern note while registering its exact Chapter 17 corpus anchor.","17.4 Identification of a Molecule by Fragmentation Pattern","ms75x8v6g9weng709yqwk4h9q185qh0v","1787571307575","4146",
"chemistry-12","17-qualitative-analysis","Qualitative Analysis","17-5-deduction-of-c-number-in-a-molecule","17.5 Determining the Number of Carbon Atoms using Mass Spectrometry","1777384299327.5999","kx7ddqmqa60cq09qqt2y4y4vgd85qwqp","1777384299327","1777384299327","17-5-deduction-of-c-number-in-a-molecule",,"published","Preserve the canonical Determining the Number of Carbon Atoms using Mass Spectrometry note while registering its exact Chapter 17 corpus anchor.","Determining the Number of Carbon Atoms using Mass Spectrometry","ms7aq3p1n7maft7kpdrg1zb12x85ph8b","1787571307848","3452",
"chemistry-12","17-qualitative-analysis","Qualitative Analysis","17-6-deduction-of-the-presence-of-chlorine-and-bromine-in-a-molecule","17.6 Deduction of Chlorine and Bromine in a Molecule by Mass Spectrometry","1777384300313.6028","kx7195dqv3z38rgazrxkxk4zn985qygn","1777384300313","1777384300313","17-6-deduction-of-the-presence-of-chlorine-and-bromine-in-a-molecule",,"published","Preserve the canonical Deduction of Chlorine and Bromine in a Molecule by Mass Spectrometry note while registering its exact Chapter 17 corpus anchor.","Deduction of Chlorine and Bromine in a Molecule by Mass Spectrometry","ms70tm9ny3vga6n5nsbwg73fy985p9xn","1788251629492","4830",
"chemistry-12","18-spectroscopy","Spectroscopy","18-1-spectroscopic-techniques","18.1 Spectroscopic Techniques","1777384301084.165","kx75mzhsscfw1496f00zerm5xd85pk6a","1777384301084","1777384301084","18-1-spectroscopic-techniques",,"published","Preserve the canonical Spectroscopic Techniques note while registering its exact Chapter 18 corpus anchor.","18.1 Spectroscopic Techniques","ms721ebznvzb0hd4sr615mrse985q1kb","1787571800121","5142",
"chemistry-12","18-spectroscopy","Spectroscopy","18-2-index-of-hydrogen-deficiency-or-unsaturation","18.2 Index of Hydrogen Deficiency or Unsaturation","1777384301877.0425","kx7bhw6zc5p44ft64wajekktw985qg51","1777384301877","1777384301877","18-2-index-of-hydrogen-deficiency-or-unsaturation",,"published","Preserve the canonical Index of Hydrogen Deficiency or Unsaturation note while registering its exact Chapter 18 corpus anchor.","18.2 Index of Hydrogen Deficiency or Unsaturation","ms71ybm5d3sphc0nezkd2wva0585p1ag","1787571800375","4001",
"chemistry-12","18-spectroscopy","Spectroscopy","18-3-ir-spectroscopy","18.3 IR Spectroscopy","1777384302682.0464","kx718n5zwe86mczcnmd9jt03ts85pq2y","1777384302682","1777384302682","18-3-ir-spectroscopy",,"published","Preserve the canonical IR Spectroscopy note while registering its exact Chapter 18 corpus anchor.","18.3 IR Spectroscopy","ms7a8jx4tt0z2n2nsfshapyzn185qp5j","1787571800619","6398",
"chemistry-12","18-spectroscopy","Spectroscopy","18-4-uv-visible-spectroscopy","18.4 UV-Visible Spectroscopy","1777384303483.8643","kx77xxedk0gkvp4j29tt7bqwen85q0c7","1777384303483","1777384303483","18-4-uv-visible-spectroscopy",,"published","Preserve the canonical UV-Visible Spectroscopy note while registering its exact Chapter 18 corpus anchor.","UV-Visible Spectroscopy","ms75dbw6vn1943qrmh6spfffys85q3th","1788251606238","6150",
"chemistry-12","18-spectroscopy","Spectroscopy","18-5-atomic-emission-spectroscopy","18.5 Atomic Emission Spectroscopy","1777384304264.617","kx74amrmg8wd79rwznsfzjq8g185pd3v","1777384304264","1777384304264","18-5-atomic-emission-spectroscopy",,"published","Preserve the canonical Atomic Emission Spectroscopy note while registering its exact Chapter 18 corpus anchor.","18.5 Atomic Emission Spectroscopy","ms74wdywfh3t7q0j80qj3bj6a585paah","1787571801096","2475",
"chemistry-12","18-spectroscopy","Spectroscopy","18-6-atomic-absorption-spectrum","18.6 Atomic Absorption Spectrum","1777384305183.4473","kx7frnb5fzw3384rr8rpxvaybs85pe4c","1777384305183","1777384305183","18-6-atomic-absorption-spectrum",,"published","Preserve the canonical Atomic Absorption Spectrum note while registering its exact Chapter 18 corpus anchor.","18.6 Atomic Absorption Spectrum","ms7fm943y6e36k52pc5xc0en6585q2fr","1788216247461","3383",
"chemistry-12","18-spectroscopy","Spectroscopy","18-7-nuclear-magnetic-resonance-spectroscopy-nmr","18.7 Nuclear Magnetic Resonance Spectroscopy (NMR)","1777384305958.1394","kx7e7wrsey8a033mwy609mesnd85pyqq","1777384305958","1777384305958","18-7-nuclear-magnetic-resonance-spectroscopy-nmr",,"published","Preserve the canonical Nuclear Magnetic Resonance Spectroscopy (NMR) note while registering its exact Chapter 18 corpus anchor.","18.7 Nuclear Magnetic Resonance Spectroscopy (NMR)","ms737hn8qj9qb3qwexp02a8k2x85qhdy","1787571801621","4860",
"chemistry-12","18-spectroscopy","Spectroscopy","18-8-1h-nmr-proton-nmr","18.8 ¹H NMR (Proton NMR)","1777384306767.0427","kx78vrfvje7pzdaja7nk5bc1bd85q44b","1777384306767","1777384306767","18-8-1h-nmr-proton-nmr",,"published","Preserve the canonical ¹H NMR (Proton NMR) note while registering its exact Chapter 18 corpus anchor.","18.8 ¹H NMR (Proton NMR)","ms726f18mces8p3by6c4hee1dh85qx1g","1787571801945","5268",
"chemistry-12","18-spectroscopy","Spectroscopy","18-9-carbon-13-nmr","18.9 Carbon-13 NMR Spectroscopy","1777384307529.185","kx737qsaj8gmz1y5ctygz9vqms85p61r","1777384307529","1777384307529","18-9-carbon-13-nmr",,"published","Preserve the canonical Carbon-13 NMR Spectroscopy note while registering its exact Chapter 18 corpus anchor.","Carbon-13 NMR Spectroscopy","ms70a3phhqnyz570ndf6zcqz8n85qk28","1788251615702","7345",
"chemistry-12","19-chromatography","Chromatography","19-1-main-components-of-chromatography","19.1 Main Components of Chromatography","1777384308482.885","kx79d69ed9sks36s7356s0rzds85qwe8","1777384308483","1777384308483","19-1-main-components-of-chromatography",,"published","Preserve the canonical Main Components of Chromatography note while registering its exact Chapter 19 corpus anchor.","19.1 Main Components of Chromatography","ms77jdaqy43aypxkkf092g9gsx85q10n","1788216247649","4219",
"chemistry-12","19-chromatography","Chromatography","19-2-thin-layer-chromatography","19.2 Thin Layer Chromatography (TLC)","1777384309741.3882","kx76sj02as7jmdbsyfwfzqxakh85ppjf","1777384309741","1777384309741","19-2-thin-layer-chromatography",,"published","Preserve the canonical Thin Layer Chromatography (TLC) note while registering its exact Chapter 19 corpus anchor.","19.2 Thin Layer Chromatography (TLC)","ms7e6yznzrf8bajcp6h19ffhj185pbm8","1787571802985","5619",
"chemistry-12","19-chromatography","Chromatography","19-3-interpretation-of-mathrm-r-mathrm-f-value","19.3 Interpretation of $R_f$ Value","1777384310549.0134","kx75xzx39yjne40xavqv6zbrtn85qmke","1777384310549","1777384310549","19-3-interpretation-of-mathrm-r-mathrm-f-value",,"published","Preserve the canonical Interpretation of Rf Value note while registering its exact Chapter 19 corpus anchor.","19.3 Interpretation of $R_f$ Value","ms780x9e5cy529165byxj3tdv185qy64","1787571803207","2729",
"chemistry-12","19-chromatography","Chromatography","19-4-selection-of-mobile-and-stationary-phase","19.4 Selection of Mobile and Stationary Phases in Chromatography","1777384311328.333","kx73729fsntnwsvjbpn444frds85qf5g","1777384311328","1777384311328","19-4-selection-of-mobile-and-stationary-phase",,"published","Preserve the canonical Selection of Mobile and Stationary Phases in Chromatography note while registering its exact Chapter 19 corpus anchor.","19.4 Selection of Mobile and Stationary Phases in Chromatography","ms76gztj69zg8s6zdpxq8whnzd85p3q7","1787571803409","5109",
"chemistry-12","19-chromatography","Chromatography","19-5-use-of-mass-spectrometry-in-forensic-analysis","19.5 Use of Mass Spectrometry in Forensic Analysis","1777384312118.1558","kx7f5p10z4ee9yhcpampbj2cjh85p2ah","1777384312118","1777384312118","19-5-use-of-mass-spectrometry-in-forensic-analysis",,"published","Preserve the canonical Use of Mass Spectrometry in Forensic Analysis note while registering its exact Chapter 19 corpus anchor.","19.5 Use of Mass Spectrometry in Forensic Analysis","ms78wysqn6vyeqmnsseqcg7fvs85qht0","1787571803619","4064",
"chemistry-12","20-materials","Materials","20-1-material","20.1 Materials","1777384313116.3833","kx7d3zcwh175s01b2jcy2x8wfs85pz0h","1777384313116","1777384313116","20-1-material",,"published","Preserve the canonical Materials note while registering its exact Chapter 20 corpus anchor.","20.1 Materials","ms7bpaqe01pm6d0ts9qwykbqn185qs3p","1787575307073","6939",
"chemistry-12","20-materials","Materials","20-2-extracting-material-from-ores-and-alloying","20.2 Extracting Material from Ores and Alloying","1777384314063.5579","kx77qpbk9kn6trbqtteeqa4esx85pf77","1777384314063","1777384314063","20-2-extracting-material-from-ores-and-alloying",,"published","Preserve the canonical Extracting Material from Ores and Alloying note while registering its exact Chapter 20 corpus anchor.","20.2 Extracting Material from Ores and Alloying","ms7by37f9nkd9bz16c2h8cn20985q4pj","1788216247835","10977",
"chemistry-12","20-materials","Materials","20-3-mechanism-of-catalysts","20.3 Mechanism of Catalysts","1777384314848.081","kx7a6bgxx12vkfkp61r7e28efx85pkcm","1777384314848","1777384314848","20-3-mechanism-of-catalysts",,"published","Preserve the canonical Mechanism of Catalysts note while registering its exact Chapter 20 corpus anchor.","Mechanism of Catalysts","ms7dt7zmr1gxw5p00etk5rg29d85pzea","1788216248019","6664",
"chemistry-12","20-materials","Materials","20-4-challenges-associated-with-recycling","20.4 Challenges Associated with Recycling","1777384315671.0032","kx7e9g8ady83e2zavmw3qx0sjd85prmd","1777384315671","1777384315671","20-4-challenges-associated-with-recycling",,"published","Preserve the canonical Challenges Associated with Recycling note while registering its exact Chapter 20 corpus anchor.","Challenges Associated with Recycling","ms74d6vscvyrehc4aks28rh72185qbz1","1787575307842","4965",
"chemistry-12","20-materials","Materials","20-5-x-ray-crystallographic-analysis","20.5 X-Ray Crystallographic Analysis","1777384316482.2693","kx7cnc2nakfyzajnsynpem870h85qheq","1777384316482","1777384316482","20-5-x-ray-crystallographic-analysis",,"published","Preserve the canonical X-Ray Crystallographic Analysis note while registering its exact Chapter 20 corpus anchor.","20.5 X-Ray Crystallographic Analysis","ms7caf0aab1jzx5qqfqv8gk18n85qqxn","1788251604227","3887",
"chemistry-12","21-medicine","Medicine","21-1-therapeutic-index","21.1 Therapeutic Index","1777384317280.7373","kx74ksq068ve7tyk6xs7nvptfd85p5hy","1777384317280","1777384317280","21-1-therapeutic-index",,"published","Preserve the canonical Therapeutic Index note while registering its exact Chapter 21 corpus anchor.","Therapeutic Index","ms74p7btwpvqf4q1gyc2msc1ns85qs1p","1787575308438","3234",
"chemistry-12","21-medicine","Medicine","21-2-mechanism-of-drug-action","21.2 Mechanism of Drug Action","1777384318352.078","kx788z01sncbc2ktbefs60gp4n85qgk6","1777384318352","1777384318352","21-2-mechanism-of-drug-action",,"published","Preserve the canonical Mechanism of Drug Action note while registering its exact Chapter 21 corpus anchor.","21.2 Mechanism of Drug Action","ms7e974fza3z9v8zz5vke0p5hn85paqy","1787575308700","3890",
"chemistry-12","21-medicine","Medicine","21-3-ph-regulation-in-the-stomach","21.3 pH Regulation in the Stomach","1777384319116.1653","kx70e50h4r1j3cadekf7ecmn6x85qmvc","1777384319116","1777384319116","21-3-ph-regulation-in-the-stomach",,"published","Preserve the canonical pH Regulation in the Stomach note while registering its exact Chapter 21 corpus anchor.","21.3 pH Regulation in the Stomach","ms72xf97ae0dhhjc5sdyxswr7h85q879","1787575308934","2569",
"chemistry-12","21-medicine","Medicine","21-4-non-specific-reactions-and-active-metabolites","21.4 Non-Specific Reactions and Active Metabolites","1777384319915.094","kx76h1btsqxw3cb3kj34ngs93585p39f","1777384319915","1777384319915","21-4-non-specific-reactions-and-active-metabolites",,"published","Preserve the canonical Non-Specific Reactions and Active Metabolites note while registering its exact Chapter 21 corpus anchor.","21.4 Non-Specific Reactions and Active Metabolites","ms701wcgqd1crw1tvhsn24bqvh85q5t9","1787575309147","2966",
"chemistry-12","21-medicine","Medicine","21-5-viral-infections-and-their-treatment","21.5 Viral Infections and Their Treatment","1777384320696.3208","kx79vzepa9j9kgdf2nsqnkvw0h85p63w","1777384320696","1777384320696","21-5-viral-infections-and-their-treatment",,"published","Preserve the canonical Viral Infections and Their Treatment note while registering its exact Chapter 21 corpus anchor.","21.5 Viral Infections and Their Treatment","ms78r4e3v067k18xys1bckgn4s85px9y","1787575309367","4661",
"chemistry-12","21-medicine","Medicine","21-6-concept-of-antiviral-drugs","21.6 Possible Questions/Answers","1777384321475.2183","kx70wcpm25gb41xsb6xqx2mfa585q2t1","1777384321475","1777384321475","21-6-concept-of-antiviral-drugs",,"published","Preserve the canonical Possible Questions/Answers note while registering its exact Chapter 21 corpus anchor.","Possible Questions/Answers","ms74x6x3gjgek7qr4qg82hm82d85pdem","1787554993767","2404",
"chemistry-12","22-agriculture","Agriculture","22-1-fertilizer","22.1 Fertilizers","1777384322385.7732","kx70c554ts7vgdn7gjzw7n8ass85qgzp","1777384322385","1777384322385","22-1-fertilizer",,"published","Preserve the canonical Fertilizers note while registering its exact Chapter 22 corpus anchor.","22.1 Fertilizers","ms7cz6p5ry2c5pqw7kx0pgsmr185pa79","1787575311353","4896",
"chemistry-12","22-agriculture","Agriculture","22-2-composition-of-fertilizers","22.2 Composition of Fertilizers","1777384323147.8682","kx76c0xjkb63p4qepdcjv68e2585ph8t","1777384323147","1777384323147","22-2-composition-of-fertilizers",,"published","Preserve the canonical Composition of Fertilizers note while registering its exact Chapter 22 corpus anchor.","22.2 Composition of Fertilizers","ms7222km9k15p7vx3j5ssvtjd585pc6e","1787575311628","3784",
"chemistry-12","22-agriculture","Agriculture","22-3-pesticides","22.3 Pesticides","1777384323954.689","kx7ccqm8f3kfnj7ndwvrqt8jzd85q05n","1777384323954","1777384323954","22-3-pesticides",,"published","Preserve the canonical Pesticides note while registering its exact Chapter 22 corpus anchor.","Pesticides","ms739wkva6c65tmgyntmywsz1n85pzdv","1787575311875","6308",
"chemistry-12","22-agriculture","Agriculture","22-4-benefits-and-risks-of-pesticides","22.4 Benefits and Risks of Pesticides","1777384324959.4475","kx79b5cz1jd2zpfdexwtwrfff585prz3","1777384324959","1777384324959","22-4-benefits-and-risks-of-pesticides",,"published","Preserve the canonical Benefits and Risks of Pesticides note while registering its exact Chapter 22 corpus anchor.","22.4 Benefits and Risks of Pesticides","ms7aghptk16xx2jd4fvn0w4zvd85pna8","1787575312153","4415",
"chemistry-12","22-agriculture","Agriculture","22-5-acid-rain","22.5 Acid Rain","1777384325731.688","kx7e4ctz5qrwhe7fz9p5k1dgyh85q0bs","1777384325731","1777384325731","22-5-acid-rain",,"published","Preserve the canonical Acid Rain note while registering its exact Chapter 22 corpus anchor.","22.5 Acid Rain","ms7amxktbbcsd0t3xrejvf83m985prn0","1788216248200","4734",
"chemistry-12","22-agriculture","Agriculture","22-6-genetic-engineering","22.6 Genetic Engineering","1777384326500.5566","kx7eb7v16nxv60trn96g3h52ts85pvzh","1777384326500","1777384326500","22-6-genetic-engineering",,"published","Preserve the canonical Genetic Engineering note while registering its exact Chapter 22 corpus anchor.","22.6 Genetic Engineering","ms74kvbygneqhvvwehpqvbgbsn85qz55","1787575312638","5792",
"chemistry-12","22-agriculture","Agriculture","22-7-impacts-of-climate-change-on-agriculture","22.7 Impacts of Climate Change on Agriculture","1777384327277.461","kx74a4pqnpne43efsdktmdzh4n85p112","1777384327277","1777384327277","22-7-impacts-of-climate-change-on-agriculture",,"published","Preserve the canonical Impacts of Climate Change on Agriculture note while registering its exact Chapter 22 corpus anchor.","22.7 Impacts of Climate Change on Agriculture","ms72d639nc0g003w4b1c46asrh85qjg9","1787575312879","3879",
"chemistry-12","23-industry","Industry","23-1-raw-materials-and-theit-resources-for-chemical-industry","23.1 Raw Materials and their Resources for Chemical Industry","1777384328077.454","kx71q4xdz1htp5by5j0wsk6ng185p9ke","1777384328077","1777384328077","23-1-raw-materials-and-theit-resources-for-chemical-industry",,"published","Preserve the canonical Raw Materials and their Resources for Chemical Industry note while registering its exact Chapter 23 corpus anchor.","Raw Materials and their Resources for Chemical Industry","ms78vxqxbe61ytsdwtg1cn2e8h85pfz8","1787575314054","3779",
"chemistry-12","23-industry","Industry","23-2-chemical-raw-materials-in-pakistan","23.2 Chemical Raw Materials in Pakistan","1777384328860.4592","kx7fa9qad55y31576za8pm5k3x85p5dq","1777384328860","1777384328860","23-2-chemical-raw-materials-in-pakistan",,"published","Preserve the canonical Chemical Raw Materials in Pakistan note while registering its exact Chapter 23 corpus anchor.","Chemical Raw Materials in Pakistan","ms792rfpm9mqd0ydgk720sh0h985qphh","1787575314341","3768",
"chemistry-12","23-industry","Industry","23-3-safety-measures-and-precautions-in-chemical-industry","23.3 Safety Measures and Precautions in Chemical Industry","1777384329660.2058","kx726qda64qn0vwf90nayf5tyx85pzhx","1777384329660","1777384329660","23-3-safety-measures-and-precautions-in-chemical-industry",,"published","Preserve the canonical Safety Measures and Precautions in Chemical Industry note while registering its exact Chapter 23 corpus anchor.","Safety Measures and Precautions in Chemical Industry","ms74c2qcmtabxz2x507wz69b1s85p15e","1787575314577","3751",
"chemistry-12","23-industry","Industry","23-4-important-chemical-processes","23.4 Important Chemical Processes","1777384330456.5913","kx78bh39bm3m8cjj34bfbbxznd85qcsr","1777384330456","1777384330456","23-4-important-chemical-processes",,"published","Preserve the canonical Important Chemical Processes note while registering its exact Chapter 23 corpus anchor.","Important Chemical Processes","ms72p8pjc7n8wg87cg303zs8xh85pqbp","1787575314821","5641",
"chemistry-12","23-industry","Industry","23-5-applications-of-industrial-chemistry","23.5 Applications of Industrial Chemistry","1777384331275.4421","kx70sp5shdwww379j7h7a8xwn185pts6","1777384331275","1777384331275","23-5-applications-of-industrial-chemistry",,"published","Preserve the canonical Applications of Industrial Chemistry note while registering its exact Chapter 23 corpus anchor.","23.5 Applications of Industrial Chemistry","ms79yfnh53wws1wxqyan7hgsa985p5md","1787575315050","9115",
"chemistry-12","23-industry","Industry","23-7-industrial-chemistry-in-food-production","23.7 Industrial Chemistry in Food Production","1777384332074.014","kx79hfjr77396sg088cfx53v0d85qa68","1777384332074","1777384332074","23-7-industrial-chemistry-in-food-production",,"published","Preserve the canonical Industrial Chemistry in Food Production note while registering its exact Chapter 23 corpus anchor.","23.7 Industrial Chemistry in Food Production","ms79pj7wst3r1qang4vbkvay6h85px7v","1787575315295","4764",
"computer-11","01-computer-systems","Computer Systems","1-1-data-representation-in-a-digital-computer","1.1 Data Representation in a Digital Computer","1777383917905.8623","kx72z4t74d4cd17xkb527f95bx85p6r6","1777383917905","1777383917905","1-1-data-representation-in-a-digital-computer","{""blockIndex"":6,""chapterNumber"":1,""subjectSlug"":""computer-11""}","published",,"1.1 Data Representation in a Digital Computer","ms73cdtkq708crtrgffkpjn1td85px0q","1787554334077","3222",
"computer-11","01-computer-systems","Computer Systems","1-2-analog-and-digital-signals","1.2 Analog and Digital Signals","1777383919251.8877","kx7adq78s1nv3bg2n00ge9zk4x85q1v5","1777383919251","1777383919251","1-2-analog-and-digital-signals","{""blockIndex"":10,""chapterNumber"":1,""subjectSlug"":""computer-11""}","published",,"1.2 Analog and Digital Signals","ms70f4y1nf1g0dxr8sk3ymdr3n85pt11","1787554334426","4453",
"computer-11","01-computer-systems","Computer Systems","1-3-digital-logic-and-logic-gates","1.3 Digital Logic and Logic Gates","1777383920146.459","kx795qn3txx1hfn2g5mg0t0cws85qe7x","1777383920146","1777383920146","1-3-digital-logic-and-logic-gates","{""blockIndex"":19,""chapterNumber"":1,""subjectSlug"":""computer-11""}","published",,"1.3 Digital Logic and Logic Gates","ms7denbgqvmgaxh4j157vq2rk585q9fm","1787554334784","3588",
"computer-11","01-computer-systems","Computer Systems","1-4-software-development-life-cycle-sdlc","1.4 Software Development Life Cycle (SDLC)","1777383920929.0342","kx74p3jdtzd7hs3jrnn7g5mamh85qa54","1777383920929","1777383920929","1-4-software-development-life-cycle-sdlc","{""blockIndex"":109,""chapterNumber"":1,""subjectSlug"":""computer-11""}","published",,"1.4 Software Development Life Cycle (SDLC)","ms75rn8ne87m7jjzssde5kjy2x85q7t5","1787554335137","4734",
"computer-11","01-computer-systems","Computer Systems","1-5-network-topology","1.5 Network Topology","1777383921745.363","kx7ey37dqkwcsynz84ehwqqxwh85px2s","1777383921745","1777383921745","1-5-network-topology","{""blockIndex"":211,""chapterNumber"":1,""subjectSlug"":""computer-11""}","published",,"1.5 Network Topology","ms7dsfedjqa6esmtcq1r8jvvs585p445","1787554335493","4030",
"computer-11","01-computer-systems","Computer Systems","1-6-cybersecurity","1.6 Cybersecurity","1777383922720.5815","kx79y69y5w9ehygkvjfwhkw8f985qp26","1777383922720","1777383922720","1-6-cybersecurity","{""blockIndex"":304,""chapterNumber"":1,""subjectSlug"":""computer-11""}","published",,"1.6 Cybersecurity","ms7d2v2sbthb7pq8m202sqgne185ppam","1787554335842","4123",
"computer-11","02-computational-thinking-algorithms","Computational Thinking & Algorithms","2-1-computational-artifacts","2.1 Computational Artifacts","1777383923624.0403","kx733s3hj1fv8bbcn9ywhnhcks85qt92","1777383923624","1777383923624","2-1-computational-artifacts","{""blockIndex"":12,""chapterNumber"":2,""subjectSlug"":""computer-11""}","published",,"2.1 Computational Artifacts","ms716bn2bdd1zrge1d73xyw2yd85pke7","1787554366685","3024",
"computer-11","02-computational-thinking-algorithms","Computational Thinking & Algorithms","2-2-common-computing-algorithms","2.2 Common Computing Algorithms","1777383924686.6794","kx78d65f9a8mxzrst3hyhnfg2585p5sh","1777383924686","1777383924686","2-2-common-computing-algorithms","{""blockIndex"":67,""chapterNumber"":2,""subjectSlug"":""computer-11""}","published",,"2.2 Common Computing Algorithms","ms75jjwbx749f7dchz89xnhbp585p3gd","1787554366992","4362",
"computer-11","03-programming-fundamentals-python","Programming Fundamentals (Python)","3-1-computer-program","3.1 Computer Program","1777383928148.8547","kx79rby7f8yg2yd0qn4vj6dnw585ptay","1777383928148","1777383928148","3-1-computer-program","{""blockIndex"":4,""chapterNumber"":3,""subjectSlug"":""computer-11""}","published",,"3.1 Computer Program","ms7cm61xb8g3fv1zevtrbvwveh85q205","1787554370246","4917",
"computer-11","03-programming-fundamentals-python","Programming Fundamentals (Python)","3-2-python-an-overview","3.2 Python: An Overview","1777383929095.7944","kx7190mhc5f95kyytsezwdg9fx85qb40","1777383929095","1777383929095","3-2-python-an-overview","{""blockIndex"":11,""chapterNumber"":3,""subjectSlug"":""computer-11""}","published",,"3.2 Python: An Overview","ms7chq383bwqp7x3gpryqq5as185ptqe","1787554370643","2921",
"computer-11","03-programming-fundamentals-python","Programming Fundamentals (Python)","3-3-python-integrated-development-environments","3.3 Python IDEs — Integrated Development Environments","1777383930145.4116","kx75jjjqma94wc6yvyy7kwhmz185pn3x","1777383930145","1777383930145","3-3-python-integrated-development-environments","{""blockIndex"":15,""chapterNumber"":3,""subjectSlug"":""computer-11""}","published",,"3.3 Python IDEs — Integrated Development Environments","ms7b9jzdcr8hfjx220knsg9wxx85q1e2","1787554371036","2854",
"computer-11","03-programming-fundamentals-python","Programming Fundamentals (Python)","3-4-turtle-graphics","3.4 Turtle Graphics","1777383931077.774","kx7d3jkd2eqgde5qrh30mt6cz185p5x5","1777383931077","1777383931077","3-4-turtle-graphics","{""blockIndex"":19,""chapterNumber"":3,""subjectSlug"":""computer-11""}","published",,"3.4 Turtle Graphics","ms7fwpt6axy6tayhwryyvcbss985pzqf","1787554371417","3713",
"computer-11","03-programming-fundamentals-python","Programming Fundamentals (Python)","3-5-libraries","3.5 Libraries in Python","1777383932307.2078","kx7b39rva1g1n16thz2zfmwxp185q7kj","1777383932307","1777383932307","3-5-libraries","{""blockIndex"":28,""chapterNumber"":3,""subjectSlug"":""computer-11""}","published",,"3.5 Libraries in Python","ms7fe7f28d43sdbmpjntry1b6n85pt6d","1787554371832","3806",
"computer-11","03-programming-fundamentals-python","Programming Fundamentals (Python)","3-6-python-variables","3.6 Python Variables","1777383933099.7866","kx7bwda0q1zn6t0f41z7jnzwp585qst4","1777383933099","1777383933099","3-6-python-variables","{""blockIndex"":31,""chapterNumber"":3,""subjectSlug"":""computer-11""}","published",,"3.6 Python Variables","ms78sbnc1hnb4n26yyhth73n8n85qqzk","1787554372229","2998",
"computer-11","03-programming-fundamentals-python","Programming Fundamentals (Python)","3-7-pythion-input-output-i-o","3.7 Python Input/Output (I/O)","1777383933910.578","kx7bsnxva430zjzr0aegr9wdj185qzq4","1777383933910","1777383933910","3-7-pythion-input-output-i-o","{""blockIndex"":40,""chapterNumber"":3,""subjectSlug"":""computer-11""}","published",,"3.7 Python Input/Output (I/O)","ms72cxcd4ywwz8wby67ep704gn85qcxa","1787554388924","3333",
"computer-11","03-programming-fundamentals-python","Programming Fundamentals (Python)","3-8-operators-in-python","3.8 Operators in Python","1777383934866.2766","kx7aqrh3xmtrc31qjzhmp8338s85qgca","1777383934866","1777383934866","3-8-operators-in-python","{""blockIndex"":52,""chapterNumber"":3,""subjectSlug"":""computer-11""}","published",,"3.8 Operators in Python","ms7dspdf0s4zwwy1hq1r08a35185qr5f","1787554373352","3234",
"computer-11","03-programming-fundamentals-python","Programming Fundamentals (Python)","3-9-iteration-and-loop","3.9 Iteration and Loop","1777383935836.2466","kx7a8fkedz8zsqmk13w96c07fx85qqjt","1777383935836","1777383935836","3-9-iteration-and-loop","{""blockIndex"":85,""chapterNumber"":3,""subjectSlug"":""computer-11""}","published",,"3.9 Iteration and Loop","ms77p0jvj6je17qk4sbgtkwk1x85q674","1787554390708","3558",
"computer-11","03-programming-fundamentals-python","Programming Fundamentals (Python)","3-10-list","3.10 Lists in Python","1777383925662.8635","kx7b5zm2fvamz058fgf0cj25vd85q707","1777383925663","1777383925663","3-10-list","{""blockIndex"":96,""chapterNumber"":3,""subjectSlug"":""computer-11""}","published",,"3.10 Lists in Python","ms704ntrrjnmeyvhtcnrg3ngbn85q4xw","1787554373743","3314",
"computer-11","03-programming-fundamentals-python","Programming Fundamentals (Python)","3-11-functions-in-python","3.11 Functions in Python","1777383926439.687","kx7cm2ypd9nwgt0zq0181qxk9x85q0jq","1777383926439","1777383926439","3-11-functions-in-python","{""blockIndex"":115,""chapterNumber"":3,""subjectSlug"":""computer-11""}","published",,"3.11 Functions in Python","ms7bajmg5pbm18wm60sph3y83n85qa51","1787554374157","3522",
"computer-11","03-programming-fundamentals-python","Programming Fundamentals (Python)","3-12-debugging","3.12 Debugging","1777383927265.379","kx77t7ggrdnbqxzr454924390h85q4bn","1777383927265","1777383927265","3-12-debugging","{""blockIndex"":132,""chapterNumber"":3,""subjectSlug"":""computer-11""}","published",,"3.12 Debugging","ms74maek0b4btara2d3523zn7x85q3jb","1787554375252","3472",
"computer-11","04-data-and-analysis","Data And Analysis","4-1-statistical-modeling","4.1 Statistical Modeling","1777383936604.7688","kx70jy7bhgktaed6z3cj84byy985qcca","1777383936604","1777383936604","4-1-statistical-modeling","{""blockIndex"":5,""chapterNumber"":4,""subjectSlug"":""computer-11""}","published",,"4.1 Statistical Modeling","ms74jpnqnzv167e2t532vz6b9n85qt2w","1787554407051","3323",
"computer-11","04-data-and-analysis","Data And Analysis","4-2-experimental-design-in-data-science","4.2 Experimental Design in Data Science","1777383937343.4421","kx73nyztb10pyajev724gzejmn85p83z","1777383937343","1777383937343","4-2-experimental-design-in-data-science","{""blockIndex"":35,""chapterNumber"":4,""subjectSlug"":""computer-11""}","published",,"4.2 Experimental Design in Data Science","ms7a7e49v8wmh6gc3tzfhee01985qpsy","1787554407389","3474",
"computer-11","04-data-and-analysis","Data And Analysis","4-3-analyze-pre-existing-datasets-to-create-summary-statistics-and-data-visuals-bar-charts-pie-charts-line-graphs-etc","4.3 Data Visualization and Summary Statistics","1777383938134.0383","kx72awassw6bd0en77qewdewdn85p09e","1777383938134","1777383938134","4-3-analyze-pre-existing-datasets-to-create-summary-statistics-and-data-visuals-bar-charts-pie-charts-line-graphs-etc","{""blockIndex"":82,""chapterNumber"":4,""subjectSlug"":""computer-11""}","published",,"4.3 Data Visualization and Summary Statistics","ms75pk36wb4h9ygs001bfet4md85qpfc","1787554408029","5255",
"computer-11","05-application-of-computer-science","Application Of Computer Science","5-1-introduction-to-internet-of-things","5.1 Introduction to Internet of Things (IoT)","1777383938899.3938","kx79b4x1dr4fe083a2kkpaaxb985qs4c","1777383938899","1777383938899","5-1-introduction-to-internet-of-things","{""blockIndex"":5,""chapterNumber"":5,""subjectSlug"":""computer-11""}","published",,"5.1 Introduction to Internet of Things (IoT)","ms7b3cwcwrqc25rjx58h4wtqjx85peqy","1787554413044","4782",
"computer-11","05-application-of-computer-science","Application Of Computer Science","5-2-technologies-that-enabled-internet-of-things","5.2 Technologies Enabling IoT","1777383939945.3235","kx77qdqtvs7qasgb2swzb27y8s85p9qc","1777383939945","1777383939945","5-2-technologies-that-enabled-internet-of-things","{""blockIndex"":7,""chapterNumber"":5,""subjectSlug"":""computer-11""}","published",,"5.2 Technologies Enabling IoT","ms736xf64wr8pq230hbvtq4xgx85phjz","1787554413458","4040",
"computer-11","05-application-of-computer-science","Application Of Computer Science","5-3-blockchain","5.3 Blockchain","1777383941045.9766","kx78qmd2e6gyek74peeb6matsn85pee6","1777383941046","1777383941046","5-3-blockchain","{""blockIndex"":40,""chapterNumber"":5,""subjectSlug"":""computer-11""}","published",,"5.3 Blockchain","ms79wcacmpat8ajwg1c6w4a1k185pkh2","1787554414839","3955",
"computer-11","05-application-of-computer-science","Application Of Computer Science","5-5-integration-of-blockchain-and-iot","5.5 Blockchain and IoT Integration","1777383942243.2405","kx717kpvz9tmk08btfk0r67tds85qq95","1777383942243","1777383942243","5-5-integration-of-blockchain-and-iot","{""blockIndex"":65,""chapterNumber"":5,""subjectSlug"":""computer-11""}","published",,"5.5 Blockchain and IoT Integration","ms74k8h24ndn4261y8jfjsefzx85q28q","1787554415188","4649",
"computer-11","05-application-of-computer-science","Application Of Computer Science","5-6-stakeholders-interests-in-ai-systems","5.6 Stakeholder Interests in AI Systems","1777383943306.0127","kx72571z0jckjn3sdne8psep0s85qkft","1777383943306","1777383943306","5-6-stakeholders-interests-in-ai-systems","{""blockIndex"":70,""chapterNumber"":5,""subjectSlug"":""computer-11""}","published",,"5.6 Stakeholder Interests in AI Systems","ms7byyjaf0pqb44bhyvmd01ztd85pxe7","1787554415546","4497",
"computer-11","06-impacts-of-computing","Impacts Of Computing","6-1-information","6.1 Information","1777383950240.0078","kx72gv8grhhdb786471b8cekq585pbrz","1777383950240","1777383950240","6-1-information","{""blockIndex"":7,""chapterNumber"":6,""subjectSlug"":""computer-11""}","published",,"6.1 Information","ms78amjf799645dz5tcwpjd9k985q98e","1787554441125","4075",
"computer-11","06-impacts-of-computing","Impacts Of Computing","6-2-information-sources","6.2 Information Sources","1777383951024.8506","kx759vgx7mq7nfaxbg59hh0b3985qqa9","1777383951024","1777383951024","6-2-information-sources","{""blockIndex"":9,""chapterNumber"":6,""subjectSlug"":""computer-11""}","published",,"6.2 Information Sources","ms70kh7f9y4c0acy7q4s43j4zx85q8q4","1787554441626","4038",
"computer-11","06-impacts-of-computing","Impacts Of Computing","6-3-safe-use-of-information-sources","6.3 Safe Use of Information Sources","1777383951827.958","kx79r4k1g7e7cdq1emygb1f93s85qn3f","1777383951828","1777383951828","6-3-safe-use-of-information-sources","{""blockIndex"":28,""chapterNumber"":6,""subjectSlug"":""computer-11""}","published",,"6.3 Safe Use of Information Sources","ms7134zwpya7vx2ypge5c825zx85qryk","1787554442934","3963",
"computer-11","06-impacts-of-computing","Impacts Of Computing","6-5-reliable-information","6.5 Reliable Information","1777383953119.0051","kx75gyccajf6jv7hwb8k8j8tvx85qnq7","1777383953119","1777383953119","6-5-reliable-information","{""blockIndex"":55,""chapterNumber"":6,""subjectSlug"":""computer-11""}","published",,"6.5 Reliable Information","ms7d017k8b2mzv8jrsffbykxq585p15v","1787554443403","5724",
"computer-11","06-impacts-of-computing","Impacts Of Computing","6-6-sources-of-unreliable-information","6.6 Sources of Unreliable Information","1777383953907.0642","kx73v9b7f2aeypvj27brmeyr9n85pyv4","1777383953907","1777383953907","6-6-sources-of-unreliable-information","{""blockIndex"":72,""chapterNumber"":6,""subjectSlug"":""computer-11""}","published",,"6.6 Sources of Unreliable Information","ms7a0prjk73g1bxptg3ab4gje185p14n","1787554443917","4298",
"computer-11","06-impacts-of-computing","Impacts Of Computing","6-7-data-searches","6.7 Data Searches","1777383954708.5447","kx79w5ctb2mkn3phs3fxd8r18d85qrzy","1777383954708","1777383954708","6-7-data-searches","{""blockIndex"":76,""chapterNumber"":6,""subjectSlug"":""computer-11""}","published",,"6.7 Data Searches","ms79987rd12k7a3mmmwh1rjbp185q4gv","1787554444368","4269",
"computer-11","06-impacts-of-computing","Impacts Of Computing","6-8-data-source-verification-tasks-suitable-for-humans","6.8 Data Source Verification Tasks Suitable for Humans","1777383955689.455","kx71k7tm4xsn6pte2q26vqm93185qzv0","1777383955689","1777383955689","6-8-data-source-verification-tasks-suitable-for-humans","{""blockIndex"":78,""chapterNumber"":6,""subjectSlug"":""computer-11""}","published",,"6.8 Data Source Verification Tasks Suitable for Humans","ms731jkdtvavc9ks7rkatta5pn85pyjj","1787554445669","3776",
"computer-11","06-impacts-of-computing","Impacts Of Computing","6-9-computing","6.9 Computing","1777383956450.7737","kx7f94wtehz38bac1c6rg73yn585pevr","1777383956450","1777383956450","6-9-computing","{""blockIndex"":103,""chapterNumber"":6,""subjectSlug"":""computer-11""}","published",,"6.9 Computing","ms71z7qg5dn2bcx3gdjsag4fh985pcgh","1787554446123","4738",
"computer-11","06-impacts-of-computing","Impacts Of Computing","6-10-impact-of-increased-connectivity-on-the-environment","6.10 Impact of Increased Connectivity on the Environment","1777383944096.4956","kx712ztnrhd4kdpvdsw3vsf0wn85pgka","1777383944096","1777383944096","6-10-impact-of-increased-connectivity-on-the-environment","{""blockIndex"":117,""chapterNumber"":6,""subjectSlug"":""computer-11""}","published",,"6.10 Impact of Increased Connectivity on the Environment","ms71sy1bg1w16fa51e860dqq1985q7e7","1787554447861","3954",
"computer-11","06-impacts-of-computing","Impacts Of Computing","6-11-the-effects-of-connectivity-on-culture","6.11 Effects of Connectivity on Culture","1777383944872.9219","kx74e3xw5tncyxrkzv05awdvcs85q07n","1777383944872","1777383944872","6-11-the-effects-of-connectivity-on-culture","{""blockIndex"":131,""chapterNumber"":6,""subjectSlug"":""computer-11""}","published",,"6.11 Effects of Connectivity on Culture","ms7dk7mxaqg952pc5c1myqtja185pkhy","1787554448318","3807",
"computer-11","06-impacts-of-computing","Impacts Of Computing","6-12-effects-of-increased-connectivity-on-people","6.12 Effects of Increased Connectivity on People","1777383945872.06","kx71j2r4z1vn34zbepmaca5zax85qzts","1777383945872","1777383945872","6-12-effects-of-increased-connectivity-on-people","{""blockIndex"":133,""chapterNumber"":6,""subjectSlug"":""computer-11""}","published",,"6.12 Effects of Increased Connectivity on People","ms73qqbh7cs2carv7bazz0a3pd85q1m7","1787554449233","4945",
"computer-11","06-impacts-of-computing","Impacts Of Computing","6-13-assistive-technologies","6.13 Assistive Technologies","1777383947025.8848","kx72h4ba6y4emfk1sxwnbewya585pjg7","1777383947025","1777383947025","6-13-assistive-technologies","{""blockIndex"":136,""chapterNumber"":6,""subjectSlug"":""computer-11""}","published",,"6.13 Assistive Technologies","ms75rw76mgrm1tv3jjwype3eh185p6jv","1787554449688","3912",
"computer-11","06-impacts-of-computing","Impacts Of Computing","6-14-digital-divide","6.14 Digital Divide","1777383947918.2463","kx77qa7k509w4vdbq4v86pzwd585qxfp","1777383947918","1777383947918","6-14-digital-divide","{""blockIndex"":142,""chapterNumber"":6,""subjectSlug"":""computer-11""}","published",,"6.14 Digital Divide","ms74s3688h77hgcjw1wpsk9d1x85ptk2","1787554450162","3565",
"computer-11","06-impacts-of-computing","Impacts Of Computing","6-15-technological-innovations","6.15 Technological Innovations","1777383949125.37","kx70g8q2smak65f35b0dyefzx985q71n","1777383949125","1777383949125","6-15-technological-innovations","{""blockIndex"":144,""chapterNumber"":6,""subjectSlug"":""computer-11""}","published",,"6.15 Technological Innovations","ms7d4f5ev1n8qymatjqnhdqkkh85qk1b","1787554450645","4241",
"computer-11","07-digital-literacy","Digital Literacy","7-1-data-collection-strategies","7.1 Data Collection Strategies","1777383957274.2227","kx71zgbckbyd6z32djbkp54apx85qfgf","1777383957274","1777383957274","7-1-data-collection-strategies","{""blockIndex"":9,""chapterNumber"":7,""subjectSlug"":""computer-11""}","published",,"7.1 Data Collection Strategies","ms7a7p16tzxp01y6yawb8y4ag185p7ww","1787554459035","4081",
"computer-11","07-digital-literacy","Digital Literacy","7-2-data-presentation-for-research-questio","7.2 Data Presentation for Research Questions","1777383958073.8828","kx77qwjyam8pq11frg9qatcd7d85ps1k","1777383958073","1777383958073","7-2-data-presentation-for-research-questio","{""blockIndex"":59,""chapterNumber"":7,""subjectSlug"":""computer-11""}","published",,"7.2 Data Presentation for Research Questions","ms727wc4dsdm4edecgr6vszfex85pxr6","1787554459990","4214",
"computer-11","08-entrepreneurship-in-the-digital-age","Entrepreneurship In The Digital Age","8-1-introduction-to-product-development","8.1 Introduction to Product Development","1777383958839.82","kx748pn74q143r9y5q7jd99v5d85pmap","1777383958839","1777383958839","8-1-introduction-to-product-development","{""blockIndex"":2,""chapterNumber"":8,""subjectSlug"":""computer-11""}","published",,"8.1 Introduction to Product Development","ms75p22sf9za22j74k9r69sjbn85pxaw","1787554470502","4027",
"computer-11","08-entrepreneurship-in-the-digital-age","Entrepreneurship In The Digital Age","8-2-understanding-prototypes","8.2 Understanding Prototypes","1777383959850.3772","kx77w12wyzgj6fkq7qdw1h0qah85pb9z","1777383959850","1777383959850","8-2-understanding-prototypes","{""blockIndex"":10,""chapterNumber"":8,""subjectSlug"":""computer-11""}","published",,"8.2 Understanding Prototypes","ms75nrdkj6tkjvkdskes7741g185qg28","1787554470855","4536",
"computer-11","08-entrepreneurship-in-the-digital-age","Entrepreneurship In The Digital Age","8-3-creating-prototypes","8.3 Creating Prototypes","1777383961117.1404","kx744py8sfn4aj7bx2qdaaq40985q9bn","1777383961117","1777383961117","8-3-creating-prototypes","{""blockIndex"":23,""chapterNumber"":8,""subjectSlug"":""computer-11""}","published",,"8.3 Creating Prototypes","ms79576dq96k3dpqa4dgy647p585pak9","1787554471214","3939",
"computer-11","08-entrepreneurship-in-the-digital-age","Entrepreneurship In The Digital Age","8-4-testing-prototypes","8.4 Testing Prototypes","1777383962065.9458","kx71nn7hwj4m5mycwaz49p3nms85q759","1777383962065","1777383962065","8-4-testing-prototypes","{""blockIndex"":37,""chapterNumber"":8,""subjectSlug"":""computer-11""}","published",,"8.4 Testing Prototypes","ms731mfngxrn1rqq56behdz64185p6qh","1787554471569","2856",
"computer-12","01-computer-systems","Computer Systems","1-1-system-device-usability-security-and-accessibility","1.1 System Usability, Security and Accessibility","1777384332852.7932","kx7ag3m1dx8aqhkw0hcezajngh85pjez","1777384332852","1777384332852","1-1-system-device-usability-security-and-accessibility","{""blockIndex"":4,""chapterNumber"":1,""page"":7,""subjectSlug"":""computer-12""}","published","Preserve canonical Computer 12 Chapter 1 note content and add verified source anchor 4.","1.1 System Usability, Security and Accessibility","ms72k0zssah8xh1j0rh29g2wfh85p658","1787554415907","4346",
"computer-12","01-computer-systems","Computer Systems","1-2-human-computer-interaction-hci","1.2 Human-Computer Interaction (HCI)","1777384333646.5176","kx7fpmrjpkaqnc19ybqennagrh85q1yj","1777384333646","1777384333646","1-2-human-computer-interaction-hci","{""blockIndex"":109,""chapterNumber"":1,""page"":21,""subjectSlug"":""computer-12""}","published","Preserve canonical Computer 12 Chapter 1 note content and add verified source anchor 109.","1.2 Human-Computer Interaction (HCI)","ms7636kes62q9cysw8h1jp1n5185pa4k","1787554416254","5019",
"computer-12","01-computer-systems","Computer Systems","1-3-trade-offs-between-usability-and-security-in-computing-systems","1.3 Trade-offs Between Usability and Security in Computing Systems","1777384334429.964","kx76ncvr1wc8j4ja2dayyw5r8n85qzbw","1777384334430","1777384334430","1-3-trade-offs-between-usability-and-security-in-computing-systems","{""blockIndex"":164,""chapterNumber"":1,""page"":29,""subjectSlug"":""computer-12""}","published","Preserve canonical Computer 12 Chapter 1 note content and add verified source anchor 164.","1.3 Trade-offs Between Usability and Security in Computing Systems","ms70w2pde05bw16yxx4ryzkc7s85q3bt","1787554416608","4497",
"computer-12","02-computational-thinking-algorithms","Computational Thinking & Algorithms","2-1-data-structures","2.1 Data Structures","1777384335219.0103","kx7bbdwras5347wfyc72g4kzax85pb9e","1777384335219","1777384335219","2-1-data-structures","{""blockIndex"":10,""chapterNumber"":2,""page"":40,""subjectSlug"":""computer-12""}","published","Preserve canonical Computer 12 Chapter 2 note content and add verified source anchor 10.","2.1 Data Structures","ms77v648zy8zr0ct4xrhfz8vr985qv40","1787554426016","4702",
"computer-12","02-computational-thinking-algorithms","Computational Thinking & Algorithms","2-2-evaluating-computational-solutions","2.2 Evaluating Computational Solutions","1777384336018.5273","kx7dy52k010a0c6g931480v7d985qr0w","1777384336018","1777384336018","2-2-evaluating-computational-solutions","{""blockIndex"":66,""chapterNumber"":2,""page"":49,""subjectSlug"":""computer-12""}","published","Preserve canonical Computer 12 Chapter 2 note content and add verified source anchor 66.","2.2 Evaluating Computational Solutions","ms7czt46baymr97zc9g84pnnvn85q4nb","1787554426346","3725",
"computer-12","03-programming-fundamentals","Programming Fundamentals","3-1-the-programming-paradigm","3.1 The Programming Paradigm","1777384336788.6338","kx7f1cs7ca6nfj53f5xa425xp985p7zg","1777384336788","1777384336788","3-1-the-programming-paradigm","{""blockIndex"":1,""chapterNumber"":3,""page"":78,""subjectSlug"":""computer-12""}","published","Preserve canonical Computer 12 Chapter 3 note content and add verified source anchor 1.","3.1 The Programming Paradigm","ms7fyavmc701jsk0kbsg30xgbd85ppes","1787554468821","4494",
"computer-12","03-programming-fundamentals","Programming Fundamentals","3-2-programming-constructs-in-python","3.2 Programming Constructs in Python","1777384337588.154","kx7ewq8kmy9nzx4vgsxyg98t6x85pzf6","1777384337588","1777384337588","3-2-programming-constructs-in-python","{""blockIndex"":12,""chapterNumber"":3,""page"":91,""subjectSlug"":""computer-12""}","published","Preserve canonical Computer 12 Chapter 3 note content and add verified source anchor 12.","3.2 Programming Constructs in Python","ms78p90xtnph5gaqvnrd73hzms85pth1","1787554469165","4882",
"computer-12","03-programming-fundamentals","Programming Fundamentals","3-3-techniques-for-testing-debugging","3.3 Techniques for Testing and Debugging","1777384338360.1724","kx725qkj8r3ajaa85byvyew7an85pvf7","1777384338360","1777384338360","3-3-techniques-for-testing-debugging","{""blockIndex"":12,""chapterNumber"":3,""page"":91,""subjectSlug"":""computer-12""}","published","Preserve canonical Computer 12 Chapter 3 note content and add verified source anchor 12.","3.3 Techniques for Testing and Debugging","ms7930sxyhrenfrcrwz0c6d3xs85qfjx","1787554469575","4395",
"computer-12","04-data-and-analysis","Data And Analysis","4-1-data-types","4.1 Data Types in C++","1777384339156.23","kx7bcj3wt1vb4jg6m3sztafk4d85pa94","1777384339156","1777384339156","4-1-data-types","{""blockIndex"":1,""chapterNumber"":4,""page"":101,""subjectSlug"":""computer-12""}","published","Preserve canonical Computer 12 Chapter 4 note content and add verified source anchor 1.","4.1 Data Types in C++","ms7deqegt38drkkh138m8a8kns85qsck","1787554474374","3009",
"computer-12","04-data-and-analysis","Data And Analysis","4-2-data-visualization","4.2 Data Visualization","1777384340234.4055","kx7dn56qk5q6x47nk3rkmtbphd85p142","1777384340234","1777384340234","4-2-data-visualization","{""blockIndex"":35,""chapterNumber"":4,""page"":107,""subjectSlug"":""computer-12""}","published","Preserve canonical Computer 12 Chapter 4 note content and add verified source anchor 35.","4.2 Data Visualization","ms72ew62mvdzj4v2kac5fcn1yd85qdpz","1787554474705","4635",
"computer-12","04-data-and-analysis","Data And Analysis","4-3-hypothesis-formulation-and-hypothesis-testing","4.3 Hypothesis Formulation and Hypothesis Testing","1777384341274.1567","kx736nysby4ff9qhc72qwd7yqd85p0ef","1777384341274","1777384341274","4-3-hypothesis-formulation-and-hypothesis-testing","{""blockIndex"":64,""chapterNumber"":4,""page"":111,""subjectSlug"":""computer-12""}","published","Preserve canonical Computer 12 Chapter 4 note content and add verified source anchor 64.","4.3 Hypothesis Formulation and Hypothesis Testing","ms743em6nbs81f09k796gce0px85pz2j","1787554475076","4213",
"computer-12","05-applications-of-computer-science","Applications Of Computer Science","5-1-internet-of-things-iot","5.1 Internet of Things (IoT)","1777384342054.8896","kx7b84hc8mfh5eqc233avrc11x85q6q6","1777384342054","1777384342054","5-1-internet-of-things-iot",,"published","Preserve canonical Computer 12 Chapter 5 note content and add verified source anchor 5.","5.1 Internet of Things (IoT)","ms7bk94vwvm998qfs84jd5g6q985qpe7","1787554797946","4933",
"computer-12","05-applications-of-computer-science","Applications Of Computer Science","5-2-designing-iot-based-applications","5.2 Designing IoT-Based Applications","1777384342845.8367","kx71r00erwf7hxxqkd30k65qtd85qpf0","1777384342845","1777384342845","5-2-designing-iot-based-applications",,"published","Preserve canonical Computer 12 Chapter 5 note content and add verified source anchor 7.","5.2 Designing IoT-Based Applications","ms7d255h7y3zjvf1bnk8hwqq2x85q3f1","1787562918848","5191",
"computer-12","05-applications-of-computer-science","Applications Of Computer Science","5-3-lot-applications-applicable-to-pakistan","5.3 IoT Applications Applicable to Pakistan","1777384343629.8474","kx71qzsqewrpcnyqbah6vp7j5985q0qj","1777384343629","1777384343629","5-3-lot-applications-applicable-to-pakistan",,"published","Preserve canonical Computer 12 Chapter 5 note content and add verified source anchor 24.","5.3 IoT Applications Applicable to Pakistan","ms7244bg00syymm6q05twbrdnd85q578","1787554800944","3561",
"computer-12","05-applications-of-computer-science","Applications Of Computer Science","5-4-blockchain","5.4 Blockchain","1777384344453.5647","kx7c48ggfxbya4hdvqnva55mzx85qjp0","1777384344453","1777384344453","5-4-blockchain",,"published","Preserve canonical Computer 12 Chapter 5 note content and add verified source anchor 10.","5.4 Blockchain","ms7b75k2g7tnb5cd1gttkrdny185q9vm","1787554801402","4615",
"computer-12","05-applications-of-computer-science","Applications Of Computer Science","5-5-blockchain-applications-applicable-to-pakistan","5.5 Blockchain Applications in Pakistan","1777384345255.94","kx74a60bb9x380me4fwdw8qvex85p9ag","1777384345256","1777384345256","5-5-blockchain-applications-applicable-to-pakistan",,"published","Preserve canonical Computer 12 Chapter 5 note content and add verified source anchor 67.","5.5 Blockchain Applications in Pakistan","ms7c7y8kerzmycawywgq5hr61h85prmd","1787554801913","5016",
"computer-12","05-applications-of-computer-science","Applications Of Computer Science","5-6-cloud-computing","5.6 Cloud Computing","1777384346083.5593","kx75vy2zec45fsdqnmxw7hyx3185p8bc","1777384346083","1777384346083","5-6-cloud-computing",,"published","Preserve canonical Computer 12 Chapter 5 note content and add verified source anchor 79.","5.6 Cloud Computing","ms7981ywa4zb9pmpg6357hkcp185p1ak","1787554802371","5148",
"computer-12","05-applications-of-computer-science","Applications Of Computer Science","5-7-neural-networks-and-deep-learning","5.7 Neural Networks and Deep Learning","1777384346869.4172","kx72gntj4rmkxfrys1nbsr1g5185qyct","1777384346869","1777384346869","5-7-neural-networks-and-deep-learning",,"published","Preserve canonical Computer 12 Chapter 5 note content and add verified source anchor 106.","5.7 Neural Networks and Deep Learning","ms7cf863vhbjwh6k7adth71w6x85qk9t","1787554803230","4630",
"computer-12","05-applications-of-computer-science","Applications Of Computer Science","5-8-data-sharing-and-privacy","5.8 Data Sharing and Privacy","1777384347697.8206","kx7cp3pwg8mysg09qc6qv3h9x985q4x5","1777384347697","1777384347697","5-8-data-sharing-and-privacy",,"published","Preserve canonical Computer 12 Chapter 5 note content and add verified source anchor 152.","5.8 Data Sharing and Privacy","ms78stjg47rypcnv649b4xxms185pdzh","1787554803671","5066",
"computer-12","06-impacts-of-computing","Impacts Of Computing","6-1-security-protocols","6.1 Security Protocols","1777384352151.3545","kx71tjszag9xjmdb158dta398985q13y","1777384352151","1777384352151","6-1-security-protocols",,"published","Preserve canonical Computer 12 Chapter 6 note content and add verified source anchor 7.","6.1 Security Protocols","ms7dd2msfvjawppf4r5305yd4h85pedd","1787562920186","3514",
"computer-12","06-impacts-of-computing","Impacts Of Computing","6-2-risks-of-sharing-private-information","6.2 Risks of Sharing Private Information","1777384352923.8271","kx799hkepzwcw5wxeckkr9fe5x85qabm","1777384352923","1777384352923","6-2-risks-of-sharing-private-information",,"published","Preserve canonical Computer 12 Chapter 6 note content and add verified source anchor 25.","6.2 Risks of Sharing Private Information","ms7fjt5srermft6e767258x20x85pqvb","1787554838295","4342",
"computer-12","06-impacts-of-computing","Impacts Of Computing","6-3-best-practices-to-prevent-identity-theft","6.3 Best Practices to Prevent Identity Theft","1777384353746.018","kx71zr3ddn6y20ykx703saytbx85pfm2","1777384353746","1777384353746","6-3-best-practices-to-prevent-identity-theft",,"published","Preserve canonical Computer 12 Chapter 6 note content and add verified source anchor 32.","6.3 Best Practices to Prevent Identity Theft","ms7dmdq2610dvvdt0p7mzfsd5985pzme","1787554838785","5239",
"computer-12","06-impacts-of-computing","Impacts Of Computing","6-4-cyber-attacks","6.4 Cyber-Attacks","1777384354539.3882","kx7dhzkaen64gphqgz2pcbjzzs85qbzc","1777384354539","1777384354539","6-4-cyber-attacks",,"published","Preserve canonical Computer 12 Chapter 6 note content and add verified source anchor 17.","6.4 Cyber-Attacks","ms7b6wv6nb9p8jrbjg0703kyds85pr21","1787562920541","5073",
"computer-12","06-impacts-of-computing","Impacts Of Computing","6-5-security-methods","6.5 Security Methods","1777384355348.8665","kx76387d7p8vmz8xd24zsb0k5x85q0x3","1777384355348","1777384355348","6-5-security-methods",,"published","Preserve canonical Computer 12 Chapter 6 note content and add verified source anchor 8.","6.5 Security Methods","ms70zv3f43kr4w4775g28yg9vd85q91b","1787554844069","4435",
"computer-12","06-impacts-of-computing","Impacts Of Computing","6-6-safe-transmission-of-data","6.6 Safe Transmission of Data","1777384356132.3528","kx7bb7egtf3hcfa5rgbam0darh85qqxn","1777384356132","1777384356132","6-6-safe-transmission-of-data",,"published","Preserve canonical Computer 12 Chapter 6 note content and add verified source anchor 61.","6.6 Safe Transmission of Data","ms7dbj8dgwe4ba3rqbtp3jrfn185qs40","1787554840855","4213",
"computer-12","06-impacts-of-computing","Impacts Of Computing","6-7-security-protocols","6.7 Security Protocols","1777384356931.1904","kx7dt4henamejqqgzn7zrwf9g185pr5c","1777384356931","1777384356931","6-7-security-protocols",,"published","Preserve canonical Computer 12 Chapter 6 note content and add verified source anchor 7.","6.7 Security Protocols","ms76rdpyhpajzmqczf6e48xavs85q0hp","1787554841352","3770",
"computer-12","06-impacts-of-computing","Impacts Of Computing","6-8-troubleshoot-security-problems","6.8 Troubleshoot Security Problems","1777384357838.2493","kx7djpta3mz9mrqdqp35d0c1g185px8f","1777384357838","1777384357838","6-8-troubleshoot-security-problems",,"published","Preserve canonical Computer 12 Chapter 6 note content and add verified source anchor 87.","6.8 Troubleshoot Security Problems","ms73q3j3qvqhv5xz11z74rbvhx85pbgk","1787554841861","6419",
"computer-12","06-impacts-of-computing","Impacts Of Computing","6-9-identifying-a-cybersecurity-threat","6.9 Identifying a Cybersecurity Threat","1777384358631.8457","kx7e1a7byxvrmvyt021j8dhtm585p12w","1777384358631","1777384358631","6-9-identifying-a-cybersecurity-threat",,"published","Preserve canonical Computer 12 Chapter 6 note content and add verified source anchor 92.","6.9 Identifying a Cybersecurity Threat","ms7dq5d3kc8kk9d0nwbgv1e3q585qc4h","1787562920809","4845",
"computer-12","06-impacts-of-computing","Impacts Of Computing","6-10-computational-perspectives","6.10 Computational Perspectives","1777384348709.4011","kx77wf71harfsc8pps867dc79585p7m1","1777384348709","1777384348709","6-10-computational-perspectives",,"published","Preserve canonical Computer 12 Chapter 6 note content and add verified source anchor 104.","6.10 Computational Perspectives","ms7bavb9nz9z0dm2q643p5stwx85p27x","1787554843086","4609",
"computer-12","06-impacts-of-computing","Impacts Of Computing","6-11-computing-applications","6.11 Computing Applications","1777384349665.026","kx7fxeeqy5n0tdk8c3przq7twn85qgrg","1777384349665","1777384349665","6-11-computing-applications",,"published","Preserve canonical Computer 12 Chapter 6 note content and add verified source anchor 109.","6.11 Computing Applications","ms7e6yg236x6nn3pb25ech58eh85qbbt","1787554843564","6394",
"computer-12","06-impacts-of-computing","Impacts Of Computing","6-12-resources-for-equal-information-accessibility","6.12 Resources for Equal Information Accessibility","1777384350533.2417","kx77j5tdpzj4vhvn749mjrnpyh85pej4","1777384350533","1777384350533","6-12-resources-for-equal-information-accessibility",,"published","Preserve canonical Computer 12 Chapter 6 note content and add verified source anchor 117.","6.12 Resources for Equal Information Accessibility","ms7epkzby5jh64xhsp2cq7f62985q8k6","1787562921084","4592",
"computer-12","06-impacts-of-computing","Impacts Of Computing","6-13-collaborative-tools","6.13 Collaborative Tools","1777384351357.0776","kx79tzg1qmyvx55j1rph7r59es85qzy3","1777384351357","1777384351357","6-13-collaborative-tools",,"published","Preserve canonical Computer 12 Chapter 6 note content and add verified source anchor 127.","6.13 Collaborative Tools","ms7c596rqcctb6njq41rw4qead85pfx5","1787554844551","5286",
"computer-12","07-digital-literacy","Digital Literacy","7-1-performing-advanced-searches-to-locate-information","7.1 Performing Advanced Searches to Locate Information","1777384359504.3958","kx7a9b4jgp9vr17c8jnqd3089d85q0h2","1777384359504","1777384359504","7-1-performing-advanced-searches-to-locate-information",,"published","Preserve canonical Computer 12 Chapter 7 note content and add verified source anchor 0.","7.1 Performing Advanced Searches to Locate Information","ms77ys8wmxsz6g3fmthrkrvxph85pga9","1787554858343","4439",
"computer-12","08-entrepreneurship-in-digital-age","Entrepreneurship In Digital Age","8-1-building-and-launching-the-mvp-minimum-viable-product","8.1 Building and Launching the MVP (Minimum Viable Product)","1777384360284.1877","kx70g179bpdex86b8q17aw59hn85qzre","1777384360284","1777384360284","8-1-building-and-launching-the-mvp-minimum-viable-product",,"published","Preserve canonical Computer 12 Chapter 8 note content and add verified source anchor 8.","8.1 Building and Launching the MVP (Minimum Viable Product)","ms7786zdx1xqqk1vfbjh2kspan85pjjv","1787562921978","4017",
"computer-12","08-entrepreneurship-in-digital-age","Entrepreneurship In Digital Age","8-2-iterative-development","8.2 Iterative Development","1777384361057.417","kx70vpkcj8vhy6vatq6md70zfs85pyes","1777384361057","1777384361057","8-2-iterative-development",,"published","Preserve canonical Computer 12 Chapter 8 note content and add verified source anchor 38.","8.2 Iterative Development","ms7b6kcswxqexx47x2bd0cr1sx85phzm","1787554876511","4218",
"computer-12","08-entrepreneurship-in-digital-age","Entrepreneurship In Digital Age","8-3-conclusion-and-future-directions","8.3 Conclusion and Future Directions","1777384361850.6597","kx7atr686j4k6b4epkggqskzzs85p6hb","1777384361850","1777384361850","8-3-conclusion-and-future-directions",,"published","Preserve canonical Computer 12 Chapter 8 note content and add verified source anchor 60.","8.3 Conclusion and Future Directions","ms7cng19dka1fzj8h0zkhdje5985p72x","1787554876917","4129",
"maths-11","01-complex-numbers","Complex Numbers","exercise-1-1","1.1 Powers of $i$ and Complex Representation","1777383962850.9404","kx70xqk8hs816ypjjz9dx2skh585qdwy","1777383962851","1777383962851","exercise-1-1",,"published",,"1.1 Powers of $i$ and Complex Representation","ms75j8hrty7wwvm6xcnajba4sx85py60","1789034343733","3434",
"maths-11","01-complex-numbers","Complex Numbers","exercise-1-2","1.2 Real and Imaginary Parts - Operations, Conjugate, Modulus","1777383963994.197","kx7c3ddrjgsfzt77rvg25j4dzs85pxa4","1777383963994","1777383963994","exercise-1-2",,"published",,"1.2 Real and Imaginary Parts - Operations, Conjugate, Modulus","ms72h1vpwzm5hweh16a2z117wd85p1rz","1787553960540","3221",
"maths-11","01-complex-numbers","Complex Numbers","exercise-1-3","1.3 Factorization and Completing the Square","1777383964794.6436","kx71mgf0gf12ewn2tbt5yshvqx85qp1n","1777383964794","1777383964794","exercise-1-3",,"published",,"1.3 Factorization and Completing the Square","ms7evxvfg9anrprmf5t6zn0yv585qexh","1787553960878","4224",
"maths-11","01-complex-numbers","Complex Numbers","exercise-1-4","1.4 Complex Numbers in Different Forms","1777383965671.6448","kx7c7ryycqeb46h0bgmzh4ygkn85qhqr","1777383965671","1777383965671","exercise-1-4",,"published",,"1.4 Complex Numbers in Different Forms","ms7brnsmv7n5tye6pfajxqcxv985pkr4","1789036025004","3430",
"maths-11","02-matrices-and-determinants","Matrices And Determinants","exercise-2-1","2.1 Matrix Order and Types","1777383966464.3994","kx75pgwthq1p1qa595v6qj26cx85pg8n","1777383966464","1777383966464","exercise-2-1",,"published","Preserve the canonical Maths 11 Chapter 2 note body and add its verified corpus source anchor (block 11).","2.1 Matrix Order and Types","ms797qs0y0w2d0ehc7vcscrh5h85qs3w","1791044271679","3353",
"maths-11","02-matrices-and-determinants","Matrices And Determinants","exercise-2-2","2.2 Matrix Construction and Operations","1777383967263.0806","kx79sgd6km4rxat9grnzdmhfc185qjtf","1777383967263","1777383967263","exercise-2-2",,"published","Preserve the canonical Maths 11 Chapter 2 note body and add its verified corpus source anchor (block 285).","2.2 Matrix Construction and Operations","ms721ktdww5ng9abnej8382zyd85pnwq","1787554004970","3462",
"maths-11","02-matrices-and-determinants","Matrices And Determinants","exercise-2-3","2.3 Determinants and Cofactor Expansion","1777383968065.2112","kx7et8hyjma6g69tfkfedz7sy985pw42","1777383968065","1777383968065","exercise-2-3",,"published","Preserve the canonical Maths 11 Chapter 2 note body and add its verified corpus source anchor (block 122).","2.3 Determinants and Cofactor Expansion","ms7c3pd94ng9j54znypntrrh8185p841","1791044281319","2848",
"maths-11","02-matrices-and-determinants","Matrices And Determinants","exercise-2-4","2.4 Determinants and Special Matrices","1777383968839.1064","kx7cjmndtw9617p4t9wz4sf85985qfy0","1777383968839","1777383968839","exercise-2-4",,"published","Preserve the canonical Maths 11 Chapter 2 note body and add its verified corpus source anchor (block 4).","2.4 Determinants and Special Matrices","ms7ec9z5exgs5se4wdq2p0vybn85qzqh","1787554005335","4019",
"maths-11","02-matrices-and-determinants","Matrices And Determinants","exercise-2-5","2.5 Echelon Form and Solving Linear Systems","1777383969661.916","kx794rnvaekqeds68kq83t9h4x85p2c1","1777383969662","1777383969662","exercise-2-5",,"published","Preserve the canonical Maths 11 Chapter 2 note body and add its verified corpus source anchor (block 376).","2.5 Echelon Form and Solving Linear Systems","ms7dcz4g1vkahras5zwyj0yh9585q1f5","1787554005521","4661",
"maths-11","02-matrices-and-determinants","Matrices And Determinants","exercise-2-6","2.6 Homogeneous Systems of Linear Equations","1777383970439.9417","kx7dwt77qdqwrx0e6317n8ghwh85pg1j","1777383970440","1777383970440","exercise-2-6",,"published","Preserve the canonical Maths 11 Chapter 2 note body and add its verified corpus source anchor (block 309).","2.6 Homogeneous Systems of Linear Equations","ms77xhxssmsam1s8n1mfpr3kdh85qfs3","1791044260189","3314",
"maths-11","03-vectors","Vectors","exercise-3-1","3.1 Vector Addition and Components","1777383971398.53","kx70vpw31nxe96qfgy8dxk5q6585q845","1777383971398","1777383971398","exercise-3-1","{""blockIndex"":124,""chapterNumber"":3,""subjectSlug"":""maths-11""}","published",,"3.1 Vector Addition and Components","ms794bbdddmkc7b2mj3s0s6neh85qf54","1789042751550","5011","n57fswxhycn52zhst97yaz7gw9869h2z"
"maths-11","03-vectors","Vectors","exercise-3-2","3.2 Dot Product and Vector Projections","1777383972630.9827","kx72wac0z2fpcd9tdtdzstn8m585p4yj","1777383972631","1777383972631","exercise-3-2","{""blockIndex"":164,""chapterNumber"":3,""subjectSlug"":""maths-11""}","published",,"3.2 Dot Product and Vector Projections","ms781h3fyesp4kr9qmqkdanzhh85qj92","1787224352002","3867",
"maths-11","03-vectors","Vectors","exercise-3-3","3.3 Cross Product and Vector Direction","1777383973674.8367","kx70syn5j40n5ndcs6msf7qans85qst9","1777383973674","1777383973674","exercise-3-3","{""blockIndex"":296,""chapterNumber"":3,""subjectSlug"":""maths-11""}","published",,"3.3 Cross Product and Vector Direction","ms7bcg9rrtz6d184mea08rwcm585p300","1787224352173","5666",
"maths-11","03-vectors","Vectors","exercise-3-4","3.4 Scalar and Vector Triple Products","1777383974556.0164","kx7fp6d9babjez5z7a97bf8q8h85p083","1777383974556","1777383974556","exercise-3-4","{""blockIndex"":389,""chapterNumber"":3,""subjectSlug"":""maths-11""}","published",,"3.4 Scalar and Vector Triple Products","ms7bm566jbvr9vzc0z49r2setd85q4m1","1787224352294","4494",
"maths-11","04-sequence-and-series","Sequence And Series","exercise-4-1","4.1 Sequences and Their Terms","1777383975332.5105","kx73g5ee3fyv5hrrmsay7q7p9d85pnxf","1777383975332","1777383975332","exercise-4-1","{""blockIndex"":3,""chapterNumber"":4,""subjectSlug"":""maths-11""}","published",,"4.1 Sequences and Their Terms","ms7ed5tc45k6qhv23y6pg54x8n85q3b6","1787224356275","2423",
"maths-11","04-sequence-and-series","Sequence And Series","exercise-4-2","4.2 Arithmetic Sequence and General Term","1777383976145.3926","kx75dmvkydredfscxetggdcp3985qx83","1777383976145","1777383976145","exercise-4-2","{""blockIndex"":30,""chapterNumber"":4,""subjectSlug"":""maths-11""}","published",,"4.2 Arithmetic Sequence and General Term","ms70f43qcwkwyp7n7m98w8bkmn85pvaj","1787224356448","2663",
"maths-11","04-sequence-and-series","Sequence And Series","exercise-4-3","4.3 Arithmetic Series and Sum","1777383977102.767","kx79z41997snq1y4gffzwthe8185p2pg","1777383977102","1777383977102","exercise-4-3","{""blockIndex"":78,""chapterNumber"":4,""subjectSlug"":""maths-11""}","published",,"4.3 Arithmetic Series and Sum","ms7abjvwmq02jpp67hkzs2tfrs85py2e","1787224356593","2883",
"maths-11","04-sequence-and-series","Sequence And Series","exercise-4-4","4.4 Geometric Sequence and Common Ratio","1777383977910.9263","kx7236hc5j8e4smbrkvy69b5qs85qx10","1777383977911","1777383977911","exercise-4-4","{""blockIndex"":113,""chapterNumber"":4,""subjectSlug"":""maths-11""}","published",,"4.4 Geometric Sequence and Common Ratio","ms72kg74wpre4ff6fea9r49dch85pmzd","1787224356734","3299",
"maths-11","04-sequence-and-series","Sequence And Series","exercise-4-5","4.5 Finite and Infinite Series","1777383978933.1611","kx78x5t0r1k7mfnn6f05ny6fhh85pc6b","1777383978933","1777383978933","exercise-4-5","{""blockIndex"":149,""chapterNumber"":4,""subjectSlug"":""maths-11""}","published",,"4.5 Finite and Infinite Series","ms76x8wxydfj09rf8gab11t67985p125","1789034344328","3627",
"maths-11","04-sequence-and-series","Sequence And Series","exercise-4-6","4.6 Harmonic Progression","1777383979991.6921","kx78w5c989cckq0r58ffx8kq4985q77z","1777383979991","1777383979991","exercise-4-6","{""blockIndex"":208,""chapterNumber"":4,""subjectSlug"":""maths-11""}","published",,"4.6 Harmonic Progression","ms70v1ebj3eapv0hvwea2t9gjn85ppk2","1787224357048","2934",
"maths-11","04-sequence-and-series","Sequence And Series","exercise-4-7","4.7 Sigma Notation and Summation","1777383980835.3418","kx7em9tv6c119x1g29vfb4h9k585pgpe","1777383980835","1777383980835","exercise-4-7","{""blockIndex"":264,""chapterNumber"":4,""subjectSlug"":""maths-11""}","published",,"4.7 Sigma Notation and Summation","ms7dcbshhg663g3vgxyxw3zg5185p4n8","1787224357175","2880",
"maths-11","04-sequence-and-series","Sequence And Series","exercise-4-8","4.8 Arithmetic Progression","1777383981649.8892","kx7e5nre60qrrsh8bv8nq7zsjx85q4bd","1777383981649","1777383981649","exercise-4-8","{""blockIndex"":41,""chapterNumber"":4,""subjectSlug"":""maths-11""}","published",,"4.8 Arithmetic Progression","ms7bzvq1a7gxwzb9mt6f9sgb1x85pjay","1787224357292","2964",
"maths-11","05-polynomials","Polynomials","exercise-5-1","5.1 Remainder and Factor Theorem","1777383982897.734","kx74ggvn3vy01f3fcg1cqvvczx85pt07","1777383982897","1777383982897","exercise-5-1","{""blockIndex"":40,""chapterNumber"":5,""subjectSlug"":""maths-11""}","published",,"5.1 Remainder and Factor Theorem","ms75ddkjpdn28bfnzm1b4e3mxd85qj70","1787228886027","3956",
"maths-11","05-polynomials","Polynomials","exercise-5-2","5.2 Factorization and Remainder Theorem","1777383984126.3896","kx78h259f7w8aryf8byrrtr8t185q1wr","1777383984126","1777383984126","exercise-5-2","{""blockIndex"":26,""chapterNumber"":5,""subjectSlug"":""maths-11""}","published",,"5.2 Factorization and Remainder Theorem","ms71r71zd4eh0qvn7c8t4486jh85p693","1787228886397","3630",
"maths-11","05-polynomials","Polynomials","exercise-5-3","5.3 Factorization and Polynomial Division","1777383984980.3674","kx75ah7xav91jyr279ap5avb3985p3b2","1777383984980","1777383984980","exercise-5-3","{""blockIndex"":75,""chapterNumber"":5,""subjectSlug"":""maths-11""}","published",,"5.3 Factorization and Polynomial Division","ms79evh6r6papj9fcy2y8rdkb185q5ke","1787228886711","3567",
"maths-11","06-permutation-combination-and-probability","Permutation, Combination And Probability","exercise-6-1","6.1 Factorial Notation and Properties","1777383985757.2917","kx7ecqadmqtp7w749q74vcwtt985q00q","1777383985757","1777383985757","exercise-6-1","{""blockIndex"":7,""chapterNumber"":6,""subjectSlug"":""maths-11""}","published",,"6.1 Factorial Notation and Properties","ms76a0bqf3kkrccjwtw2rdvdy185pe0s","1787228894894","2674",
"maths-11","06-permutation-combination-and-probability","Permutation, Combination And Probability","exercise-6-2","6.2 Permutations of Distinct Objects","1777383986549.326","kx75yp1c9wweqefc8v0jg1kg2n85pk4x","1777383986549","1777383986549","exercise-6-2","{""blockIndex"":25,""chapterNumber"":6,""subjectSlug"":""maths-11""}","published",,"6.2 Permutations of Distinct Objects","ms74bwk7vfca700b3yen1ht7b585q4e5","1787228895217","3463",
"maths-11","06-permutation-combination-and-probability","Permutation, Combination And Probability","exercise-6-3","6.3 Combinations and Their Properties","1777383987416.3108","kx76zvhwfkxnwmvmqyrc4s2zn585ptnc","1777383987416","1777383987416","exercise-6-3","{""blockIndex"":46,""chapterNumber"":6,""subjectSlug"":""maths-11""}","published",,"6.3 Combinations and Their Properties","ms7besad4j9dch3c8zrbcrdv4s85pwr7","1787228895556","2598",
"maths-11","07-mathematical-induction-and-binomial-theorem","Mathematical Induction And Binomial Theorem","exercise-7-1","7.1 Principle of Mathematical Induction","1777383988352.8923","kx7emay91m2kfwaq62kh0t7ta985q8mc","1777383988352","1777383988352","exercise-7-1","{""blockIndex"":8,""chapterNumber"":7,""subjectSlug"":""maths-11""}","published",,"7.1 Principle of Mathematical Induction","ms7agypm85hh418pe6ec8ssmr185q4hs","1787228901964","3460",
"maths-11","07-mathematical-induction-and-binomial-theorem","Mathematical Induction And Binomial Theorem","exercise-7-2","7.2 Binomial Theorem and Pascal's Triangle","1777383989274.661","kx79kj3msx0xczg93tr3acqbbs85pp5k","1777383989274","1777383989274","exercise-7-2","{""blockIndex"":51,""chapterNumber"":7,""subjectSlug"":""maths-11""}","published",,"7.2 Binomial Theorem and Pascal's Triangle","ms734qf11n5wbk6vq60wganbq185prna","1787228902357","5398",
"maths-11","07-mathematical-induction-and-binomial-theorem","Mathematical Induction And Binomial Theorem","exercise-7-3","7.3 Binomial Series and Convergence","1777383990049.0066","kx7e8gv83adzq10e2t3nw89tth85q4yq","1777383990049","1777383990049","exercise-7-3","{""blockIndex"":129,""chapterNumber"":7,""subjectSlug"":""maths-11""}","published",,"7.3 Binomial Series and Convergence","ms770sfvgv9e8a4hjj4pwh69an85pmfz","1787228902825","3279",
"maths-11","07-mathematical-induction-and-binomial-theorem","Mathematical Induction And Binomial Theorem","exercise-7-4","7.4 Applications of Binomial Theorem: Cyclicity, Remainders, and Divisibility","1777383990828.7527","kx7aajm5xa4psf7e6d2rcf9sbd85ps5g","1777383990828","1777383990828","exercise-7-4","{""blockIndex"":160,""chapterNumber"":7,""subjectSlug"":""maths-11""}","published",,"7.4 Applications of Binomial Theorem: Cyclicity, Remainders, and Divisibility","ms76z0d9c6gpr0g43cgbxj5rz585p7p6","1787228903169","4633",
"maths-11","08-fundamentals-of-trigonometry","Fundamentals Of Trigonometry","exercise-8-1","8.1 Allied Angles and Sum/Difference Formulas","1777383992149.3882","kx7cmg7vzrcd2y315syd2q0xmn85qxkm","1777383992149","1777383992149","exercise-8-1","{""blockIndex"":31,""chapterNumber"":8,""subjectSlug"":""maths-11""}","published",,"8.1 Allied Angles and Sum/Difference Formulas","ms73xcsj9spe9pwfeqmkp3dv5n85pp3j","1787228908891","3712",
"maths-11","08-fundamentals-of-trigonometry","Fundamentals Of Trigonometry","exercise-8-2","8.2 Double, Triple and Half Angle Identities","1777383993111.371","kx7ejhbz4evtfmt8x3ywd1ygmn85q26k","1777383993111","1777383993111","exercise-8-2","{""blockIndex"":62,""chapterNumber"":8,""subjectSlug"":""maths-11""}","published",,"8.2 Double, Triple and Half Angle Identities","ms7ejy21ea6y98nsabp9fndsh585ptsr","1787228909215","2626",
"maths-11","08-fundamentals-of-trigonometry","Fundamentals Of Trigonometry","exercise-8-3","8.3 Product-to-Sum and Sum-to-Product Identities","1777383993914.4998","kx795gdeh0g446gm54des6ane585pfva","1777383993914","1777383993914","exercise-8-3","{""blockIndex"":112,""chapterNumber"":8,""subjectSlug"":""maths-11""}","published",,"8.3 Product-to-Sum and Sum-to-Product Identities","ms798r5mn0ez3t57afyey06n9x85qvgj","1787228909585","2877",
"maths-11","09-trigonometric-functions","Trigonometric Functions","exercise-9-1","9.1 Maximum and Minimum Values of Trigonometric Functions","1777383994716.3315","kx7fj2r8wqjsekqqx4a2py04qd85qa80","1777383994716","1777383994716","exercise-9-1","{""blockIndex"":122,""chapterNumber"":9,""subjectSlug"":""maths-11""}","published",,"9.1 Maximum and Minimum Values of Trigonometric Functions","ms74bvekp0hjr0x4811zp7rzns85qd64","1787224366094","4480",
"maths-11","09-trigonometric-functions","Trigonometric Functions","9-2-periodicity-of-trigonometric-functions","9.2 Periodicity of Trigonometric Functions","1787217069776.8838","kx75tyeys00xkxd644s7ndeg7d8cv23z","1787217069776","1787217069776","9-2-periodicity-of-trigonometric-functions","{""blockIndex"":66,""chapterNumber"":9,""subjectSlug"":""maths-11""}","published",,"9.2 Periodicity of Trigonometric Functions","ms70253wghhyr6hdkvhxac7r5h8ctspq","1788251599653","8200",
"maths-12","01-functions-and-graphs","Functions And Graphs","exercise-1-1","1.1 Domain, Range and Types of Functions","1777384362720.4456","kx72rn1j25myeppvyg2w8da4sh85qrm4","1777384362720","1777384362720","exercise-1-1","{""blockIndex"":12,""chapterNumber"":1,""subjectSlug"":""maths-12""}","published",,"1.1 Exercise 1.1","ms79t0fkygw442e32ympfvpn5585pza3","1787554198918","2245",
"maths-12","01-functions-and-graphs","Functions And Graphs","exercise-1-2","1.2 Graphing Linear and Quadratic Functions","1777384363543.236","kx75zq0phkj6m6h1tyf2ntks9n85pka9","1777384363543","1777384363543","exercise-1-2","{""blockIndex"":74,""chapterNumber"":1,""subjectSlug"":""maths-12""}","published",,"1.2 Exercise 1.2","ms74asr374thb644m636a4yf0585pq72","1787554199138","3369",
"maths-12","01-functions-and-graphs","Functions And Graphs","exercise-1-3","1.3 Exponential and Logarithmic Growth Models","1777384364341.209","kx75zh9cesr40pb2pb8q87czk985p5qy","1777384364341","1777384364341","exercise-1-3","{""blockIndex"":217,""chapterNumber"":1,""subjectSlug"":""maths-12""}","published",,"1.3 Exercise 1.3","ms7cks66hqqyz1pd57p8kxnw5185pj6g","1787554199362","3905",
"maths-12","01-functions-and-graphs","Functions And Graphs","exercise-1-4","1.4 One-Sided Limits and Continuity at a Point","1777384365106.2974","kx721hxhrmbgzcryekzcbdwvas85qjx5","1777384365106","1777384365106","exercise-1-4",,"published",,"1.4 Exercise 1.4","ms7acywe5ah251xrddbqbr4xg985qcfd","1787220033558","2368",
"maths-12","01-functions-and-graphs","Functions And Graphs","exercise-1-5","1.5 Graphing Function Transformations","1777384365884.8665","kx77q8js9h8ny9nryba3yf2w7185qf9e","1777384365884","1777384365884","exercise-1-5","{""blockIndex"":297,""chapterNumber"":1,""subjectSlug"":""maths-12""}","published",,"1.5 Exercise 1.5","ms7aenwx2z21wf0pb1yrwcc65585qj5y","1787554199592","3431",
"maths-12","02-limit-continuity-and-derivative","Limit, Continuity And Derivative","exercise-2-1","2.1 Evaluating Limits Graphically and Algebraically","1777384366653.218","kx74b10f9dwg40z8j6g5njht5985qpk8","1777384366653","1777384366653","exercise-2-1","{""blockIndex"":0,""chapterNumber"":2,""subjectSlug"":""maths-12""}","published",,"2.1 Exercise 2.1","ms790m7z6r7g2hvbet2d2hq5j985qzjq","1787554291163","2123",
"maths-12","02-limit-continuity-and-derivative","Limit, Continuity And Derivative","exercise-2-2","2.2 Continuity and Types of Discontinuities","1777384368410.8562","kx76w7evjdssrtsa1yxdm29tnn85qj71","1777384368410","1777384368410","exercise-2-2","{""blockIndex"":13,""chapterNumber"":2,""subjectSlug"":""maths-12""}","published",,"2.2 Exercise 2.2","ms72esb9ay8yqkytejgfmc63k185qacy","1787577372752","1971",
"maths-12","02-limit-continuity-and-derivative","Limit, Continuity And Derivative","exercise-2-3","2.3 Derivatives by First Principles","1777384369239.49","kx733p5v8nzkxxc2dqjp41dwvx85pa99","1777384369239","1777384369239","exercise-2-3","{""blockIndex"":20,""chapterNumber"":2,""subjectSlug"":""maths-12""}","published",,"2.3 Exercise 2.3","ms76sgnnw3hdzwrbqzh26w1d3h85q7kq","1787577370975","2556",
"maths-12","02-limit-continuity-and-derivative","Limit, Continuity And Derivative","exercise-2-4","2.4 Basic Differentiation Rules","1777384370145.661","kx75cafdcetrevdtzr1z7qfb6185qdkm","1777384370145","1777384370145","exercise-2-4","{""blockIndex"":23,""chapterNumber"":2,""subjectSlug"":""maths-12""}","published",,"2.4 Exercise 2.4","ms7046a5x8p50jgn5ey94vvjrn85qrtz","1787577368740","1246",
"maths-12","02-limit-continuity-and-derivative","Limit, Continuity And Derivative","exercise-2-5","2.5 Differentiation Rules for Algebraic Functions","1777384370993.8333","kx72wjd7fmmvmbdnsgsbxtqfa985qqvr","1777384370993","1777384370993","exercise-2-5","{""blockIndex"":29,""chapterNumber"":2,""subjectSlug"":""maths-12""}","published",,"2.5 Exercise 2.5 — Differentiation Rules for Algebraic Functions","ms7a028rd5m7qnfnkwp05r43x985q43v","1787577366670","2600",
"maths-12","02-limit-continuity-and-derivative","Limit, Continuity And Derivative","exercise-2-6","2.6 Derivatives of Trigonometric and Inverse Trigonometric Functions","1777384371786.8584","kx7bsgs3s2a5zx8gqwk3dc6nah85qvp3","1777384371786","1777384371786","exercise-2-6","{""blockIndex"":32,""chapterNumber"":2,""subjectSlug"":""maths-12""}","published",,"2.6 Exercise 2.6","ms7cf55v2hzk6tmr52a3kmt22d85q6pj","1787577364695","2043",
"maths-12","02-limit-continuity-and-derivative","Limit, Continuity And Derivative","exercise-2-7","2.7 Implicit and Parametric Differentiation","1777384372560.5369","kx73pz6aars26bjxbqfhh0ccws85q5mq","1777384372560","1777384372560","exercise-2-7","{""blockIndex"":39,""chapterNumber"":2,""subjectSlug"":""maths-12""}","published",,"2.7 Exercise 2.7","ms78ez5snj0q6qz58b2wdm5a3s85q92c","1787554291444","1991",
"maths-12","02-limit-continuity-and-derivative","Limit, Continuity And Derivative","exercise-2-8","2.8 Higher-Order Derivatives and the Leibniz Rule","1777384373342.3252","kx70b0m3j4vk0d2wx8rvq19sf185pdn2","1777384373342","1777384373342","exercise-2-8","{""blockIndex"":46,""chapterNumber"":2,""subjectSlug"":""maths-12""}","published",,"2.8 Exercise 2.8","ms7a3dwd4cnp805q6bz3yz6nps85prxr","1787554291779","1945",
"maths-12","02-limit-continuity-and-derivative","Limit, Continuity And Derivative","exercise-2-9","2.9 Critical Points, Concavity and Inflection","1777384374115.4094","kx76ba42b5sm0kw820wat83jch85qxec","1777384374115","1777384374115","exercise-2-9","{""blockIndex"":49,""chapterNumber"":2,""subjectSlug"":""maths-12""}","published",,"2.9 Exercise 2.9","ms7c3assxkm1kb9atppxzz1xg985p91p","1787554292069","1579",
"maths-12","02-limit-continuity-and-derivative","Limit, Continuity And Derivative","exercise-2-10","2.10 Applications of Differentiation","1777384367486.0132","kx7azjxqkf6wawx060qy4jtydh85pqw6","1777384367486","1777384367486","exercise-2-10","{""blockIndex"":6,""chapterNumber"":2,""subjectSlug"":""maths-12""}","published",,"2.10 Exercise 2.10","ms7dfdrn50kj7eh5wn9gx4x48185pm02","1787572320840","1853",
"maths-12","03-integration","Integration","exercise-3-1","3.1 Antiderivatives and the Power Rule for Integration","1777384374925.162","kx7fw6b17nbtaa35f6jcjqd44s85qrsa","1777384374925","1777384374925","exercise-3-1","{""blockIndex"":4,""chapterNumber"":3,""subjectSlug"":""maths-12""}","published",,"3.1 Exercise 3.1","ms7avp8r5098f68d076pp07a2985qpeb","1789036024580","3413",
"maths-12","03-integration","Integration","exercise-3-2","3.2 Integration of Trigonometric Functions","1777384375797.4648","kx71y5hdp8bry67rrzbgzk5vdh85p0mh","1777384375797","1777384375797","exercise-3-2","{""blockIndex"":62,""chapterNumber"":3,""subjectSlug"":""maths-12""}","published",,"3.2 Exercise 3.2","ms71eaw39z990mr9z4pcbgfq2n85pa08","1787554345569","2603",
"maths-12","03-integration","Integration","exercise-3-3","3.3 Integration by Substitution","1777384376571.231","kx72rcsayds4hatwhg5h6whnjd85qefq","1777384376571","1777384376571","exercise-3-3","{""blockIndex"":79,""chapterNumber"":3,""subjectSlug"":""maths-12""}","published",,"3.3 Exercise 3.3","ms7fe30txqvh65vcrxmeyqt2rn85qek1","1787554345844","2932",
"maths-12","03-integration","Integration","exercise-3-4","3.4 Integration by Parts","1777384377315.8044","kx72qak63vrr1ss97ed152pfxx85q8cf","1777384377315","1777384377315","exercise-3-4","{""blockIndex"":113,""chapterNumber"":3,""subjectSlug"":""maths-12""}","published",,"3.4 Exercise 3.4 — Integration by Parts","ms722m80t5ja8mb1v9xp3zjpts85pz6k","1787554346140","2950",
"maths-12","03-integration","Integration","exercise-3-5","3.5 Integration by Partial Fractions","1777384378091.2278","kx79ygmzscqydpefqny1cm85x185pb9e","1777384378091","1777384378091","exercise-3-5","{""blockIndex"":137,""chapterNumber"":3,""subjectSlug"":""maths-12""}","published",,"3.5 Exercise 3.5 — Integration by Partial Fractions","ms7b9t79j2bcjv70q49x7c4yh985qnj3","1787554346426","2824",
"maths-12","03-integration","Integration","exercise-3-6","3.6 Definite Integrals as Signed Area","1777384378876.1616","kx706adtrs8r0e6f9fkw4jekb985q1q7","1777384378876","1777384378876","exercise-3-6","{""blockIndex"":171,""chapterNumber"":3,""subjectSlug"":""maths-12""}","published",,"3.6 Exercise 3.6","ms7a6bfkqfywwa1pc5w22fz29h85qbat","1787554346711","3020",
"maths-12","03-integration","Integration","exercise-3-7","3.7 Definite Integration and the Fundamental Theorem of Calculus","1777384379657.1746","kx7139j4hbdq02akapz9hqe7ex85q2kg","1777384379657","1777384379657","exercise-3-7","{""blockIndex"":205,""chapterNumber"":3,""subjectSlug"":""maths-12""}","published",,"3.7 Exercise 3.7","ms781xa41b81wxrctexamzbz1h85p4p1","1787554347005","3690",
"maths-12","03-integration","Integration","exercise-3-8","3.8 Applications of Definite Integrals","1777384380429.9153","kx7b6ephjnzbhbqpxwnc29rxks85q0b3","1777384380430","1777384380430","exercise-3-8","{""blockIndex"":217,""chapterNumber"":3,""subjectSlug"":""maths-12""}","published",,"3.8 Exercise 3.8","ms73pkt8jbb2zgdac8ecdmk0rx85qc3r","1787554347298","3374",
"maths-12","04-differential-equations","Differential Equations","exercise-4-1","4.1 Order and Degree of Differential Equations","1777384381188.991","kx7bfcs5b3d78gphxxccxt3tdx85qhjm","1777384381189","1777384381189","exercise-4-1","{""blockIndex"":11,""chapterNumber"":4,""subjectSlug"":""maths-12""}","published",,"4.1 Exercise 4.1","ms7bs23ec0rja2m0d76qhs76b585prg2","1787554391113","1494",
"maths-12","04-differential-equations","Differential Equations","exercise-4-2","4.2 Separation of Variables","1777384381961.6272","kx7dd50m0qkmv4anxnz6zp6fy185q9hy","1777384381961","1777384381961","exercise-4-2","{""blockIndex"":23,""chapterNumber"":4,""subjectSlug"":""maths-12""}","published",,"4.2 Exercise 4.2","ms7bdfj01g53mt1se5c0f6x6ph85p2af","1787554391411","1809",
"maths-12","04-differential-equations","Differential Equations","exercise-4-3","4.3 Homogeneous Differential Equations","1777384382748.3909","kx75rc64n7nkvzqf84hv3ngqj985pemd","1777384382748","1777384382748","exercise-4-3","{""blockIndex"":67,""chapterNumber"":4,""subjectSlug"":""maths-12""}","published",,"4.3 Exercise 4.3","ms7bzfyjh7f8mj0ne3dse6swb185qkpg","1787554391739","1714",
"maths-12","04-differential-equations","Differential Equations","exercise-4-4","4.4 Applications of Differential Equations","1777384383524.7473","kx7fqmx7hfd42m3bhgxn837cm585p8hz","1777384383524","1777384383524","exercise-4-4","{""blockIndex"":105,""chapterNumber"":4,""subjectSlug"":""maths-12""}","published",,"4.4 Exercise 4.4","ms760p19m743mpsccb168zva1185p8th","1787554392029","1555",
"maths-12","05-kinematics-of-motion-in-a-straight-line","Kinematics Of Motion In A Straight Line","exercise-5-1","5.1 Displacement-Time and Velocity-Time Graphs","1777384384318.0562","kx76jncnbgq0rxxmwsm1v4v2s185qn6f","1777384384318","1777384384318","exercise-5-1","{""blockIndex"":0,""chapterNumber"":5,""subjectSlug"":""maths-12""}","published",,"5.1 Exercise 5.1","ms739166ywgc4de28zx770kfqn85pks7","1787554458128","1728",
"maths-12","05-kinematics-of-motion-in-a-straight-line","Kinematics Of Motion In A Straight Line","exercise-5-2","5.2 Rectilinear Motion and the Kinematic Equations","1777384385195.3953","kx7d1qh2d05axx7bgwy4aa3jj185q6fm","1777384385195","1777384385195","exercise-5-2","{""blockIndex"":68,""chapterNumber"":5,""subjectSlug"":""maths-12""}","published",,"5.2 Exercise 5.2","ms7a158vd1fnrx8ydqbyfmrry985qbb2","1787554458415","2170",
"maths-12","05-kinematics-of-motion-in-a-straight-line","Kinematics Of Motion In A Straight Line","exercise-5-3","5.3 Vector-Valued Functions: Velocity, Acceleration and Speed","1777384386152.3833","kx79fwstmnqdzj0h4a0fk2w8f585pkjz","1777384386152","1777384386152","exercise-5-3","{""blockIndex"":160,""chapterNumber"":5,""subjectSlug"":""maths-12""}","published",,"5.3 Exercise 5.3 — Vector-Valued Functions: Velocity, Acceleration & Speed","ms7bn3922te0ztsk0kn6xsrk7s85pyt3","1787554458694","1853",
"maths-12","06-analytical-geometry","Analytical Geometry","exercise-6-1","6.1 Concurrency of Lines in a Triangle","1777384386912.563","kx79pjz35ddw118jwkjmnnvbcs85qycd","1777384386912","1777384386912","exercise-6-1","{""blockIndex"":17,""chapterNumber"":6,""subjectSlug"":""maths-12""}","published",,"6.1 Exercise 6.1","ms7bwq2hjabhsd3jf23j91hcn585qwyn","1787554866101","2089",
"maths-12","06-analytical-geometry","Analytical Geometry","exercise-6-2","6.2 Homogeneous Second-Degree Equations and Pairs of Lines","1777384387719.8005","kx72yynedf4fsz7sqnbaxq35hs85q8rd","1777384387719","1777384387719","exercise-6-2","{""blockIndex"":157,""chapterNumber"":6,""subjectSlug"":""maths-12""}","published",,"6.2 Exercise 6.2","ms74hy951ytzpsaagx2xk8537h85q5rq","1787554866862","3330",
"maths-12","06-analytical-geometry","Analytical Geometry","exercise-6-3","6.3 Triangles in Coordinate Geometry","1777384388518.788","kx73fa8kea66rv3xbkbkmj1ba585p3vq","1777384388518","1777384388518","exercise-6-3","{""blockIndex"":48,""chapterNumber"":6,""subjectSlug"":""maths-12""}","published",,"6.3 Exercise 6.3","ms7383pr9z5ry65qk1sgcdsnph85prpe","1787554867560","2377",
"maths-12","07-conic-section","Conic Section","exercise-7-1","7.1 Standard and General Equations of a Circle","1777384389325.0566","kx7a6yw0v742q706g50yac18ah85qxr1","1777384389325","1777384389325","exercise-7-1",,"published","Preserve the existing Maths 12 Chapter 7 note while adding a verified canonical source anchor for yn7d6sa2qfyemvj2e8mj87ya258cnr81.","7.1 Exercise 7.1","ms7db1htgqc6ayst0gz7xk8a1185pjj2","1789036024823","3269",
"maths-12","07-conic-section","Conic Section","exercise-7-2","7.2 Tangents and Normals to a Circle","1777384390863.4275","kx76dygw4msbds1q700x3pd7tx85q7ej","1777384390863","1777384390863","exercise-7-2",,"published","Preserve the existing Maths 12 Chapter 7 note while adding a verified canonical source anchor for yn7cj64scga9gdymef9k3v2bkd8cmeva.","7.2 Exercise 7.2","ms7bjbk6tt96wmaxptsed5p5jn85qbhx","1787554969298","1627",
"maths-12","07-conic-section","Conic Section","exercise-7-3","7.3 Position of a Point and Tangent Length to a Circle","1777384391691.0063","kx7cp9xcr2qkn0bacm091zn97185q7nr","1777384391691","1777384391691","exercise-7-3",,"published","Preserve the existing Maths 12 Chapter 7 note while adding a verified canonical source anchor for yn76mersbgdvfgzckgh9gfqd818cne84.","7.3 Exercise 7.3","ms79v8smg9qzzj4bkt1b6rmygn85qbh1","1789034342261","1996",
"maths-12","07-conic-section","Conic Section","exercise-7-4","7.4 Standard Properties and Equations of a Parabola","1777384392464.8","kx7eyq50mp79104mt7bcws25b185qm0y","1777384392464","1777384392464","exercise-7-4",,"published","Preserve the existing Maths 12 Chapter 7 note while adding a verified canonical source anchor for yn7b8zhyzj6qefjbms2f1qp2y18cng26.","7.4 Exercise 7.4","ms76mj8bn1vp9x3k7ch7mq04hn85p2vp","1787554944624","1569",
"maths-12","07-conic-section","Conic Section","exercise-7-5","7.5 Tangents and Normals to a Parabola","1777384393275.267","kx79ga594d30nnz76k3x97tnch85pp8k","1777384393275","1777384393275","exercise-7-5",,"published","Preserve the existing Maths 12 Chapter 7 note while adding a verified canonical source anchor for yn710w8zk87epy42htn8e7446h8cm7bg.","7.5 Exercise 7.5","ms7b0sazz9y33erjnrj84tjnsd85psdy","1787554968179","1800",
"maths-12","07-conic-section","Conic Section","exercise-7-6","7.6 Standard Equation and Properties of an Ellipse","1777384394110.8232","kx765b7fw66x0t0e7h8rk90kx585qzxc","1777384394110","1777384394110","exercise-7-6",,"published","Preserve the existing Maths 12 Chapter 7 note while adding a verified canonical source anchor for yn7ef1n1skcfbnp1xqdt5684h58cmazb.","7.6 Exercise 7.6","ms7ff64f7xeyarhe8vp927jk5585pasy","1787554945470","2697",
"maths-12","07-conic-section","Conic Section","exercise-7-7","7.7 Tangents and Normals to an Ellipse","1777384395070.71","kx72zdwfhkwx5sg5q7c3jkmn8985pfkf","1777384395070","1777384395070","exercise-7-7",,"published","Preserve the existing Maths 12 Chapter 7 note while adding a verified canonical source anchor for yn76fsdzwka78d3qvedv0b76ps8cmbd1.","7.7 Exercise 7.7","ms79hc2k2fw4bvdpzgph5ybygs85psak","1787554946299","2107",
"maths-12","07-conic-section","Conic Section","exercise-7-8","7.8 Standard Equation and Properties of a Hyperbola","1777384395993.2205","kx73n0p8zd9v2z6cpmvj4gn36x85q39q","1777384395993","1777384395993","exercise-7-8",,"published","Preserve the existing Maths 12 Chapter 7 note while adding a verified canonical source anchor for yn7av295784em657tbt6q665vs8cm3t2.","7.8 Exercise 7.8","ms7a8pssbccdzab6snwv69cns585qd2x","1787554947088","2543",
"maths-12","07-conic-section","Conic Section","exercise-7-9","7.9 Tangents and Normals to a Hyperbola","1777384396755.9072","kx7cn4w0qyabcz718hdqxtvw2985pw8r","1777384396755","1777384396755","exercise-7-9",,"published","Preserve the existing Maths 12 Chapter 7 note while adding a verified canonical source anchor for yn746mqg6hffdh104vkswydk398cmfr2.","7.9 Exercise 7.9","ms7644rzs3a2xsa0rrbehg86y985q7zn","1787554965863","1987",
"maths-12","07-conic-section","Conic Section","exercise-7-10","7.10 Real-World Applications of Conic Sections","1777384390098.853","kx7cje5cs69zxn2wwnmzt4q0w185qv4d","1777384390098","1777384390098","exercise-7-10",,"published","Preserve the existing Maths 12 Chapter 7 note while adding a verified canonical source anchor for yn7fxrw9ndqwmkwvcjqthwvhb18cm37v.","7.10 Exercise 7.10","ms78v2ynfbhykybghjmpewjxax85qz8f","1787554942567","2472",
"maths-12","08-inverse-trigonometric-functions-and-their-graphs","Inverse Trigonometric Functions And Their Graphs","exercise-8-1","8.1 Principal Values of Inverse Trigonometric Functions","1777384397527.924","kx725jp5mbrvnce7cv7g8v7mfn85p96m","1777384397528","1777384397528","exercise-8-1","{""blockIndex"":12,""chapterNumber"":8,""subjectSlug"":""maths-12""}","published",,"8.1 Exercise 8.1","ms72qbgqssa3r2z73frjbpvr2985px9a","1787554994002","1925",
"maths-12","08-inverse-trigonometric-functions-and-their-graphs","Inverse Trigonometric Functions And Their Graphs","exercise-8-2","8.2 Graphs of Inverse Trigonometric Functions","1777384398319.4763","kx7d7e4f6s95k7cjwab4ahxkzs85pxxz","1777384398319","1777384398319","exercise-8-2","{""blockIndex"":112,""chapterNumber"":8,""subjectSlug"":""maths-12""}","published",,"8.2 Exercise 8.2","ms77dc3fjjptf0x0d5df8baaad85qg4t","1787554994349","2058",
"maths-12","08-inverse-trigonometric-functions-and-their-graphs","Inverse Trigonometric Functions And Their Graphs","exercise-8-3","8.3 Addition and Subtraction Theorems for Inverse Trigonometric Functions","1777384399183.2642","kx7c548x5ecna39ex82c9xm08185qh20","1777384399183","1777384399183","exercise-8-3","{""blockIndex"":2,""chapterNumber"":8,""subjectSlug"":""maths-12""}","published",,"8.3 Exercise 8.3","ms734e72k0bnrt32nx9m4gh71x85pz1q","1787554994081","2669",
"maths-12","09-solution-of-trigonometric-equations","Solution Of Trigonometric Equations","exercise-9-1","9.1 General Solutions of Trigonometric Equations","1777384400148.427","kx70rbyje51cyb6ntdxtnyvxbd85qws0","1777384400148","1777384400148","exercise-9-1","{""blockIndex"":0,""chapterNumber"":9,""subjectSlug"":""maths-12""}","published",,"9.1 Exercise 9.1","ms7cfj2zcpbv4j0ay2ensdja2d85q28p","1787554998396","1546",
"maths-12","09-solution-of-trigonometric-equations","Solution Of Trigonometric Equations","exercise-9-2","9.2 Graphical Solution of Trigonometric Equations","1777384400926.212","kx76tvk3zav2frevnjwkfxh4nn85qk45","1777384400926","1777384400926","exercise-9-2","{""blockIndex"":1,""chapterNumber"":9,""subjectSlug"":""maths-12""}","published",,"9.2 Exercise 9.2","ms76j6jg19nwx99h6jhvpev0nx85psr1","1787554998669","1403",
"maths-12","09-solution-of-trigonometric-equations","Solution Of Trigonometric Equations","exercise-9-3","9.3 Angles of Elevation and Depression","1777384401887.4094","kx792mvrz1bxqfqq3t4rqset6s85qykr","1777384401887","1777384401887","exercise-9-3","{""blockIndex"":2,""chapterNumber"":9,""subjectSlug"":""maths-12""}","published",,"9.3 Exercise 9.3","ms7b97k9jtt2h324t4f5f08gpx85pag5","1787554998826","3061",
"maths-12","10-numerical-methods","Numerical Methods","exercise-10-1","10.1 Bisection Method for Root Finding","1777384402749.1772","kx7cjw2eeas8zy7a1w5hfyrrts85qkg4","1777384402749","1777384402749","exercise-10-1","{""blockIndex"":0,""chapterNumber"":10,""subjectSlug"":""maths-12""}","published",,"10.1 Exercise 10.1","ms7a8ys1dpzwxaj19tybv5vd5985qec3","1787555001207","2553",
"maths-12","10-numerical-methods","Numerical Methods","exercise-10-2","10.2 Trapezoidal and Simpson's Rules for Numerical Integration","1777384403695.2537","kx7bc1rbxrp43k3kgrbq61h20d85pdf0","1777384403695","1777384403695","exercise-10-2","{""blockIndex"":1,""chapterNumber"":10,""subjectSlug"":""maths-12""}","published",,"10.2 Exercise 10.2","ms76rm8s6bbw4208bbydrt9fj185qamk","1787555001091","1668",
"pak-studies-12","01-ideology-of-pakistan-and-initial-problems","01 Ideology of Pakistan and Initial Problems","ideology-and-the-two-nation-theory-1","Ideology and the Two-Nation Theory","1786644622051.852","kx730b5g0t390akxdyvt8vrf3h8ccdph","1786644622051","1786644622051","ideology-and-the-two-nation-theory-1",,"published",,"Ideology and the Two-Nation Theory","ms76vfdpqbhmpss1d9fsfp33xh85pxh5","1786644622051","9649",
"pak-studies-12","01-ideology-of-pakistan-and-initial-problems","01 Ideology of Pakistan and Initial Problems","initial-problems-of-pakistan-3","Initial Problems of Pakistan","1786644623132.0842","kx790dd87yrpz6bdbsx9crsz298cdxrb","1786644623132","1786644623132","initial-problems-of-pakistan-3",,"published",,"Initial Problems of Pakistan","ms77pk75y0vz3vxg0a7jn0fy858cdt64","1786644623132","7812",
"pak-studies-12","01-ideology-of-pakistan-and-initial-problems","01 Ideology of Pakistan and Initial Problems","the-kashmir-dispute-4","The Kashmir Dispute","1786644623585.274","kx7e71gny0g84hgc9qze1vwpsh8cdrb1","1786644623585","1786644623585","the-kashmir-dispute-4",,"published",,"The Kashmir Dispute","ms79v65e0qzcbedrwvgfhhwdvh8cc54s","1788251627607","5374",
"pak-studies-12","01-ideology-of-pakistan-and-initial-problems","01 Ideology of Pakistan and Initial Problems","the-pakistan-movement-2","The Pakistan Movement","1786644622690.8252","kx733d8jbzw2ffzygcwxede71n8cdmqa","1786644622690","1786644622690","the-pakistan-movement-2",,"published",,"The Pakistan Movement","ms71bc8tk0s3cnhfdw3g531kyx8cd7f2","1788251612529","25205",
"pak-studies-12","02-political-development-in-pakistan","02 Political Development in Pakistan","democratic-governments-and-recent-political-change-3","Democratic Governments and Recent Political Change","1786644625510.6543","kx7f051r8wg9ax5nfm9gg9091h8ccdfy","1786644625510","1786644625510","democratic-governments-and-recent-political-change-3",,"published",,"Democratic Governments and Recent Political Change","ms73qdt9kbet72vvswdr0nj8ax8cdh4z","1788251599049","10813",
"pak-studies-12","02-political-development-in-pakistan","02 Political Development in Pakistan","military-and-authoritarian-eras-2","Military and Authoritarian Eras","1786644625050.6226","kx7394bt1w1y1ng5c7cf0nw0p98cdgcp","1786644625050","1786644625050","military-and-authoritarian-eras-2",,"published",,"Military and Authoritarian Eras","ms75w8arwgb3acv21z7xc0asts8cd2a2","1788251628655","22906",
"pak-studies-12","02-political-development-in-pakistan","02 Political Development in Pakistan","political-development-and-instability-1","Political Development and Instability","1786644624444.7354","kx7dan4vzd40kd3nc4525kmdh18cdb0b","1786644624444","1786644624444","political-development-and-instability-1",,"published",,"Political Development and Instability","ms7fjteyz0btz4h90ka63xs28s85qw35","1788251616801","7938",
"pak-studies-12","01-land-of-pakistan-and-encironmental-hazards","01 Administrative Map of Pakistan","global-warming-and-environmental-hazards-2","Global Warming and Environmental Hazards","1786644627032.8157","kx79b3nraww6tgbz7qnpmf8m418cd7f1","1786644627032","1786644627032","global-warming-and-environmental-hazards-2",,"published",,"Global Warming and Environmental Hazards","ms7b0e8d7343mhymrhcvc40t8x8cd6cx","1788251601367","18425",
"pak-studies-12","01-land-of-pakistan-and-encironmental-hazards","01 Administrative Map of Pakistan","land-administrative-geography-and-geopolitical-importance-1","Land, Administrative Geography and Geopolitical Importance","1786644626568.0005","kx76q785gh6hje485etsvp87418ccdzr","1786644626568","1786644626568","land-administrative-geography-and-geopolitical-importance-1",,"published",,"Land, Administrative Geography and Geopolitical Importance","ms71dr29cytqc5d7m9c6b9mbhx85pjxt","1788251614276","23621",
"pak-studies-12","01-land-of-pakistan-and-encironmental-hazards","01 Administrative Map of Pakistan","water-resources-and-pollution-3","Water Resources and Pollution","1786644627456.2622","kx75b0ek3tbca63p6ccxdy88px8cd3dk","1786644627456","1786644627456","water-resources-and-pollution-3",,"published",,"Water Resources and Pollution","ms7ahyprmp17yqj5f3rsfjrh2d8cdf4j","1787562976828","494",
"pak-studies-12","02-natural-vegetation-and-forests-of-pakistan","02 Natural Vegetation and Forests of Pakistan","forest-productivity-and-mangrove-conservation-3","Forest Productivity and Mangrove Conservation","1786644629165.749","kx719srcjjcbc1exbj1c47nky18ccbyc","1786644629165","1786644629165","forest-productivity-and-mangrove-conservation-3",,"published",,"Forest Productivity and Mangrove Conservation","ms7d3z7bwz1421ey3gphnrynah8cdzg2","1788251613418","3118",
"pak-studies-12","02-natural-vegetation-and-forests-of-pakistan","02 Natural Vegetation and Forests of Pakistan","forest-types-and-distribution-2","Forest Types and Distribution","1786644628730.739","kx77ezrdfxpf1agbdda1v3k86s8cd7md","1786644628730","1786644628730","forest-types-and-distribution-2",,"published",,"Forest Types and Distribution","ms7fjgam200e7ybcdtn7w7vsrs8cds19","1788251613904","4979",
"pak-studies-12","02-natural-vegetation-and-forests-of-pakistan","02 Natural Vegetation and Forests of Pakistan","natural-vegetation-of-pakistan-1","Natural Vegetation of Pakistan","1786644628285.4653","kx7ajxjg4gxvw56tp7kb9kqxth8ccstg","1786644628285","1786644628285","natural-vegetation-of-pakistan-1",,"published",,"Natural Vegetation of Pakistan","ms71yp9qc93nxmcyze4cfkcq4h85q5gh","1788216248372","4375",
"pak-studies-12","01-mineral-power-resources-and-telecommunication","01 Mineral Resources","energy-resources-2","Energy Resources","1786644630676.1934","kx71tw42qdpf07xcpshkq6vddd8cdes2","1786644630676","1786644630676","energy-resources-2",,"published","Pakistan's energy resources, including nuclear, fossil-fuel, hydroelectric, wind, solar, and biofuel sources, and their sustainability trade-offs.","Energy Resources","ms74wyk4s1xa6m8jczc6twj10d8cdr30","1788251601815","12115",
"pak-studies-12","01-mineral-power-resources-and-telecommunication","01 Mineral Resources","mineral-resources-and-mining-1","Mineral Resources and Mining","1786644630212.476","kx70gvj21zap7wr6deqwe7kpzn8ccv9m","1786644630212","1786644630212","mineral-resources-and-mining-1",,"published","Pakistan's mineral resources, the mining industry's economic role, environmental impacts, and protective measures for sustainable development.","Mineral Resources and Mining","ms7aaasc9csz1s3n669s3vek2h85q2xp","1788251603143","16035",
"pak-studies-12","01-mineral-power-resources-and-telecommunication","01 Mineral Resources","telecommunication-and-artificial-intelligence-3","Telecommunication and Artificial Intelligence","1786644631270.1052","kx7c0sakdt8wsa3kk2rzs2mqwx8cdbht","1786644631270","1786644631270","telecommunication-and-artificial-intelligence-3",,"published","Telecommunications in Pakistan, its infrastructure, digital connectivity, sectoral benefits, challenges, and emerging artificial-intelligence applications.","Telecommunication and Artificial Intelligence","ms748akd3p8t1fj0vkq3ez6p9d8cdkre","1788251603338","17520",
"pak-studies-12","02-industry-livestock-and-fish-farming","02 Industry, Livestock and Fish Farming","employment-skills-and-literacy-2","Employment, Skills and Literacy","1786644632735.3794","kx73mhz67kns80f74nm2389ha98cdqts","1786644632735","1786644632735","employment-skills-and-literacy-2",,"published","Unemployment and underemployment in Pakistan, their household and macroeconomic effects, and the role of literacy, skills, and training in economic development.","Employment, Skills and Literacy","ms70xd10sj5tx716wfzw20rnf18cdsmp","1788251601623","6024",
"pak-studies-12","02-industry-livestock-and-fish-farming","02 Industry, Livestock and Fish Farming","farming-and-livestock-3","Farming and Livestock","1786644633197.8687","kx7ewtpmb8cfcbw8x4stgwa9t58cd7dv","1786644633197","1786644633197","farming-and-livestock-3",,"published","Farming in Pakistan, including livestock and fish farming, animal husbandry, industry challenges, and sustainable practices for food security and rural livelihoods.","Farming and Livestock","ms7f8ajgf0psbxc5nz88xpqgnx8cdcnv","1788251602966","11233",
"pak-studies-12","02-industry-livestock-and-fish-farming","02 Industry, Livestock and Fish Farming","fisheries-and-sustainable-fish-farming-4","Fisheries and Sustainable Fish Farming","1786644633637.6929","kx71zhqkw1tkhk6yh3t4eg9jr18cc243","1786644633637","1786644633637","fisheries-and-sustainable-fish-farming-4",,"published","Pakistan's fishing industry, its economic and social contributions, infrastructure initiatives, and practical routes toward sustainable fisheries.","Fisheries and Sustainable Fish Farming","ms703fzpcpcaa3e0wnwkz30aws8ccj0p","1788251600253","5096",
"pak-studies-12","02-industry-livestock-and-fish-farming","02 Industry, Livestock and Fish Farming","industry-and-industrial-development-1","Industry and Industrial Development","1786644632287.443","kx7csdz5caxjch3p253n7sz5xs8cdk9v","1786644632287","1786644632287","industry-and-industrial-development-1",,"published","Pakistan's principal industries, livestock and fish farming, industrial development, and the policies and infrastructure that support sustainable economic growth.","Industry and Industrial Development","ms77tytb73sfzssqkzcmh9jx8185pb0q","1788251602771","25007",
"pak-studies-12","01-national-integration-and-social-cohesion","01 National Integration and Social Cohesion","barriers-to-integration-and-measures-for-cohesion-2","Barriers to Integration and Measures for Cohesion","1786644634938.9878","kx73f6dtmyzaefzte3r648mz698cd1sx","1786644634939","1786644634939","barriers-to-integration-and-measures-for-cohesion-2","{""blockIndex"":22,""chapterNumber"":7,""subjectSlug"":""pak-studies-12""}","published",,"Barriers to Integration and Measures for Cohesion","ms7adt363cj93m8sjrws2tpqfd8cdn55","1787563015653","4757",
"pak-studies-12","01-national-integration-and-social-cohesion","01 National Integration and Social Cohesion","individuals-society-community-and-state-1","Individuals, Society, Community and State","1786644634502.2588","kx78wmsb55vzxhmg0afmq9j3ms8cczmz","1786644634502","1786644634502","individuals-society-community-and-state-1","{""blockIndex"":0,""chapterNumber"":7,""subjectSlug"":""pak-studies-12""}","published",,"Individuals, Society, Community and State","ms7fpewyv63wx9jhnyk9b1f5g985pvjs","1788216248562","6994",
"pak-studies-12","01-national-integration-and-social-cohesion","01 National Integration and Social Cohesion","pakistan-s-diversity-and-the-role-of-minorities-3","Pakistan's Diversity and the Role of Minorities","1786644635375.1543","kx72rw7ze95687h72v619q0ae58ccm50","1786644635375","1786644635375","pakistan-s-diversity-and-the-role-of-minorities-3","{""blockIndex"":42,""chapterNumber"":7,""subjectSlug"":""pak-studies-12""}","published",,"Pakistan's Diversity and the Role of Minorities","ms7fccybw9cevnj1b0eg0hbrrh8ccchn","1788216248773","9968",
"pak-studies-12","01-national-integration-and-social-cohesion","01 National Integration and Social Cohesion","welfare-state-solidarity-and-national-unity-4","Welfare State, Solidarity and National Unity","1786644635832.1355","kx754qcvn3ztjrhc04je61xbr18cd9ak","1786644635832","1786644635832","welfare-state-solidarity-and-national-unity-4","{""blockIndex"":76,""chapterNumber"":7,""subjectSlug"":""pak-studies-12""}","published",,"Welfare State, Solidarity and National Unity","ms7azkhm4tn5afdpkx7fx28z558cd3s1","1788216248928","12030",
"pak-studies-12","02-recreation-tourism","02 Tourism","challenges-facing-the-tourism-industry-3","Challenges Facing the Tourism Industry","1786644637687.4893","kx71r1ct9wsmm51ec4h73e8yx58cd050","1786644637687","1786644637687","challenges-facing-the-tourism-industry-3","{""blockIndex"":47,""chapterNumber"":8,""subjectSlug"":""pak-studies-12""}","published","The economic, infrastructure, security, and promotional challenges facing tourism in Pakistan and sustainable measures for tourism development.","Challenges Facing the Tourism Industry","ms75fw7dkpxq0bhgdrk6sg75n98cdcrk","1787563028356","2259",
"pak-studies-12","02-recreation-tourism","02 Tourism","economic-cultural-and-local-benefits-of-tourism-2","Economic, Cultural and Local Benefits of Tourism","1786644637255.4714","kx728gkvvnk4vtdcr26ybtrgkn8cdmzq","1786644637255","1786644637255","economic-cultural-and-local-benefits-of-tourism-2","{""blockIndex"":39,""chapterNumber"":8,""subjectSlug"":""pak-studies-12""}","published","The employment, infrastructure, cultural, and local-development benefits that tourism brings to Pakistan and its regions.","Economic, Cultural and Local Benefits of Tourism","ms7cwn85dmaq6jzjf21k240skx8ccp2k","1787563028187","1352",
"pak-studies-12","02-recreation-tourism","02 Tourism","tourism-and-pakistan-s-destinations-1","Tourism and Pakistan's Destinations","1786644636827.0408","kx736afaj40ja48krz03p20wz98cc16t","1786644636827","1786644636827","tourism-and-pakistan-s-destinations-1","{""blockIndex"":0,""chapterNumber"":8,""subjectSlug"":""pak-studies-12""}","published",,"Tourism and Pakistan's Destinations","ms7b7vra31fdwzy0p2e0vhrr4h85pehk","1788216249080","14016",
"pak-studies-12","01-constitutional-development","01 Constitutional Development of Pakistan","constitutional-amendments-4","Constitutional Amendments","1786644639984.1973","kx77fkwxws2nsw0xn65psxmmd18cc30z","1786644639984","1786644639984","constitutional-amendments-4","{""blockIndex"":64,""chapterNumber"":9,""subjectSlug"":""pak-studies-12""}","published","Key amendments to Pakistan's 1973 Constitution and their effects on representation, parliamentary authority, provincial autonomy, and political stability.","Constitutional Amendments","ms77w40d6ray0wy950g7yvr9qh8cc1tc","1787563030664","1335",
"pak-studies-12","01-constitutional-development","01 Constitutional Development of Pakistan","constitutional-history-and-the-three-constitutions-1","Constitutional History and the Three Constitutions","1786644638687.6492","kx72j14y7bxg4g2nm50akb63g98cc597","1786644638687","1786644638687","constitutional-history-and-the-three-constitutions-1","{""blockIndex"":0,""chapterNumber"":9,""subjectSlug"":""pak-studies-12""}","published",,"Constitutional History and the Three Constitutions","ms72jdy6h9k85ej38q42eyd5p985pe02","1787563030144","16528",
"pak-studies-12","01-constitutional-development","01 Constitutional Development of Pakistan","government-structure-and-constitutional-institutions-3","Government Structure and Constitutional Institutions","1786644639564.0112","kx71546eb6zns1emv8ds3vxsbn8cdjt2","1786644639564","1786644639564","government-structure-and-constitutional-institutions-3","{""blockIndex"":44,""chapterNumber"":9,""subjectSlug"":""pak-studies-12""}","published",,"Government Structure and Constitutional Institutions","ms71qt1dtvrfhj0jwztt7ac3xh8cct8g","1787563030501","10509",
"pak-studies-12","01-constitutional-development","01 Constitutional Development of Pakistan","human-rights-citizenship-and-peace-2","Human Rights, Citizenship and Peace","1786644639137.4563","kx75kj87jbdpvqmtsfp9t99qzd8ccafe","1786644639137","1786644639137","human-rights-citizenship-and-peace-2","{""blockIndex"":29,""chapterNumber"":9,""subjectSlug"":""pak-studies-12""}","published",,"Human Rights, Citizenship and Peace","ms74vsqgcqnjvgb13sysnfhpmd8cd60z","1787563030325","8233",
"pak-studies-12","02-rights-and-responsibilities","02 Rights and Responsibilities","citizenship-the-udhr-and-child-rights-1","Citizenship, the UDHR and Child Rights","1786644640822.475","kx7eyc54g1qv2d818dk2kxfh0h8ccp2n","1786644640822","1786644640822","citizenship-the-udhr-and-child-rights-1",,"published",,"Citizenship, the UDHR and Child Rights","ms70qf17qz3zkcn3neppm8h5ax85qgf6","1788251630489","10259",
"pak-studies-12","02-rights-and-responsibilities","02 Rights and Responsibilities","human-rights-health-education-and-food-security-3","Human Rights, Health, Education and Food Security","1786644641704.2551","kx71zgmeyerkvndrxd89tppq6h8cc7eg","1786644641704","1786644641704","human-rights-health-education-and-food-security-3",,"published",,"Human Rights, Health, Education and Food Security","ms763hefja1bncyaqvtmmzwd558ccz2e","1786644641704","4532",
"pak-studies-12","02-rights-and-responsibilities","02 Rights and Responsibilities","minorities-animal-rights-and-rights-organizations-4","Minorities, Animal Rights and Rights Organizations","1786644642149.7349","kx70pt1e4sc942xh1akc06hpk58cdjc8","1786644642149","1786644642149","minorities-animal-rights-and-rights-organizations-4",,"published",,"Minorities, Animal Rights and Rights Organizations","ms79nqx1xbeqr5xw3ez43zbzg18ccm6g","1788251629667","12746",
"pak-studies-12","02-rights-and-responsibilities","02 Rights and Responsibilities","rights-of-disabled-persons-5","Rights of Disabled Persons","1786644642578.858","kx7e57pbaw7fp23kq4yzebakdn8cc0s6","1786644642578","1786644642578","rights-of-disabled-persons-5",,"published","The rights of disabled persons under the CRPD, UDHR, and relevant Sustainable Development Goals, including nondiscrimination, accessibility, and equal participation.","Rights of Disabled Persons","ms737jps4btk6bc1tnft9zcn098cch1t","1786648850371","2751",
"pak-studies-12","02-rights-and-responsibilities","02 Rights and Responsibilities","women-s-rights-and-gender-discrimination-2","Women’s Rights and Gender Discrimination","1786644641252.593","kx70tk8w8m6krrd23cwjsz8gth8cctz6","1786644641252","1786644641252","women-s-rights-and-gender-discrimination-2",,"published",,"Women’s Rights and Gender Discrimination","ms7bdbec3rt1a30q671e2sx7318cdf8j","1788251612362","9330",
"pak-studies-12","01-foreign-policy-of-pakistan","01 Foreign Policy of Pakistan","foreign-policy-meaning-and-determinants-1","Foreign Policy: Meaning and Determinants","1786644643423.6165","kx7946jvgzez22etss836zhxz98ccj12","1786644643423","1786644643423","foreign-policy-meaning-and-determinants-1",,"published",,"Foreign Policy: Meaning and Determinants","ms74zjrms5hy98rjrcpgw2tafd85pr6y","1787563046140","7098",
"pak-studies-12","01-foreign-policy-of-pakistan","01 Foreign Policy of Pakistan","oic-relations-and-sustainable-development-goals-4","OIC Relations and Sustainable Development Goals","1786644644913.0642","kx78g36986cr4mer54gxpbdy098cdxzn","1786644644913","1786644644913","oic-relations-and-sustainable-development-goals-4",,"published",,"OIC Relations and Sustainable Development Goals","ms79ad0qfpts2jffpkrwnthphx8cc0ss","1788216249244","3924",
"pak-studies-12","01-foreign-policy-of-pakistan","01 Foreign Policy of Pakistan","relations-with-major-powers-and-europe-2","Relations with Major Powers and Europe","1786644644019.102","kx78ynss325q4gfw0ab24r4v6x8ccr6r","1786644644019","1786644644019","relations-with-major-powers-and-europe-2",,"published",,"Relations with Major Powers and Europe","ms737s796asebsbae1kbdxx6958cd563","1788216249415","22178",
"pak-studies-12","01-foreign-policy-of-pakistan","01 Foreign Policy of Pakistan","relations-with-south-asia-3","Relations with South Asia","1786644644468.2615","kx775q3fved1h9kq34mncwhqgs8cccbn","1786644644468","1786644644468","relations-with-south-asia-3",,"published",,"Relations with South Asia","ms773r8nrhnzgzgt1375exkfe98cdd37","1788216249591","6126",
"pak-studies-12","02-pakistan-and-international-organizations","02 Pakistan and International Organizations","brics-and-the-imf-3","BRICS and the IMF","1786644646686.3474","kx7a8e2b3z7ze1t0z7pn6qe4n98ccpq2","1786644646686","1786644646686","brics-and-the-imf-3",,"published","Pakistan's relationship with BRICS and the role, assistance, and risks of the IMF and other global monetary institutions.","BRICS and the IMF","ms7dhy7xv08akdbws4gvvdgg1h8cc4gp","1787563048884","1382",
"pak-studies-12","02-pakistan-and-international-organizations","02 Pakistan and International Organizations","pakistan-in-eco-the-eu-and-the-sco-2","Pakistan in ECO, the EU and the SCO","1786644646263.9973","kx79je4vf62zh0366gvv1hg09x8ccyxz","1786644646264","1786644646264","pakistan-in-eco-the-eu-and-the-sco-2",,"published",,"Pakistan in ECO, the EU and the SCO","ms77ttk5qwp0m81ykzwm0p7k6n8cc0en","1788216249740","11748",
"pak-studies-12","02-pakistan-and-international-organizations","02 Pakistan and International Organizations","the-united-nations-and-global-welfare-1","The United Nations and Global Welfare","1786644645762.663","kx77kx55vpbd4b875tetexmmx18cdwq7","1786644645762","1786644645762","the-united-nations-and-global-welfare-1",,"published",,"The United Nations and Global Welfare","ms76rehjma4t2gqzzwqfh9m0rn85q53a","1788216249906","12786",
"physics-11","01-measurements","Measurements","derived-units","1.1 Derived Units","1777383995482.0942","kx72p1553f6zp8px9qkeknk1ps85pns2","1777383995482","1777383995482","derived-units","{""blockIndex"":17,""chapterNumber"":1,""subjectSlug"":""physics-11""}","published","Explains how SI derived units are formed by multiplying or dividing base units, covering coherent vs non-coherent units, common named derived units, and worked examples deriving the units of force, pressure, and energy.","Derived Units","ms7800wznq3gexrmb27m2g3wk985phd5","1789034332072","4047",
"physics-11","01-measurements","Measurements","dimensions","1.2 Dimensions of Physical Quantities","1777383996255.8604","kx7ag2x44779vpqqkm4bbe5mgn85q5rg","1777383996255","1777383996255","dimensions","{""blockIndex"":28,""chapterNumber"":1,""subjectSlug"":""physics-11""}","published","Defines dimensions of physical quantities, distinguishes base and derived quantities, and applies dimensional analysis to test equations and derive relationships.","Dimensions of Physical Quantities","ms7192nfwc7retd7jf5qnh8hxd85p3mx","1787553994056","4549",
"physics-11","01-measurements","Measurements","errors","1.3 Errors and Uncertainties in Measurement","1777383997028.0183","kx7ba7fcms2e9b0b4g3yw1hbgn85qag5","1777383997028","1777383997028","errors","{""blockIndex"":86,""chapterNumber"":1,""subjectSlug"":""physics-11""}","published","Explains random and systematic measurement errors, why all measurements contain uncertainty, and how percentage uncertainties are combined in calculated results.","Errors and Uncertainties in Measurement","ms79j96jaqjgz1765sb53j26c585p9e0","1787553994177","4191",
"physics-11","01-measurements","Measurements","estimation-of-physical-quantities","1.4 Estimation of Physical Quantities","1777383997902.3726","kx76fgs24kdxez99veevc0q9f985qwsv","1777383997902","1777383997902","estimation-of-physical-quantities","{""blockIndex"":5,""chapterNumber"":1,""subjectSlug"":""physics-11""}","published","Teaches practical estimation through decomposition, geometric models, density and volume, and orders of magnitude.","Estimation of Physical Quantities","ms7ehfj65g23wggwvgx1z0fnms85qa3c","1787553994304","3001",
"physics-11","01-measurements","Measurements","precision-and-accuracy","1.5 Precision vs. Accuracy in Measurement","1777383998697.6746","kx7ftdabrkfat51e81e4xpyv2h85pppm","1777383998697","1777383998697","precision-and-accuracy","{""blockIndex"":80,""chapterNumber"":1,""subjectSlug"":""physics-11""}","published","Distinguishes precision from accuracy, relates them to random and systematic error, and explains absolute and percentage uncertainty.","Precision vs. Accuracy in Measurement","ms7ccf71d4fk9nxsafnky7c6wd85qme4","1787553994437","4878",
"physics-11","01-measurements","Measurements","significant-figures","1.6 Significant Figures","1777383999819.909","kx703rqn5z53gzvpm9jxngpq8d85pmt8","1777383999819","1777383999819","significant-figures","{""blockIndex"":18,""chapterNumber"":1,""subjectSlug"":""physics-11""}","published","Explains how to identify significant figures and apply rounding rules in multiplication, division, addition, and subtraction.","Significant Figures","ms781cx68qsfztfvtq2g5662cd85qtv1","1787553994561","4375",
"physics-11","01-measurements","Measurements","supplementary-units","1.7 Supplementary Units in the SI System","1777384000643.063","kx71a1m9wbacgarv0gfht4jd3s85qfdh","1777384000643","1777384000643","supplementary-units",,"published","Explains the historical SI supplementary units, radian and steradian, their definitions, formulas, and current dimensionless derived-unit status.","Supplementary Units in the SI System","ms79z5r4trgny7d8n5hk12jpx985qyj4","1785692443153","3261",
"physics-11","01-measurements","Measurements","uncertainties-in-final-result","1.8 Assessment of Total Uncertainty in the Final Result","1777384001767.8992","kx71zn6vkvbdhf0hkrdkw8jfv585qg46","1777384001767","1777384001767","uncertainties-in-final-result","{""blockIndex"":103,""chapterNumber"":1,""subjectSlug"":""physics-11""}","published","Explains how absolute, fractional, and percentage uncertainties propagate through sums, products, powers, averages, and timing experiments.","Assessment of Total Uncertainty in the Final Result","ms7csq1hz3th69rp0qzq3qge7185pkjn","1787553994775","5330",
"physics-11","02-vectors","Vectors","equilibrium","2.1 Equilibrium","1777384002704.8433","kx732kgn3zjecjxajq5rf6d4jh85qgpm","1777384002704","1777384002704","equilibrium","{""blockIndex"":4,""chapterNumber"":2,""subjectSlug"":""physics-11""}","published","Explains static and dynamic equilibrium, and the two conditions (zero net force, zero net torque) a body must satisfy to be in complete mechanical equilibrium.","Equilibrium","ms733yh4kj2sepecdqb4k7tbs185p2b5","1787562991700","3202",
"physics-11","02-vectors","Vectors","finding-vector-from-its-components","2.2 Finding a Vector from its Components (Vector Composition)","1777384003476.9727","kx78gmg8d6jffzhwtvkbnfr57h85pbmr","1777384003477","1777384003477","finding-vector-from-its-components","{""blockIndex"":23,""chapterNumber"":2,""subjectSlug"":""physics-11""}","published","Shows how to reconstruct a vector's magnitude and direction from its perpendicular (x, y) components using the Pythagorean theorem and inverse tangent.","Finding a Vector from its Components (Vector Composition)","ms72z9h7ejb4jha7n4ssmjs8s185paws","1788216250055","3825",
"physics-11","02-vectors","Vectors","rectangular-components-of-a-vector","2.3 Resolution of Vectors into Rectangular Components","1777384004357.5999","kx78e1ftthm77akeddcbwb5y6985q0kk","1777384004357","1777384004357","rectangular-components-of-a-vector","{""blockIndex"":5,""chapterNumber"":2,""subjectSlug"":""physics-11""}","published","Explains how to resolve a vector into perpendicular x and y rectangular components using trigonometry, and how to reconstruct the original vector's magnitude and direction from those components.","Resolution of Vectors into Rectangular Components","ms7fwpgwdkyf7qva0zd8568k9x85p590","1787554031411","4461",
"physics-11","02-vectors","Vectors","scalar-product","2.4 Scalar Product (Dot Product) of Two Vectors","1777384005134.2585","kx7bnxszt6vswwwwfm197h5vrx85p5am","1777384005134","1777384005134","scalar-product","{""blockIndex"":48,""chapterNumber"":2,""subjectSlug"":""physics-11""}","published","Defines the scalar (dot) product of two vectors, its geometric meaning as a projection, its component formula, key properties, and applications such as work and power.","Scalar Product (Dot Product) of Two Vectors","ms72a4zr15fjvv649qvhss825n85q24z","1787562991992","3658",
"physics-11","02-vectors","Vectors","scalar-and-vector-quantities","2.5 Scalar vs. Vector Quantities","1777384005954.5425","kx7chsr0kym1pb896wt4bhg57n85q5zt","1777384005954","1777384005954","scalar-and-vector-quantities","{""blockIndex"":4,""chapterNumber"":2,""subjectSlug"":""physics-11""}","published","Distinguishes scalar quantities (magnitude only) from vector quantities (magnitude and direction), covering key scalar/vector pairs, 2-D rectangular components, and special vector types (unit, null, position).","Scalar vs. Vector Quantities","ms7bxd7cxxx1x6tk5wgqqfm1ws85prqm","1787562992219","3947",
"physics-11","02-vectors","Vectors","torque","2.6 Torque (Moment of Force)","1777384006781.625","kx7e70a8pbv3tzqy3krpgj0zfn85qzjk","1777384006781","1777384006781","torque","{""blockIndex"":94,""chapterNumber"":2,""subjectSlug"":""physics-11""}","published","Defines torque as the rotational analogue of force, its magnitude formula tau = rF sin(theta), its vector (cross-product) nature via the right-hand rule, and its role in rotational equilibrium and Newton's second law for rotation (tau = I alpha).","Torque (Moment of Force)","ms7c8b4p8pe1hyrc37wg0kf4s185pc7g","1788216250291","3775",
"physics-11","02-vectors","Vectors","vector-product","2.7 Vector Product (Cross Product) of Two Vectors","1777384007545.158","kx7f9y84g7jp2nys56jejs6xq985pcdh","1777384007545","1777384007545","vector-product","{""blockIndex"":87,""chapterNumber"":2,""subjectSlug"":""physics-11""}","published","Defines the vector (cross) product of two vectors, its magnitude and right-hand-rule direction, key properties (anti-commutative, zero for parallel vectors), its rectangular-component determinant formula, and applications in torque, angular momentum, and magnetic force.","Vector Product (Cross Product) of Two Vectors","ms704n92kbh7vzhyjga21a337d85pps0","1787562992436","4775",
"physics-11","02-vectors","Vectors","vectors-in-the-cartesian-coordinate-system","2.8 Vectors in the Cartesian Coordinate System","1777384008496.1538","kx7f9knc12gb1za3r0bgbq0sbh85qjt9","1777384008496","1777384008496","vector",,"published","Shows how to represent a vector in the Cartesian coordinate system: writing it in component form, computing its magnitude via the Pythagorean theorem, and finding its direction (angle or direction cosines) in 2D and 3D.","Vectors in the Cartesian Coordinate System","ms76hs8h2hg3b7z0sqt4f5eej185p80y","1789034344159","4239",
"physics-11","03-translatory-motion","Translatory Motion","acceleration","3.1 Acceleration","1777384009435.3345","kx75hsmy3v08kv3dehqqjt8x6n85pjra","1777384009435","1777384009435","acceleration","{""blockIndex"":8,""chapterNumber"":3,""subjectSlug"":""physics-11""}","published","Defines acceleration as the rate of change of velocity, covers average vs instantaneous vs uniform acceleration, how sign and direction relate to speeding up or slowing down, and the three equations of motion for uniform acceleration.","Acceleration","ms75jkyqd852a5f5bsan057pjd85pm9g","1789034332371","5070",
"physics-11","03-translatory-motion","Translatory Motion","displacement","3.2 Displacement","1777384011267.5598","kx70evdjr3d00778dv5vhqv3zn85q329","1777384011267","1777384011267","displacement","{""blockIndex"":8,""chapterNumber"":3,""subjectSlug"":""physics-11""}","published","Defines displacement as a vector quantity (change in position), contrasts it with scalar distance, shows how to calculate it from position vectors, and covers zero and negative displacement.","Displacement","ms71zysvnaq7f5f94r474r2bh185p52p","1787554036475","4353",
"physics-11","03-translatory-motion","Translatory Motion","elastic-and-inelastic-collision","3.3 Elastic and Inelastic Collisions","1777384012385.142","kx76b63qvpx97dj2n0mj8tzst985ppb9","1777384012385","1777384012385","elastic-and-inelastic-collision","{""blockIndex"":210,""chapterNumber"":3,""subjectSlug"":""physics-11""}","published","Defines elastic collisions (momentum and kinetic energy both conserved) and inelastic collisions (only momentum conserved), derives final velocities and special-case outcomes for elastic collisions, and explains why momentum but not kinetic energy is always conserved.","Elastic and Inelastic Collisions","ms79j2c12ggdpgk7ppa0ax4myh85qh2w","1788216250695","4182",
"physics-11","03-translatory-motion","Translatory Motion","equations-of-uniformly-accelerated-motion","3.4 Equations of Uniformly Accelerated Motion","1777384013584.4287","kx719t8p5p3wc0w9764nfz0xpd85q5ma","1777384013584","1777384013584","equations-of-uniformly-accelerated-motion","{""blockIndex"":9,""chapterNumber"":3,""subjectSlug"":""physics-11""}","published","Derives all three equations of motion for uniform acceleration (vf = vi + at, s = vi*t + (1/2)at^2, 2as = vf^2 - vi^2) graphically from a velocity-time graph, and checks their dimensional homogeneity.","Equations of Uniformly Accelerated Motion","ms7ek7rfjmy9a48q1jm9m4r9ps85qs02","1788216264720","4095",
"physics-11","03-translatory-motion","Translatory Motion","force-due-to-water-flow","3.5 Force Exerted by Water Striking a Wall","1777384014336.2603","kx7dwb07c66az1zqardmstpvy585pdha","1777384014336","1777384014336","force-due-to-water-flow",,"published","Derives the force exerted by a continuous water stream on a wall from the rate of change of momentum (F = mass flow rate x velocity), covering both the water-stops and water-rebounds cases, with a worked numeric example.","Force Exerted by Water Striking a Wall","ms7965zbz4wwjw79b4mjna7h6985qzt2","1785159496702","3039",
"physics-11","03-translatory-motion","Translatory Motion","impulse","3.6 Impulse","1777384015269.4788","kx73z9nzedpv16ra7vdpf6jb1585qqzy","1777384015269","1777384015269","impulse",,"published","Defines impulse as force times time, derives the impulse-momentum theorem from Newton's second law, and covers its graphical (F-t area) representation and real-world applications such as airbags and padding.","Impulse","ms7bf80wcpd0v7fnawmq4cdvc985qw2y","1785159499329","4209",
"physics-11","03-translatory-motion","Translatory Motion","law-of-conservation-of-momentum","3.7 The Law of Conservation of Linear Momentum","1777384016429.0684","kx76yeeb8g1xxn7fbte34mms0n85p3zp","1777384016429","1777384016429","law-of-conservation-of-momentum","{""blockIndex"":186,""chapterNumber"":3,""subjectSlug"":""physics-11""}","published","States the law of conservation of linear momentum for an isolated system, derives it from Newton's second and third laws, and applies it to collisions, explosions, gun recoil, and rocket propulsion.","The Law of Conservation of Linear Momentum","ms75ahzf474zm0rszy430ntc8h85qj5n","1787554037118","3987",
"physics-11","03-translatory-motion","Translatory Motion","momentum-and-explosive-forces","3.8 Momentum and Explosive Forces","1777384017554.258","kx75v2ejkr7ee7hk6r40g04x7985pmbp","1777384017554","1777384017554","momentum-and-explosive-forces","{""blockIndex"":191,""chapterNumber"":3,""subjectSlug"":""physics-11""}","published","Applies momentum conservation to explosions: fragments flying apart from rest or from a moving object, rifle recoil, the increase in kinetic energy during an explosion, and rocket propulsion in space.","Momentum and Explosive Forces","ms7eec460bpwaxknmpkx2r1xb185qvaa","1787562995662","4070",
"physics-11","03-translatory-motion","Translatory Motion","momentum","3.9 Linear Momentum","1777384018456.0298","kx7d37evypgdqdp1se86750vwn85p6kc","1777384018456","1777384018456","momentum","{""blockIndex"":186,""chapterNumber"":3,""subjectSlug"":""physics-11""}","published","Defines linear momentum (p = mv), its SI unit and dimensions, restates Newton's second law in terms of rate of change of momentum, introduces impulse, and states the law of conservation of linear momentum.","Linear Momentum","ms7cxc8kw62kc5bw75b38kxwf585q9c7","1787554037548","4387",
"physics-11","03-translatory-motion","Translatory Motion","newton-laws-of-motion","3.10 Newton's Laws of Motion","1777384019406.2773","kx70cw20j3bss0ahrg2a449we985pk35","1777384019406","1777384019406","newton-laws-of-motion",,"published","States Newton's three laws of motion (inertia, F = ma, action-reaction), defines inertial and non-inertial reference frames, and distinguishes mass from weight.","Newton's Laws of Motion","ms752v9ec1f8yk7s0mccg2zdk985q51b","1785176440083","4346",
"physics-11","03-translatory-motion","Translatory Motion","derivations-projectile-motion","3.10.1 Projectile Motion Derivations","1777384010448.8884","kx7ffgc7e1rmhesh3y90ypqdd185ppwh","1777384010448","1777384010448","derivations-projectile-motion","{""blockIndex"":113,""chapterNumber"":3,""subjectSlug"":""physics-11""}","published","Derives the maximum height, time of flight, and horizontal range of a projectile from the equations of motion applied separately to its horizontal and vertical components, and shows the conditions that maximize range.","3.10.1 Projectile Motion Derivations","ms76qx8e02m9e1j30h9e9q65dn85qqfn","1787562996588","4285",
"physics-11","03-translatory-motion","Translatory Motion","projectile-motion","3.11 Ideal Projectile Motion","1777384020360.4634","kx72yg4k9fanx3fyt6jg8zjqns85q82n","1777384020360","1777384020360","projectile-motion","{""blockIndex"":84,""chapterNumber"":3,""subjectSlug"":""physics-11""}","published","Analyzes ideal projectile motion by separating horizontal (constant velocity) and vertical (constant acceleration due to gravity) components, derives the instantaneous velocity, time of flight, maximum height, and range, and explains why horizontal and vertical motions are independent.","Ideal Projectile Motion","ms74hd50y6tc9xkvqfk0dam00s85qv2k","1788216250916","4989",
"physics-11","03-translatory-motion","Translatory Motion","velocity-time-graph","3.12 Velocity-Time Graphs","1777384021179.5154","kx7aaxg9r6rmn5x8ad6f7g77y985qrnm","1777384021179","1777384021179","velocity-time-graph","{""blockIndex"":15,""chapterNumber"":3,""subjectSlug"":""physics-11""}","published","Explains how to read a velocity-time graph: its slope gives acceleration, its area gives displacement, and its shape (horizontal, sloped, or curved) reveals whether motion is at constant velocity, uniform acceleration, or variable acceleration.","Velocity-Time Graphs","ms77df3sg7pf7rj1sr2ckbn9w985q8fm","1787562996365","4131",
"physics-11","03-translatory-motion","Translatory Motion","velocity","3.13 Velocity","1777384022115.652","kx76tbdd09gq6ww77wnr6d40m585qw9j","1777384022115","1777384022115","velocity","{""blockIndex"":8,""chapterNumber"":3,""subjectSlug"":""physics-11""}","published","Defines velocity as the rate of change of displacement, distinguishes it from scalar speed, and covers average, instantaneous, and uniform velocity.","Velocity","ms78qawpd16bd1b5xnpg4qpa0n85pj53","1787554038454","3246",
"physics-11","04-rotational-and-circular-motion","Rotational And Circular Motion","angular-displacement","4.1 Angular Displacement","1777384023939.777","kx7czjx3k1cx9c74sfeh5nm0nd85qtfr","1777384023939","1777384023939","angular-displacement","{""blockIndex"":16,""chapterNumber"":4,""subjectSlug"":""physics-11""}","published","Defines angular displacement (theta = S/r), its SI unit the radian, conversions between radians/degrees/revolutions, its dimensionless nature, and the conditions under which it behaves as a vector.","Angular Displacement","ms79svsa77hb39y7rprgj1zjv585qqsa","1789036053076","4236",
"physics-11","04-rotational-and-circular-motion","Rotational And Circular Motion","angular-velocity","4.2 Angular Velocity","1777384025673.4756","kx7cscdqp20rsvkr9ygzttxwbd85pqq1","1777384025673","1777384025673","angular-velocity","{""blockIndex"":28,""chapterNumber"":4,""subjectSlug"":""physics-11""}","published","Defines angular velocity as the rate of change of angular displacement, its vector nature and direction via the right-hand rule, its units and dimensions, its relation to tangential velocity (v=r*omega), and its relation to frequency and period (omega=2*pi*f=2*pi/T).","Angular Velocity","ms77yx1snf7t4xasnyw913jjxs85pykk","1787563008733","3491",
"physics-11","04-rotational-and-circular-motion","Rotational And Circular Motion","angular-acceleration","4.3 Angular Acceleration","1777384023182.7834","kx71m9d4hv209xzgybhkbkk9t985qjz5","1777384023182","1777384023182","angular-acceleration","{""blockIndex"":39,""chapterNumber"":4,""subjectSlug"":""physics-11""}","published","Defines angular acceleration as the rate of change of angular velocity, its SI unit and dimensions, its vector direction relative to angular velocity, and its relation to tangential linear acceleration (at = r*alpha).","4.4 Angular Acceleration","ms76024wbzxs7jdm9nx51vvncd85qtsh","1787554046213","2622",
"physics-11","04-rotational-and-circular-motion","Rotational And Circular Motion","relation-between-linear-and-angular-quantities","4.4 Relation Between Linear and Angular Quantities","1777384038227.3833","kx740kfxjd578f9cjyknfhx29x85pa9m","1777384038227","1777384038227","relation-between-linear-and-angular-quantities","{""blockIndex"":50,""chapterNumber"":4,""subjectSlug"":""physics-11""}","published","Derives the three relations connecting linear and angular quantities for a point on a rotating body: S = R*theta, v = R*omega, and a_t = R*alpha, with worked numeric examples.","4.5 Relation Between Linear and Angular Quantities","ms75m43ess7k8xv0xwpwp8g1y985q6ye","1789034332678","5552",
"physics-11","04-rotational-and-circular-motion","Rotational And Circular Motion","centripetal-force-and-acceleration","4.5 Centripetal Force and Acceleration","1777384029270.3147","kx72v8pspjjf21ct7j996h2fb185px1p","1777384029270","1777384029270","centripetal-force-and-acceleration","{""blockIndex"":94,""chapterNumber"":4,""subjectSlug"":""physics-11""}","published","Explains why circular motion requires centripetal acceleration and force even at constant speed, derives a_c = v^2/r = r*omega^2, and shows centripetal force F_c = mv^2/r = mr*omega^2 is the net result of real forces like tension, gravity, friction, or the normal force.","Centripetal Force and Acceleration","ms7bbq9f39yysqgtgdsndqkmvs85pnwk","1787554046704","2980",
"physics-11","04-rotational-and-circular-motion","Rotational And Circular Motion","circular-motion","4.6 Circular Motion","1777384030228.7302","kx74wrfw9h3v35pzvjt0r3ktxn85p39n","1777384030228","1777384030228","circular-motion","{""blockIndex"":96,""chapterNumber"":4,""subjectSlug"":""physics-11""}","published","Defines circular motion, distinguishes uniform from non-uniform circular motion, and surveys the key parameters that describe it: angular displacement, angular velocity, angular acceleration, tangential velocity, centripetal acceleration and force, and the fictitious centrifugal force.","Circular Motion","ms75n3deefe50fxta03bexsm4185q92a","1789036053430","5373",
"physics-11","04-rotational-and-circular-motion","Rotational And Circular Motion","torque-and-moment-of-inertia","4.7 Torque and Moment of Inertia","1777384039088.8457","kx75q0m0emhj4rf92rdsm5xgt185pptq","1777384039088","1777384039088","torque-and-moment-of-inertia","{""blockIndex"":151,""chapterNumber"":4,""subjectSlug"":""physics-11""}","published","Introduces moment of inertia as the rotational analogue of mass, its formula for a point mass and rigid bodies, radius of gyration, torque as the rotational analogue of force, and the rotational form of Newton's Second Law (tau = I*alpha).","Torque and Moment of Inertia","ms74eg0scr0c62m7vn2sq34dfn85pk79","1787554047221","5054",
"physics-11","04-rotational-and-circular-motion","Rotational And Circular Motion","angular-momentum","4.8 Angular Momentum","1777384024895.8064","kx706cc1x70kkjqy97ahrx02wx85q3ty","1777384024895","1777384024895","angular-momentum","{""blockIndex"":158,""chapterNumber"":4,""subjectSlug"":""physics-11""}","published","Defines angular momentum both as L = r x p (cross product) and L = I*omega for a rigid body, its direction, units, and the law of conservation of angular momentum with the torque-angular-momentum relation.","Angular Momentum","ms79bn6xtjxk9dw4vp0jtjs99n85pbxm","1787563007160","3823",
"physics-11","04-rotational-and-circular-motion","Rotational And Circular Motion","law-of-conservation-of-angular-momentum","4.9 The Law of Conservation of Angular Momentum","1777384034877.89","kx739xgfjgx2vjaqyyvyb91fvs85pc48","1777384034877","1777384034877","law-of-conservation-of-angular-momentum","{""blockIndex"":217,""chapterNumber"":4,""subjectSlug"":""physics-11""}","published","States the Law of Conservation of Angular Momentum (L is constant when net external torque is zero), derives it from tau_net = dL/dt, shows its implication I*omega = constant, applies it to skaters, divers, and star formation, compares it to linear momentum conservation, and explains why internal forces cannot change total angular momentum.","The Law of Conservation of Angular Momentum","ms72svak1xr0n9sjb2rmkt6qrh85pghr","1789594520686","4474",
"physics-11","04-rotational-and-circular-motion","Rotational And Circular Motion","kinetic-energy-of-rotation-hoop-and-disc","4.10 Rotational Kinetic Energy","1777384034071.7651","kx7307ynmfhsp582ttm4vyj6xx85qvh3","1777384034071","1777384034071","kinetic-energy-of-rotation-hoop-and-disc",,"published","Defines rotational kinetic energy K.E._rot = (1/2)*I*omega^2, derives it by summing the kinetic energy of every particle in a rigid body, and applies it to rolling objects on an incline, showing a solid disc reaches the bottom faster than a hoop of the same mass and radius because the hoop has a larger moment of inertia.","Rotational Kinetic Energy","ms70fdw8edmb3d5bw0c46r10es85p0e7","1785242536634","3903",
"physics-11","04-rotational-and-circular-motion","Rotational And Circular Motion","banking-of-roads","4.11 Banking of Roads","1777384028410.1445","kx774jd8xzmk9yxeg4nxkn0j0585p76z","1777384028410","1777384028410","banking-of-roads",,"published","Explains why banked roads use a component of the normal force to supply centripetal force, derives the ideal banking angle tan(theta) = v^2/(rg) by resolving the normal force, and shows the result is independent of vehicle mass.","4.7 Banking of Roads","ms71nvvvmmwktfv21ab3q8dsf985q3g7","1785181462692","3772",
"physics-11","04-rotational-and-circular-motion","Rotational And Circular Motion","artificial-satellites","4.12 Artificial Satellites","1777384027284.6006","kx7700tdgyd1bm32t49gd0z8yn85p2m5","1777384027284","1777384027284","artificial-satellites","{""blockIndex"":303,""chapterNumber"":4,""subjectSlug"":""physics-11""}","published","Distinguishes natural from artificial satellites, derives orbital velocity v = sqrt(GM/r), surveys satellite types (communication, navigation, Earth observation, scientific) and their orbits, and explains weightlessness in orbit and artificial gravity as consequences of free fall and rotation.","Artificial Satellites","ms713ed968amncpc4e6h8w78xd85pa6a","1787563007997","4192",
"physics-11","04-rotational-and-circular-motion","Rotational And Circular Motion","geostationary-orbits","4.13 Geostationary Orbits","1777384033277.8318","kx712fekt38yq3cjccwxs100p985p4gp","1777384033277","1777384033277","geostationary-orbits",,"published","Defines the three conditions for a geostationary orbit (24-hour period, equatorial plane, west-to-east direction), derives the orbital radius from F_g = F_c, calculates the altitude (~35,800 km) and orbital velocity (~3.07 km/s), and notes the tradeoffs of latency and launch cost.","4.17 Geostationary Orbits","ms748wmwf31ney6pd4mfpztyx185p8k7","1785242534838","3572",
"physics-11","04-rotational-and-circular-motion","Rotational And Circular Motion","orbital-velocity","4.14 Orbital Velocity","1777384036630.5574","kx70bgwmed2dm8pveg0gg8xghx85prcb","1777384036630","1777384036630","orbital-velocity","{""blockIndex"":303,""chapterNumber"":4,""subjectSlug"":""physics-11""}","published","Derives orbital velocity v = sqrt(GM/r) by setting gravitational force equal to centripetal force, shows it is independent of the orbiting object's mass and decreases with orbital radius, and explains weightlessness in orbit as continuous free fall rather than an absence of gravity.","Orbital Velocity","ms73tb9m2c4de89wbr9s6z3y6985qf7v","1787554048616","4055",
"physics-11","04-rotational-and-circular-motion","Rotational And Circular Motion","communication-satellites","4.15 Communication Satellites and Weightlessness in Orbit","1777384031188.084","kx7fpy5r4rtpa9tbwdrkfq37k985pq9r","1777384031188","1777384031188","communication-satellites","{""blockIndex"":303,""chapterNumber"":4,""subjectSlug"":""physics-11""}","published","Covers geostationary communication satellites (orbit at ~35,786 km, 24-hour period, 3 satellites for global coverage, microwave uplink/downlink via transponders, solar power, INTELSAT) and explains why orbiting objects are weightless: the satellite is in continuous free fall, so there is no normal force between an object and its support even though gravity is still acting.","Communication Satellites and Weightlessness in Orbit","ms7a4r28pzd2vkmrpdgnvsx38n85pkd6","1787563008291","5454",
"physics-11","04-rotational-and-circular-motion","Rotational And Circular Motion","concept-of-weightlessness-free-fall-in-spaceship","4.16 Weightlessness in Orbit","1777384032155.686","kx750cm23jc2rrdxpgavpq3j3s85p2p3","1777384032155","1777384032155","concept-of-weightlessness-free-fall-in-spaceship","{""blockIndex"":280,""chapterNumber"":4,""subjectSlug"":""physics-11""}","published","Distinguishes mass from weight, explains apparent weight as the contact force felt during free fall (falling elevator and orbiting spacecraft), derives orbital (critical) velocity v = sqrt(g(R+h)), and shows how rotating a spacecraft produces artificial gravity via a_c = omega^2*R = g.","Weightlessness in Orbit","ms76gaa9mfnty38t8vrry5y5kx85p7kv","1787554048870","5898",
"physics-11","04-rotational-and-circular-motion","Rotational And Circular Motion","artificial-gravity","4.17 Artificial Gravity","1777384026505.983","kx76493fbs7bnktjsb8b16zxy585qszq","1777384026506","1777384026506","artificial-gravity","{""blockIndex"":289,""chapterNumber"":4,""subjectSlug"":""physics-11""}","published","Explains how rotating a spacecraft creates artificial gravity via centripetal force, derives the required angular velocity omega = sqrt(g/r) and frequency f = (1/2*pi)*sqrt(g/r), and covers practical design challenges: the size-vs-rotation-speed tradeoff, the Coriolis effect, and the gravity gradient.","4.16 Artificial Gravity","ms784mf72rezjcxjx8h1vnk1jd85pq8t","1787554049121","3915",
"physics-11","04-rotational-and-circular-motion","Rotational And Circular Motion","real-and-apparent-weight","4.18 Apparent Weight in an Elevator","1777384037395.9001","kx70kfyaa465sejn0g1w92bj1985qgk6","1777384037396","1777384037396","real-and-apparent-weight",,"published","Distinguishes real weight (mg) from apparent weight (the normal force a scale reads), and derives the scale reading N in four elevator scenarios: at rest or constant velocity (N=mg), accelerating upward (N=m(g+a)), accelerating downward (N=m(g-a)), and free fall (N=0, weightlessness).","Apparent Weight in an Elevator","ms78qvxsv55r6cxkd89q3d8ajh85q87z","1788216251201","3327",
"physics-11","04-rotational-and-circular-motion","Rotational And Circular Motion","newton-and-einstein-s-view-on-gravitation","4.19 Newton's vs. Einstein's View on Gravitation","1777384035643.9866","kx7e2ez7bfsgf5pqxcvzr2mbrs85qnna","1777384035644","1777384035644","newton-and-einstein-s-view-on-gravitation","{""blockIndex"":283,""chapterNumber"":4,""subjectSlug"":""physics-11""}","published","Contrasts Newton's view of gravity as an instantaneous force (F = Gm1m2/r^2) with Einstein's General Relativity, which describes gravity as the curvature of spacetime, covers the experimental evidence for Einstein's theory (starlight bending, Mercury's precession, the Equivalence Principle), and explains orbital weightlessness from both perspectives.","Newton's vs. Einstein's View on Gravitation","ms7cep3zadp8radr9qjmnw91h985q0ft","1787563008522","6356",
"physics-11","05-work-and-kinetic-energy","Work And Kinetic Energy","work-energy-principle","5.1 Work-Energy Principle","1777384051121.0754","kx7b3t4cb5mfa5ms552k67pa0185qazb","1777384051121","1777384051121","work-energy-principle","{""blockIndex"":68,""chapterNumber"":5,""subjectSlug"":""physics-11""}","published","States the Work-Energy Principle (W_net = delta K.E.), derives it from Newton's Second Law and the third equation of motion, interprets positive/negative/zero net work, and works a numeric example calculating net work from initial and final kinetic energy.","5.3 Work-Energy Principle","ms75tvypwrc9td6s9h0xmxk9s985qyd3","1787554067288","3479",
"physics-11","05-work-and-kinetic-energy","Work And Kinetic Energy","work","5.2 Work Done by a Constant and Variable Force","1777384052799.8171","kx7b2z358pawe4wxm0zsn6tqm185q1gp","1777384052799","1777384052799","work","{""blockIndex"":6,""chapterNumber"":5,""subjectSlug"":""physics-11""}","published","Defines work as the dot product W = Fd*cos(theta) for a constant force, covers when work is positive, negative, or zero, and explains that for a variable force (like a spring), work must be found as the area under a Force-Displacement (or Force-Extension) graph, or via the integral W = integral of F dd.","Work Done by a Constant and Variable Force","ms7bvvrk2jdceqn9qamggfcm5s85ph60","1787554067516","4262",
"physics-11","05-work-and-kinetic-energy","Work And Kinetic Energy","kinetic-energy","5.3 Kinetic Energy","1777384046810.1765","kx7402004yyrqa6bpqzzjyvv6d85q65n","1777384046810","1777384046810","kinetic-energy","{""blockIndex"":5,""chapterNumber"":5,""subjectSlug"":""physics-11""}","published","Defines kinetic energy K.E. = (1/2)mv^2, derives it from Newton's Second Law and the equations of motion, expresses it in terms of momentum as K.E. = p^2/(2m), and states the Work-Energy Theorem W_net = delta K.E., including its form when a resistive medium removes energy as heat.","Introduction","ms78qt4jav7tdy17dyt65vfc6985p7qk","1787554067755","2885",
"physics-11","05-work-and-kinetic-energy","Work And Kinetic Energy","potential-energy","5.4 Potential Energy","1777384049102.4768","kx70z4gj4wbzrrakzsq9cvad9h85pg8r","1777384049102","1777384049102","potential-energy","{""blockIndex"":71,""chapterNumber"":5,""subjectSlug"":""physics-11""}","published","Defines gravitational (P.E. = mgh) and elastic ((1/2)kx^2) potential energy as stored energy due to position or deformation, and distinguishes conservative forces (path-independent, allow potential energy to be defined, e.g. gravity, springs) from non-conservative forces (path-dependent, dissipate energy, e.g. friction), explaining why mechanical energy is conserved only when non-conservative forces are absent.","Potential Energy (P.E.)","ms707p1c8h8g05r3zt9cfq2kax85pcmb","1787554067981","3955",
"physics-11","05-work-and-kinetic-energy","Work And Kinetic Energy","absolute-potential-energy","5.5 Absolute Gravitational Potential Energy","1777384039856.2617","kx77jwq3v824spt8es95s5hd2185qam3","1777384039856","1777384039856","absolute-potential-energy","{""blockIndex"":71,""chapterNumber"":5,""subjectSlug"":""physics-11""}","published","Defines absolute gravitational potential energy U_g = -GMm/r with the zero reference at infinite distance, derives this formula via a telescoping sum of small work increments, and explains why U_g is always negative and how it relates to the mgh approximation used near Earth's surface.","Absolute Gravitational Potential Energy","ms740az2azmkcc6drqe0e046t985pqtr","1788216251349","4966",
"physics-11","05-work-and-kinetic-energy","Work And Kinetic Energy","work-done-in-a-gravitational-field","5.6 Work Done in a Gravitational Field","1777384041045.0566","kx75r2b8h31rj3v86qpznak4dx85pjd9","1777384041045","1777384041045","conservative-and-non-conservative-fields","{""blockIndex"":47,""chapterNumber"":5,""subjectSlug"":""physics-11""}","published","Defines gravitational field strength g = GM/r^2, explains what makes a field conservative (path-independent work, zero work over closed paths), and proves gravity is conservative by showing the work done between two points is the same along a straight and a curved path, and zero around any closed loop.","Work Done in a Gravitational Field","ms74030rga9vn2ys1dkfgwrg9x85pwe2","1787563013298","4191",
"physics-11","05-work-and-kinetic-energy","Work And Kinetic Energy","inter-conversion-of-kinetic-energy-and-potential-energy","5.7 Interconversion of Kinetic and Potential Energy","1777384046038.9077","kx7dfdx9hr04n4taqydzds8wpn85q2kv","1777384046038","1777384046038","inter-conversion-of-kinetic-energy-and-potential-energy","{""blockIndex"":71,""chapterNumber"":5,""subjectSlug"":""physics-11""}","published","Explains how kinetic and potential energy convert into each other while total mechanical energy (K.E. + P.E.) stays constant under conservative forces, illustrated with a freely falling object (v = sqrt(2gh)) and a swinging pendulum, and shows how friction breaks the conservation by converting some energy into heat.","Interconversion of Kinetic and Potential Energy","ms7f207hsq5qrt5wc6zqm530xs85qdeb","1787554068668","5166",
"physics-11","05-work-and-kinetic-energy","Work And Kinetic Energy","work-energy-theorem-in-resistivity-medium","5.8 Work-Energy Principle in a Resistive Medium","1777384052006.143","kx7cbvaj4dtf4srtfmh7bfq40x85prw2","1777384052006","1777384052006","work-energy-theorem-in-resistivity-medium","{""blockIndex"":74,""chapterNumber"":5,""subjectSlug"":""physics-11""}","published","Extends the Work-Energy Principle to include resistive forces (friction, air resistance), which always do negative work (W_resistive = -F*d), showing W_net = W_applied + W_resistive = delta K.E., derives mgh = (1/2)mv^2 + fh for a body falling through resistance, and solves a numeric example combining applied force and friction.","Work-Energy Principle in a Resistive Medium","ms72at82tqq5drvjgsscxf623h85qz8x","1787554068899","3940",
"physics-11","05-work-and-kinetic-energy","Work And Kinetic Energy","power","5.9 Power","1777384050092.1846","kx74hx1ty3m0dp06yq0vc4zavd85p3gj","1777384050092","1777384050092","power",,"published","Defines power P = W/t as the rate of doing work, covers its units (watt, kilowatt, horsepower), distinguishes average from instantaneous power, derives P = F.v, and clarifies that the kilowatt-hour is a unit of energy (3.6 x 10^6 J), not power.","Power","ms76y3knad1a4exz0h30c09ecd85q92v","1785242613283","3240",
"physics-11","05-work-and-kinetic-energy","Work And Kinetic Energy","efficiency","5.10 Efficiency","1777384042091.0908","kx74eh89gjvpy5h1r2qrk1e56x85q1xk","1777384042091","1777384042091","efficiency","{""blockIndex"":81,""chapterNumber"":5,""subjectSlug"":""physics-11""}","published","Defines efficiency as the ratio of useful output to total input energy or power, explains why real machines are always below 100% efficiency, and covers the Carnot engine's theoretical maximum efficiency eta = 1 - T_sink/T_source, worked with the freezing/boiling point example (~26.8%).","5.5 Efficiency","ms7bcxmmfrcqghggvjsm8vxaxd85q6se","1787554069125","3950",
"physics-11","05-work-and-kinetic-energy","Work And Kinetic Energy","escape-velocity","5.11 Escape Velocity","1777384044392.7021","kx7e845ej0g0gfkeg9wpntxfnh85pjdf","1777384044392","1777384044392","escape-velocity","{""blockIndex"":98,""chapterNumber"":5,""subjectSlug"":""physics-11""}","published","Defines escape velocity as the minimum speed to break free from a planet's gravity, derives v_esc = sqrt(2GM/R) from energy conservation (total mechanical energy = 0), gives the equivalent form v_esc = sqrt(2gR) using surface gravity, and calculates Earth's escape velocity as approximately 11.2 km/s.","Escape Velocity","ms7adq1a06a42nnkwj3yjzmz7h85qny1","1787563013486","3312",
"physics-11","05-work-and-kinetic-energy","Work And Kinetic Energy","non-conventional-energy-sources","5.12 Non-Conventional Energy Sources","1777384048151.7554","kx76173wpqw7raqr6kacb3v8bs85pzak","1777384048151","1777384048151","non-conventional-energy-sources",,"published","Surveys five non-conventional (renewable) energy sources: tidal energy (dams harnessing tidal rise/fall), wave energy (devices like Salter's Duck), solar energy (thermal collectors and photovoltaic cells), geothermal energy (heat from hot springs, geysers, and hot rocks), and biomass (stored solar energy in organic matter).","Non-Conventional Energy Sources","ms7b7zk3zaens9zs3rfmm7eph185pj50","1785242617699","5160",
"physics-11","05-work-and-kinetic-energy","Work And Kinetic Energy","energy-from-biomass","5.13 Biomass Energy","1777384043354.237","kx73xpewp6jejqw3ccvw8crx8s85q7vd","1777384043354","1777384043354","energy-from-biomass",,"published","Defines biomass as stored solar energy in organic matter and covers the three main conversion methods: direct combustion (burning for heat/steam), fermentation (producing ethanol biofuel), and biogas production (anaerobic digestion yielding methane biogas and fertilizer slurry).","Biomass Energy","ms77b905qg8t0vmw3akrm2h2sd85pxnz","1785242619033","3423",
"physics-11","05-work-and-kinetic-energy","Work And Kinetic Energy","geothermal-energy","5.14 Geothermal Energy","1777384045266.1404","kx744dmhdym308s9bg3wqfvhn985pf21","1777384045266","1777384045266","geothermal-energy",,"published","Explains geothermal energy as heat from radioactive decay, residual planetary heat, and compression, covers how it is harnessed via natural manifestations (hot springs, geysers, fumaroles), electricity generation as a heat engine (W = Q_H - Q_C), and Hot Dry Rock direct heating, and discusses energy degradation and environmental impact on geysers.","Geothermal Energy","ms75nthvf5w9tcvmhx7wmqkb9185p35j","1785242621118","5417",
"physics-11","06-fluid-mechanics","Fluid Mechanics","upthrust-and-archimedes-principle","6.1 Archimedes' Principle and Buoyancy","1777384062864.1453","kx75scxrkc033esazt1880fysd85qqjt","1777384062864","1777384062864","upthrust-and-archimedes-principle","{""blockIndex"":5,""chapterNumber"":6,""subjectSlug"":""physics-11""}","published","Explains buoyant force (upthrust) as the pressure difference between the top and bottom of a submerged object, derives Archimedes' Principle F_B = rho_f*V_sub*g, covers the Principle of Flotation (sink/float/suspend conditions), and applies these ideas to ships, submarines, and hot-air balloons.","Archimedes' Principle and Buoyancy","ms71yphrrtcynvhjxta4t2sx4n85qxan","1787554090731","3683",
"physics-11","06-fluid-mechanics","Fluid Mechanics","fluid-flow","6.2 Types of Fluid Flow","1777384057383.7385","kx7ekmd1cqertc99mwajmqv23985qqak","1777384057383","1777384057383","fluid-flow","{""blockIndex"":88,""chapterNumber"":6,""subjectSlug"":""physics-11""}","published","Distinguishes streamline (laminar) flow, smooth and predictable, from turbulent flow, chaotic with eddies, defines the theoretical ideal fluid (non-viscous, incompressible, steady, irrotational), and explains why real fluids are viscous due to internal friction between layers.","Types of Fluid Flow","ms70t4tmm5v3sbd6ze7ym3fezd85p8v2","1787554090957","3599",
"physics-11","06-fluid-mechanics","Fluid Mechanics","equation-of-continuity","6.3 Equation of Continuity","1777384056612.9685","kx7cxhpd3gb6148cbtmq5xr85d85qjv0","1777384056613","1777384056613","equation-of-continuity","{""blockIndex"":101,""chapterNumber"":6,""subjectSlug"":""physics-11""}","published","Derives the Equation of Continuity from conservation of mass: rho_1*A_1*v_1 = rho_2*A_2*v_2 for real fluids, simplifying to A_1*v_1 = A_2*v_2 for an ideal incompressible fluid, showing fluid speeds up where a pipe narrows and slows where it widens.","6.3 Equation of Continuity","ms706d5gmgwqh7d1dn6c2saf9d85q4nw","1787563020261","3914",
"physics-11","06-fluid-mechanics","Fluid Mechanics","bernoulli-s-equation","6.4 Bernoulli's Equation","1777384055819.3376","kx75v6r18p5a8chn46gp45r5xx85q6hf","1777384055819","1777384055819","bernoulli-s-equation","{""blockIndex"":136,""chapterNumber"":6,""subjectSlug"":""physics-11""}","published","States Bernoulli's Equation P + (1/2)*rho*v^2 + rho*g*h = constant as conservation of energy for an ideal fluid, derives it from the work-energy theorem applied to pressure forces on a moving fluid segment, and notes its limitation to ideal (non-viscous, incompressible) fluids in steady streamline flow.","Bernoulli's Equation","ms7cbbe0az78sj21mgkef6mr0d85pwfq","1787563020483","3242",
"physics-11","06-fluid-mechanics","Fluid Mechanics","applications-of-bernoulli-s-equation","6.5 Applications of Bernoulli's Equation","1777384055034.886","kx7814847beezd108ejycxkvg985qhvw","1777384055034","1777384055034","applications-of-bernoulli-s-equation","{""blockIndex"":171,""chapterNumber"":6,""subjectSlug"":""physics-11""}","published","Surveys seven practical applications of Bernoulli's Equation: speed of efflux (Torricelli's Theorem), the Venturi effect and meter, filter pumps, atomizers, lift on an aerofoil, the swing of a spinning ball, and blood flow through constricted arteries.","Applications of Bernoulli's Equation","ms7ct9myk1zxkr2vqamftnya4d85qzgf","1787554091637","4572",
"physics-11","06-fluid-mechanics","Fluid Mechanics","torricelli-s-theorem","6.6 Torricelli's Theorem","1777384061588.785","kx75b08wt6e1p1qc8am46yt9e585pskm","1777384061588","1777384061588","torricelli-s-theorem","{""blockIndex"":182,""chapterNumber"":6,""subjectSlug"":""physics-11""}","published","States Torricelli's Theorem, v = sqrt(2gh), the speed of efflux from a hole at depth h equals the speed of free fall from that height, and derives it from Bernoulli's Equation using the assumptions of equal atmospheric pressure at both points and a negligible fall speed at the reservoir's top surface.","6.4.2 Torricelli's Theorem","ms70pqftm087x2hfdjgmmkxffn85qeht","1789594520686","3456",
"physics-11","06-fluid-mechanics","Fluid Mechanics","venturi-meter","6.7 Venturi Meter","1777384063654.649","kx7cpqfgcvxwjarg7cd6z3n2p585qeqp","1777384063654","1777384063654","venturi-meter","{""blockIndex"":202,""chapterNumber"":6,""subjectSlug"":""physics-11""}","published","Explains how a Venturi meter measures flow rate by narrowing a pipe (converging section, throat, diverging section) to trade velocity for pressure, and derives the inlet velocity formula V_1 = A_2*sqrt(2gh)/sqrt(A_1^2-A_2^2) by combining Bernoulli's equation with the equation of continuity.","Venturi Meter","ms78q9984mrjxr8xaw6dyn85bn85pwkg","1787554092248","3566",
"physics-11","06-fluid-mechanics","Fluid Mechanics","aerofoil","6.8 Aerofoil","1777384053916.8484","kx7f69vz4v151asmyrbhw54n1985p9mn","1777384053916","1777384053916","aerofoil","{""blockIndex"":216,""chapterNumber"":6,""subjectSlug"":""physics-11""}","published","Explains how an aerofoil generates lift via Bernoulli's principle (F_L = (P_1-P_2)*A) and Newton's third law, covers angle of attack and stalling, and extends the same pressure-difference idea to the Magnus effect that curves a spinning cricket ball.","Aerofoil","ms746q7b8p5bbc659hwbc54r5h85px04","1787563021141","4271",
"physics-11","06-fluid-mechanics","Fluid Mechanics","viscous-drag","6.9 Viscosity and Drag","1777384064526.5522","kx7064xtbtjrcskksm7gkt7c3585q755","1777384064526","1777384064526","viscous-drag","{""blockIndex"":47,""chapterNumber"":6,""subjectSlug"":""physics-11""}","published","Defines viscosity (coefficient eta, Pa.s, dimensions ML^-1T^-1) and drag force, states Stokes' Law F_d = 6*pi*eta*r*v for small spheres at low speed, and derives terminal velocity v_t = 2r^2(rho_s-rho_f)g / (9*eta), showing it scales with r^2.","Viscosity and Drag","ms7by316qjr1tyr6e59p00nwws85prjn","1787554092705","3615",
"physics-11","06-fluid-mechanics","Fluid Mechanics","fluid-friction-and-drag","6.10 Fluid Friction and Drag","1777384058312.3818","kx7ax7f0v0f6k5n7k17csk973n85p8q6","1777384058312","1777384058312","stokes-law","{""blockIndex"":47,""chapterNumber"":6,""subjectSlug"":""physics-11""}","published","Covers fluid friction (drag) broadly: viscosity's role in generating drag, the general high-velocity drag equation F_D = (1/2)*rho*v^2*C_D*A versus Stokes' Law F=6*pi*eta*r*v for small spheres at low speed, terminal velocity as the force-balance condition, and a real-world streamlining example.","Fluid Friction and Drag","ms76karsyp8pj5g3gje8g0q0j585qvtg","1787554092930","4679",
"physics-11","06-fluid-mechanics","Fluid Mechanics","terminal-velocity","6.11 Terminal Velocity","1777384060635.45","kx78fpzfq8t2t9whsscc22zpcd85p1xm","1777384060635","1777384060635","terminal-velocity","{""blockIndex"":62,""chapterNumber"":6,""subjectSlug"":""physics-11""}","published","Defines terminal velocity as the point where gravitational force balances drag force (net force and acceleration both zero), derives v_t = 2*rho*g*r^2/(9*eta) for a falling sphere using Stokes' Law, and applies the idea to a paratrooper's two-phase jump and everyday conceptual questions about falling objects.","Terminal Velocity","ms78zd4v411g5zhy3024khws9h85pbvw","1787554093167","3878",
"physics-11","06-fluid-mechanics","Fluid Mechanics","superfluidity","6.12 Superfluidity","1777384059369.6528","kx7ctrw5qnmxwwf1j86a09kf7x85qdbq","1777384059369","1777384059369","super-fluidity","{""blockIndex"":239,""chapterNumber"":6,""subjectSlug"":""physics-11""}","published","Explains superfluidity as zero-viscosity flow (seen below the Lambda Point in Helium-4 and Helium-3), its defining characteristics (persistent motion, high thermal conductivity, quantum coherence), quantized vortex formation under rotation, and real-world applications from gyroscopes to MRI coolants.","Superfluidity","ms790qdz17q40ndc6mk4z1m79x85q2d8","1787554093398","3230",
"physics-11","07-deformation-of-solids","Deformation Of Solids","classification-of-solids","7.1 Classification of Solids","1777384065317.9238","kx70qbjc0w698dk07770hzq03585qr3z","1777384065318","1777384065318","classification-of-solids","{""blockIndex"":5,""chapterNumber"":7,""subjectSlug"":""physics-11""}","published","Classifies solids by internal atomic structure into crystalline (ordered lattice, anisotropic, sharp melting point), polycrystalline (many randomly-oriented grains, isotropic), and amorphous (no long-range order, isotropic, softens gradually), and introduces the unit cell as the smallest repeating unit of a crystal lattice (simple cubic, BCC, FCC).","7.1 Classification of Solids","ms7adezddm23k07y7n404yabkx85qzwc","1788216251508","6650",
"physics-11","07-deformation-of-solids","Deformation Of Solids","deformation-in-solids","7.2 Deformation in Solids","1777384066093.8691","kx7146ndrhzyf9yt3re7qgzbjs85p5ab","1777384066093","1777384066093","deformation-in-solids","{""blockIndex"":41,""chapterNumber"":7,""subjectSlug"":""physics-11""}","published","Covers tensile/compressive deformation, defines stress (sigma=F/A) and strain (dimensionless), the three moduli of elasticity (Young's, Shear, Bulk), the stress-vs-pressure distinction, elastic vs plastic deformation, and elastic potential energy U = (1/2)*F*deltaL stored during elastic deformation.","Deformation in Solids","ms7fcfdbgxktp8x65vjw4z5e7585p5vc","1788216264910","6209",
"physics-11","07-deformation-of-solids","Deformation Of Solids","elastic-potential-energy","7.3 Elastic Potential Energy","1777384066857.882","kx7e75ds8dp2290wp4f3s5ccd985pvxz","1777384066857","1777384066857","elastic-potential-energy","{""blockIndex"":109,""chapterNumber"":7,""subjectSlug"":""physics-11""}","published","Defines elastic potential energy as the work done to deform a material elastically, derives it as the area under the force-extension graph (W = (1/2)*F*x = (1/2)*k*x^2), and generalizes it to strain energy density = (1/2)*stress*strain.","Elastic Potential Energy","ms72nvrckam6drbyqyz155sad185q0yk","1788216251673","3850",
"physics-11","08-heat-and-thermodynamics","Heat And Thermodynamics","1st-law-of-thermodynamics","8.1 First Law of Thermodynamics","1777384067674.766","kx7dt77hqx25zj5cr2f7n13cnd85qjt0","1777384067674","1777384067674","1st-law-of-thermodynamics","{""blockIndex"":114,""chapterNumber"":8,""subjectSlug"":""physics-11""}","published","States the First Law of Thermodynamics (Q = deltaU + W) as conservation of energy applied to heat, internal energy, and work, gives real-world examples, and surveys the four special-case thermodynamic processes (isothermal, adiabatic, isochoric, isobaric) each derived from the general equation.","First Law of Thermodynamics","ms7a0zqk9ef9wz579t0nbetnkh85paqx","1788216265098","5768",
"physics-11","08-heat-and-thermodynamics","Heat And Thermodynamics","2nd-law-of-thermodynamics","8.2 Second Law of Thermodynamics","1777384068470.5557","kx7dbw5s7rfkbq8jnpvdrjgszx85pe2q","1777384068470","1777384068470","2nd-law-of-thermodynamics","{""blockIndex"":204,""chapterNumber"":8,""subjectSlug"":""physics-11""}","published","Covers the Second Law of Thermodynamics: heat engine efficiency, the Kelvin-Planck (no 100%-efficient heat engine) and Clausius (heat doesn't spontaneously flow cold to hot) statements, reversible vs irreversible processes, entropy as a measure of disorder (deltaS = Q/T, always increasing for real processes), and energy degradation from high-quality to low-quality (waste heat) forms.","Second Law of Thermodynamics","ms7bp39dxke110apa7dv8zz8x185pwjt","1787554161093","7166",
"physics-11","08-heat-and-thermodynamics","Heat And Thermodynamics","adiabatic-equation","8.3 Adiabatic Process and Equation","1777384069223.0427","kx7f215xdc5q3f2sam5rabzpbx85qbsk","1777384069223","1777384069223","adiabatic-equation","{""blockIndex"":136,""chapterNumber"":8,""subjectSlug"":""physics-11""}","published","Defines an adiabatic process (Q=0) and derives PV^gamma = constant by combining the First Law with the Ideal Gas Law, introduces the adiabatic index gamma = Cp/Cv, gives the T-V and T-P adiabatic relations, and compares the adiabatic curve (steeper, since gamma>1) with the isothermal curve on a P-V diagram.","Adiabatic Process and Equation","ms794bmrr8xr0sc3dhj89jz00d85pqjp","1787563032418","5052",
"physics-11","08-heat-and-thermodynamics","Heat And Thermodynamics","applications-of-1st-law-of-thermodynamics","8.4 Applications of the First Law of Thermodynamics","1777384069996.323","kx7dske6wp703k1hrjwytwfwyn85ph5m","1777384069996","1777384069996","applications-of-1st-law-of-thermodynamics","{""blockIndex"":124,""chapterNumber"":8,""subjectSlug"":""physics-11""}","published","Applies the First Law (Q = deltaU + W) to the four special-case processes: isochoric (W=0, Q=deltaU), isobaric (Q=deltaU+PdeltaV), isothermal (deltaU=0, Q=W), and adiabatic (Q=0, deltaU=-W), comparing their PV-diagram shapes and contrasting adiabatic vs isothermal expansion from the same starting point.","Applications of the First Law of Thermodynamics","ms7e7rrbhxwkjqfm2shfb0rfcn85psmt","1787554161638","3966",
"physics-11","08-heat-and-thermodynamics","Heat And Thermodynamics","carnot-cycle","8.5 Carnot Heat Engine and Carnot Cycle","1777384070907.2156","kx7ap4g7x9wsxgws9f12tt4dks85q1mr","1777384070907","1777384070907","carnot-cycle","{""blockIndex"":214,""chapterNumber"":8,""subjectSlug"":""physics-11""}","published","Describes the idealized Carnot heat engine and its 4-step reversible cycle (isothermal expansion, adiabatic expansion, isothermal compression, adiabatic compression) between hot reservoir T1 and cold reservoir T2, derives the efficiency formula E = 1 - T2/T1, and states Carnot's theorem that no engine between the same two temperatures can exceed this efficiency.","Carnot Heat Engine and Carnot Cycle","ms7evqr0h307n4jdk5z5ke07hx85qjqp","1788216251858","4766",
"physics-11","08-heat-and-thermodynamics","Heat And Thermodynamics","entropy","8.6 Entropy","1777384071683.9927","kx7a71b6m9wjky1fm193sj41cs85pvna","1777384071684","1777384071684","entropy","{""blockIndex"":265,""chapterNumber"":8,""subjectSlug"":""physics-11""}","published","Defines entropy as a measure of disorder (deltaS = deltaQ_rev/T, J/K, a state function), explains how temperature and irreversibility increase it (deltaS_total >= 0), covers the tendency of isolated systems toward disorder, energy degradation, applications in heat-engine efficiency limits and the ideal-gas entropy formula, and the hypothetical heat death of the universe.","Entropy","ms717fm01xsdd4xkm4434wfmv985q9vw","1787554162167","5790",
"physics-11","08-heat-and-thermodynamics","Heat And Thermodynamics","heat-engine","8.7 Heat Engine","1777384072463.0232","kx7cc6af8vbhg91d3j2068kh7n85qfyt","1777384072463","1777384072463","heat-engine","{""blockIndex"":181,""chapterNumber"":8,""subjectSlug"":""physics-11""}","published","Defines a heat engine (hot reservoir, working substance, cold reservoir) and its efficiency eta = W/Qh = 1 - Qc/Qh, applies it to the petrol engine's four-stroke cycle (25-30% efficient), and introduces the Carnot engine as the theoretical efficiency ceiling eta_Carnot = 1 - Tc/Th.","Heat Engine","ms7f7wj58swp6b1hktbd87d65585pf4b","1789594520686","6699",
"physics-11","08-heat-and-thermodynamics","Heat And Thermodynamics","kinetic-theory-of-gases","8.8 Kinetic Theory of Gases","1777384073244.2947","kx77dq6z50t6cq7yshez2rvy3s85qzqz","1777384073244","1777384073244","kinetic-theory-of-gases","{""blockIndex"":38,""chapterNumber"":8,""subjectSlug"":""physics-11""}","published","Explains gas pressure and temperature from molecular motion (P=(1/3)*rho*<v^2>, <K.E.>=(3/2)*kB*T, v_rms=sqrt(3RT/M)) under the kinetic theory's assumptions, states the Ideal Gas Law PV=nRT, and covers work done by/on a gas (W=P*deltaV) as the area under a P-V curve.","Kinetic Theory of Gases","ms72g8m6js5mcateh41xe2rbws85pvnk","1789034333227","5526",
"physics-11","08-heat-and-thermodynamics","Heat And Thermodynamics","molar-specific-heat-cp-and-cv-and-their-relationship","8.9 Molar Specific Heats $C_p$ and $C_v$","1777384074135.9316","kx75q5zy9pxp9wjzbwvchebt3185qvbq","1777384074136","1777384074136","molar-specific-heat-cp-and-cv-and-their-relationship",,"published","Reviews heat capacity and specific heat, then defines the molar specific heats of a gas at constant volume (Cv: nCv*deltaT = deltaU) and constant pressure (Cp: nCp*deltaT = deltaU + P*deltaV), explains why Cp > Cv, and derives Mayer's relation Cp - Cv = R.","Molar Specific Heats $C_p$ and $C_v$","ms767bhqb1k8zmej94x6me9txd85p8ja","1785244674471","3804",
"physics-11","08-heat-and-thermodynamics","Heat And Thermodynamics","refrigerator","8.10 The Carnot Refrigerator","1777384074941.7107","kx74jtssw3cdwnaxnz1debn65985p4xq","1777384074941","1777384074941","refrigerator","{""blockIndex"":235,""chapterNumber"":8,""subjectSlug"":""physics-11""}","published","Describes the Carnot refrigerator as a Carnot engine run in reverse (a reversed 4-step cycle) that uses work input to move heat from a cold reservoir to a hot one (QH = QL + W), defines the Coefficient of Performance COP = QL/W = TL/(TH-TL), and distinguishes a refrigerator (desired effect QL) from a heat pump (desired effect QH).","The Carnot Refrigerator","ms74ptz06z5xqprna3rmmyrkpn85qm5j","1787554162976","3912",
"physics-11","08-heat-and-thermodynamics","Heat And Thermodynamics","reversible-and-irreversible-processes","8.11 Thermodynamic Processes: Reversible, Irreversible, and Cyclic","1777384075799.7417","kx7axpzjen6hjwzq6sqqgewecx85q99j","1777384075799","1777384075799","reversible-and-irreversible-processes","{""blockIndex"":191,""chapterNumber"":8,""subjectSlug"":""physics-11""}","published","Distinguishes reversible processes (idealized, quasi-static, no dissipation, zero net entropy change), irreversible processes (all real natural processes, entropy always increases), and cyclic processes (return to the initial state, so deltaU_cycle=0 and Q=W), and explains why reversible processes remain a useful theoretical benchmark despite never occurring in reality.","Thermodynamic Processes: Reversible, Irreversible, and Cyclic","ms73dsqa1vanxez1wjva5znp7s85qc6w","1788216252275","5143",
"physics-11","08-heat-and-thermodynamics","Heat And Thermodynamics","the-gas-laws","8.12 The Gas Laws","1777384076568.3286","kx7fkjwd9t3t5tm092ag3pvh0n85qyes","1777384076568","1777384076568","the-gas-laws","{""blockIndex"":91,""chapterNumber"":8,""subjectSlug"":""physics-11""}","published","Covers the three experimental gas laws relating P, V, T for a fixed amount of gas: Boyle's Law (PV=constant at fixed T), Charles's Law (V/T=constant at fixed P), and Gay-Lussac's Law (P/T=constant at fixed V), then combines them into the Ideal Gas Equation PV=nRT.","The Gas Laws","ms75mexrzrwvc05p1beb3b9efx85q06m","1788216252461","4674",
"physics-11","08-heat-and-thermodynamics","Heat And Thermodynamics","thermal-equilibrium","8.13 Thermal Equilibrium and Internal Energy","1777384077336.45","kx7c5qt0kgq69j2a7pedr7wvj985qeq3","1777384077336","1777384077336","thermal-equilibrium","{""blockIndex"":9,""chapterNumber"":8,""subjectSlug"":""physics-11""}","published","Explains the Zeroth Law of Thermodynamics and thermal equilibrium (no net heat flow, same temperature), defines internal energy as the sum of molecular kinetic and potential energies (for an ideal gas, average KE per molecule = (3/2)*k*T, so U depends only on T), and restates the Ideal Gas Law PV=nRT=NkT.","Thermal Equilibrium and Internal Energy","ms7fb516emfhbxzskn1jxmxtf585qyyv","1789594520686","7203",
"physics-11","09-waves","Waves","superposition-of-waves","9.1 Superposition of Waves","1777384090843.2068","kx762gm7tk6esbdpdnrngwqvbs85qcgp","1777384090843","1777384090843","superposition-of-waves","{""blockIndex"":82,""chapterNumber"":9,""subjectSlug"":""physics-11""}","published","States the Principle of Superposition (y = y1+y2+...+yn) and shows how it produces three distinct effects depending on the interacting waves: interference (same frequency, same direction), stationary waves (same frequency/amplitude, opposite directions), and beats (slightly different frequencies, same direction), then defines coherent waves as the condition needed for stable interference.","9.2 Superposition of Waves","ms71ffyxjfbbcp9weq7jg9haks85pr7m","1788216252855","2741",
"physics-11","09-waves","Waves","interference-of-waves","9.2 Interference of Waves","1777384085716.1719","kx7c57b72wzeytkq2j5tg69mb585pw5c","1777384085716","1777384085716","interference-of-waves","{""blockIndex"":98,""chapterNumber"":9,""subjectSlug"":""physics-11""}","published","Defines interference via the principle of superposition, distinguishes constructive interference (path difference = m*lambda, max amplitude) from destructive interference (path difference = (m+1/2)*lambda, min amplitude), and explains why observable interference requires coherent sources, illustrated by why car headlights don't interfere.","Interference of Waves","ms79s80y85m49teckbgswjb9qd85p8f5","1788216253107","3126",
"physics-11","09-waves","Waves","beats","9.3 Beats","1777384079863.942","kx73rbrcjjwsbm15wzt26dyd0s85qvmk","1777384079864","1777384079864","beats","{""blockIndex"":118,""chapterNumber"":9,""subjectSlug"":""physics-11""}","published","Explains beats as the periodic loudness variation heard when two slightly-different-frequency sound waves interfere, gives the beat frequency formula f_beat = |f1-f2|, the human ear's roughly 10 Hz perception limit, and applications in tuning instruments and determining an unknown frequency (e.g. loading a tuning fork with wax).","Beats","ms72kj4hsqy8ve6fd5es297sm185p4kv","1787563049819","3489",
"physics-11","09-waves","Waves","stationary-waves","9.4 Stationary Waves","1777384089814.3845","kx74q49ymn4r3m1frj6sbnszvd85qxt2","1777384089814","1777384089814","stationary-waves","{""blockIndex"":137,""chapterNumber"":9,""subjectSlug"":""physics-11""}","published","Explains stationary waves as the superposition of two identical progressive waves traveling in opposite directions (y = 2A*sin(kx)*cos(wt)), defines nodes and antinodes and their spacing (lambda/4 apart), derives the harmonic series for a string fixed at both ends (f_n = n*f_1), and contrasts progressive vs stationary waves.","9.3 Stationary Waves","ms74ksk5rsyc66fw2w6tpge4s585qthz","1789594520686","5210",
"physics-11","09-waves","Waves","stationary-waves-in-air-column","9.5 Stationary Waves in Air Column","1777384089002.7048","kx72jt6qt26vjcfytdvt8csgys85q30a","1777384089002","1777384089002","stationary-waves-in-air-column","{""blockIndex"":179,""chapterNumber"":9,""subjectSlug"":""physics-11""}","published","Covers longitudinal stationary waves in organ pipes: a closed-end pipe (node at closed end, antinode at open end) supports only odd harmonics with f1=v/4L, an open-end pipe (antinode at both ends) supports all harmonics with f1=v/2L, and end correction accounts for the antinode forming slightly outside the open end.","9.3.2 Stationary Waves in Air Column","ms75bkj2tnan9g1wywn06fqszx85qp6z","1788216253383","4275",
"physics-11","09-waves","Waves","experiment-to-demonstrate-stationary-waves","9.6 Experiment to Demonstrate Stationary Waves","1777384082217.8354","kx7ckt5bgw0q3scamt9kpxz3c585q2r0","1777384082217","1777384082217","experiment-to-demonstrate-stationary-waves","{""blockIndex"":145,""chapterNumber"":9,""subjectSlug"":""physics-11""}","published","Describes the resonance-tube experiment for demonstrating stationary waves in an air column (tuning fork over an adjustable water-level tube), explains resonance and node/antinode boundary conditions, derives the odd-harmonic resonance lengths (lambda/4, 3lambda/4, ...), and shows how measuring successive resonance lengths gives the speed of sound v = f*2*(L2-L1).","Experimental Setup and Procedure","ms75tmab5qpffc8akbwpkg48m585pj4g","1789071135421","5237",
"physics-11","09-waves","Waves","resonance-of-air-column","9.7 Resonance of an Air Column","1777384087382.8616","kx79f5wtqn0xe4qbyfnd4tn5c585pmcr","1777384087382","1777384087382","resonance-of-air-column","{""blockIndex"":252,""chapterNumber"":9,""subjectSlug"":""physics-11""}","published","Explains resonance in an air column as large-amplitude vibration when a driving frequency matches a natural frequency, links it to stationary-wave formation, distinguishes transverse from longitudinal waves, contrasts closed-pipe (odd harmonics, f_n=n*v/4L) versus open-pipe (all harmonics, f_n=n*v/2L) resonance, and covers end correction and the harmonic-vs-overtone distinction.","Resonance of an Air Column","ms78ycwym0vssh4k31mmv3kx6h85qnk4","1788216253573","4809",
"physics-11","09-waves","Waves","diffraction","9.8 Diffraction of Waves","1777384080634.351","kx710cg98p4v5qr63mb3vvsdns85q0mv","1777384080634","1777384080634","diffraction","{""blockIndex"":291,""chapterNumber"":9,""subjectSlug"":""physics-11""}","published","Explains diffraction as waves bending around obstacles/apertures via Huygens' Principle, most noticeable when the obstacle/slit size is comparable to the wavelength, illustrated with water waves, single-slit light diffraction, diffraction gratings (d*sin(theta)=n*lambda), X-ray diffraction (Bragg's Law), why sound diffracts around corners but light doesn't, and how diffraction differs from interference.","Diffraction of Waves","ms7d7g6fjkjwnjnvzsjbg55a2185qc9m","1788216253761","4747",
"physics-11","09-waves","Waves","polarization","9.9 Polarization","1777384086511.0159","kx7en0a8zep6sjgc0d8q6wrw6185qeks","1777384086511","1777384086511","polarization","{""blockIndex"":261,""chapterNumber"":9,""subjectSlug"":""physics-11""}","published","Explains polarization as a property unique to transverse waves, covers polarization by Polaroid filters (Malus's Law I=I0*cos^2(theta)) and by reflection (Brewster's Law n=tan(ip)), and surveys applications in photography, stress analysis, 3D movies, and optical activity.","9.8 Polarization","ms78854k469ct7wktmmbxetdvn85q756","1788216253923","5146",
"physics-11","09-waves","Waves","intensity-of-waves","9.10 Intensity of Waves","1777384084933.3535","kx7cqp4yg2sv76vd1dhnky9z8d85p2cg","1777384084933","1777384084933","intensity-of-waves","{""blockIndex"":6,""chapterNumber"":9,""subjectSlug"":""physics-11""}","published","Defines wave intensity I = P/A (W/m^2), and covers the three factors affecting it: intensity is proportional to amplitude squared, proportional to the duration of exposure (total energy), and inversely proportional to the square of the distance from a point source (I is proportional to 1/r^2).","9.1 Intensity of Waves","ms710fpt1m4ydb6q29rx5xxsy985pfe1","1787563050778","2647",
"physics-11","09-waves","Waves","speed-of-sound-by-newton-and-laplace-s-correction","9.11 Speed of Sound: Newton's Formula and Laplace's Correction","1777384088211.2903","kx702rhx3rs8hmy4p7jjsnkkqd85pvah","1777384088211","1777384088211","speed-of-sound-by-newton-and-laplace-s-correction",,"published","Derives the speed of sound V=sqrt(E/rho): Newton's isothermal assumption gives V=sqrt(P/rho) (~280 m/s, 16% too low), and Laplace's correction, recognizing sound propagation as adiabatic, gives V=sqrt(gamma*P/rho) (~332 m/s), matching the measured value.","Speed of Sound: Newton's Formula and Laplace's Correction","ms7bk97d7gfqg2pgpswe41kfz185p4ts","1785265350315","4071",
"physics-11","09-waves","Waves","factors-affecting-the-speed-of-sound","9.12 Factors Affecting the Speed of Sound","1777384083176.8809","kx7cqsshpr0w90gkm5aabxerrd85qdaq","1777384083176","1777384083176","factors-affecting-the-speed-of-sound",,"published","Analyzes how density, pressure, moisture, wind, and temperature affect the speed of sound: V = sqrt(gamma*P/rho) decreases with density, is unaffected by pressure alone at constant temperature, increases with moisture (lower density), shifts by wind speed, and increases by about 0.61 m/s per 1C rise in temperature.","Factors Affecting the Speed of Sound","ms71v7r9m15ytkvhrgxhd97azd85q6k4","1785264782586","4173",
"physics-11","09-waves","Waves","doppler-effect","9.13 The Doppler Effect","1777384081426.0007","kx77sk99n34nsrphd7saq9mbts85q5t1","1777384081426","1777384081426","doppler-effect","{""blockIndex"":28,""chapterNumber"":9,""subjectSlug"":""physics-11""}","published","Covers the Doppler Effect (apparent frequency shift from relative source/observer motion) via the general formula f' = f*(v+-v_o)/(v-+v_s), works through all 6 motion cases (observer/source moving toward or away, singly or combined), and surveys applications in radar, sonar, medical ultrasound, and astronomical red/blue shift.","The Doppler Effect","ms7ep7wke8qzjbxry1rz77psq585pgad","1789594520686","6407",
"physics-11","09-waves","Waves","applications-of-doppler-effect","9.14 Applications of the Doppler Effect","1777384078546.3303","kx7606ge940ztejqtyhe8kxk7985q48q","1777384078546","1777384078546","applications-of-doppler-effect","{""blockIndex"":77,""chapterNumber"":9,""subjectSlug"":""physics-11""}","published","Surveys real-world applications of the Doppler Effect: radar and SONAR for speed/location detection, astronomical red/blue shift for the expanding universe and exoplanet detection, medical Doppler ultrasound for blood flow imaging, Doppler weather radar for storm tracking, and satellite navigation/tracking.","Applications of the Doppler Effect","ms795nnmvnrzs1hyprc7th09d985qjrp","1788216265508","5333",
"physics-11","09-waves","Waves","gravitational-wave","9.15 Gravitational Waves","1777384084072.6777","kx782c1q5bwr834j0cqh6f8hts85pbgq","1777384084072","1777384084072","gravitational-wave","{""blockIndex"":300,""chapterNumber"":9,""subjectSlug"":""physics-11""}","published","Explains gravitational waves as ripples in spacetime predicted by Einstein's General Relativity (1916), generated by accelerating massive objects like merging black holes, travel at the speed of light causing quadrupolar spacetime distortion, and are detected via laser interferometers like LIGO (first detection 2015).","Gravitational Waves","ms75977g2e27m0t537x95379m985q54s","1789594520686","3940",
"physics-11","10-electrostatics","Electrostatics","coulomb-s-law","10.1 Coulomb's Law","1777384091622.2805","kx7epcbz5r12x56vxt89kzwqgs85pcwt","1777384091622","1777384091622","coulomb-s-law","{""blockIndex"":5,""chapterNumber"":10,""subjectSlug"":""physics-11""}","published","States Coulomb's Law F=k*|q1*q2|/r^2 (k=1/(4*pi*epsilon0)), its vector form confirming mutual Newton's-third-law forces, the like/unlike-charge repel/attract rule, its inverse-square similarity to (but key differences from) gravity, the superposition principle for multiple charges, the reduction of force by a dielectric medium, and its exact validity for spherical conductors treated as point charges.","Coulomb's Law","ms74j5hwxqqmtc6f275yj0fdsd85qr2f","1788216254277","4277",
"physics-11","10-electrostatics","Electrostatics","electric-field-intensity","10.2 Electric Field Intensity","1777384092442.447","kx71tng4165wgtzzbbq3ywy8vx85pxq7","1777384092442","1777384092442","electric-field-intensity","{""blockIndex"":57,""chapterNumber"":10,""subjectSlug"":""physics-11""}","published","Defines the electric field as the region where a charge exerts force on other charges, defines electric field intensity E = F/q (a vector pointing away from positive and toward negative source charges), derives E = kQ/r^2 for a point charge from Coulomb's Law, gives its SI unit N/C (equivalent to V/m), and works a numeric example.","Electric Field Intensity","ms78vymd1x57jjzwnw3kt6f4w585q780","1788216254470","3990",
"physics-11","10-electrostatics","Electrostatics","electric-field-lines","10.3 Electric Field Lines","1777384093252.027","kx7199jxfc64s57syx72kdrrsd85p5s7","1777384093252","1777384093252","electric-field-lines","{""blockIndex"":71,""chapterNumber"":10,""subjectSlug"":""physics-11""}","published","Defines electric field lines as curves whose tangent gives the field direction, states the drawing rules (originate on positive/terminate on negative charges, never intersect, density shows field strength), and surveys common patterns (dipole, like charges with a neutral point, uniform field between parallel plates).","Electric Field Lines","ms70n4pvrykgsab4we64a7x3zs85p49s","1788216254694","3585",
"physics-11","10-electrostatics","Electrostatics","ferrofluid","10.4 Ferrofluid","1777384094011.338","kx79dv045baprkfg1hmprehr9d85ps51","1777384094011","1777384094011","ferrofluid","{""blockIndex"":120,""chapterNumber"":10,""subjectSlug"":""physics-11""}","published","Defines a ferrofluid as a colloidal suspension of ~10 nm magnetite nanoparticles coated with surfactant in a carrier liquid, explains superparamagnetic behavior (magnetized only in an applied field, no permanent magnetism) and the surface-spiking pattern from the balance of magnetic force, gravity, and surface tension, and surveys applications: loudspeaker cooling, rotating shaft seals, targeted drug delivery, MRI contrast, and field visualization.","10.4 Ferrofluid","ms78kwr1w256q07knsyan1y9d585qwby","1789594520686","3993",
"physics-11","10-electrostatics","Electrostatics","potential-gradient","10.5 Potential Gradient","1777384094773.1687","kx79jzhhs7rmeqpqg6m71kx9ys85p7ch","1777384094773","1777384094773","potential-gradient","{""blockIndex"":90,""chapterNumber"":10,""subjectSlug"":""physics-11""}","published","Defines potential gradient as the rate of change of electric potential with distance, states E = -dV/dr (field points toward decreasing potential), derives it from work done on a test charge, gives its unit V/m (equivalent to N/C), offers the hill-slope analogy, explains how positive/negative charges move relative to potential in a uniform field, and works a numeric point-charge distance calculation.","Potential Gradient","ms75nbfh4dx08jadjx80d4w37s85p3xh","1788216254995","4749",
"physics-11","11-electricity","Electricity","drift-velocity","11.1 Drift Velocity","1777384096467.1445","kx7fe3976kxy0x4h6gqnznwq5985pcc5","1777384096467","1777384096467","drift-velocity","{""blockIndex"":5,""chapterNumber"":11,""subjectSlug"":""physics-11""}","published","Defines drift velocity as the slow, directed average velocity of charge carriers superimposed on their fast random thermal motion, contrasts it with the much larger Fermi velocity, states I = nAv_d*e, defines mobility mu = v_d/E, and works a numeric drift-velocity calculation for a copper wire, closing with why bulbs light instantly despite slow drift.","Drift Velocity","ms7f2fnhm5z45hsqbry2k7kjbn85p3jm","1788216255154","3927",
"physics-11","11-electricity","Electricity","electric-potential","11.2 Electric Potential","1777384097309.4917","kx7158a19fvskp7my6csvqka7n85qqw8","1777384097309","1777384097309","electric-potential","{""blockIndex"":28,""chapterNumber"":11,""subjectSlug"":""physics-11""}","published","Defines electric potential V = W/q as work per unit charge, distinguishes it from electric potential energy, gives V = kQ/r for a point charge and superposition for multiple charges, defines potential difference deltaV, relates E = -deltaV/deltaR, covers equipotential surfaces (zero work, perpendicular to field lines), the electron-volt as an energy unit, and works three numeric examples.","Electric Potential","ms78xkz878nfvxvjvr6qq41e1d85qqed","1789071134476","5075",
"physics-11","11-electricity","Electricity","electromotive-force-maximum-power-output","11.3 Electromotive Force and Maximum Power Output","1777384098914.4424","kx7236xdam1br52dd3pdpm3kdh85qmv2","1777384098914","1777384098914","electromotive-force-maximum-power-output","{""blockIndex"":54,""chapterNumber"":11,""subjectSlug"":""physics-11""}","published","Defines emf as energy per unit charge from a source (e = W/q), distinguishes it from terminal voltage via VT = e - Ir (discharging) or VT = e + Ir (charging), derives circuit current I = e/(R+r), covers power dissipation/efficiency (eta = R/(R+r)), and derives the maximum power transfer condition R = r giving Pmax = e^2/(4r) at 50% efficiency.","Electromotive Force (emf)","ms7ehex677z228e2ztbqjaa40x85q9cb","1789594520686","4292",
"physics-11","11-electricity","Electricity","variation-of-resistance-with-temperature","11.4 Variation of Resistance with Temperature","1777384103264.844","kx7esf1k67f1ndx1g2y8wxrqcx85qcrk","1777384103264","1777384103264","variation-of-resistance-with-temperature","{""blockIndex"":78,""chapterNumber"":11,""subjectSlug"":""physics-11""}","published","Explains how resistance changes with temperature via the temperature coefficient of resistance alpha (R_T = R_0[1 + alpha(T-T0)]), contrasts positive-alpha metals with negative-alpha semiconductors/insulators/electrolytes, defines resistivity R = rho*L/A and conductivity sigma = 1/rho, and covers the special cases of superconductors (zero resistance) and thermistors.","Variation of Resistance with Temperature","ms76ht6dhstq4v6rw89ze3ya1585pgvr","1788216255488","3856",
"physics-11","11-electricity","Electricity","light-dependent-resistors-ldrs","11.5 Light-Dependent Resistors (LDRs)","1777384100768.9058","kx738gsrj6qgsrv4fcx6swzt7x85p9v5","1777384100768","1777384100768","light-dependent-resistors-ldrs","{""blockIndex"":104,""chapterNumber"":11,""subjectSlug"":""physics-11""}","published","Defines an LDR (photoresistor) as a component whose resistance decreases as light intensity increases via photoconductivity, contrasts intrinsic (Si/Ge) vs extrinsic (doped, e.g. CdS) types, explains the photon-absorption mechanism freeing charge carriers, lists key characteristics, covers its use in a potential-divider circuit (V_out = V_in * R_fixed/(R_LDR+R_fixed)), and surveys applications like automatic street lighting and security systems.","Light-Dependent Resistor (LDR)","ms70cx0w972h44m35zyw68gbp985qe3g","1788216255638","3914",
"physics-11","11-electricity","Electricity","electric-power-electric-energy","11.6 Electric Power and Electric Energy","1777384098142.4915","kx75p0t970t85ncfp7dbbrebc585qqps","1777384098142","1777384098142","electric-power-electric-energy","{""blockIndex"":116,""chapterNumber"":11,""subjectSlug"":""physics-11""}","published","Defines electric power P = E/t = VI, derives the equivalent forms P = I^2R and P = V^2/R, explains Joule heating (energy dissipated E = Pt = I^2Rt), gives the SI unit Watt and the commercial energy unit kWh (1 kWh = 3.6x10^6 J), and works a monthly electricity-cost example.","Electric Power","ms72nmrnmzk13hx4y4pn57cht985paqt","1789034333077","2300",
"physics-11","11-electricity","Electricity","kirchhoff-s-laws","11.7 Kirchhoff's Laws","1777384099714.2312","kx76fq1cv710mwr7nmp0dqt8mn85qmc5","1777384099714","1777384099714","kirchhoff-s-laws","{""blockIndex"":131,""chapterNumber"":11,""subjectSlug"":""physics-11""}","published","States Kirchhoff's two laws for analyzing multi-loop circuits: KCL (sum of currents at a junction = 0, from charge conservation) and KVL (sum of potential changes around a closed loop = 0, from energy conservation), gives sign conventions for KVL, and shows how both laws derive the familiar series and parallel resistor combination rules.","Kirchhoff's Laws","ms77r7dc8r4ndarz86akdvfq3s85praq","1788216265667","3265",
"physics-11","11-electricity","Electricity","null-method-of-measurement","11.8 Null Method of Measurement","1777384101551.5105","kx7cvtvevtmwm6ancm76c8fd2d85pxt7","1777384101551","1777384101551","null-method-of-measurement","{""blockIndex"":199,""chapterNumber"":11,""subjectSlug"":""physics-11""}","published","Explains the null method (balancing an unknown quantity against a known standard until a detector reads zero, making measurement independent of detector calibration), covers the Wheatstone Bridge (balance condition P/Q = R/S, giving R = S(P/Q)) and the Potentiometer (comparing EMFs via balancing lengths e1/e2 = l1/l2, and finding internal resistance r = R(l1-l2)/l2).","The Null Method of Measurement","ms745ep5y73esm1de4r3g0ctnx85p8x1","1788216265807","4141",
"physics-11","11-electricity","Electricity","thermistor","11.9 Thermistor","1777384102349.2676","kx76se88g5v06bhmanq7gapc1s85pr6t","1777384102349","1777384102349","thermistor","{""blockIndex"":221,""chapterNumber"":11,""subjectSlug"":""physics-11""}","published","Defines a thermistor as a heat-sensitive resistor made from sintered semiconducting metal oxides, contrasts NTC (resistance decreases with temperature, used for sensing) and PTC (resistance increases, used for self-regulating heaters/fuses) types, explains their non-linear resistance-temperature relationship (requiring calibration or the Steinhart-Hart equation), why their high temperature coefficient makes them more sensitive than metallic resistors, and surveys applications including potential-divider temperature sensing.","Thermistor","ms72d7y92a3593pnkph6ytdat185p3bg","1789594520686","4244",
"physics-11","11-electricity","Electricity","carbon-fibre-in-concrete-bridge","11.10 Carbon Fibres in Concrete Bridge","1777384095567.3103","kx77rcfyj0sbqdz5d1g9p0hreh85pvc6","1777384095567","1777384095567","carbon-fibre-in-concrete-bridge","{""blockIndex"":233,""chapterNumber"":11,""subjectSlug"":""physics-11""}","published","Explains carbon fibre-reinforced concrete: embedding carbon fibres boosts tensile strength, corrosion resistance, and crack control versus plain concrete or steel rebar, at an optimal ~0.3% by volume for bridge flexural strength, and describes how the fibres' electrical conductivity enables non-destructive crack detection via resistance monitoring.","11.8 Carbon Fibre in Concrete Bridge","ms7b8ny1w1dw8skm0j8z4t8gf585qfaq","1789056763062","3482",
"physics-11","12-electromagnetism","Electromagnetism","magnetic-fields","12.1 Magnetic Fields","1777384107267.2598","kx71c92pxzh84ds8bszcf8374d85q9wq","1777384107267","1777384107267","magnetic-fields","{""blockIndex"":6,""chapterNumber"":12,""subjectSlug"":""physics-11""}","published","Introduces magnetic fields: sources (permanent magnets, currents, moving charges, changing E-fields), visualization via field lines (out of N, into S, closed loops, never cross, density shows strength), the field of a current-carrying wire via the right-hand grip rule, and the Lorentz force on a moving charge F = q(v x B), including the zero-force parallel case and the circular-path perpendicular case.","Magnetic Fields","ms77mtpmm3ktxx0yc3cwzbqv7x85q3gz","1789594520686","5994",
"physics-11","12-electromagnetism","Electromagnetism","magnetic-field-on-a-current-carrying-conductor","12.2 Magnetic Force on a Current-Carrying Conductor","1777384111278.644","kx7cf823q3rpk825rstgg1easx85p6q6","1777384111278","1777384111278","magnetic-field-on-a-current-carrying-conductor","{""blockIndex"":23,""chapterNumber"":12,""subjectSlug"":""physics-11""}","published","Explains why a current-carrying wire in an external magnetic field feels a force (field interaction pushes it from stronger to weaker field region), states F = BIL sin(theta) and the vector form F = I(L x B), covers the maximum (perpendicular, F=BIL) and minimum (parallel, F=0) cases, and gives Fleming's Left-Hand Rule for the force direction.","12.4 Force on a Current-Carrying Conductor","ms73h44jkvrmgf540mkk4afv4585pmy8","1789174945841","4191",
"physics-11","12-electromagnetism","Electromagnetism","magnetic-flux-density","12.3 Magnetic Flux Density","1777384108043.1597","kx78jkayqf0nytn9wzw0zr0f8585qp7w","1777384108043","1777384108043","magnetic-flux-density","{""blockIndex"":55,""chapterNumber"":12,""subjectSlug"":""physics-11""}","published","Defines magnetic flux density B = F/(IL), gives its SI unit Tesla (and CGS Gauss, 1 T = 10^4 G), explains that B is a vector (magnitude = field strength, direction from field lines), and derives its dimensions [MT^-2 A^-1].","Magnetic Flux Density","ms7b5m1hrw43en9mj4xawf1j0185qj7q","1787563065038","2063",
"physics-11","12-electromagnetism","Electromagnetism","magnetic-force-acting-on-moving-charge","12.4 Magnetic Force on a Moving Charge","1777384110488.368","kx76z3smn001p8fc7b3egsdvts85py6r","1777384110488","1777384110488","magnetic-force-acting-on-moving-charge","{""blockIndex"":58,""chapterNumber"":12,""subjectSlug"":""physics-11""}","published","Defines the magnetic force on a moving charge F = q(v x B), covers when it is zero (charge at rest or velocity parallel to B) and why it never does work (always perpendicular to velocity), gives the right-hand rule for direction, explains the resulting circular or helical motion, and surveys applications like cyclotrons and auroras.","12.6 Magnetic Force on a Moving Charge","ms795wz29ndtvvw477qhv5nxn985p403","1789594520686","5365",
"physics-11","12-electromagnetism","Electromagnetism","motion-of-charged-particle-in-magnetic-field","12.5 Motion of a Charged Particle in a Uniform Magnetic Field","1777384112853.3296","kx7c80q3qqnr7kb2sqqxwqtktx85qfn2","1777384112853","1777384112853","motion-of-charged-particle-in-magnetic-field","{""blockIndex"":95,""chapterNumber"":12,""subjectSlug"":""physics-11""}","published","Derives circular motion of a charge in a uniform field by equating magnetic force to centripetal force, giving radius r = mv/(qB), angular frequency omega = qB/m, period T = 2*pi*m/(qB), and cyclotron frequency f = qB/(2*pi*m) (all independent of speed), notes the constant kinetic energy, covers the helical case when velocity has a parallel component, and works a numeric proton-orbit example.","Motion of a Charged Particle in a Uniform Magnetic Field","ms7b9tesqvr09jr0sjntsnvtwx85qvbz","1788216256079","5036",
"physics-11","12-electromagnetism","Electromagnetism","velocity-selector-method","12.6 Velocity Selector Method","1777384114481.9812","kx76jf95vzfcq75vdm6fc1gm2585qq60","1777384114482","1777384114482","velocity-selector-method","{""blockIndex"":124,""chapterNumber"":12,""subjectSlug"":""physics-11""}","published","Explains the velocity selector: perpendicular (crossed) E and B fields filter charged particles so only those with v = E/B pass through undeflected (from the Lorentz force F = qE + q(v x B), setting qE = qvB), a result independent of charge and mass, and its use as the first stage of a mass spectrometer.","Velocity Selector","ms75phwzdczqbzjw42c3168s4d85p5g4","1789036054175","3332",
"physics-11","12-electromagnetism","Electromagnetism","magnetic-field-patterns","12.7 Magnetic Field Patterns","1777384105630.558","kx798eq08jk574ct2hqvmqnww185qsc9","1777384105630","1777384105630","magnetic-field-patterns","{""blockIndex"":16,""chapterNumber"":12,""subjectSlug"":""physics-11""}","published","Surveys three magnetic field patterns from current geometry: a long straight wire (B = mu0*I/(2*pi*r), concentric circles), a flat circular coil (B = mu0*N*I/(2r) at the center), and a solenoid (B = mu0*n*I inside, uniform like a bar magnet), each with its right-hand-rule direction.","Magnetic Field of Electric Currents","ms7ete7q4x6pmg8kkq4f2wktax85q1qp","1789071135240","3819",
"physics-11","12-electromagnetism","Electromagnetism","magnetic-field-due-to-current-in-solenoid","12.8 Magnetic Field in a Solenoid","1777384106393.196","kx7dxs63tr8v8vqhnd68dfzdsd85p2y8","1777384106393","1777384106393","magnetic-field-due-to-current-in-solenoid","{""blockIndex"":143,""chapterNumber"":12,""subjectSlug"":""physics-11""}","published","Defines a solenoid as a tightly wound coil producing a strong uniform interior field B = mu0*n*I (like a bar magnet), gives the right-hand grip rule for polarity, explains how a ferromagnetic core (electromagnet) amplifies the field via domain alignment and relative permeability (B = mu_r*mu0*n*I), and compares soft iron (switchable) vs steel (retains magnetism) as core materials.","12.7 Magnetic Field in a Solenoid","ms70yfqbbjafxvgr9p8vcwpca585qvqb","1787554232499","3143",
"physics-11","12-electromagnetism","Electromagnetism","magnetic-force-between-current-carrying-conductors","12.9 Magnetic Force Between Current-Carrying Conductors","1777384112044.4006","kx736z5c19ef98q2hzrgz8g49d85pmab","1777384112044","1777384112044","magnetic-force-between-current-carrying-conductors","{""blockIndex"":163,""chapterNumber"":12,""subjectSlug"":""physics-11""}","published","Explains that parallel currents in the same direction attract while opposite (anti-parallel) currents repel, derives the force per unit length F/L = mu0*I1*I2/(2*pi*r) from combining a single wire's field with F=BIL, confirms the Newton's-third-law action-reaction pairing, and uses this force to define the Ampere as the SI base unit of current.","Magnetic Force Between Current-Carrying Conductors","ms784e5kqq2qjtd7v654akrjw185p057","1787554232814","3416",
"physics-11","12-electromagnetism","Electromagnetism","magnetic-flux","12.10 Magnetic Flux","1777384109675.9282","kx72z5hjjercjy8qq027mwz0jh85pj73","1777384109675","1777384109675","magnetic-flux","{""blockIndex"":187,""chapterNumber"":12,""subjectSlug"":""physics-11""}","published","Defines magnetic flux as the total field passing through an area, gives Phi = B.A = BA*cos(theta), its SI unit Weber, covers special cases (maximum when perpendicular, zero when parallel), non-uniform-field flux via integration, and defines magnetic flux density B = Phi/A (Wb/m^2 = Tesla).","Magnetic Flux","ms75z1pqt020rpawczxsxbjbj985pyvc","1789036054455","3075",
"physics-11","12-electromagnetism","Electromagnetism","magnetic-flux-linkage","12.11 Magnetic Flux Linkage","1777384108809.3428","kx77hrp5yc4sxcs4e42gbe33fx85pf8m","1777384108809","1777384108809","magnetic-flux-linkage","{""blockIndex"":209,""chapterNumber"":12,""subjectSlug"":""physics-11""}","published","Defines magnetic flux linkage as the flux through a single turn times the number of turns N (Phi_N = N*B*A*cos(theta)), gives its unit (Weber-turns), distinguishes it from plain magnetic flux, and works numeric examples for coils.","Magnetic Flux Linkage","ms7234gv53f5smjhkgmxkk59gd85q24w","1787563065448","3513",
"physics-11","12-electromagnetism","Electromagnetism","faraday-s-law","12.12 Faraday's Law","1777384104048.7087","kx76t1wshvsbzb0eqxj5959d6d85p2p9","1777384104048","1777384104048","faraday-s-law","{""blockIndex"":216,""chapterNumber"":12,""subjectSlug"":""physics-11""}","published","States Faraday's Law e = -N*(delta Phi/delta t), covers the Lenz's-law negative sign, Faraday's moving-magnet and transformer-effect experiments, and the factors affecting induced EMF magnitude (turns, rate of flux change via speed, field strength, and coil area).","12.10 Faraday's Law","ms75ezx6cbcmzdqse4c8yxnp5x85qhvf","1787554233709","4839",
"physics-11","12-electromagnetism","Electromagnetism","lenz-law","12.13 Lenz's Law","1777384104850.0308","kx75qan5afyq8r7d0hrrcbzdsh85pdm5","1777384104850","1777384104850","lenz-law","{""blockIndex"":242,""chapterNumber"":12,""subjectSlug"":""physics-11""}","published","States Lenz's Law (the induced current's direction always opposes the change in flux that produced it), ties it to the negative sign in Faraday's Law and to conservation of energy, works a moving-magnet example, and gives Fleming's Right-Hand Rule for finding the induced current direction.","12.11 Lenz's Law","ms77a8e97qdzfg0e72ypqz1ngx85qwyc","1788216266128","4637",
"physics-11","12-electromagnetism","Electromagnetism","seismometer","12.14 Seismometer","1777384113657.2576","kx74wmspkfgyz7pcj64rjz4rtd85qkpj","1777384113657","1777384113657","seismometer","{""blockIndex"":266,""chapterNumber"":12,""subjectSlug"":""physics-11""}","published","Explains an electromagnetic seismometer as a device that detects seismic waves using Faraday's law: ground shaking moves the frame while a suspended magnet/coil lags due to inertia, inducing a current proportional to ground velocity, plus its advantages over purely mechanical designs.","12.12 Seismometer","ms7b5fzemmvk5tgtnbh1z3723d85ph10","1788216266266","5136",
"physics-11","13-relativity","Relativity","frame-of-reference","13.1 Frame of Reference","1777384116325.7397","kx71xcjh4k64qkfrpb0kd1kf7h85q4wk","1777384116325","1777384116325","frame-of-reference","{""blockIndex"":9,""chapterNumber"":13,""subjectSlug"":""physics-11""}","published","Defines a frame of reference as the coordinate system used to describe motion, distinguishes inertial frames (not accelerating, Newton's laws hold directly) from non-inertial frames (accelerating, requiring fictitious forces like centrifugal/Coriolis), and notes that Earth is only approximately inertial.","13.1 Frame of Reference","ms75ve8rvygsyecnj2fzx7q6gx85qwg7","1787554245710","4773",
"physics-11","13-relativity","Relativity","special-theory-of-relativity","13.2 Postulates of the Special Theory of Relativity","1777384117264.8638","kx79nmm1wbtsvz7c0cq6nvvte585pnq8","1777384117264","1777384117264","special-theory-of-relativity","{""blockIndex"":22,""chapterNumber"":13,""subjectSlug"":""physics-11""}","published","States Einstein's two postulates of Special Relativity: (1) the laws of physics are the same in all inertial frames, and (2) the speed of light in vacuum is constant for all observers regardless of source or observer motion, then explains why constancy of c forces space and time to become relative (time dilation, length contraction, relativity of simultaneity).","Postulates of the Special Theory of Relativity","ms79ce4pa04xvr67dvfa01tn3985pgkj","1788216257100","4993",
"physics-11","13-relativity","Relativity","consequences-of-special-theory-of-relativity","13.3 Consequences of Special Theory of Relativity","1777384115433.1938","kx7be71s5fhe948h8hg7hkcbps85pr9y","1777384115433","1777384115433","consequences-of-special-theory-of-relativity","{""blockIndex"":46,""chapterNumber"":13,""subjectSlug"":""physics-11""}","published","Covers the consequences of Special Relativity: relativity of simultaneity, time dilation (t = t0/sqrt(1-v^2/c^2)), length contraction (L = L0*sqrt(1-v^2/c^2)), relativistic mass increase (m = m0/sqrt(1-v^2/c^2)), and mass-energy equivalence (E = mc^2), all becoming significant near the speed of light.","13.3 Consequences of Special Theory of Relativity","ms7f9cmj3tm3gethxhf3fkvmr585qspe","1787563069057","5479",
"physics-11","13-relativity","Relativity","time-as-a-fourth-dimension","13.4 Time as the Fourth Dimension","1777384118322.5552","kx76d1wt3m97rg69z61yjk1m2d85qjwt","1777384118322","1777384118322","time-as-a-fourth-dimension","{""blockIndex"":66,""chapterNumber"":13,""subjectSlug"":""physics-11""}","published","Explains that Einstein's relativity unified the 3 spatial dimensions and time into a single 4D spacetime framework, since any event requires 4 coordinates (3 spatial + 1 temporal) to be uniquely specified, covers the spacetime interval as an invariant quantity, and traces the historical development from Minkowski's geometric interpretation of Special Relativity.","Time as the Fourth Dimension","ms74zsjpetdy94y8m5g1reh56n85pavc","1789594520686","4374",
"physics-11","14-particle-physics","Particle Physics","charge-and-nucleon-conservation","14.1 Charge and Nucleon Conservation","1777384119114.1628","kx7ata93j5w277bcbyq7s0238n85pnz1","1777384119114","1777384119114","conservation-laws-in-nuclear-reactions","{""blockIndex"":10,""chapterNumber"":14,""subjectSlug"":""physics-11""}","published","Explains that total electric charge and total nucleon number are conserved in every nuclear reaction and decay, then surveys the composition, mass, and charge of the three common radiation types: alpha particles (helium nucleus, +2e), beta particles (electron/positron, +-1e), and gamma rays (massless, neutral photons).","Charge and Nucleon Conservation","ms74tr1grxhamjyyt06c0e8p3d85pznw","1787554253932","4495",
"physics-11","14-particle-physics","Particle Physics","force-carriers","14.2 Force Carriers","1777384120494.2761","kx7baacwe0v0xre0fyt5g8jmzh85ps6m","1777384120494","1777384120494","force-carriers","{""blockIndex"":140,""chapterNumber"":14,""subjectSlug"":""physics-11""}","published","Surveys the Standard Model's force-carrying gauge bosons: the massless photon (electromagnetic force), massless gluon (strong force, confined via color charge), heavy W/Z bosons (weak force, short-ranged), and the Higgs boson (gives particles mass via the Higgs field, not itself a force carrier), plus the QFT and String Theory frameworks for understanding force and mass generation.","Force Carriers","ms7136aq55q6e4rzmvjwadtax985q2s7","1789594520686","6175",
"physics-11","14-particle-physics","Particle Physics","quarks","14.3 Quarks","1777384125985.5242","kx73sd0r2d7xkqy3axag4brfbs85qhyt","1777384125985","1777384125985","quarks","{""blockIndex"":84,""chapterNumber"":14,""subjectSlug"":""physics-11""}","published","Introduces quarks as fermion constituents of protons/neutrons (discovered 1964, confirmed 1968), covers the six flavors and their charges/masses, color charge and QCD, confinement, and how quarks combine into color-neutral hadrons: baryons (3 quarks, e.g. proton uud, neutron udd) and mesons (quark-antiquark pairs).","14.2 Quarks","ms76es1a6qwtv9xmj6449qah3h85pwem","1789594520686","5919",
"physics-11","14-particle-physics","Particle Physics","leptons","14.4 Leptons","1777384121314.133","kx7fpfgdmngkhnnwnx3zx4727s85pmgv","1777384121314","1777384121314","leptons","{""blockIndex"":120,""chapterNumber"":14,""subjectSlug"":""physics-11""}","published","Introduces leptons as fundamental particles (electron, muon, tau, and their neutrinos across three generations), covers neutrino production in beta decay, lepton antiparticles (same mass, opposite charge), and conservation of lepton and baryon number in nuclear reactions like beta decay.","Leptons","ms7cqm6jewvaamky5bep3z4v5185pnfe","1787554255069","4409",
"physics-11","14-particle-physics","Particle Physics","antimatter","14.5 Antimatter","1777384122153.7456","kx704xzrd05gtyv4629xq9vz7x85pttg","1777384122153","1777384122153","matter-and-anti-matter","{""blockIndex"":27,""chapterNumber"":14,""subjectSlug"":""physics-11""}","published","Covers antimatter from Dirac's 1928 equation and Anderson's 1932 positron discovery, particle/antiparticle properties (same mass, opposite charge), annihilation and pair production, applications (e.g. PET scans), the unsolved matter-antimatter asymmetry mystery, and the extreme cost of producing antimatter.","Antimatter","ms7f9mg92bttwwtemv0zjr91qd85q0f4","1789594520686","5659",
"physics-11","14-particle-physics","Particle Physics","particle-accelerators","14.6 Particle Accelerators","1777384123115.2283","kx742jdz6j7wvtev1g79ce272585pxe1","1777384123115","1777384123115","particle-accelerators","{""blockIndex"":179,""chapterNumber"":14,""subjectSlug"":""physics-11""}","published","Explains particle accelerators as machines that accelerate subatomic particles to near light speed to study matter and fundamental forces, covers linear accelerators (LINACs), circular accelerators (cyclotrons and synchrotrons, e.g. the LHC), why high energies are needed (E=mc^2 lets energy convert into new particle mass), and a comparison of accelerator types.","Particle Accelerators","ms71g50jhbxyhptgb4rng9w8sh85qmgf","1789594520686","6000",
"physics-11","14-particle-physics","Particle Physics","particle-annihilation","14.7 Particle Annihilation","1777384124233.2844","kx78wnth7nyy8eqzsa3xsry31h85q142","1777384124233","1777384124233","particle-annihilation","{""blockIndex"":167,""chapterNumber"":14,""subjectSlug"":""physics-11""}","published","Explains particle annihilation as a particle colliding with its antiparticle and their mass converting fully into energy (E=mc^2), works through electron-positron annihilation into two gamma photons, covers annihilation producing new heavier matter-antimatter pairs at high energies, and describes detecting annihilation products with a Resistive Plate Chamber (RPC).","Particle Annihilation","ms7cxjcvs05a1znr6jfb11396585q6dq","1789594520686","4881",
"physics-11","14-particle-physics","Particle Physics","particle-decay","14.8 Antiparticles and Radioactive Decay","1777384125019.921","kx7f60dz1h30a6hczxan0tvzsn85pgtr","1777384125019","1777384125019","particle-decay","{""blockIndex"":20,""chapterNumber"":14,""subjectSlug"":""physics-11""}","published","Covers antiparticles (same mass, opposite charge, e.g. electron/positron), beta-minus and beta-plus decay (n->p+e-+antineutrino, p->n+e++neutrino), the quark-level description (d->u for beta-minus, u->d for beta-plus), and why alpha decay gives a discrete energy spectrum while beta decay gives a continuous one (three-body process sharing energy with the neutrino).","Antiparticles and Radioactive Decay","ms71ftxgeh8d9k50cns9jetzrh85p8yd","1787554256152","6060",
"physics-12","15-gravitation","Gravitation","15-1-newton-s-law-of-universal-gravitation","15.1 Newton's Law of Universal Gravitation","1777384417679.235","kx7b3kc9sserthsnt158r8zb2s85q7eq","1777384417679","1777384417679","15-1-newton-s-law-of-universal-gravitation","{""blockIndex"":5,""chapterNumber"":15,""subjectSlug"":""physics-12""}","published","Learn Newton's universal law of gravitation, its vector direction, inverse-square dependence, and its use in force calculations.","Newton's Law of Universal Gravitation","ms7dqzy99xyw5pewhx1g27sx5x85qrte","1789076834286","2139",
"physics-12","15-gravitation","Gravitation","15-2-gravitational-field-strength","15.2 Gravitational Field Strength","1777384418579.755","kx78gjnn70a5gca2sdnvdp758n85p903","1777384418579","1777384418579","15-2-gravitational-field-strength","{""blockIndex"":37,""chapterNumber"":15,""subjectSlug"":""physics-12""}","published","Define gravitational field strength, interpret field lines, derive $g=GM/r^2$, and explain why $g$ is nearly constant close to Earth's surface.","15.2 Gravitational Field Strength","ms789qctbtvpzbad9zkpwxdhyh85qnjg","1787555054436","2102",
"physics-12","15-gravitation","Gravitation","15-3-satellites-and-orbits","15.3 Satellites and Orbits","1777384419675.9238","kx72ez5zm02246a7757d0k0s0585qqb9","1777384419676","1777384419676","15-3-satellites-and-orbits","{""blockIndex"":93,""chapterNumber"":15,""subjectSlug"":""physics-12""}","published","Understand circular satellite motion, derive orbital speed and period, compare orbit types, and identify the conditions for a geostationary orbit.","15.3 Satellites and Orbits","ms7fgqjrh77pcb08pr0qj7zzcx85qx0b","1789411858177","4196",
"physics-12","15-gravitation","Gravitation","15-4-geostationary-satellites","15.4 Geostationary Satellites","1777384420553.4163","kx7cwhayyqnnjtntt5q06wbpn185pdzx","1777384420553","1777384420553","15-4-geostationary-satellites","{""blockIndex"":129,""chapterNumber"":15,""subjectSlug"":""physics-12""}","published","Identify the conditions for a geostationary orbit and calculate its orbital radius, altitude, and speed from circular-orbit dynamics.","Geostationary Satellites","ms7d1ja3gj5w48k5ajg5fnc9r585pfaf","1789411858421","3482",
"physics-12","15-gravitation","Gravitation","15-5-gravitational-potential","15.5 Gravitational Potential","1777384421348.6375","kx72zjhdx1fm3bh9an3f5avfhd85pky9","1777384421348","1777384421348","15-5-gravitational-potential","{""blockIndex"":157,""chapterNumber"":15,""subjectSlug"":""physics-12""}","published","Define gravitational potential, calculate $V=-GM/r$, relate it to field strength and potential energy, and explain its negative reference value.","15.5 Gravitational Potential","ms72tjt8470sxx267pd2p0kwcx85p06a","1789076832472","3339",
"physics-12","16-statistical-mechanics-and-thermodynamics","Statistical Mechanics And Thermodynamics","16-1-pressure-exerted-by-gas-molecules","16.1 Pressure Exerted by Gas Molecules","1777384422144.5383","kx7fh2vzbb9wtn9yt5kcd4dq7985q9g8","1777384422144","1777384422144","16-1-pressure-exerted-by-gas-molecules","{""blockIndex"":7,""chapterNumber"":16,""subjectSlug"":""physics-12""}","published","Connect molecular collisions to gas pressure, derive $PV=\frac{1}{3}Nm\langle v^2\rangle$, and relate pressure to density, kinetic energy, and temperature.","16.1 Pressure Exerted by Gas Molecules","ms760sj2qv6bqjm7emr8ajdxzx85pv61","1787554002919","4187",
"physics-12","16-statistical-mechanics-and-thermodynamics","Statistical Mechanics And Thermodynamics","16-2-root-mean-square-speed-of-an-ideal-gas","16.2 Root Mean Square Speed of an Ideal Gas","1777384422967.339","kx7dcasaeh538pkcj752bn5s8s85qkhp","1777384422967","1777384422967","16-2-root-mean-square-speed-of-an-ideal-gas","{""blockIndex"":92,""chapterNumber"":16,""subjectSlug"":""physics-12""}","published","Root-mean-square speed links molecular mass and absolute temperature to the characteristic speed of ideal-gas molecules.","16.2 Root Mean Square Speed of an Ideal Gas","ms77jjrssvavk8g3vdara3j98185qjbf","1789076834080","2776",
"physics-12","16-statistical-mechanics-and-thermodynamics","Statistical Mechanics And Thermodynamics","16-3-modification-of-the-ideal-gas-model-to-discuss-behaviour-of-non-ideal-gases","16.3 Non-Ideal Gas Behaviour: Modification of the Ideal Gas Model","1777384423783.761","kx73sfdty01dczjsg8kqsaebnd85pbk0","1777384423783","1777384423783","16-3-modification-of-the-ideal-gas-model-to-discuss-behaviour-of-non-ideal-gases","{""blockIndex"":145,""chapterNumber"":16,""subjectSlug"":""physics-12""}","published","Compare ideal and real gases, apply the van der Waals corrections, and identify when non-ideal effects become important.","16.3 Non-Ideal Gas Behaviour: Modification of the Ideal Gas Model","ms76p8m7hfm0aqx09v4hbjq4h185q378","1787555059040","4042",
"physics-12","16-statistical-mechanics-and-thermodynamics","Statistical Mechanics And Thermodynamics","16-4-gravitational-effects-on-ideal-gas-model","16.4 Gravitational Effects on the Ideal Gas Model","1777384424571.0178","kx75etfcj5vmh1wjc65n8m3ye185pazc","1777384424571","1777384424571","16-4-gravitational-effects-on-ideal-gas-model","{""blockIndex"":158,""chapterNumber"":16,""subjectSlug"":""physics-12""}","published","Explain when gravity can be neglected in an ideal gas and how it shapes atmospheres, stellar interiors, and statistical models.","16.4 Gravitational Effects on the Ideal Gas Model","ms76nrm77bhgcxm4c32akkqbsn85qrmr","1787555058258","4352",
"physics-12","16-statistical-mechanics-and-thermodynamics","Statistical Mechanics And Thermodynamics","16-5-behaviour-of-matter-under-extreme-physical-conditions","16.5 Behaviour of Matter Under Extreme Physical Conditions","1777384429387.1064","kx76e3fbysr8jg8pf865qfrwh585q0k1","1777384429387","1777384429387","16-5-behaviour-of-matter-under-extreme-physical-conditions","{""blockIndex"":168,""chapterNumber"":16,""subjectSlug"":""physics-12""}","published","Overview of matter under extreme conditions: degenerate matter, neutron stars, Bose-Einstein condensation, superfluidity, and superconductivity, each covered in its own dedicated topic.","16.5 Behaviour of Matter Under Extreme Physical Conditions","ms77570vv2swf7hrm0j2hd01yd85q17d","1789411858556","2385",
"physics-12","16-statistical-mechanics-and-thermodynamics","Statistical Mechanics And Thermodynamics","16-5-1-degenerate-matter","16.5.1 Degenerate Matter","1777384425383.1619","kx7akwf8m269nra44s1gxtzspx85p5sb","1777384425383","1777384425383","16-5-1-degenerate-matter","{""blockIndex"":170,""chapterNumber"":16,""subjectSlug"":""physics-12""}","published","Explain degeneracy pressure through the Pauli exclusion principle and uncertainty principle, including its role in compact stars.","16.5.1 Degenerate Matter","ms711rcmx02csxh1r1sszrzkms85pgd9","1787554003815","3931",
"physics-12","16-statistical-mechanics-and-thermodynamics","Statistical Mechanics And Thermodynamics","16-5-2-neutron-stars","16.5.2 Neutron Stars","1777384426172.792","kx73k64z6p9a6hhekm7r8t27bh85p886","1777384426172","1777384426172","16-5-2-neutron-stars","{""blockIndex"":181,""chapterNumber"":16,""subjectSlug"":""physics-12""}","published","Describe neutron-star formation, extreme density, degeneracy support, quantum confinement, and pulsar behaviour.","16.5.2 Neutron Stars","ms7b19xgybn81s9431djn27ag185q6hz","1787555058544","2912",
"physics-12","16-statistical-mechanics-and-thermodynamics","Statistical Mechanics And Thermodynamics","16-5-3-bose-einstein-condensation","16.5.3 Bose-Einstein Condensation","1777384427008.0703","kx7e3z33pfkewmshv6c3zf1r6d85qehm","1777384427008","1777384427008","16-5-3-bose-einstein-condensation","{""blockIndex"":186,""chapterNumber"":16,""subjectSlug"":""physics-12""}","published","Explain how ultracold bosons form a coherent Bose-Einstein condensate with macroscopic quantum behaviour.","16.5.3 Bose-Einstein Condensation","ms7b94b99wqfxmbeytjgnc9vnd85pgt0","1787554004221","3654",
"physics-12","16-statistical-mechanics-and-thermodynamics","Statistical Mechanics And Thermodynamics","16-5-4-superfluidity","16.5.4 Superfluidity","1777384427793.0715","kx776ctdfyjqrsrv8tfrkza3w985pfcr","1777384427793","1777384427793","16-5-4-super-fluidity","{""blockIndex"":188,""chapterNumber"":16,""subjectSlug"":""physics-12""}","published","Describe superfluid helium, the lambda transition, zero-viscosity flow, and its connection to Bose-Einstein condensation.","16.5.4 Superfluidity","ms71satnxysc9hwgrjef0gmndh85p2q3","1787554004435","3249",
"physics-12","16-statistical-mechanics-and-thermodynamics","Statistical Mechanics And Thermodynamics","16-5-5-superconductivity","16.5.5 Superconductivity","1777384428582.6055","kx7ctd29m7kkqzmcanhb8vnyfh85pgnk","1777384428582","1777384428582","16-5-5-super-conductivity","{""blockIndex"":191,""chapterNumber"":16,""subjectSlug"":""physics-12""}","published","Explain zero resistance, critical temperature, Cooper pairing, high-temperature superconductors, and major applications.","16.5.5 Superconductivity","ms73fhgycpc1ycv562rx657ych85q63n","1787554004614","3219",
"physics-12","17-simple-harmonic-motion","Simple Harmonic Motion","17-1-oscillations","17.1 Oscillations","1777384430204.993","kx79navdg723p9fpe0mhdwjvj985pwtf","1777384430205","1777384430205","17-1-oscillations","{""blockIndex"":1,""chapterNumber"":17,""subjectSlug"":""physics-12""}","published","Define oscillatory motion and relate equilibrium, displacement, amplitude, period, frequency, and restoring force.","17.1 Oscillations","ms7cgqdr1t1k00dsk4t776arm985qjkp","1787554011359","3360",
"physics-12","17-simple-harmonic-motion","Simple Harmonic Motion","17-2-simple-harmonic-motion","17.2 Simple Harmonic Motion","1777384431029.9722","kx7481sw3872chx9rpnmrnyrps85qzkd","1777384431030","1777384431030","17-2-simple-harmonic-motion","{""blockIndex"":0,""chapterNumber"":17,""subjectSlug"":""physics-12""}","published","Define simple harmonic motion and derive its restoring-force, acceleration, angular-frequency, displacement, velocity, and period relations.","17.2 Simple Harmonic Motion","ms716crma0whvn48a5q2va8f8n85qs0n","1789076832037","2767",
"physics-12","17-simple-harmonic-motion","Simple Harmonic Motion","17-3-uniform-circular-motion-and-shm","17.3 Uniform Circular Motion and SHM","1777384431816.1306","kx79hv6qyhh8yxj4w22bfca48985qs5z","1777384431816","1777384431816","17-3-uniform-circular-motion-and-shm","{""blockIndex"":45,""chapterNumber"":17,""subjectSlug"":""physics-12""}","published","Explain simple harmonic motion as the projection of uniform circular motion and connect phase, displacement, velocity, and acceleration.","Uniform Circular Motion and SHM","ms702gy2mz473hv2sm8qh888k585phgv","1787554011736","2429",
"physics-12","17-simple-harmonic-motion","Simple Harmonic Motion","17-4-phase","17.4 Phase","1777384432676.686","kx73gbqgy8kyd5zp8pnns2m38185p4xg","1777384432676","1777384432676","17-4-phase","{""blockIndex"":93,""chapterNumber"":17,""subjectSlug"":""physics-12""}","published","Interpret phase and phase difference in simple harmonic motion using angular position, time, and displacement.","17.4 Phase","ms703ea1bwtvtpshxn4hfak0sx85q79f","1787555065207","3269",
"physics-12","17-simple-harmonic-motion","Simple Harmonic Motion","17-5-graphical-representations-of-displacement-velocity-and-acceleration-for-shm","17.5 SHM Graphs: Displacement, Velocity, and Acceleration","1777384433463.0535","kx73ctx24xgtm9x63504t1enh585qrv7","1777384433463","1777384433463","17-5-graphical-representations-of-displacement-velocity-and-acceleration-for-shm","{""blockIndex"":122,""chapterNumber"":17,""subjectSlug"":""physics-12""}","published","Read displacement, velocity, and acceleration graphs for SHM and compare their amplitudes and phase relationships.","17.5 SHM Graphs: Displacement, Velocity, and Acceleration","ms71mbag8mn0rg24cef1mf0vbs85p18h","1787555065400","2753",
"physics-12","17-simple-harmonic-motion","Simple Harmonic Motion","17-6-simple-pendulum","17.6 Simple Pendulum","1777384434337.8115","kx702f7exhhetg5mgnj58g5mbn85q049","1777384434337","1777384434337","17-6-simple-pendulum","{""blockIndex"":129,""chapterNumber"":17,""subjectSlug"":""physics-12""}","published","Model a simple pendulum as SHM for small angles and derive how its period depends on length and gravitational field strength.","17.6 Simple Pendulum","ms7aj7tah6d0qqqvxaryas8qhd85pfz2","1789076833839","3146",
"physics-12","17-simple-harmonic-motion","Simple Harmonic Motion","17-7-energy-conservation-in-shm","17.7 Energy Conservation in SHM","1777384435157.9602","kx79chxbc41kjypz6q5t6gh1dn85q2bn","1777384435158","1777384435158","17-7-energy-conservation-in-shm","{""blockIndex"":170,""chapterNumber"":17,""subjectSlug"":""physics-12""}","published","Track the exchange of kinetic and potential energy during SHM and show that total mechanical energy remains constant.","17.7 Energy Conservation in SHM","ms72h7b0zce1h6kbah4ewra76x85prbr","1787555065969","2298",
"physics-12","17-simple-harmonic-motion","Simple Harmonic Motion","17-8-free-forced-and-damped-oscillations","17.8 Free, Forced and Damped Oscillations","1777384435941.6008","kx73vaj9tnnjmffjesywcwff4185q6nj","1777384435941","1777384435941","17-8-free-forced-and-damped-oscillations","{""blockIndex"":214,""chapterNumber"":17,""subjectSlug"":""physics-12""}","published","Compare free, forced, and damped oscillations and explain natural frequency, driving, damping, and amplitude response.","17.8 Free, Forced and Damped Oscillations","ms78je1qnxfp51tpby5vxfj4zx85q3c4","1787554012431","5190",
"physics-12","17-simple-harmonic-motion","Simple Harmonic Motion","17-9-resonance","17.9 Resonance","1777384436752.9724","kx708j7rb1waarkkemsdvbmg3585p0cj","1777384436753","1777384436753","17-9-resonance","{""blockIndex"":242,""chapterNumber"":17,""subjectSlug"":""physics-12""}","published","Explain resonance, its frequency condition, energy transfer, damping response, practical applications, and structural risks.","17.9 Resonance","ms7cpgw18pmv5td7fwg41xane585qy2m","1789411858653","3501",
"physics-12","18-diffraction-and-interference","Diffraction And Interference","18-1-interference","18.1 Interference","1777384441026.1396","kx74ec6pjgw7y1xcjkt4yd2aeh85qb74","1777384441026","1777384441026","18-1-interference","{""blockIndex"":8,""chapterNumber"":18,""subjectSlug"":""physics-12""}","published","Explains constructive and destructive interference, path-phase difference, energy conservation, coherence conditions, and intensity, with experiments demonstrating two-source interference.","18.1 Interference","ms7432917r47xg8bqsvrca6d1h85qngc","1787554022584","3950",
"physics-12","18-diffraction-and-interference","Diffraction And Interference","18-1-1-interference-of-water-waves","18.1.1 Interference of Water Waves","1777384437666.064","kx78jkaawqygxpcm0jwk14zajn85p56g","1777384437666","1777384437666","18-1-1-interference-of-water-waves","{""blockIndex"":13,""chapterNumber"":18,""subjectSlug"":""physics-12""}","published","Uses the ripple-tank experiment to demonstrate two-source interference of water waves, covering superposition, constructive and destructive interference, coherence conditions, and path-difference-based fringe location.","18.1.1 Interference of Water Waves","ms7f7xmhbw475vc30y4j430rf185qc0t","1789076831828","4650",
"physics-12","18-diffraction-and-interference","Diffraction And Interference","18-1-2-interference-of-sound-waves","18.1.2 Interference of Sound Waves","1777384438654.865","kx74s2ghpgw4wtvxv9a5v58xgd85prfw","1777384438654","1777384438654","18-1-2-interference-of-sound-waves","{""blockIndex"":19,""chapterNumber"":18,""subjectSlug"":""physics-12""}","published","Explains interference of sound waves through constructive and destructive superposition, the two-speaker demonstration, coherence conditions, and a worked path-difference example.","18.1.2 Interference of Sound Waves","ms7136pwtw4dfbqqjn7fbwmf5985p17j","1789076833654","4031",
"physics-12","18-diffraction-and-interference","Diffraction And Interference","18-1-3-interference-of-light-waves","18.1.3 Interference of Light Waves","1777384439445.866","kx76mmy36j0vr6cnz6qs8d7jhx85pa7v","1777384439445","1777384439445","18-1-3-interference-of-light-waves","{""blockIndex"":24,""chapterNumber"":18,""subjectSlug"":""physics-12""}","published","Covers Young's double-slit experiment as evidence for the wave nature of light, coherence conditions, path-difference fringe conditions, the double-slit fringe-spacing formula, and a worked wavelength calculation.","18.1.3 Interference of Light Waves","ms7e459nm18mjz6y8fq5wsa77n85qnv5","1789076831516","4385",
"physics-12","18-diffraction-and-interference","Diffraction And Interference","18-1-4-interference-of-microwaves","18.1.4 Interference of Microwaves","1777384440244.3906","kx73kjddzp6mhbh8tnpmv929f585qs0s","1777384440244","1777384440244","18-1-4-interference-of-microwaves","{""blockIndex"":70,""chapterNumber"":18,""subjectSlug"":""physics-12""}","published","Explains how a two-slit microwave interference experiment demonstrates two-source interference, covering coherence conditions, constructive/destructive interference, the double-slit fringe-spacing formula, and why microwaves are convenient for classroom demonstration.","Interference of Microwaves","ms724n5w1nydv4e8c30baxmw5h85q8wk","1789076831123","3839",
"physics-12","18-diffraction-and-interference","Diffraction And Interference","18-2-diffraction-grating","18.2 Diffraction Grating","1777384443436.1333","kx75hkh0xgaehcfrqysh3tabp185qnhv","1777384443436","1777384443436","18-2-diffraction-gratih","{""blockIndex"":89,""chapterNumber"":18,""subjectSlug"":""physics-12""}","published","Explains diffraction gratings, the grating equation, maximum observable order, resolving power, dispersion of white light, and using a grating to measure wavelength.","18.2 Diffraction Grating","ms70ysjgys6crch6dpbxjrjg3x85py31","1789076830678","4736",
"physics-12","18-diffraction-and-interference","Diffraction And Interference","18-2-1-diffraction-of-light-through-diffraction-grating","18.2.1 Diffraction of Light Through a Diffraction Grating","1777384441817.5115","kx78f8kyv1x3q9jgme94yg0kys85q3rc","1777384441817","1777384441817","18-2-1-diffraction-of-light-through-diffraction-grating","{""blockIndex"":95,""chapterNumber"":18,""subjectSlug"":""physics-12""}","published","Explains diffraction gratings, the grating element, the grating equation, maximum observable order, resolving power from slit count, and using a grating to measure wavelength.","18.2.1 Diffraction of Light Through a Diffraction Grating","ms78kz1z4ahack20qhvadfbqcn85qjg1","1787554023701","3890",
"physics-12","18-diffraction-and-interference","Diffraction And Interference","18-2-2-applications","18.2.2 Applications of Diffraction Grating","1777384442648.7952","kx784z9pp9bmgr24b21tvbkm6985q7j7","1777384442648","1777384442648","18-2-2-applications","{""blockIndex"":105,""chapterNumber"":18,""subjectSlug"":""physics-12""}","published","Covers the grating element, grating equation, effect of slit count on resolving power, maximum observable order, using a grating to determine wavelength, dispersion of white light, everyday applications, and a worked example.","Applications of Diffraction Grating","ms7b906dt0gcf5wzwhjzb155an85pjdd","1789076830950","3825",
"physics-12","18-diffraction-and-interference","Diffraction And Interference","18-3-electron-double-slit-exy-and-interpretations-of-quantum-wechanics","18.3 Electron Double Slit Experiment and Quantum Mechanics","1777384444234.1646","kx7c6pk7ewya26zc0y2nzcdg8x85p2ne","1777384444234","1777384444234","18-3-electron-double-slit-exy-and-interpretations-of-quantum-wechanics","{""blockIndex"":120,""chapterNumber"":18,""subjectSlug"":""physics-12""}","published","Explains the electron double-slit experiment as evidence for wave-particle duality, the wave function and probability interpretation, the Copenhagen versus Many-Worlds interpretations of quantum mechanics, and Bohr's principle of complementarity.","18.3 Electron Double Slit Experiment and Quantum Mechanics","ms7558rrd3e3px8z5jza7wcr1585qqhg","1787554024069","4723",
"physics-12","19-electric-potential-and-capacitor","Electric Potential And Capacitor","19-1-electric-potential-energy-and-electric-potential","19.1 Electric Potential Energy and Electric Potential","1777384445012.0515","kx7ecez5zbm403gcaypwn8280x85q5w0","1777384445012","1777384445012","19-1-electric-potential-energy-and-electric-potential","{""blockIndex"":9,""chapterNumber"":19,""subjectSlug"":""physics-12""}","published","Defines electric potential energy and electric potential, explains how charges move relative to potential, derives the field-potential gradient relationship, and introduces the electron-volt.","19.1 Electric Potential Energy and Electric Potential","ms76wc8szjf96q0qjmdsmkrr2185qe7t","1787554034598","3441",
"physics-12","19-electric-potential-and-capacitor","Electric Potential And Capacitor","19-2-electric-potential-due-to-a-point-charge","19.2 Electric Potential Due to a Point Charge","1777384445965.1465","kx7fyjyy3ryaa2adzgay305z1585pkww","1777384445965","1777384445965","19-2-electric-potential-due-to-a-point-charge","{""blockIndex"":41,""chapterNumber"":19,""subjectSlug"":""physics-12""}","published","Derives the electric potential due to an isolated point charge, its relationship to the field as a negative potential gradient, the potential energy of two point charges, and superposition of potentials from multiple charges.","19.2 Electric Potential Due to a Point Charge","ms7dw2kqsgv43aenc4hjqawmax85p11y","1789076827901","3730",
"physics-12","19-electric-potential-and-capacitor","Electric Potential And Capacitor","19-3-capacitors","19.3 Capacitors","1777384446770.4023","kx756v9wq7sn8z96xfw7s0xy3s85qxdr","1777384446770","1777384446770","19-3-capacitors","{""blockIndex"":72,""chapterNumber"":19,""subjectSlug"":""physics-12""}","published","Defines a capacitor and capacitance, derives the parallel-plate capacitance formula, explains how a dielectric increases capacitance, and covers the effect of changing plate separation at constant voltage.","19.3 Capacitors","ms7bzk7306s44m80cnmxgsveyd85qg9k","1789076830369","3575",
"physics-12","19-electric-potential-and-capacitor","Electric Potential And Capacitor","19-4-combinations-of-capacitors","19.4 Combinations of Capacitors","1777384449109.6558","kx78adf6kwkfhvca3xhaph0z3x85p6pa","1777384449109","1777384449109","19-4-combinations-of-capacitors","{""blockIndex"":118,""chapterNumber"":19,""subjectSlug"":""physics-12""}","published","Derives equivalent capacitance formulas for series and parallel combinations of capacitors and compares their charge, voltage, and energy-storage behaviour.","19.4 Combinations of Capacitors","ms7bx30gsgfdb2zr4ht6qj8p8n85prnw","1789053518420","3295",
"physics-12","19-electric-potential-and-capacitor","Electric Potential And Capacitor","19-4-1-series-combination-of-capacitors","19.4.1 Series Combination of Capacitors","1777384447559.338","kx7csa8ekc7njfn5d4vb107f3h85qpyk","1777384447559","1777384447559","19-4-1-series-combination-of-capacitors","{""blockIndex"":120,""chapterNumber"":19,""subjectSlug"":""physics-12""}","published","Derives the series equivalent-capacitance formula from equal charge and divided voltage, works a three-capacitor numeric example, and gives the two-capacitor special case.","Series Combination of Capacitors","ms7e7ggx116s3n897r0f7gg81x85pbwm","1789076833446","3346",
"physics-12","19-electric-potential-and-capacitor","Electric Potential And Capacitor","19-4-2-parallel-combination-of-capacitors","19.4.2 Parallel Combination of Capacitors","1777384448346.7593","kx73er6nbrstqc41rnf4wc0pds85q5gs","1777384448346","1777384448346","19-4-2-parallel-combination-of-capacitors","{""blockIndex"":136,""chapterNumber"":19,""subjectSlug"":""physics-12""}","published","Derives the parallel equivalent-capacitance formula from equal voltage and distributed charge, explains the physical basis, and works a three-capacitor numeric example.","19.4.2 Parallel Combination of Capacitors","ms786hkv7xwq4k9nryajtfrd0n85ptam","1789076830044","2785",
"physics-12","19-electric-potential-and-capacitor","Electric Potential And Capacitor","19-5-energy-stored-in-a-capacitor","19.5 Energy Stored in a Capacitor","1777384449917.9414","kx7014j1arpmxa780tgrdgs69x85pc8e","1777384449918","1777384449918","19-5-energy-stored-in-a-capacitor","{""blockIndex"":164,""chapterNumber"":19,""subjectSlug"":""physics-12""}","published","Derives the energy stored in a charged capacitor (U = QV/2 = CV^2/2 = Q^2/2C), interprets it graphically and as electric-field energy density, and surveys household applications of capacitors.","19.5 Energy Stored in a Capacitor","ms78mv7vxs3na6kmveanewybsn85pykk","1789076829838","3647",
"physics-12","19-electric-potential-and-capacitor","Electric Potential And Capacitor","19-6-charging-and-discharging-of-a-capacitor","19.6 Charging and Discharging of a Capacitor","1777384450734.6543","kx7b1xgd2n8khey9v1dvcxdz4x85qcap","1777384450734","1777384450734","19-6-charging-and-discharging-of-a-capacitor","{""blockIndex"":193,""chapterNumber"":19,""subjectSlug"":""physics-12""}","published","Explains the RC time constant, and the exponential equations and graphs describing capacitor charging and discharging through a resistor.","19.6 Charging and Discharging of a Capacitor","ms7ak2aanmxrkrbsapahn799vx85q3ww","1787554035896","2502",
"physics-12","19-electric-potential-and-capacitor","Electric Potential And Capacitor","19-7-bioelectricity","19.7 Bioelectricity","1777384451514.2546","kx77jzwhmwmmbz9v0svhehxv0d85p1zc","1777384451514","1777384451514","19-7-bioelectricity","{""blockIndex"":225,""chapterNumber"":19,""subjectSlug"":""physics-12""}","published","Explains bioelectricity as ion-driven potentials, the cell membrane as a biological capacitor, the resting membrane potential, the action potential, and medical applications like ECG and EEG.","19.7 Bioelectricity","ms777ajb1mt9zm5bpbya9e9c7585qmka","1787554036089","3599",
"physics-12","20-alternating-current","Alternating Current","20-1-alternating-current-and-voltage","20.1 Alternating Current and Voltage","1777384452282.3591","kx7fxp9rx2vtpkxd9ta1pbsc5h85pw8v","1777384452282","1777384452282","20-1-alternating-current-and-voltage","{""blockIndex"":7,""chapterNumber"":20,""subjectSlug"":""physics-12""}","published","Introduces alternating current and voltage as sinusoidal quantities, defines key AC terminology (period, frequency, peak and rms values), derives mean power in a resistive AC circuit, and works two numeric examples.","20.1 Alternating Current and Voltage","ms7ev9v2558d7j5taqjb94ffrn85q586","1789053500007","4783",
"physics-12","20-alternating-current","Alternating Current","20-2-rectification","20.2 Rectification","1777384454605.7258","kx7740vttf8yc4e77ggkg377r585pcmg","1777384454605","1777384454605","20-2-rectification","{""blockIndex"":57,""chapterNumber"":20,""subjectSlug"":""physics-12""}","published","Overview of AC rectification (converting AC to DC via diodes), linking to dedicated half-wave and full-wave rectifier topics, with a comparison table and a summary of smoothing-capacitor behaviour.","20.2 Rectification","ms7anvb7r3qm1h5zdm2wet1tkn85q1r9","1787554043975","2352",
"physics-12","20-alternating-current","Alternating Current","20-2-1-half-wave-rectification","20.2.1 Half-Wave Rectification","1777384453040.2786","kx78k8ce6gy1kgtk9tkfq4pa3585pmtk","1777384453040","1777384453040","20-2-1-half-wave-rectification","{""blockIndex"":60,""chapterNumber"":20,""subjectSlug"":""physics-12""}","published","How a single diode rectifies AC into pulsating DC in a half-wave rectifier: circuit operation, average output voltage, ripple frequency, efficiency, PIV, and smoothing with a filter capacitor.","20.2.1 Half-Wave Rectification","ms79fk1t2crxnmdsr2evpe813x85pnew","1787554044170","3336",
"physics-12","20-alternating-current","Alternating Current","20-2-2-full-wave-rectification","20.2.2 Full Wave Rectification","1777384453832.2083","kx7c1k7080dmhqd2j2q3m8xjk585p32v","1777384453832","1777384453832","20-2-2-full-wave-rectification","{""blockIndex"":67,""chapterNumber"":20,""subjectSlug"":""physics-12""}","published","How a bridge rectifier of four diodes rectifies both half-cycles of AC into pulsating DC, its output frequency and efficiency versus half-wave rectification, and smoothing with a filter capacitor.","20.2.2 Full Wave Rectification","ms7brc0qjzc297v7m57d9ndbph85pcq6","1787554044361","3095",
"physics-12","20-alternating-current","Alternating Current","20-3-mutual-inductance-and-self-inductance","20.3 Mutual Inductance and Self-Inductance","1777384455473.4832","kx7bsvww5ny0fy3tyve80n11dh85pd10","1777384455473","1777384455473","20-3-mutual-inductance-and-self-inductance","{""blockIndex"":79,""chapterNumber"":20,""subjectSlug"":""physics-12""}","published","How a changing current in one coil induces emf in a neighbouring coil (mutual inductance) or in itself (self-inductance/back emf), the henry as their SI unit, and why inductors block AC but pass DC as chokes.","20.3 Mutual Inductance and Self-Inductance","ms73qc3cnyc6fd8fn9p7xzcggn85p3ny","1787554044552","3690",
"physics-12","20-alternating-current","Alternating Current","20-4-phase-of-a-c","20.4 Phase of A.C.","1777384459378.837","kx74nw0vsypf7fx8acd3xvg5mh85p12b","1777384459378","1777384459378","20-4-phase-of-a-c","{""blockIndex"":99,""chapterNumber"":20,""subjectSlug"":""physics-12""}","published","The phase angle of a sinusoidal AC quantity, phase difference and lead/lag between voltage and current, phasor diagrams, and the phase relationship (in phase, lag, or lead) for a resistor, inductor, and capacitor.","20.4 Phase of A.C.","ms72drs4c8ghbc6evx2z4bvn2185qb3v","1787554044746","2894",
"physics-12","20-alternating-current","Alternating Current","20-4-1-a-c-through-resistor","20.4.1 A.C. Through a Resistor","1777384456247.8608","kx75nzkm5vg3c4x0t1kxhpc1vh85q87d","1777384456247","1777384456247","20-4-1-a-c-through-resistor","{""blockIndex"":101,""chapterNumber"":20,""subjectSlug"":""physics-12""}","published","How voltage and current stay in phase across a pure resistor in an AC circuit, Ohm's law in RMS form, why resistance is frequency-independent, and average power dissipation with power factor 1.","A.C. Through a Resistor","ms74p7nfvt16ysh80wyhw92s4h85p5vv","1787554044938","2287",
"physics-12","20-alternating-current","Alternating Current","20-4-2-a-c-through-an-inductor","20.4.2 AC Through an Inductor","1777384457037.8616","kx7evhrf9mntz3f5ewdgzmxfz585p41r","1777384457037","1777384457037","20-4-2-a-c-through-an-inductor","{""blockIndex"":118,""chapterNumber"":20,""subjectSlug"":""physics-12""}","published","How current lags voltage by 90 degrees across a pure inductor in an AC circuit, inductive reactance X_L = 2*pi*f*L and how it scales with frequency, the inductor as a choke, and zero average power dissipation.","20.4.2 AC Through an Inductor","ms787wjzzhs4prwkd0xnnckc0985pfzm","1787554045134","3468",
"physics-12","20-alternating-current","Alternating Current","20-4-3-a-c-through-a-capacitor","20.4.3 AC Through a Capacitor","1777384457807.8315","kx717n94qjwdtfkrp1e2enx24h85qyyy","1777384457807","1777384457807","20-4-3-a-c-through-a-capacitor","{""blockIndex"":143,""chapterNumber"":20,""subjectSlug"":""physics-12""}","published","How current leads voltage by 90 degrees across a pure capacitor in an AC circuit, capacitive reactance X_C = 1/(2*pi*f*C) and why it decreases with frequency, and zero average power dissipation.","AC Through a Capacitor","ms755hjr7y48aqw7r4qt94d09585pkvq","1787554045318","3087",
"physics-12","20-alternating-current","Alternating Current","20-4-4-impedance-and-series-ac-circuits","20.4.4 Impedance in Series AC Circuits","1777384458591.75","kx7fd7gmpv2dkmhxxjrmw7346d85pg7b","1777384458591","1777384458591","20-4-4-impedance-and-series-ac-circuits","{""blockIndex"":163,""chapterNumber"":20,""subjectSlug"":""physics-12""}","published","How impedance Z = sqrt(R^2 + (X_L - X_C)^2) combines resistance and net reactance in a series RLC AC circuit, the phasor diagram behind it, the phase angle between voltage and current, and a worked numeric example.","Impedance in Series AC Circuits","ms79dgcz1dq2mq3ykf2xq9ed6d85qwh4","1787554045511","2919",
"physics-12","21-quantum-physics","Quantum Physics","21-1-electromagnetic-wave","21.1 Electromagnetic Waves","1777384460276.3809","kx727df4cj75s9m5czfaaa08s585qc6y","1777384460276","1777384460276","21-1-electromagnetic-wave","{""blockIndex"":0,""chapterNumber"":21,""subjectSlug"":""physics-12""}","published","How EM waves arise from accelerating charges and travel at c independent of frequency, why radiation also behaves as discrete photons (E=hf), and the electronvolt as a convenient photon-energy unit.","21.1 Electromagnetic Waves","ms7aq50c0qh1wpj5r82svz8t0185p297","1787554069353","3190",
"physics-12","21-quantum-physics","Quantum Physics","21-2-photoelectric-effect","21.2 Photoelectric Effect","1777384461046.4626","kx7153br06ph1sqp8epfxq2gx585pjyc","1777384461046","1777384461046","21-2-photoelectric-effect","{""blockIndex"":15,""chapterNumber"":21,""subjectSlug"":""physics-12""}","published","How the photoelectric effect works, threshold frequency and work function, Einstein's photoelectric equation KE_max = hf - Phi, stopping potential, and why maximum photoelectron energy depends on frequency, not intensity.","21.2 Photoelectric Effect","ms7e6sxd0awcsednr0z54n03ax85q27c","1789076833073","5051",
"physics-12","21-quantum-physics","Quantum Physics","21-3-compton-s-effect","21.3 Compton's Effect","1777384461830.6716","kx7csvakg89cbk1h59bgf68fad85pz9b","1777384461830","1777384461830","21-3-compton-s-effect","{""blockIndex"":57,""chapterNumber"":21,""subjectSlug"":""physics-12""}","published","How a photon carries momentum p = h/lambda, how Compton's X-ray scattering experiment and the Compton shift formula prove this, why the effect is undetectable for visible light, and gamma-ray pair production/annihilation as evidence of mass-energy equivalence.","21.3 Compton's Effect","ms781n15mq1ev917vvzn6088ax85qhxv","1787554069741","4296",
"physics-12","21-quantum-physics","Quantum Physics","21-5-pair-annihilation","21.5 Pair Annihilation","1777384462619.761","kx7aj5d8v7xv8xe8x24eczehqx85p9nz","1777384462619","1777384462619","21-5-pair-annihilation","{""blockIndex"":95,""chapterNumber"":21,""subjectSlug"":""physics-12""}","published","How an electron-positron pair converts entirely into two 0.511 MeV gamma-ray photons, why exactly two photons (not one) conserve momentum, the conservation laws involved, mass-energy equivalence, and the PET-scanning application.","21.5 Pair Annihilation","ms78vygcvkm8fzajqy1hfmpd6d85qxwe","1789411858752","3118",
"physics-12","21-quantum-physics","Quantum Physics","21-6-the-wave-particle-duality","21.6 Wave-Particle Duality","1777384463390.9553","kx7dpvn5vzf9gsx4z511y4hkxx85px6f","1777384463391","1777384463391","21-6-the-wave-particle-duality","{""blockIndex"":102,""chapterNumber"":21,""subjectSlug"":""physics-12""}","published","Evidence that light behaves as both a wave and a stream of photons, de Broglie's hypothesis that matter has an associated wavelength lambda=h/p, the Davisson-Germer experiment confirming electron diffraction, and the electron microscope's high resolution from short de Broglie wavelengths.","21.6 Wave-Particle Duality","ms7d0wrqf8fnhbf3w8r6tffrg185qbky","1787554070137","3114",
"physics-12","21-quantum-physics","Quantum Physics","21-8-heisenberg-s-uncertainty-principle","21.8 Heisenberg's Uncertainty Principle","1777384464176.994","kx76yq83msjakx5yfsfbd59eh985qaw0","1777384464177","1777384464177","21-8-heisenberg-s-uncertainty-principle","{""blockIndex"":127,""chapterNumber"":21,""subjectSlug"":""physics-12""}","published","Heisenberg's position-momentum and energy-time uncertainty relations, why they arise from wave-particle duality rather than measurement clumsiness, why they are unnoticeable for macroscopic objects, and how they explain the natural linewidth of spectral lines.","Heisenberg's Uncertainty Principle","ms7d0acsw55qmrqe23q5rz9v5185prft","1787554070342","4252",
"physics-12","21-quantum-physics","Quantum Physics","21-9-discrete-energy-levels-in-an-atom-and-its-spectra","21.9 Discrete Energy Levels and Atomic Spectra","1777384464942.5142","kx76gdzakbnd3abpsxrvqxtk7585p4rw","1777384464942","1777384464942","21-9-discrete-energy-levels-in-an-atom-and-its-spectra","{""blockIndex"":144,""chapterNumber"":21,""subjectSlug"":""physics-12""}","published","How electrons occupy discrete energy levels En = -13.6/n^2 eV in hydrogen, how a transition's photon energy satisfies hf = Delta E, why emission and absorption line spectra form, and the Lyman/Balmer/Paschen/Brackett/Pfund spectral series.","21.9 Discrete Energy Levels and Atomic Spectra","ms7145psmeghmgyn8y6w92e5k185q52x","1789076829645","3722",
"physics-12","22-nuclear-physics","Nuclear Physics","22-1-mass-defect","22.1 Mass Defect","1777384465725.9907","kx7fh3e9kteq43dnphw8scn6ed85qp6t","1777384465726","1777384465726","22-1-mass-defect","{""blockIndex"":7,""chapterNumber"":22,""subjectSlug"":""physics-12""}","published","How mass-energy equivalence explains mass defect, unified atomic mass units, and binding-energy calculations.","22.1 Mass Defect","ms76mk18b3r4dfds46wpddjhn185pw7v","1789076829457","3459",
"physics-12","22-nuclear-physics","Nuclear Physics","22-2-binding-energy","22.2 Binding Energy","1777384466564.684","kx7dwbjs5hpv1epdfxchbc1nyh85q4sd","1777384466564","1777384466564","22-2-binding-energy","{""blockIndex"":22,""chapterNumber"":22,""subjectSlug"":""physics-12""}","published","Binding energy per nucleon as a measure of nuclear stability, the characteristic B.E./A vs nucleon-number curve peaking at iron-56, and why both nuclear fusion (light nuclei) and fission (heavy nuclei) release energy by moving nuclei toward that peak.","22.2 Binding Energy","ms79061me2jfdsnffyz7678gks85q5dh","1789411858866","2192",
"physics-12","22-nuclear-physics","Nuclear Physics","22-3-radioactivity","22.3 Radioactivity","1777384470773.1067","kx71r14cjkwn63mzvwjbg1tjm985q1vm","1777384470773","1777384470773","22-3-radioactivity","{""blockIndex"":69,""chapterNumber"":22,""subjectSlug"":""physics-12""}","published","What radioactivity is and the three types of ionizing radiation (alpha, beta, gamma), and why radioactive decay is spontaneous, random, and statistical, with a link to 22.3.4 for the full treatment.","22.3 Radioactivity","ms775ftfc10byjsep4bc6spd8x85qyym","1787554086090","1330",
"physics-12","22-nuclear-physics","Nuclear Physics","22-3-1-alpha-decay","22.3.1 Alpha Decay","1777384467351.0044","kx7e97vfeex8pwghste8pwc5ed85p8s7","1777384467351","1777384467351","22-3-1-alpha-decay","{""blockIndex"":72,""chapterNumber"":22,""subjectSlug"":""physics-12""}","published","How an unstable heavy nucleus emits an alpha particle to become a more stable daughter nucleus, the general decay equation and Q-value energy release, why alpha decay favours heavy nuclei (Z>82), and its spontaneous, random nature.","Alpha Decay","ms75c3r8esk0bqmf34t1371swx85px3n","1787554086364","2573",
"physics-12","22-nuclear-physics","Nuclear Physics","22-3-2-beta-decay","22.3.2 Beta Decay","1777384468138.3843","kx7fe2d27phcp789xrr0tvvvsh85qtwg","1777384468138","1777384468138","22-3-2-beta-decay","{""blockIndex"":79,""chapterNumber"":22,""subjectSlug"":""physics-12""}","published","Beta-minus and beta-plus decay at the nucleon and quark level, why the neutrino was postulated to explain beta particles' continuous energy spectrum, the conservation laws beta decay obeys, and its spontaneous, random nature.","22.3.2 Beta Decay","ms72qk883xmskd3bhe1apmrbdn85prpf","1787554086625","4375",
"physics-12","22-nuclear-physics","Nuclear Physics","22-3-3-gamma-decay","22.3.3 Gamma Decay","1777384469207.2493","kx7ecs215zx50r86z9xghdcbvs85q7jr","1777384469207","1777384469207","22-3-3-gamma-decay","{""blockIndex"":92,""chapterNumber"":22,""subjectSlug"":""physics-12""}","published","How an excited nucleus emits a gamma photon to reach its ground state without changing Z or A, gamma radiation's properties (neutral, massless, highly penetrating), how to calculate the emitted photon's energy/frequency, and gamma decay's spontaneous, random nature.","22.3.3 Gamma Decay","ms7ft5wkcpdk60q1hj52x05g6h85p15h","1787554086881","2988",
"physics-12","22-nuclear-physics","Nuclear Physics","22-3-4-spontaneous-and-random-nature-of-nuclear-decay","22.3.4 Spontaneous and Random Nature of Nuclear Decay","1777384469979.9937","kx72fhmvfqqpkmf9wbj62t3d0185qawm","1777384469980","1777384469980","22-3-4-spontaneous-and-random-nature-of-nuclear-decay","{""blockIndex"":105,""chapterNumber"":22,""subjectSlug"":""physics-12""}","published","Why radioactive decay is spontaneous and random, how exponential decay emerges statistically, and why measured count rates fluctuate.","22.3.4 Spontaneous and Random Nature of Nuclear Decay","ms7ft914yjaf12f436n7xj013x85qwk6","1787554087140","3728",
"physics-12","22-nuclear-physics","Nuclear Physics","22-4-half-life-and-rate-of-decay","22.4 Half-Life and Rate of Decay","1777384473138.6562","kx74mabxw5nqqbjrj2b7mjym3185pb2q","1777384473138","1777384473138","22-4-half-life-and-rate-of-decay","{""blockIndex"":119,""chapterNumber"":22,""subjectSlug"":""physics-12""}","published","How activity A=lambda*N and the exponential decay law N=N0*e^(-lambda t) determine a sample's decay rate, the half-life T_1/2=0.693/lambda, and how to find the fraction of a sample remaining or decayed after n half-lives.","22.4 Half-Life and Rate of Decay","ms7fbmb4sbdzff2q2w58z0nrh985qv66","1789076829239","2387",
"physics-12","22-nuclear-physics","Nuclear Physics","22-4-1-exponential-nature-of-nuclear-decay","22.4.1 Exponential Nature of Nuclear Decay","1777384471570.3489","kx7akt92hybt1d1j1h0atnyv7x85prkn","1777384471570","1777384471570","22-4-1-exponential-nature-of-nuclear-decay","{""blockIndex"":141,""chapterNumber"":22,""subjectSlug"":""physics-12""}","published","Derivation of the decay constant lambda from the proportionality of decay rate to N, activity A=lambda*N, the exponential decay law N=N0*e^(-lambda t), and a worked activity/remaining-nuclei calculation.","22.4.1 Exponential Nature of Nuclear Decay","ms74y8tcvra2zzs70vmpypy8hn85qcj1","1789076832867","3040",
"physics-12","22-nuclear-physics","Nuclear Physics","22-4-2-relation-between-decay-constant-and-half-life","22.4.2 Decay Constant and Half-Life Relation","1777384472360.6768","kx77ay80w0q54qbf1fmmfnkz5n85pvv7","1777384472360","1777384472360","22-4-2-relation-between-decay-constant-and-half-life","{""blockIndex"":173,""chapterNumber"":22,""subjectSlug"":""physics-12""}","published","How the half-life T_1/2 = 0.693/lambda is derived from the exponential decay law, the inverse relationship between decay constant and half-life, and worked examples applying both to find half-life, remaining mass, or remaining nuclei.","Decay Constant and Half-Life Relation","ms72d4fwstxgk1045bfgst96q185pj33","1787554087912","4139",
"physics-12","22-nuclear-physics","Nuclear Physics","22-5-nuclear-reactions","22.5 Nuclear Reactions","1777384475576.7876","kx743zbn9x0sd1fdmnrx28mn3d85q70w","1777384475576","1777384475576","22-5-nuclear-reactions","{""blockIndex"":204,""chapterNumber"":22,""subjectSlug"":""physics-12""}","published","The conservation laws a nuclear reaction obeys, transmutation, the Q-value (energy released or absorbed), how binding energy per nucleon explains why fission and fusion release energy, and how to calculate that energy from the mass defect.","22.5 Nuclear Reactions","ms7ehywfrventcvyaaxf185zt185qvc3","1787554088189","4500",
"physics-12","22-nuclear-physics","Nuclear Physics","22-5-1-nuclear-fusion","22.5.1 Nuclear Fusion","1777384473928.7195","kx73f9jwes5yrz9fp53qx1pcv585qjvy","1777384473928","1777384473928","22-5-1-nuclear-fusion","{""blockIndex"":217,""chapterNumber"":22,""subjectSlug"":""physics-12""}","published","How light nuclei fuse into a heavier, more stable nucleus and release energy via mass defect and E=mc^2, why the binding-energy-per-nucleon curve explains this, the extreme conditions fusion requires, the D-T reaction, and how to calculate the energy released.","22.5.1 Nuclear Fusion","ms76dgpg0yknfv4axzqvrxd02185qmak","1789076828912","4166",
"physics-12","22-nuclear-physics","Nuclear Physics","22-5-3-nuclear-fission","22.5.3 Nuclear Fission","1777384474758.6677","kx7bb3qhw9byq0e8xpp1bn9gj185pz0k","1777384474758","1777384474758","22-5-3-nuclear-fission","{""blockIndex"":244,""chapterNumber"":22,""subjectSlug"":""physics-12""}","published","How U-235 undergoes fission upon absorbing a thermal neutron, why binding energy per nucleon explains the ~200 MeV released (millions of times more than a chemical reaction), the chain reaction and critical mass needed to sustain it, and common fission products.","22.5.3 Nuclear Fission","ms7b4s9k28wtg1qned5jnrcrm985qpmx","1787554088737","3546",
"physics-12","22-nuclear-physics","Nuclear Physics","22-6-nuclear-reactors","22.6 Nuclear Reactors","1777384476392.9226","kx7cnz5y657fgg9q26ky8bvex585pb9m","1777384476393","1777384476393","22-6-nuclear-reactors","{""blockIndex"":272,""chapterNumber"":22,""subjectSlug"":""physics-12""}","published","The components of a water-moderated nuclear reactor (fuel rods, moderator, control rods, coolant, pressure vessel, biological shielding), how uranium is enriched to increase the fissile U-235 fraction, and the energy flow from fission to electricity.","22.6 Nuclear Reactors","ms71v0jermkrnhvzjbrkdgwx0s85pst7","1787554088999","3795",
"physics-12","22-nuclear-physics","Nuclear Physics","22-7-energy-in-annihilation-reactions","22.7 Energy in Annihilation Reactions","1777384477206.5256","kx7bbwvv9ax53zrj15412agk8s85p1p1","1777384477206","1777384477206","22-7-energy-in-annihilation-reactions","{""blockIndex"":285,""chapterNumber"":22,""subjectSlug"":""physics-12""}","published","How an electron-positron pair annihilates entirely into two gamma-ray photons, why exactly two photons are needed to conserve momentum, the conservation laws involved, and how to calculate each photon's energy at rest or with kinetic energy.","22.7 Energy in Annihilation Reactions","ms7f7h83pw9zzjp1skd1yk06j985pnz5","1787554089258","3086",
"physics-12","22-nuclear-physics","Nuclear Physics","22-8-medical-uses-of-radiations","22.8 Medical Uses of Radiations","1777384479556.4895","kx79s6xx6w6cp0p0q7j80mts8h85pt9x","1777384479556","1777384479556","22-8-medical-uses-of-radiations","{""blockIndex"":318,""chapterNumber"":22,""subjectSlug"":""physics-12""}","published","Diagnostic (tracers, PET scanning) and therapeutic (teletherapy, brachytherapy, beta therapy, sterilisation) medical uses of radiation, the 0.511 MeV photon-energy signature used to confirm annihilation events, and how gamma rays are detected outside the body.","22.8 Medical Uses of Radiations","ms77ga2k8d2gtzm7g5gwvmn6jh85qszz","1787554089521","3720",
"physics-12","22-nuclear-physics","Nuclear Physics","22-8-1-medical-tracer","22.8.1 Medical Tracer","1777384477982.1094","kx7d6j6xs4xsj99xefypjqddkn85p3td","1777384477982","1777384477982","22-8-1-medical-tracer","{""blockIndex"":320,""chapterNumber"":22,""subjectSlug"":""physics-12""}","published","What a medical tracer is and the properties (gamma emitter, short half-life, chemically compatible, non-toxic) that make a good one, common tracers (Tc-99m, I-131, Na-24), how a gamma camera detects them outside the body, and how tracers differ from radiotherapy.","22.8.1 Medical Tracer","ms7858j7gfwqwsq030j658kfq985qcra","1787554089799","4740",
"physics-12","22-nuclear-physics","Nuclear Physics","22-8-2-pet-scanner","22.8.2 PET Scanner","1777384478755.1262","kx774qqn997g92dxzcw0yy7trx85qetf","1777384478755","1777384478755","22-8-2-pet-scanner","{""blockIndex"":325,""chapterNumber"":22,""subjectSlug"":""physics-12""}","published","How a PET scanner images metabolic activity: injecting a positron-emitting tracer like F-18 FDG, beta-plus decay, electron-positron annihilation into two 0.511 MeV gamma photons, and coincidence detection to reconstruct a 3D tomographic image.","22.8.2 PET Scanner","ms70wy6k7th6n2w8sx99zpvw2h85q05c","1787554090071","4169",
"physics-12","23-cosmology","Cosmology","23-1-black-body-radiation","23.1 Blackbody Radiation","1777384480364.2664","kx766g9mbghxk47ht7tbqwejnd85pdvy","1777384480364","1777384480364","23-1-black-body-radiation","{""blockIndex"":7,""chapterNumber"":23,""subjectSlug"":""physics-12""}","published","What an ideal black body is, its continuous emission spectrum, Wien's displacement law (peak wavelength inversely proportional to temperature), the ultraviolet catastrophe and Planck's quantum hypothesis that resolved it, and the Stefan-Boltzmann law (power proportional to T^4).","23.1 Blackbody Radiation","ms7933b2g56r1t1h2c2p9cvc5585pjnk","1787554101746","4056",
"physics-12","23-cosmology","Cosmology","23-2-luminosity-and-radiant-fluxintensity","23.2 Luminosity and Radiant Flux Intensity","1777384481296.3481","kx7es1v340ad5rjtcn5kfjm8jn85pzje","1777384481296","1777384481296","23-2-luminosity-and-radiant-fluxintensity","{""blockIndex"":24,""chapterNumber"":23,""subjectSlug"":""physics-12""}","published","Luminosity as a star's intrinsic total power output (L=4*pi*r^2*sigma*T^4), radiant flux intensity (apparent brightness) as luminosity spread over a sphere at distance d, and the inverse square law linking flux intensity to distance.","23.2 Luminosity and Radiant Flux Intensity","ms7dyz4nb94rp6fe7d8s9m2m3x85p9y2","1789076828561","2945",
"physics-12","23-cosmology","Cosmology","23-3-standard-candles-a-distance-indicator","23.3 Standard Candles as Distance Indicators","1777384482143.7603","kx752w6rbh6q4dpyvtjz3v4ybd85qe8x","1777384482143","1777384482143","23-3-standard-candles-a-distance-indicator","{""blockIndex"":50,""chapterNumber"":23,""subjectSlug"":""physics-12""}","published","How standard candles (Cepheid variables, Type Ia supernovae) with known absolute luminosity let astronomers find distance via the inverse square law, and how Wien's law and the Stefan-Boltzmann law together let astronomers estimate a star's temperature and radius from its spectrum.","23.3 Standard Candles as Distance Indicators","ms75hz71553q9swzescn5xhy2h85q9vp","1789076832673","4089",
"physics-12","23-cosmology","Cosmology","23-4-spectra-of-light","23.4 Spectra of Light","1777384483176.3943","kx716862dg0hqmse617w772fv585p74y","1777384483176","1777384483176","23-4-spectra-of-light","{""blockIndex"":72,""chapterNumber"":23,""subjectSlug"":""physics-12""}","published","Continuous, emission-line, and absorption-line spectra and how quantised energy levels produce them, the hydrogen spectral series, redshift as the Doppler shift of light from receding galaxies, and how universal redshift implies an expanding universe traced back to the Big Bang.","23.4 Spectra of Light","ms72j06dy7t6gw7ajgh85hw53585qp9p","1789053533315","4297",
"physics-12","23-cosmology","Cosmology","23-5-hubble-s-law","23.5 Hubble's Law","1777384484047.4482","kx7crtx2nvqkcyyvc54j00sv1185qaqf","1777384484047","1777384484047","23-5-hubble-s-law","{""blockIndex"":95,""chapterNumber"":23,""subjectSlug"":""physics-12""}","published","How Hubble discovered that virtually all galaxies are redshifted (Doppler-shifted), his linear law v=H0*d relating recession velocity to distance, the Hubble constant as the universe's expansion rate and its reciprocal as an age estimate, and how this and other evidence supports the Big Bang theory.","23.5 Hubble's Law","ms736rff4za1sj8fahygpmtytn85pws9","1789076828272","3054",
"physics-12","24-earth-s-climate","Earth’s Climate","24-1-earth-s-climate-system","24.1 Earth's Climate System","1777384484830.2314","kx7d9b6qp0dtw4d6w6qmnm6hh185p8gm","1777384484830","1777384484830","24-1-earth-s-climate-system","{""blockIndex"":5,""chapterNumber"":24,""subjectSlug"":""physics-12""}","published","Earth's climate system as five interacting components (atmosphere, hydrosphere, cryosphere, lithosphere, biosphere), each component's role, and how positive and negative feedback mechanisms link them together.","24.1 Earth's Climate System","ms71y64vhd14etahfwkm77kged85qacr","1787554117387","3935",
"physics-12","24-earth-s-climate","Earth’s Climate","24-2-ocean-currents-and-winds","24.2 Ocean Currents and Winds","1777384485612.9226","kx75g678kqr5p6y39f5jrnqbb185q4a9","1777384485613","1777384485613","24-2-ocean-currents-and-winds","{""blockIndex"":53,""chapterNumber"":24,""subjectSlug"":""physics-12""}","published","How wind-driven surface ocean currents and density-driven deep thermohaline circulation redistribute heat globally, the three atmospheric circulation cells (Hadley, Ferrel, Polar) that produce global wind belts, and the Coriolis effect that deflects them.","24.2 Ocean Currents and Winds","ms736hk5mamswx5x4q1gab4cx185p911","1787554117626","4585",
"physics-12","24-earth-s-climate","Earth’s Climate","24-3-climate-inertia","24.3 Climate Inertia","1777384487946.7712","kx77cxyh73bzwdbemw9206yvjs85ptrf","1777384487946","1777384487946","24-3-climate-inertia","{""blockIndex"":98,""chapterNumber"":24,""subjectSlug"":""physics-12""}","published","Why the climate system keeps changing for decades to millennia after forcing stabilises (ocean thermal inertia and slow carbon cycle response), the committed warming already locked in by current greenhouse gases, and the long-term effects and policy implications this creates.","Climate Inertia","ms74svgpvjvbsjbeh0ez2epkv185qvz2","1787554117869","3599",
"physics-12","24-earth-s-climate","Earth’s Climate","24-3-1-internal-variations","24.3.1 Internal Variations","1777384486391.932","kx7ff81j9rw35a0nh3wzgrcj5d85pvbs","1777384486391","1777384486391","24-3-1-internal-variations","{""blockIndex"":104,""chapterNumber"":24,""subjectSlug"":""physics-12""}","published","Internal climate forcings (ENSO, ice-albedo feedback, thermohaline circulation changes, internal volcanic outgassing, atmospheric oscillations) that redistribute energy within the climate system without changing total energy input, contrasted with external forcings.","24.3.1 Internal Variations","ms71987xfvscejm4c1t4520prd85qk0z","1787554118093","3753",
"physics-12","24-earth-s-climate","Earth’s Climate","24-3-2-external-forcing","24.3.2 External Forcing","1777384487168.3127","kx76knbkmz8rdmca9wpqshyk8h85py2f","1777384487168","1777384487168","24-3-2-external-forcing","{""blockIndex"":108,""chapterNumber"":24,""subjectSlug"":""physics-12""}","published","Radiative forcing as the change in energy flux caused by a forcing agent, natural external forcings (solar variability, volcanic eruptions, Milankovitch cycles) versus anthropogenic forcings (CO2, methane, aerosols), and how they differ in timescale and reversibility.","24.3.2 External Forcing","ms7ef1ve6jg8dgcc95rgev5zn185qdh7","1787554118323","3859",
"physics-12","24-earth-s-climate","Earth’s Climate","24-4-earth-energy-budget","24.4 Earth's Energy Budget","1777384491112.133","kx7524ctz5ayhw3g82a8exqjq985q9sn","1777384491112","1777384491112","24-4-earth-energy-budget","{""blockIndex"":116,""chapterNumber"":24,""subjectSlug"":""physics-12""}","published","Earth's energy budget as the balance between incoming solar radiation and outgoing infrared radiation, why the greenhouse effect raises the equilibrium surface temperature from 255K to 288K, and Earth's Energy Imbalance (EEI) as evidence of ongoing warming.","24.4 Earth's Energy Budget","ms7ey1d9ctkdzzxwzs8k4hqj8s85qrdp","1787554118554","3733",
"physics-12","24-earth-s-climate","Earth’s Climate","24-4-1-solar-variability-and-climate","24.4.1 Solar Variability and Climate","1777384488710.5735","kx7026crqk9zz4r2855cavk6s585pph8","1777384488710","1777384488710","24-4-1-solar-variability-and-climate","{""blockIndex"":120,""chapterNumber"":24,""subjectSlug"":""physics-12""}","published","Total Solar Irradiance (~1361 W/m^2) as Earth's primary energy input, the 11-year sunspot cycle's small effect on TSI, the Maunder Minimum's correlation with the Little Ice Age, and why post-1980 warming cannot be explained by solar variability alone.","24.4.1 Solar Variability and Climate","ms795bjpm1mx5qnygvpw6yzczs85phwn","1787554118785","4033",
"physics-12","24-earth-s-climate","Earth’s Climate","24-4-2-energy-imbalance","24.4.2 Energy Imbalance","1777384489472.8538","kx72b3z9cer4gwnb69tt921w3s85qph9","1777384489472","1777384489472","24-4-2-energy-imbalance","{""blockIndex"":123,""chapterNumber"":24,""subjectSlug"":""physics-12""}","published","Earth's Energy Imbalance (EEI) as the net difference between absorbed and emitted radiation, why the enhanced greenhouse effect drives today's positive EEI, where the excess heat is stored (mostly oceans), albedo feedback effects on EEI, and how differential heating drives atmospheric circulation.","24.4.2 Energy Imbalance","ms7cka2kgkr6f80d5854fe9p7985q3t0","1787554119005","4539",
"physics-12","24-earth-s-climate","Earth’s Climate","24-4-3-climate-science-as-a-chaotic-system","24.4.3 Climate Science as a Chaotic System","1777384490260.389","kx7d8g266csnjaf5z6xbyvd1h185qhsn","1777384490260","1777384490260","24-4-3-climate-science-as-a-chaotic-system","{""blockIndex"":128,""chapterNumber"":24,""subjectSlug"":""physics-12""}","published","Earth's climate as a chaotic, non-linear system exhibiting the Butterfly Effect and extreme sensitivity to initial conditions, how positive and negative feedback loops drive this non-linearity, climate tipping points, and why weather is unpredictable beyond ~10 days while long-term climate averages remain predictable through energy balance physics.","24.4.3 Climate Science as a Chaotic System","ms77gbvkh6qsejqhgd2b5dc6hx85p1ph","1787554119226","6062",
"physics-12","24-earth-s-climate","Earth’s Climate","24-5-electron-microscope","24.5 Electron Microscope","1777384491906.341","kx7bv4v8129dzdd7qyksw04sb985p779","1777384491906","1777384491906","24-5-electron-microscope",,"published","Why optical microscopes are limited to ~200nm resolution by the wavelength of visible light, how accelerating electrons gives them a far shorter de Broglie wavelength (lambda=h/sqrt(2meV)), how an electron microscope's components work under high vacuum, and its ~0.2nm resolution compared to optical microscopes.","24.5 Electron Microscope","ms7dmbnfgr9h9d2ne7pd2vsq3x85qzwj","1785501871876","3682",
"physics-12","25-medical-imaging","Medical Imaging","25-1-piezoelectric-effect-and-ultrasonic-waves","25.1 Piezoelectric Effect and Ultrasonic Waves","1777384492688.657","kx79083ywf726cfsnxeex877rn85p28h","1777384492688","1777384492688","25-1-piezoelectric-effect-and-ultrasonic-waves","{""blockIndex"":7,""chapterNumber"":25,""subjectSlug"":""physics-12""}","published","How the piezoelectric effect and its inverse let a crystal transducer transmit and receive ultrasound, the pulse-echo technique and depth formula d=vt/2 used in ultrasound diagnostics and SONAR, and ultrasound's advantages over X-rays.","25.1 Piezoelectric Effect and Ultrasonic Waves","ms79p0pjrkh0nwb70shchmxd0d85qjcc","1787554154546","5207",
"physics-12","25-medical-imaging","Medical Imaging","25-2-x-rays","25.2 X-rays","1777384493481.8513","kx74e47x2bj90zwvgvgf5696a585qx24","1777384493481","1777384493481","25-2-x-rays","{""blockIndex"":26,""chapterNumber"":25,""subjectSlug"":""physics-12""}","published","How X-rays are produced in a Coolidge tube, continuous (Bremsstrahlung) versus characteristic X-ray spectra, the minimum wavelength lambda_min=hc/eV, and how differential tissue absorption creates contrast in medical X-ray imaging.","25.2 X-rays","ms74pf28a55fpdbce790p4863d85p9bv","1789053533638","4773",
"physics-12","25-medical-imaging","Medical Imaging","25-3-ct-scan","25.3 Computed Tomography (CT) Scan","1777384494457.2485","kx79nx33s4v2y0svwdj7nsqdbh85qscp","1777384494457","1777384494457","25-3-ct-scan","{""blockIndex"":54,""chapterNumber"":25,""subjectSlug"":""physics-12""}","published","How a CT scanner rotates an X-ray source and detector array 360 degrees to build a 3D cross-sectional image via computer reconstruction, voxels and Hounsfield units for tissue radiodensity, and CT's advantages (soft-tissue contrast, no overlap) and disadvantages (higher radiation dose) versus conventional X-ray.","25.3 Computed Tomography (CT) Scan","ms7049v0q688erswef2zb9jp5d85qtst","1787554154955","3597",
"physics-12","26-nature-of-science-a-debate","Nature Of Science – A Debate","26-1-elegance-of-mathematics","26.1 Elegance of Mathematics","1777384495244.0327","kx70b4p9wsgcge2nz2ghk0ycyd85q1vv","1777384495244","1777384495244","26-1-elegance-of-mathematics","{""blockIndex"":11,""chapterNumber"":26,""subjectSlug"":""physics-12""}","published","Examines the debate over whether mathematical elegance (simplicity, symmetry, unification) is a reliable guide to physical truth, using Euler's Identity and the shared inverse-square form of gravity and electrostatics as examples, and weighing counterarguments such as the Standard Model's complexity and survivorship bias.","26.1 Elegance of Mathematics","ms7eta0tksrxyk1kpkdms4p27x85qa8q","1787554170549","4605",
"physics-12","26-nature-of-science-a-debate","Nature Of Science – A Debate","26-2-are-aliens-real","26.2 Are Aliens Real?","1777384496025.9038","kx73qex48q6mactt51tvcp578585qafy","1777384496025","1777384496025","26-2-are-aliens-real","{""blockIndex"":49,""chapterNumber"":26,""subjectSlug"":""physics-12""}","published","Examines the scientific search for extraterrestrial life through the Drake Equation, habitable zones, exoplanet detection, the Fermi Paradox, and SETI.","26.2 Are Aliens Real?","ms78106km97zeackkqwgwcgt0n85p2xb","1787912868675","4689",
"physics-12","26-nature-of-science-a-debate","Nature Of Science – A Debate","26-3-thought-experiment-newton-s-cannonball","26.3 Newton's Cannonball Thought Experiment","1777384496835.2183","kx7atdvx6eb358qc938x3j7jk585qfzk","1777384496835","1777384496835","26-3-thought-experiment-newton-s-cannonball","{""blockIndex"":69,""chapterNumber"":26,""subjectSlug"":""physics-12""}","published","Uses Newton’s cannonball thought experiment to connect universal gravitation, circular orbital motion, orbital and escape speeds, perpetual free-fall, and the scientific value of conceptual models.","Newton's Cannonball Thought Experiment","ms7fwsm8mbm5jhkkxppdfddgwx85qrzq","1789496696294","4165",
"biology-9","01-the-science-of-biology","The Science Of Biology","1-1-introduction-to-biology","1.1 Introduction to Biology","1781798751036.6343","kx75jeamq62nj72a93r1dwbkwn88whdk","1781798751036","1787579247822","1-1-introduction-to-biology","{""blockIndex"":5,""chapterNumber"":1,""subjectSlug"":""biology-9""}","published","Preserve canonical Biology 9 Chapter 1 note content; verified source anchor 5.","1.1 Introduction to Biology","ms711xcvv64fw9ww1fcswh7dqd88w0k2","1787579247822","2695",
"biology-9","01-the-science-of-biology","The Science Of Biology","1-2-major-fields-of-biology","1.2 Major Fields of Biology","1781798751036.6365","kx704nta57dm17g1kn1g9984k188wxg3","1781798751036","1787579247822","1-2-major-fields-of-biology","{""blockIndex"":24,""chapterNumber"":1,""subjectSlug"":""biology-9""}","published","Preserve canonical Biology 9 Chapter 1 note content; verified source anchor 24.","1.2 Major Fields of Biology","ms7cecd2f3tn45wajvd3r0zt2188x1a2","1787579247822","4663",
"biology-9","01-the-science-of-biology","The Science Of Biology","1-3-relationship-of-biology-with-other-sciences","1.3 Relationship of Biology with Other Sciences","1781798751036.6372","kx7f84rbhr7mfjjc4z48jbqzt988wkj6","1781798751036","1787579247822","1-3-relationship-of-biology-with-other-sciences","{""blockIndex"":34,""chapterNumber"":1,""subjectSlug"":""biology-9""}","published","Preserve canonical Biology 9 Chapter 1 note content; verified source anchor 34.","1.3 Relationship of Biology with Other Sciences","ms7cvx4b7rs7wr63tnkw08mysn88xe63","1787579247822","1868",
"biology-9","01-the-science-of-biology","The Science Of Biology","1-4-careers-that-require-a-background-in-biology","1.4 Careers That Require a Background in Biology","1781798751036.638","kx7ecstj7ky1pyev03qwfe500188w7sc","1781798751036","1787579247822","1-4-careers-that-require-a-background-in-biology","{""blockIndex"":38,""chapterNumber"":1,""subjectSlug"":""biology-9""}","published","Preserve canonical Biology 9 Chapter 1 note content; verified source anchor 38.","1.4 Careers That Require a Background in Biology","ms7763gye24n0806n10bjaebnd88w800","1787579247822","1364",
"biology-9","01-the-science-of-biology","The Science Of Biology","1-5-science-is-a-collaborative-field","1.5 Science Is a Collaborative Field","1781798751036.6387","kx7aj9k4xy53cagg0xyqtsy5p588xhd8","1781798751036","1787579247822","1-5-science-is-a-collaborative-field","{""blockIndex"":41,""chapterNumber"":1,""subjectSlug"":""biology-9""}","published","Preserve canonical Biology 9 Chapter 1 note content; verified source anchor 41.","1.5 Science Is a Collaborative Field","ms7bzndqdw2cxwrwxzrmpjyjes88wawe","1787579247822","1928",
"biology-9","01-the-science-of-biology","The Science Of Biology","1-6-biological-method","1.6 Biological Method","1781798751036.6396","kx7bhjrkpv07nmqgs2ytyn6jwx88wn1z","1781798751036","1787579247822","1-6-biological-method","{""blockIndex"":52,""chapterNumber"":1,""subjectSlug"":""biology-9""}","published","Preserve canonical Biology 9 Chapter 1 note content; verified source anchor 52.","1.6 Biological Method","ms7890g0mydzmsv4g2mgsbej0d88x5m6","1789159169014","1876",
"biology-9","01-the-science-of-biology","The Science Of Biology","1-7-hypothesis-theory-and-law","1.7 Hypothesis, Theory and Law","1781798755333.0757","kx7585tmzxzwgx58mg962zx69d88www2","1781798755333","1787579247822","1-7-hypothesis-theory-and-law","{""blockIndex"":57,""chapterNumber"":1,""subjectSlug"":""biology-9""}","published","Preserve canonical Biology 9 Chapter 1 note content; verified source anchor 57.","1.7 Hypothesis, Theory and Law","ms711340qwj7hshkrbr6fqawd588w7cm","1787579247822","1081",
"biology-9","01-the-science-of-biology","The Science Of Biology","1-8-malaria-an-example-of-biological-method-of-study","1.8 Malaria an Example of Biological Method of Study","1781798755333.0767","kx70y8t57ck81175h5nvaje78988x1wb","1781798755333","1787579247822","1-8-malaria-an-example-of-biological-method-of-study","{""blockIndex"":62,""chapterNumber"":1,""subjectSlug"":""biology-9""}","published","Preserve canonical Biology 9 Chapter 1 note content; verified source anchor 62.","1.8 Malaria an Example of Biological Method of Study","ms76ecfcwnavtcxvaxz83wdvg988xfz3","1787579247822","4536",
"biology-9","02-biodiversity","Biodiversity","2-1-definition-and-introduction-to-biodiversity","2.1 Definition and Introduction to Biodiversity","1781798755333.0828","kx7fj0rpbj96far5qhaq161s4h88wp32","1781798755333","1787579247822","2-1-definition-and-introduction-to-biodiversity","{""blockIndex"":5,""chapterNumber"":2,""subjectSlug"":""biology-9""}","published","Preserve canonical Biology 9 Chapter 2 note content; verified source anchor 5.","2.1 Definition and Introduction to Biodiversity","ms70h181h8y138dp6r40ra1v7d88wxhk","1787579247822","1323",
"biology-9","02-biodiversity","Biodiversity","2-2-classification","2.2 Classification","1781798759369.0725","kx760k67eqhzky4yfm5zptbxvx88wv8v","1781798759369","1787579247822","2-2-classification","{""blockIndex"":13,""chapterNumber"":2,""subjectSlug"":""biology-9""}","published","Preserve canonical Biology 9 Chapter 2 note content; verified source anchor 13.","2.2 Classification","ms71z5cm2y7ey91aahxvs1mfx188x15w","1787579247822","1784",
"biology-9","02-biodiversity","Biodiversity","2-3-history-of-classification","2.3 History of Classification","1781798759369.0737","kx76ydsgafa9jnq09s3xks9am988xdp7","1781798759369","1787579247822","2-3-history-of-classification","{""blockIndex"":22,""chapterNumber"":2,""subjectSlug"":""biology-9""}","published","Preserve canonical Biology 9 Chapter 2 note content; verified source anchor 22.","2.3 History of Classification","ms74gws4t3heq74bvkdp5ss90588x7yc","1787579247822","2222",
"biology-9","02-biodiversity","Biodiversity","2-4-classification-the-three-domains-system","2.4 Classification - the Three Domains System","1781798759369.0745","kx77vg4abxq2h2ggxthqb00n0s88xgjp","1781798759369","1787579247822","2-4-classification-the-three-domains-system","{""blockIndex"":27,""chapterNumber"":2,""subjectSlug"":""biology-9""}","published","Preserve canonical Biology 9 Chapter 2 note content; verified source anchor 27.","2.4 Classification - the Three Domains System","ms7cfg4kwzxy6hey3vftsby73s88w4bm","1787579247822","3823",
"biology-9","02-biodiversity","Biodiversity","2-5-taxonomic-ranks-of-classification","2.5 Taxonomic Ranks of Classification","1781798759369.076","kx7btr6avf8tc0t37bp34yjs9h88xgd6","1781798759369","1787579247822","2-5-taxonomic-ranks-of-classification","{""blockIndex"":42,""chapterNumber"":2,""subjectSlug"":""biology-9""}","published","Preserve canonical Biology 9 Chapter 2 note content; verified source anchor 42.","2.5 Taxonomic Ranks of Classification","ms7399dv1mmzjh5hnye3emns5d88wgjv","1787579247822","1380",
"biology-9","02-biodiversity","Biodiversity","2-6-species","2.6 Species","1781798759369.0767","kx78njhjs8h0mym60097h1vrbx88wbvc","1781798759369","1787579247822","2-6-species","{""blockIndex"":49,""chapterNumber"":2,""subjectSlug"":""biology-9""}","published","Preserve canonical Biology 9 Chapter 2 note content; verified source anchor 49.","2.6 Species","ms7b1807m4m7t0gbpzzjsdw3w988wynb","1787579247822","609",
"biology-9","02-biodiversity","Biodiversity","2-7-binomial-nomenclature","2.7 Binomial Nomenclature","1781798759369.0774","kx7c68e04bhs23b16wcv673r6188wej2","1781798759369","1787579247822","2-7-binomial-nomenclature","{""blockIndex"":52,""chapterNumber"":2,""subjectSlug"":""biology-9""}","published","Preserve canonical Biology 9 Chapter 2 note content; verified source anchor 52.","2.7 Binomial Nomenclature","ms7fv40a5rn90krwjp5fsqrw3d88xvep","1787579247822","1466",
"biology-9","02-biodiversity","Biodiversity","2-8-complications-of-classifying-viruses","2.8 Complications of Classifying Viruses","1781798763382.7214","kx7e96xbjk2r26n5ev60bhsech88wbky","1781798763382","1787579247822","2-8-complications-of-classifying-viruses","{""blockIndex"":59,""chapterNumber"":2,""subjectSlug"":""biology-9""}","published","Preserve canonical Biology 9 Chapter 2 note content; verified source anchor 59.","2.8 Complications of Classifying Viruses","ms7f5bsjsqhd8y2c1nxq89e4ks88wvxy","1787579247822","1170",
"biology-9","03-the-cell","The Cell","3-1-cell","3.1 Cell","1781798763382.7222","kx7afrf1fj7rkh7wxz7znj3en188w7kk","1781798763382","1787579247822","3-1-cell","{""blockIndex"":4,""chapterNumber"":3,""subjectSlug"":""biology-9""}","published","Preserve canonical Biology 9 Chapter 3 note content; verified source anchor 4.","3.1 Cell","ms77dnv9pvbj9awx9s0jswwvax88w89z","1787579247822","2229",
"biology-9","03-the-cell","The Cell","3-1-1-structure-of-cell","3.1.1 Structure of Cell","1781798763382.7231","kx7273mg3gwae78xgy7fm8b9d588wgy6","1781798763382","1787579247822","3-2-structure-of-cell","{""blockIndex"":82,""chapterNumber"":3,""subjectSlug"":""biology-9""}","published","Preserve canonical Biology 9 Chapter 3 note content; verified source anchor 82.","3.1.1 Structure of Cell","ms71hda3k5h7jmq3ynk40pkhkx88x471","1787579247822","14065",
"biology-9","03-the-cell","The Cell","3-2-cell-specialization","3.2 Cell Specialization","1781798763382.728","kx75sjnw1h7h0knsff8p2g1dv988w4tc","1781798763382","1787579247822","3-3-cell-specialization","{""blockIndex"":95,""chapterNumber"":3,""subjectSlug"":""biology-9""}","published","Preserve canonical Biology 9 Chapter 3 note content; verified source anchor 95.","3.2 Cell Specialization","ms78bkgpp0mene2tcdfa2cz2vs88ws37","1787647837795","3559",
"biology-9","03-the-cell","The Cell","3-3-division-of-labour","3.3 Division of Labour","1781798763382.7288","kx7bgma0ajd8pt4hhr94527s1n88xxgm","1781798763382","1787579247822","3-4-division-of-labour","{""blockIndex"":99,""chapterNumber"":3,""subjectSlug"":""biology-9""}","published","Preserve canonical Biology 9 Chapter 3 note content; verified source anchor 99.","3.3 Division of Labour","ms7cf7dx31tjbqtz9524qc4pw588xrna","1787651596358","3933",
"biology-9","04-cell-cycle","Cell Cycle","4-1-cell-cycle","4.1 Cell Cycle","1781798763382.7302","kx74bjmk3c6rf964fhj4jaca6d88x4xe","1781798763382","1787579247822","4-1-cell-cycle","{""blockIndex"":3,""chapterNumber"":4,""subjectSlug"":""biology-9""}","published","Preserve canonical Biology 9 Chapter 3 note content; verified source anchor 4.","4.1 Cell Cycle","ms75vnp0mwqpma02te0kv3513988w1yw","1787653430276","2366",
"biology-9","04-cell-cycle","Cell Cycle","4-2-spindle-apparatus","4.2 Spindle Apparatus","1781798767967.8892","kx7ahzd7bpxgax3h527d8c4bjh88xwh6","1781798767968","1787579247822","4-2-spindle-apparatus","{""blockIndex"":13,""chapterNumber"":4,""subjectSlug"":""biology-9""}","published","Preserve canonical Biology 9 Chapter 3 note content; verified source anchor 82.","4.2 Spindle Apparatus","ms75z0aj07m0r6w2q3t8jab6zx88wp8r","1787654020358","1088",
"biology-9","04-cell-cycle","Cell Cycle","4-3-mitosis","4.3 Mitosis","1781798767967.89","kx7cs6r5c1pny2x2qydrqn3g2s88wkvk","1781798767968","1787579247822","4-3-mitosis","{""blockIndex"":17,""chapterNumber"":4,""subjectSlug"":""biology-9""}","published","Preserve canonical Biology 9 Chapter 3 note content; verified source anchor 95.","4.3 Mitosis","ms74fezr7f17fn6gg8yh4bgrb588wn21","1789161447001","5790",
"biology-9","04-cell-cycle","Cell Cycle","4-4-meiosis","4.4 Meiosis","1781798767967.8923","kx7fjpwc0z3tnqvfh1rzkwrpb988xhg3","1781798767968","1787579247822","4-4-meiosis","{""blockIndex"":43,""chapterNumber"":4,""subjectSlug"":""biology-9""}","published","Preserve canonical Biology 9 Chapter 3 note content; verified source anchor 99.","4.4 Meiosis","ms74zrpze5bv9aw0vd41he18ph88wp6q","1787579247822","4511",
"biology-9","05-tissues-organs-and-organ-systems","Tissues, Organs And Organ Systems","5-1-the-levels-of-organization","5.1 The Levels of Organization","1781798767967.8987","kx7e9sk9rr1qkg9r9ebc0tfmm588xp4v","1781798767968","1787579247822","5-1-the-levels-of-organization","{""blockIndex"":3,""chapterNumber"":5,""subjectSlug"":""biology-9""}","published","Preserve canonical Biology 9 Chapter 5 note content; verified source anchor 3.","5.1 The Levels of Organization","ms76j7eqjdfhq411bwfqky4gzs88wtn3","1788461510446","5229","n57fswxhycn52zhst97yaz7gw9869h2z"
"biology-9","05-tissues-organs-and-organ-systems","Tissues, Organs And Organ Systems","5-2-homeostasis","5.2 Homeostasis","1781798767967.9001","kx7865fdv0zc9zsxxy1zfj5ycd88xe1j","1781798767968","1787579247822","5-2-homeostasis","{""blockIndex"":24,""chapterNumber"":5,""subjectSlug"":""biology-9""}","published","Preserve canonical Biology 9 Chapter 5 note content; verified source anchor 24.","5.2 Homeostasis","ms7e5e7vv791k2tcvz9zffffq588w46k","1787579247822","5376",
"biology-9","05-tissues-organs-and-organ-systems","Tissues, Organs And Organ Systems","5-3-plant-tissues","5.3 Plant Tissues","1781798767967.9014","kx7epbyvagfqkav6rj1gyf8jw588wgtf","1781798767968","1787579247822","5-3-plant-tissues","{""blockIndex"":36,""chapterNumber"":5,""subjectSlug"":""biology-9""}","published","Preserve canonical Biology 9 Chapter 5 note content; verified source anchor 36.","5.3 Plant Tissues","ms76471a9a2xa4nabx9g7qekdd88xagr","1788337075536","5181",
"biology-9","06-molecular-biology","Molecular Biology","6-1-biochemistry-molecular-biology","6.1 Biochemistry / Molecular Biology","1781798772362.2114","kx728dqyvzznanfs17yptnbxms88x3s9","1781798772362","1787579247822","6-1-biochemistry-molecular-biology","{""blockIndex"":3,""chapterNumber"":6,""subjectSlug"":""biology-9""}","published","Preserve canonical Biology 9 Chapter 6 note content; verified source anchor 3.","6.1 Biochemistry / Molecular Biology","ms76tm7yaq9rfd3qzvrjy1xrp588xxaw","1789594210882","1818",
"biology-9","06-molecular-biology","Molecular Biology","6-2-biological-molecules","6.2 Biological Molecules","1781798772362.2126","kx79wwz02y5h779p0sd8vbqnn588wz8r","1781798772362","1787579247822","6-2-biological-molecules","{""blockIndex"":11,""chapterNumber"":6,""subjectSlug"":""biology-9""}","published","Preserve canonical Biology 9 Chapter 6 note content; verified source anchor 11.","6.2 Biological Molecules","ms79vqwqrr4kv04tdbhbavsern88wvmw","1787579247822","1762",
"biology-9","06-molecular-biology","Molecular Biology","6-3-proteins","6.3 Proteins","1781798772362.2134","kx7fb6n8trtkkfx5d2gv2q9sh588x0sx","1781798772362","1787579247822","6-3-proteins","{""blockIndex"":14,""chapterNumber"":6,""subjectSlug"":""biology-9""}","published","Preserve canonical Biology 9 Chapter 6 note content; verified source anchor 14.","6.3 Proteins","ms79btvd9tses19hg3z7z10r7188wcqr","1788333889484","4914",
"biology-9","06-molecular-biology","Molecular Biology","6-4-lipids","6.4 Lipids","1781798772362.2153","kx708335t8pkyt81ksfmc92vr588wtsj","1781798772362","1787579247822","6-4-lipids","{""blockIndex"":35,""chapterNumber"":6,""subjectSlug"":""biology-9""}","published","Preserve canonical Biology 9 Chapter 6 note content; verified source anchor 35.","6.4 Lipids","ms799pbw4zdm4zxr0ymfcrzpcd88x5ye","1788333727056","4063",
"biology-9","06-molecular-biology","Molecular Biology","6-5-carbohydrates","6.5 Carbohydrates","1781798772362.217","kx7agyzq5p1sst7bvj4pqqn8fx88xpe9","1781798772362","1787579247822","6-5-carbohydrates","{""blockIndex"":52,""chapterNumber"":6,""subjectSlug"":""biology-9""}","published","Preserve canonical Biology 9 Chapter 6 note content; verified source anchor 52.","6.5 Carbohydrates","ms781b0t1gvc8jqv40xsecq3bs88xj4p","1788333554976","3353",
"biology-9","06-molecular-biology","Molecular Biology","6-6-classification-of-carbohydrates","6.6 Classification of Carbohydrates","1781798772362.2185","kx7527c3971ryrkzvk3mvcz9th88x63y","1781798772362","1787579247822","6-6-classification-of-carbohydrates","{""blockIndex"":67,""chapterNumber"":6,""subjectSlug"":""biology-9""}","published","Preserve canonical Biology 9 Chapter 6 note content; verified source anchor 67.","6.6 Classification of Carbohydrates","ms70chqn31sxk163b2ghpt7px988w6j1","1787579247822","5792",
"biology-9","06-molecular-biology","Molecular Biology","6-7-nucleic-acids","6.7 Nucleic Acids","1781798777420.3545","kx796hm5x6e6097y2ddq89t2c188xpvd","1781798777420","1787579247822","6-7-nucleic-acids","{""blockIndex"":86,""chapterNumber"":6,""subjectSlug"":""biology-9""}","published","Preserve canonical Biology 9 Chapter 6 note content; verified source anchor 86.","6.7 Nucleic Acids","ms79g0vkfk7qd9dfv4q0xfwhvd88wdcr","1789159824845","3845","n57fswxhycn52zhst97yaz7gw9869h2z"
"biology-9","06-molecular-biology","Molecular Biology","6-8-function-of-dna-genes-as-carrier-of-hereditary-information","6.8 Function of DNA (Genes) as Carrier of Hereditary Information","1781798777420.356","kx72nkeesf193v3p1mr1pgtng188x07e","1781798777420","1787579247822","6-8-function-of-dna-genes-as-carrier-of-hereditary-information","{""blockIndex"":105,""chapterNumber"":6,""subjectSlug"":""biology-9""}","published","Preserve canonical Biology 9 Chapter 6 note content; verified source anchor 105.","6.8 Function of DNA (Genes) as Carrier of Hereditary Information","ms78ya046ezp54aq6nxx4ymwp188w4en","1788337000473","2037",
"biology-9","06-molecular-biology","Molecular Biology","6-9-structure-of-ribonucleic-acid-rna","6.9 Structure of Ribonucleic Acid (RNA)","1781798777420.3572","kx7692jkefkvrajzynm4h9j34188wpfy","1781798777420","1787579247822","6-9-structure-of-ribonucleic-acid-rna","{""blockIndex"":113,""chapterNumber"":6,""subjectSlug"":""biology-9""}","published","Preserve canonical Biology 9 Chapter 6 note content; verified source anchor 113.","6.9 Structure of Ribonucleic Acid (RNA)","ms7am9maq93aqvhe4hsdfrghk588xv1c","1787579247822","513",
"biology-9","06-molecular-biology","Molecular Biology","6-10-function-of-rna-in-converting-hereditary-information-into-useful-proteins","6.10 Function of RNA in Converting Hereditary Information into Useful Proteins","1781798777420.358","kx781f0jv143f4sw4kadq4g3rh88wtts","1781798777420","1787579247822","6-10-function-of-rna-in-converting-hereditary-information-into-useful-proteins","{""blockIndex"":115,""chapterNumber"":6,""subjectSlug"":""biology-9""}","published","Preserve canonical Biology 9 Chapter 6 note content; verified source anchor 115.","6.10 Function of RNA in Converting Hereditary Information into Useful Proteins","ms73e535v4et3vvy0p6df5zjz988wwf9","1787579247822","936",
"biology-9","06-molecular-biology","Molecular Biology","6-11-flow-of-genetic-information-from-dna-to-rna-and-then-to-proteins","6.11 Flow of Genetic Information from DNA to RNA and Then to Proteins","1781798777420.359","kx721d5yw6an5yyhw24a5wce1188x0gs","1781798777420","1787579247822","6-11-flow-of-genetic-information-from-dna-to-rna-and-then-to-proteins","{""blockIndex"":119,""chapterNumber"":6,""subjectSlug"":""biology-9""}","published","Preserve canonical Biology 9 Chapter 6 note content; verified source anchor 119.","6.11 Flow of Genetic Information from DNA to RNA and Then to Proteins","ms74vfq0ky73a0511grebbhzsx88x7e2","1788336968872","1453",
"biology-9","07-metabolism","Metabolism","7-1-metabolism-and-its-types","7.1 Metabolism and Its Types","1781798777420.36","kx7990v2hfhjgqcy8ekedh4bh588wz0f","1781798777420","1787579247822","7-1-metabolism-and-its-types","{""blockIndex"":4,""chapterNumber"":7,""subjectSlug"":""biology-9""}","published","Preserve canonical Biology 9 Chapter 7 note content; verified source anchor 4.","7.1 Metabolism and Its Types","ms7dj91ba4mvs7gbd20gb02p2d88xc5g","1787579247822","1141",
"biology-9","07-metabolism","Metabolism","7-2-enzymes-and-their-characteristics","7.2 Enzymes and Their Characteristics","1781798781838.0542","kx71g1d3gna2442tzykam9mays88xsbp","1781798781838","1787579247822","7-2-enzymes-and-their-characteristics","{""blockIndex"":7,""chapterNumber"":7,""subjectSlug"":""biology-9""}","published","Preserve canonical Biology 9 Chapter 7 note content; verified source anchor 7.","7.2 Enzymes and Their Characteristics","ms7dd81bsjpp3vqzt3ckjfe03s88wdtr","1788461389948","4966",
"biology-9","07-metabolism","Metabolism","7-3-mechanism-of-enzyme-action","7.3 Mechanism of Enzyme Action","1781798781838.0571","kx79qbhhjax41a7j4469xkx88188xvc9","1781798781838","1787579247822","7-3-mechanism-of-enzyme-action","{""blockIndex"":30,""chapterNumber"":7,""subjectSlug"":""biology-9""}","published","Preserve canonical Biology 9 Chapter 7 note content; verified source anchor 29.","7.3 Mechanism of Enzyme Action","ms739ynb14267nfz2e2xngcss988x1an","1787579247822","876",
"biology-9","07-metabolism","Metabolism","7-4-factors-affecting-enzyme-activity","7.4 Factors Affecting Enzyme Activity","1781798781838.0579","kx71s5gxtkb44cnrxv1tq9a2r188wwr0","1781798781838","1787579247822","7-4-factors-affecting-enzyme-activity","{""blockIndex"":33,""chapterNumber"":7,""subjectSlug"":""biology-9""}","published","Preserve canonical Biology 9 Chapter 7 note content; verified source anchor 33.","7.4 Factors Affecting Enzyme Activity","ms744tr2kge8y2dy23fdvmsty988wpcf","1788336914015","5525",
"biology-9","07-metabolism","Metabolism","7-5-enzyme-inhibition","7.5 Enzyme Inhibition","1781798781838.0596","kx731f3smwt35vcmtv90tmjsf988x66v","1781798781838","1787579247822","7-5-enzyme-inhibition","{""blockIndex"":46,""chapterNumber"":7,""subjectSlug"":""biology-9""}","published","Preserve canonical Biology 9 Chapter 7 note content; verified source anchor 46.","7.5 Enzyme Inhibition","ms7ahmxxbfv1h6m6erg90xfxn988xnaf","1787579247822","1903",
"biology-9","07-metabolism","Metabolism","7-6-role-of-atp-the-energy-currency-of-cell","7.6 Role of ATP - the Energy Currency of Cell","1781798781838.0608","kx77hteh6dmc8p2v786zq94e5h88xbx2","1781798781838","1787579247822","7-6-role-of-atp-the-energy-currency-of-cell","{""blockIndex"":53,""chapterNumber"":7,""subjectSlug"":""biology-9""}","published","Preserve canonical Biology 9 Chapter 7 note content; verified source anchor 53.","7.6 Role of ATP - the Energy Currency of Cell","ms77nqszggaw9kevwzeydxsrcx88xbwb","1788336791156","2874",
"biology-9","07-metabolism","Metabolism","7-7-photosynthesis","7.7 Photosynthesis","1781798781838.062","kx7286kz7b2v63b8yy0kqdxxf588wkyy","1781798781838","1787579247822","7-7-photosynthesis","{""blockIndex"":69,""chapterNumber"":7,""subjectSlug"":""biology-9""}","published","Preserve canonical Biology 9 Chapter 7 note content; verified source anchor 69.","7.7 Photosynthesis","ms70vpk4w2jqr9mv1kvk1698ms88wya5","1788336302720","5610",
"biology-9","07-metabolism","Metabolism","7-8-respiration","7.8 Respiration","1781798785903.4185","kx78wggz1fqxxp5ezdcwjpcmv988xz3d","1781798785903","1787579247822","7-8-respiration","{""blockIndex"":88,""chapterNumber"":7,""subjectSlug"":""biology-9""}","published","Preserve canonical Biology 9 Chapter 7 note content; verified source anchor 88.","7.8 Respiration","ms7fzpg6yyjcank65v4h1xm4gs88xn3n","1788336094357","5757",
"biology-9","08-plant-physiology","Plant Physiology","8-1-nutrition-in-plants","8.1 Nutrition in Plants","1781798785903.42","kx7cx2q8b03qggcme1zx60az6s88w3zg","1781798785903","1787579247822","8-1-nutrition-in-plants","{""blockIndex"":5,""chapterNumber"":8,""subjectSlug"":""biology-9""}","published","Preserve canonical Biology 9 Chapter 8 note content; verified source anchor 5.","8.1 Nutrition in Plants","ms79vw0zsjbs5nhwejv1gw7k0d88wbfq","1788461320762","3144",
"biology-9","08-plant-physiology","Plant Physiology","8-2-transport-in-plants","8.2 Transport in Plants","1781798785903.4214","kx78yjdg3rkg0c06m616nxevpd88xqhh","1781798785903","1787579247822","8-2-transport-in-plants","{""blockIndex"":16,""chapterNumber"":8,""subjectSlug"":""biology-9""}","published","Preserve canonical Biology 9 Chapter 8 note content; verified source anchor 16.","8.2 Transport in Plants","ms75ez8fjr4693yzje4gytxbk188xzmg","1788336061673","19574",
"biology-9","08-plant-physiology","Plant Physiology","8-3-gas-exchange-in-plants","8.3 Gas Exchange in Plants","1781798785903.4287","kx79yfr4ddgc621me677zvynph88wvap","1781798785903","1787579247822","8-3-gas-exchange-in-plants","{""blockIndex"":94,""chapterNumber"":8,""subjectSlug"":""biology-9""}","published","Preserve canonical Biology 9 Chapter 8 note content; verified source anchor 94.","8.3 Gas Exchange in Plants","ms7cv9k4h9hcyjjvjfagg7gr7n88xv78","1788333030571","4838",
"biology-9","08-plant-physiology","Plant Physiology","8-4-homeostasis-in-plants","8.4 Homeostasis in Plants","1781798785903.432","kx7121088qdmbbmjmgr9k4hq3h88xqr0","1781798785903","1787579247822","8-4-homeostasis-in-plants","{""blockIndex"":120,""chapterNumber"":8,""subjectSlug"":""biology-9""}","published","Preserve canonical Biology 9 Chapter 8 note content; verified source anchor 120.","8.4 Homeostasis in Plants","ms7dhzf93xtbsf1db6d1chhn7s88x2mb","1787579247822","5161",
"biology-9","09-plant-reproduction","Plant Reproduction","9-1-asexual-reproduction","9.1 Asexual Reproduction","1781798785903.4358","kx7cx87tj1wr477bh3j5zqf3gh88xn42","1781798785903","1787579247822","9-1-asexual-reproduction","{""blockIndex"":5,""chapterNumber"":9,""subjectSlug"":""biology-9""}","published","Preserve canonical Biology 9 Chapter 9 note content; verified source anchor 5.","9.1 Asexual Reproduction","ms74gbjs63scqhegjds4tnwmzn88wq8s","1788460989277","15097",
"biology-9","09-plant-reproduction","Plant Reproduction","9-2-sexual-reproduction","9.2 Sexual Reproduction","1781798794328.5972","kx7c8f9b6pqvw9a2nm0cy71ey188xdq0","1781798794328","1787579247822","9-2-sexual-reproduction","{""blockIndex"":72,""chapterNumber"":9,""subjectSlug"":""biology-9""}","published","Preserve canonical Biology 9 Chapter 9 note content; verified source anchor 72.","9.2 Sexual Reproduction","ms7f7ee9h3e6tk6ng0f4tamxjh88wzrb","1788308490125","13790",
"biology-9","10-evolution","Evolution","10-1-variation-and-evolution","10.1 Variation and Evolution","1781798755333.0781","kx749vx325twbtd5rdga8th23s88xtzg","1781798755333","1787579247822","10-1-variation-and-evolution","{""blockIndex"":5,""chapterNumber"":10,""subjectSlug"":""biology-9""}","published","Preserve canonical Biology 9 Chapter 10 note content; verified source anchor 5.","10.1 Variation and Evolution","ms7e69tmmvh9fx6a86kz15k65x88w44a","1789413414090","7628","n57fswxhycn52zhst97yaz7gw9869h2z"
"biology-9","10-evolution","Evolution","10-2-evidences-of-evolution","10.2 Evidences of Evolution","1781798755333.08","kx79zaj5djas8fxces1st0wy4n88xxdn","1781798755333","1787579247822","10-2-evidences-of-evolution","{""blockIndex"":29,""chapterNumber"":10,""subjectSlug"":""biology-9""}","published","Preserve canonical Biology 9 Chapter 10 note content; verified source anchor 29.","10.2 Evidences of Evolution","ms7ccwxpk69mpdyj2rmmwrwy7n88w324","1788336709230","4134",
"biology-9","10-evolution","Evolution","10-3-speciation","10.3 Speciation","1781798755333.082","kx71jr1y4gtsm5g0d28e0ywsq588wc2e","1781798755333","1787579247822","10-3-speciation","{""blockIndex"":47,""chapterNumber"":10,""subjectSlug"":""biology-9""}","published","Preserve canonical Biology 9 Chapter 10 note content; verified source anchor 47.","10.3 Speciation","ms7ag63zzzdxt186x8h2frs9h588x6yp","1787579247822","559",
"chemistry-9","01-nature-of-science-in-chemistry","Nature Of Science In Chemistry","1-1-definition-of-chemistry-and-its-interaction-with-other-matter-and-energy","1.1 Definition of Chemistry and Its Interaction with Other Matter and Energy:","1785799984101.7212","kx7dwttxmbpkdrdqmpxvwj671d8brd1j","1785799984101","1787579252426","1-1-definition-of-chemistry-and-its-interaction-with-other-matter-and-energy","{""blockIndex"":0,""chapterNumber"":1,""subjectSlug"":""chemistry-9""}","published",,"1.1 Definition of Chemistry and Its Interaction with Other Matter and Energy:","ms72cebjst8w4ynrt6y2hqhdt98bsdgs","1788461603754","598",
"chemistry-9","01-nature-of-science-in-chemistry","Nature Of Science In Chemistry","1-2-branches-of-chemistry","1.2 Branches of Chemistry","1785799984101.7217","kx74kbvptkx1np3mxvssfaq7bh8br05w","1785799984101","1787579252426","1-2-branches-of-chemistry","{""blockIndex"":5,""chapterNumber"":1,""subjectSlug"":""chemistry-9""}","published",,"1.2 Branches of Chemistry","ms72n6ha7c042yj7hzka6mtv7n8brbmb","1787579252426","2330",
"chemistry-9","01-nature-of-science-in-chemistry","Nature Of Science In Chemistry","1-3-examples-of-essential-questions-that-are-important-for-the-branches-of-chemistry","1.3 Examples of Essential Questions That Are Important for the Branches of Chemistry","1785799984101.7222","kx77ek6qy7gqvdr9t473s3465s8bszdd","1785799984101","1787579252426","1-3-examples-of-essential-questions-that-are-important-for-the-branches-of-chemistry","{""blockIndex"":9,""chapterNumber"":1,""subjectSlug"":""chemistry-9""}","published",,"1.3 Examples of Essential Questions That Are Important for the Branches of Chemistry","ms7a8byj2shaakx1hcc29qhjxs8brxzz","1787579252426","1786",
"chemistry-9","01-nature-of-science-in-chemistry","Nature Of Science In Chemistry","1-4-daily-life-applications-of-chemistry","1.4 Daily Life Applications of Chemistry","1785799984101.7227","kx73nn8x78b3y607h4zzx0017s8brp3t","1785799984101","1787579252426","1-4-daily-life-applications-of-chemistry","{""blockIndex"":33,""chapterNumber"":1,""subjectSlug"":""chemistry-9""}","published",,"1.4 Daily Life Applications of Chemistry","ms732exjzcwe504gtzkh371emn8bs0dy","1788460790822","1268",
"chemistry-9","01-nature-of-science-in-chemistry","Nature Of Science In Chemistry","1-5-science-technology-and-engineering","1.5 'Science' 'Technology' and 'Engineering'","1785799984101.7239","kx71mzkbkap12pepmm3p6y01rh8bskm4","1785799984101","1787579252426","1-5-science-technology-and-engineering","{""blockIndex"":41,""chapterNumber"":1,""subjectSlug"":""chemistry-9""}","published",,"1.5 'Science' 'Technology' and 'Engineering'","ms7fbajqnszvq7r0rb3c502p4h8bsgch","1787579252426","1458",
"chemistry-9","01-nature-of-science-in-chemistry","Nature Of Science In Chemistry","1-6-applications-of-science-and-technology-and-engineering","1.6 Applications of Science and Technology and Engineering","1785799984101.7249","kx717r8a9vv49p44m7y89tz1418bst50","1785799984101","1787579252426","1-6-applications-of-science-and-technology-and-engineering","{""blockIndex"":47,""chapterNumber"":1,""subjectSlug"":""chemistry-9""}","published",,"1.6 Applications of Science and Technology and Engineering","ms77tyjs8msjpvasrh41em9zjd8bszrq","1788307845462","4208",
"chemistry-9","02-matter","Matter","2-1-state-of-matter","2.1 State of Matter","1785799989791.829","kx7ayk0j7m311dxkyhnd7v0xq98bsdtg","1785799989791","1787579252426","2-1-state-of-matter","{""blockIndex"":6,""chapterNumber"":2,""subjectSlug"":""chemistry-9""}","published",,"2.1 State of Matter","ms724f6azxbj9qpp3d8qa00v798bs34j","1788460768747","3667",
"chemistry-9","02-matter","Matter","2-2-elements-compounds-and-mixtures","2.2 Elements, Compounds and Mixtures","1785799989791.8298","kx7ez67f7fny6w79xt957ss9p18brs4e","1785799989791","1787579252426","2-2-elements-compounds-and-mixtures","{""blockIndex"":15,""chapterNumber"":2,""subjectSlug"":""chemistry-9""}","published",,"2.2 Elements, Compounds and Mixtures","ms76fe75qnxq8982kye34wcse18bsfh2","1787579252426","1758",
"chemistry-9","02-matter","Matter","2-3-allotropes","2.3 Allotropes","1785799989791.8303","kx78xxfyrgmzc249kmhbb5775x8br34b","1785799989791","1787579252426","2-3-allotropes","{""blockIndex"":19,""chapterNumber"":2,""subjectSlug"":""chemistry-9""}","published",,"2.3 Allotropes","ms77cr86xp1x0da9bczxvwrnvd8bsxdw","1787579252426","1630",
"chemistry-9","02-matter","Matter","2-4-solution","2.4 Solution","1785799989791.8308","kx7fqpb6yb8gyyprpt6hb3x3p58bs4hx","1785799989791","1787579252426","2-4-solution","{""blockIndex"":21,""chapterNumber"":2,""subjectSlug"":""chemistry-9""}","published",,"2.4 Solution","ms716hqt5amw27ye2wrpwjqax58bs9vh","1788305009503","8644",
"chemistry-9","02-matter","Matter","2-5-colloids-suspensions","2.5 Colloids \& Suspensions","1785799989791.834","kx7fwpkqkzqwk62zh57vqhqsjn8bszf5","1785799989791","1787579252426","2-5-colloids-suspensions","{""blockIndex"":53,""chapterNumber"":2,""subjectSlug"":""chemistry-9""}","published",,"2.5 Colloids \& Suspensions","ms76gx9bfb6cysdm7dbj8737ts8brhck","1788251619952","3750",
"chemistry-9","03-atomic-structure","Atomic Structure","3-1-atomic-models","3.1 Atomic Models","1785799989791.836","kx7dggacxyjzar5wdyc6x13gnn8br6c0","1785799989791","1787579252426","3-1-atomic-models","{""blockIndex"":7,""chapterNumber"":3,""subjectSlug"":""chemistry-9""}","published",,"3.1 Atomic Models","ms7bkghkc04hf7b4kpynhwgjes8brpv4","1787579252426","9525",
"chemistry-9","03-atomic-structure","Atomic Structure","3-2-subatomic-particles","3.2 Subatomic Particles","1785799995813.935","kx7d6c9pfmg85cv0pn86s5m8058bsxfs","1785799995814","1787579252426","3-2-subatomic-particles","{""blockIndex"":38,""chapterNumber"":3,""subjectSlug"":""chemistry-9""}","published",,"3.2 Subatomic Particles","ms7d4fr22bmc9k77jszgavb9018brx3w","1787579252426","2732",
"chemistry-9","03-atomic-structure","Atomic Structure","3-3-proton-or-atomic-number","3.3 Proton or Atomic Number","1785799995813.936","kx71hpst06j077ds9a6k7ykxj98brdx3","1785799995814","1787579252426","3-3-proton-or-atomic-number","{""blockIndex"":52,""chapterNumber"":3,""subjectSlug"":""chemistry-9""}","published",,"3.3 Proton or Atomic Number","ms7d0kt0gr60xxtvtsz264zkfd8brjdr","1787579252426","3327",
"chemistry-9","03-atomic-structure","Atomic Structure","3-4-relative-atomic-mass-and-atomic-mass-unit","3.4 Relative Atomic Mass and Atomic Mass Unit","1785799995813.937","kx728tzhnw9hrheb1thbdwztt18bs2km","1785799995814","1787579252426","3-4-relative-atomic-mass-and-atomic-mass-unit","{""blockIndex"":62,""chapterNumber"":3,""subjectSlug"":""chemistry-9""}","published",,"3.4 Relative Atomic Mass and Atomic Mass Unit","ms7646sxkdzkhdbv2c89289b118brh5r","1787579252426","2043",
"chemistry-9","03-atomic-structure","Atomic Structure","3-5-isotopes","3.5 Isotopes","1785799995813.9375","kx71bbp559kmzyqht96k7s0b518bsdcd","1785799995814","1787579252426","3-5-isotopes","{""blockIndex"":69,""chapterNumber"":3,""subjectSlug"":""chemistry-9""}","published",,"3.5 Isotopes","ms73dkffwn34zbgqjn0nxgye358br3w9","1788305009697","8647",
"chemistry-9","03-atomic-structure","Atomic Structure","3-6-cations-and-anions","3.6 Cations and Anions:","1785799995813.9407","kx7fwmgw9pfgtrzp973rdff8h18bryh4","1785799995814","1787579252426","3-6-cations-and-anions","{""blockIndex"":115,""chapterNumber"":3,""subjectSlug"":""chemistry-9""}","published",,"3.6 Cations and Anions:","ms7cz6ejexq19bvka5qsv1svpn8brabp","1787579252426","4133",
"chemistry-9","03-atomic-structure","Atomic Structure","3-7-electronic-configuration","3.7 Electronic Configuration","1785799995813.9417","kx7a54ftarxaebs13k87yjgpjn8br3ar","1785799995814","1787579252426","3-7-electronic-configuration","{""blockIndex"":123,""chapterNumber"":3,""subjectSlug"":""chemistry-9""}","published",,"3.7 Electronic Configuration","ms797ftbfgyc9t9z90gfjcde7x8bsg7a","1788251620118","3715",
"chemistry-9","04-periodic-table-and-periodicity-of-properties","Periodic Table And Periodicity Of Properties","4-1-periodic-table","4.1 Periodic Table","1785800003415.8743","kx78n8dc9jprb2jjfzfhd6pqbn8brv1e","1785800003415","1787579252426","4-1-periodic-table","{""blockIndex"":7,""chapterNumber"":4,""subjectSlug"":""chemistry-9""}","published",,"4.1 Periodic Table","ms7dm8mdp5aa5y7vebn3vt7q6h8bsktm","1788305009799","10227",
"chemistry-9","04-periodic-table-and-periodicity-of-properties","Periodic Table And Periodicity Of Properties","4-2-group-number-and-charge-on-an-ion","4.2 Group Number and Charge on an Ion","1785800003415.8767","kx7308z38x819g3w7ehdgec7wd8brvkt","1785800003415","1787579252426","4-2-group-number-and-charge-on-an-ion","{""blockIndex"":29,""chapterNumber"":4,""subjectSlug"":""chemistry-9""}","published",,"4.2 Group Number and Charge on an Ion","ms7dk0am021h8f006dzcmpep818brtz0","1787579252426","5929",
"chemistry-9","04-periodic-table-and-periodicity-of-properties","Periodic Table And Periodicity Of Properties","4-3-periodicity-of-properties","4.3 Periodicity of Properties","1785800003415.8774","kx795efymrctcwfgrdt88dqy7d8brchw","1785800003415","1787579252426","4-3-periodicity-of-properties","{""blockIndex"":46,""chapterNumber"":4,""subjectSlug"":""chemistry-9""}","published",,"4.3 Periodicity of Properties","ms722eh9pk9bxg314det44ba298bs64v","1788305009894","12855",
"chemistry-9","04-periodic-table-and-periodicity-of-properties","Periodic Table And Periodicity Of Properties","4-4-characteristic-properties","4.4 Characteristic Properties","1785800003415.8794","kx717thrb5ex1va4sa9wyx1edh8br7wm","1785800003415","1787579252426","4-4-characteristic-properties","{""blockIndex"":99,""chapterNumber"":4,""subjectSlug"":""chemistry-9""}","published",,"4.4 Characteristic Properties","ms73qcxsdyws4jycbpxhqbdr498brcky","1788305010004","7403",
"chemistry-9","04-periodic-table-and-periodicity-of-properties","Periodic Table And Periodicity Of Properties","4-5-transition-elements","4.5 Transition Elements","1785800003415.8818","kx7e77jcgwp8ycq73pkb6y7y2n8br8n8","1785800003415","1787579252426","4-5-transition-elements","{""blockIndex"":129,""chapterNumber"":4,""subjectSlug"":""chemistry-9""}","published",,"4.5 Transition Elements","ms75rw9nbty273vjjvt670zrj98breqx","1787579252426","1780",
"chemistry-9","04-periodic-table-and-periodicity-of-properties","Periodic Table And Periodicity Of Properties","4-6-lanthanides-actinides","4.6 Lanthanides \& Actinides","1785800003415.8823","kx7dfpa7ccsqmsffsr93jpv7358brj5n","1785800003415","1787579252426","4-6-lanthanides-actinides","{""blockIndex"":132,""chapterNumber"":4,""subjectSlug"":""chemistry-9""}","published",,"4.6 Lanthanides \& Actinides","ms7dtz8v0p593m6s2f3n3a3ar58brf5a","1787579252426","299",
"chemistry-9","04-periodic-table-and-periodicity-of-properties","Periodic Table And Periodicity Of Properties","4-7-halogens","4.7 Halogens","1785800009733.602","kx73d1vw0ap0r9s9evqcfbmxsn8brzwb","1785800009733","1787579252426","4-7-halogens","{""blockIndex"":134,""chapterNumber"":4,""subjectSlug"":""chemistry-9""}","published",,"4.7 Halogens","ms7cnpe4dmw7d3fa242s6c82598bszym","1788305010093","6287",
"chemistry-9","04-periodic-table-and-periodicity-of-properties","Periodic Table And Periodicity Of Properties","4-8-noble-gases","4.8 Noble Gases","1785800009733.6047","kx75xg01mr32769hq39ckjd8898bsdtq","1785800009733","1787579252426","4-8-noble-gases","{""blockIndex"":158,""chapterNumber"":4,""subjectSlug"":""chemistry-9""}","published",,"4.8 Noble Gases","ms7arpez8g42b55evdq41t7c9d8brfs3","1787579252426","1490",
"chemistry-9","04-periodic-table-and-periodicity-of-properties","Periodic Table And Periodicity Of Properties","4-9-comparison-of-general-physical-properties-of-metals-and-non-metals","4.9 Comparison of General Physical Properties of Metals and Non-metals:","1785800009733.6052","kx7601gb5xevccn2p3dqcf1wex8brw55","1785800009733","1787579252426","4-9-comparison-of-general-physical-properties-of-metals-and-non-metals","{""blockIndex"":161,""chapterNumber"":4,""subjectSlug"":""chemistry-9""}","published",,"4.9 Comparison of General Physical Properties of Metals and Non-metals:","ms7b1dew426qpxjng14awk4zb18bsv83","1788251607023","2797",
"chemistry-9","05-chemical-bonding","Chemical Bonding","5-1-why-do-atoms-react","5.1 Why Do Atoms React?","1785800009733.6067","kx703grrm045ns0qhhj9rqrshn8brrt4","1785800009733","1787579252426","5-1-why-do-atoms-react","{""blockIndex"":6,""chapterNumber"":5,""subjectSlug"":""chemistry-9""}","published",,"5.1 Why Do Atoms React?","ms74qdn8g0qjdpxz1fsfffmmvd8bredj","1787579252426","4281",
"chemistry-9","05-chemical-bonding","Chemical Bonding","5-2-chemical-bonds","5.2 Chemical Bonds","1785800009733.608","kx77kyv24vzt9046jr0bqd86958bswwb","1785800009733","1787579252426","5-2-chemical-bonds","{""blockIndex"":19,""chapterNumber"":5,""subjectSlug"":""chemistry-9""}","published",,"5.2 Chemical Bonds","ms7b3snv0fapjhcc7ytm5dywtd8br01h","1787579252426","1954",
"chemistry-9","05-chemical-bonding","Chemical Bonding","5-3-types-of-bonds","5.3 Types of Bonds","1785800009733.6086","kx77gbqfqmae79kks9kejcpafh8bsv7k","1785800009733","1787579252426","5-3-types-of-bonds","{""blockIndex"":26,""chapterNumber"":5,""subjectSlug"":""chemistry-9""}","published",,"5.3 Types of Bonds","ms7bdy0bqp1q2hfdysrx37efqd8bsyw2","1787579252426","18439",
"chemistry-9","05-chemical-bonding","Chemical Bonding","5-4-intermolecular-forces","5.4 Intermolecular Forces","1785800015297.766","kx70k52b1hryyx2raeex8sedj18bs7wk","1785800015297","1787579252426","5-4-intermolecular-forces","{""blockIndex"":53,""chapterNumber"":5,""subjectSlug"":""chemistry-9""}","published",,"5.4 Intermolecular Forces","ms7dqv0cyr25n91w2n77k3rqw98brtyz","1787579252426","2932",
"chemistry-9","05-chemical-bonding","Chemical Bonding","5-5-nature-of-bonding-structure-and-properties","5.5 Nature of Bonding, Structure and Properties","1785800015297.767","kx77yhx45qdefrkgh666hepmbd8br2ca","1785800015297","1787579252426","5-5-nature-of-bonding-structure-and-properties","{""blockIndex"":61,""chapterNumber"":5,""subjectSlug"":""chemistry-9""}","published",,"5.5 Nature of Bonding, Structure and Properties","ms7bk5s5cq0tyczg4wcycbp83h8bs9ba","1787579252426","9742",
"chemistry-9","05-chemical-bonding","Chemical Bonding","5-6-metallic-bonds","5.6 Metallic Bonds","1785800015297.7698","kx77fn85da7dz6haeqvvb3psqd8bra08","1785800015297","1787579252426","5-6-metallic-bonds","{""blockIndex"":95,""chapterNumber"":5,""subjectSlug"":""chemistry-9""}","published",,"5.6 Metallic Bonds","ms72mmypprbgpctepey1vmk7758bsans","1788251620283","2624",
"chemistry-9","06-stoichiometery","Stoichiometery","6-1-empirical-formula-and-molecular-formula","6.1 Empirical Formula and Molecular Formula","1785800015297.7715","kx7cbkfh8paaaaj18vj0kfmtf18brt6p","1785800015297","1787579252426","6-1-empirical-formula-and-molecular-formula","{""blockIndex"":7,""chapterNumber"":6,""subjectSlug"":""chemistry-9""}","published",,"6.1 Empirical Formula and Molecular Formula","ms7b9dsc1hdyd289536tzj0jm18bs509","1787579252426","4394",
"chemistry-9","06-stoichiometery","Stoichiometery","6-2-molecular-mass-and-formula-mass","6.2 Molecular Mass and Formula Mass","1785800015297.7732","kx7aqs1n8dbe1zd632h0j323gn8brw5c","1785800015297","1787579252426","6-2-molecular-mass-and-formula-mass","{""blockIndex"":14,""chapterNumber"":6,""subjectSlug"":""chemistry-9""}","published",,"6.2 Molecular Mass and Formula Mass","ms71ezfsv5q2t8hden5gvdvtdx8bsfb7","1787579252426","3076",
"chemistry-9","06-stoichiometery","Stoichiometery","6-3-chemical-formula-and-name-of-binary-ionic-compounds","6.3 Chemical Formula and Name of Binary Ionic Compounds","1785800015297.774","kx71t4y5yqwtjv5s3emcze0vt98bsra8","1785800015297","1787579252426","6-3-chemical-formula-and-name-of-binary-ionic-compounds","{""blockIndex"":26,""chapterNumber"":6,""subjectSlug"":""chemistry-9""}","published",,"6.3 Chemical Formula and Name of Binary Ionic Compounds","ms7e62qb967nsc2mfh76kk3w318bs8xk","1787579252426","2039",
"chemistry-9","06-stoichiometery","Stoichiometery","6-4-avogadro-s-number-and-mole","6.4 Avogadro's Number and Mole","1785800021739.8262","kx79jx2qrms4kr77zkfrzynxts8brpyw","1785800021739","1787579252426","6-4-avogadro-s-number-and-mole","{""blockIndex"":32,""chapterNumber"":6,""subjectSlug"":""chemistry-9""}","published",,"6.4 Avogadro's Number and Mole","ms7dhsv6q3xrt5vv7g5wwkgjns8br6gg","1788460643620","5108",
"chemistry-9","06-stoichiometery","Stoichiometery","6-5-chemical-calculations","6.5 Chemical Calculations","1785800021739.8267","kx73bzx1r9787kh4w3rzqfbhex8bsh4d","1785800021739","1787579252426","6-5-chemical-calculations","{""blockIndex"":49,""chapterNumber"":6,""subjectSlug"":""chemistry-9""}","published",,"6.5 Chemical Calculations","ms77e45aem9bhnprm39de0b0c18bra7m","1787579252426","9587",
"chemistry-9","06-stoichiometery","Stoichiometery","6-6-chemical-equation-and-balancing","6.6 Chemical Equation and Balancing","1785800021739.8281","kx74snqzv7277kfmw7tsjphk8h8bratv","1785800021739","1787579252426","6-6-chemical-equation-and-balancing","{""blockIndex"":94,""chapterNumber"":6,""subjectSlug"":""chemistry-9""}","published",,"6.6 Chemical Equation and Balancing","ms7e9mtt99dtzgfaqt9atdbhtx8bs2jw","1787579252426","4870",
"chemistry-9","06-stoichiometery","Stoichiometery","6-7-molecular-and-structural-formula","6.7 Molecular and Structural Formula","1785800021739.8296","kx70pn7649fntj7bqyv5m827b18bsqft","1785800021739","1787579252426","6-7-molecularand-structural-formula","{""blockIndex"":119,""chapterNumber"":6,""subjectSlug"":""chemistry-9""}","published",,"6.7 Molecularand Structural Formula","ms75jbr1n3qpfcd3n95zq6n1c18brsj8","1788251620447","2502",
"chemistry-9","07-electrochemistry","Electrochemistry","7-1-oxidation-and-reduction","7.1 Oxidation and Reduction","1785800021739.831","kx73vjvzw6hvgfcemc2d314b5d8bre8k","1785800021739","1787579252426","7-1-oxidation-and-reduction","{""blockIndex"":5,""chapterNumber"":7,""subjectSlug"":""chemistry-9""}","published",,"7.1 Oxidation and Reduction","ms7bxatrbc9b39w6s06n0gg2818bsde6","1787579252426","6754",
"chemistry-9","07-electrochemistry","Electrochemistry","7-2-oxidation-states-and-rules-for-assigning-oxidation-states","7.2 Oxidation States and Rules for Assigning Oxidation States","1785800021739.833","kx789662vm0ekwqwa9dqae6rm98brqsh","1785800021739","1787579252426","7-2-oxidation-states-and-rules-for-assigning-oxidation-states","{""blockIndex"":31,""chapterNumber"":7,""subjectSlug"":""chemistry-9""}","published",,"7.2 Oxidation States and Rules for Assigning Oxidation States","ms7e9n0y9w0j7ar5bx8aqds79n8brzhh","1787579252426","6360",
"chemistry-9","07-electrochemistry","Electrochemistry","7-3-formula-of-an-ionic-compound","7.3 Formula of an Ionic Compound","1785800027371.6748","kx74g1chejwp94xzg7kdfscpe18bsrsz","1785800027371","1787579252426","7-3-formula-of-an-ionic-compound","{""blockIndex"":51,""chapterNumber"":7,""subjectSlug"":""chemistry-9""}","published",,"7.3 Formula of an Ionic Compound","ms75wwf05jhtz0kmfj2hd4t0tn8bsrq7","1787579252426","2453",
"chemistry-9","07-electrochemistry","Electrochemistry","7-4-oxidizing-and-reducing-agents","7.4 Oxidizing and Reducing Agents","1785800027371.6755","kx7f5ce2mvgpg02sh1d9ja8ya98bseqd","1785800027371","1787579252426","7-4-oxidizing-and-reducing-agents","{""blockIndex"":55,""chapterNumber"":7,""subjectSlug"":""chemistry-9""}","published",,"7.4 Oxidizing and Reducing Agents","ms7d7b8wd1rc11hmtcvw82pvqs8brqvj","1788305010183","7038",
"chemistry-9","07-electrochemistry","Electrochemistry","7-5-corrosion-and-its-prevention","7.5 Corrosion and Its Prevention","1785800027371.6772","kx73gf8wct1ce983h6che8z8d18br39v","1785800027371","1787579252426","7-5-corrosion-and-its-prevention","{""blockIndex"":79,""chapterNumber"":7,""subjectSlug"":""chemistry-9""}","published",,"7.5 Corrosion and Its Prevention","ms784ryycpa70mrzfrzp7mper98br80g","1788251620605","4765",
"chemistry-9","08-energetics","Energetics","8-1-energy-in-chemical-reactions","8.1 Energy in Chemical Reactions","1785800027371.6792","kx7b6ekpdtqsnaz5177xsfhxas8bsa5a","1785800027371","1787579252426","8-1-energy-in-chemical-reactions","{""blockIndex"":6,""chapterNumber"":8,""subjectSlug"":""chemistry-9""}","published",,"8.1 Energy in Chemical Reactions","ms745w7hf38h3nn6csw8ync9118brk0w","1787579252426","1833",
"chemistry-9","08-energetics","Energetics","8-2-thermochemical-reactions","8.2 Thermochemical Reactions","1785800027371.6802","kx7ahtvjy23cn9vydq31xp37w98bsnak","1785800027371","1787579252426","8-2-thermochemical-reactions","{""blockIndex"":10,""chapterNumber"":8,""subjectSlug"":""chemistry-9""}","published",,"8.2 Thermochemical Reactions","ms7962a1csa79a0rm3kx1chqb98brscj","1787579252426","2744",
"chemistry-9","08-energetics","Energetics","8-3-enthalpy-of-reaction","8.3 Enthalpy of Reaction","1785800027371.6814","kx7dfc4yxpp3qcaawamg5h2zzs8bs6t7","1785800027371","1787579252426","8-3-enthalpy-of-reaction","{""blockIndex"":20,""chapterNumber"":8,""subjectSlug"":""chemistry-9""}","published",,"8.3 Enthalpy of Reaction","ms75qqha9paztwex57470hbmfh8br9h4","1787579252426","706",
"chemistry-9","08-energetics","Energetics","8-4-bond-energy-and-bond-dissociation-energy","8.4 Bond Energy and Bond Dissociation Energy","1785800032862.7183","kx7b2e8s9rh73xjp190kckwfrh8brk7p","1785800032862","1787579252426","8-4-bond-energy-and-bond-dissociation-energy","{""blockIndex"":24,""chapterNumber"":8,""subjectSlug"":""chemistry-9""}","published",,"8.4 Bond Energy and Bond Dissociation Energy","ms759etb5d6pcqczjcjnd4zjts8bs7dk","1787579252426","2093",
"chemistry-9","08-energetics","Energetics","8-5-activation-energy","8.5 Activation Energy","1785800032862.719","kx79eva2emvnez9xkjthjaxd1n8brjwb","1785800032862","1787579252426","8-5-activation-energy","{""blockIndex"":32,""chapterNumber"":8,""subjectSlug"":""chemistry-9""}","published",,"8.5 Activation Energy","ms71r8yhpkc516r9ex8rscnv8h8bs5fd","1787579252426","1355",
"chemistry-9","08-energetics","Energetics","8-6-catalyst","8.6 Catalyst","1785800032862.7195","kx792kgfh50zan223eq9w3mzw58brc81","1785800032862","1787579252426","8-6-catalyst","{""blockIndex"":36,""chapterNumber"":8,""subjectSlug"":""chemistry-9""}","published",,"8.6 Catalyst","ms71az9bwx4a7eb302mvt7p0118bsxxz","1787579252426","1002",
"chemistry-9","08-energetics","Energetics","8-7-respiration","8.7 Respiration","1785800032862.72","kx7akmkngghnnp21avwjr5sfkd8brqvj","1785800032862","1787579252426","8-7-respiration","{""blockIndex"":38,""chapterNumber"":8,""subjectSlug"":""chemistry-9""}","published",,"8.7 Respiration","ms77dxs95kb17fkysxwx2hyx998brvmy","1788251620767","2280",
"chemistry-9","09-chemical-equilibrium","Chemical Equilibrium","9-1-reversible-reactions-and-dynamic-equilibrium","9.1 Reversible Reactions and Dynamic Equilibrium.","1785800032862.7214","kx7bdec4ec0cqjgfqpz3rrs1098brg0x","1785800032862","1787579252426","9-1-reversible-reactions-and-dynamic-equilibrium","{""blockIndex"":0,""chapterNumber"":9,""subjectSlug"":""chemistry-9""}","published",,"9.1 Reversible Reactions and Dynamic Equilibrium.","ms7cew4c7nch0f1xxsc7r5t5es8brxqs","1788616154626","3676",
"chemistry-9","09-chemical-equilibrium","Chemical Equilibrium","9-2-conditions-for-equilibrium","9.2 Conditions for Equilibrium","1785800032862.722","kx75d06wjgchz8dy4t1kz9w22s8bszb9","1785800032862","1787579252426","9-2-conditions-for-equilibrium","{""blockIndex"":10,""chapterNumber"":9,""subjectSlug"":""chemistry-9""}","published",,"9.2 Conditions for Equilibrium","ms7e30dbpfzk72gswmw62x4pnx8bsk2f","1787579252426","561",
"chemistry-9","09-chemical-equilibrium","Chemical Equilibrium","9-3-effect-of-heat-temperature-on-a-chemical-equilibrium-system","9.3 Effect of Heat (Temperature) on a Chemical Equilibrium System","1785800038306.5808","kx70863tht1sgc1g7kh7hbfbt18bs5ps","1785800038306","1787579252426","9-3-effect-of-heat-temperature-on-a-chemical-equilibrium-system","{""blockIndex"":13,""chapterNumber"":9,""subjectSlug"":""chemistry-9""}","published",,"9.3 Effect of Heat (Temperature) on a Chemical Equilibrium System","ms79m4x9vsv881yfhc8ndz73x58bsfhy","1788251621018","1911",
"chemistry-9","10-acids-bases-and-salts","Acids, Bases, And Salts","10-1-concepts-of-acids-and-bases","10.1 Concepts of Acids and Bases","1785800038306.5823","kx751n3424eg3sg9w657yw8c258br5wd","1785800038306","1787579252426","10-1-concepts-of-acids-and-bases","{""blockIndex"":6,""chapterNumber"":10,""subjectSlug"":""chemistry-9""}","published",,"10.1 Concepts of Acids and Bases","ms7741qxq23j03zhpsfew0y8bh8bszdt","1787579252426","7085",
"chemistry-9","10-acids-bases-and-salts","Acids, Bases, And Salts","10-2-strength-of-acids-and-bases","10.2 Strength of Acids and Bases","1785800038306.5837","kx7d0rzy0h2y7bd9web8zbg8jx8br094","1785800038306","1787579252426","10-2-strengeth-of-acids-and-bases","{""blockIndex"":26,""chapterNumber"":10,""subjectSlug"":""chemistry-9""}","published",,"10.2 Strengeth of Acids and Bases","ms7awg7rv1jze1wm6t8cq9qnh58brtj0","1787579252426","2633",
"chemistry-9","10-acids-bases-and-salts","Acids, Bases, And Salts","10-3-characteristic-properties-of-acids","10.3 Characteristic Properties of Acids","1785800038306.585","kx7e76dvbdw8g2nw9e38t7g4gd8brn5f","1785800038306","1787579252426","10-3-characteristic-properties-of-acids","{""blockIndex"":40,""chapterNumber"":10,""subjectSlug"":""chemistry-9""}","published",,"10.3 Characteristic Properties of Acids","ms7cfp9vhaszveyyrmq2sfp8rn8br64f","1787579252426","2975",
"chemistry-9","10-acids-bases-and-salts","Acids, Bases, And Salts","10-4-characteristic-properties-of-bases","10.4 Characteristic Properties of Bases","1785800038306.5854","kx72s5t7htk5gcbz1c3pstt57s8brayg","1785800038306","1787579252426","10-4-characteristic-properties-of-bases","{""blockIndex"":51,""chapterNumber"":10,""subjectSlug"":""chemistry-9""}","published",,"10.4 Characteristic Properties of Bases","ms79jf88w6yjfxkfec1edbkg818bsg9j","1787579252426","788",
"chemistry-9","10-acids-bases-and-salts","Acids, Bases, And Salts","10-5-oxides-and-hydroxides","10.5 Oxides and Hydroxides","1785800038306.586","kx7a4x5vevpe0rbn0nv8jyc4yh8bsntm","1785800038306","1787579252426","10-5-oxides-and-hydroxides","{""blockIndex"":54,""chapterNumber"":10,""subjectSlug"":""chemistry-9""}","published",,"10.5 Oxides and Hydroxides","ms7d2gg0k93nw35y0kcxf35py58br0zt","1788251621256","2721",
"chemistry-9","11-environmental-chemistry-air","Environmental Chemistry-air","11-1-composition-of-atmosphere","11.1 Composition of Atmosphere","1785800043694.8662","kx74jvg1x2qdb2kr1rd7qskj5n8brhjg","1785800043694","1787579252426","11-1-composition-of-atmosphere","{""blockIndex"":6,""chapterNumber"":11,""subjectSlug"":""chemistry-9""}","published",,"11.1 Composition of Atmosphere","ms76z5b5j1x67cqj82qt087g158br8ha","1787579252426","1596",
"chemistry-9","11-environmental-chemistry-air","Environmental Chemistry-air","11-2-air-pollutants","11.2 Air Pollutants","1785800043694.8672","kx747pee122h3qz2qkh1fzdj0h8bsaj7","1785800043694","1787579252426","11-2-air-pollutants","{""blockIndex"":10,""chapterNumber"":11,""subjectSlug"":""chemistry-9""}","published",,"10.2 Air Pollutants","ms7f273gjarkf0xpm7f8xmhcg98bsfaz","1787579252426","5201",
"chemistry-9","11-environmental-chemistry-air","Environmental Chemistry-air","11-3-sources-of-air-pollution","11.3 Sources of Air Pollution","1785800043694.8694","kx733wzygdw5a1nzg0nc0kbwa98bsdeq","1785800043694","1787579252426","11-3-sources-of-air-pollution","{""blockIndex"":24,""chapterNumber"":11,""subjectSlug"":""chemistry-9""}","published",,"11.3 Sources of Air Pollution","ms70qskpngrmsdt3daxz2z2fgx8bswqh","1787579252426","2697",
"chemistry-9","11-environmental-chemistry-air","Environmental Chemistry-air","11-4-global-warming","11.4 Global Warming","1785800043694.8706","kx713dmp2jevx9k8794hv1essd8bs71f","1785800043694","1787579252426","11-4-global-warming","{""blockIndex"":32,""chapterNumber"":11,""subjectSlug"":""chemistry-9""}","published",,"11.4 Global Warming","ms7e0sawmn6zdrj3dkzy8ykh318br006","1787579252426","3321",
"chemistry-9","11-environmental-chemistry-air","Environmental Chemistry-air","11-5-acid-rain-and-its-effects","11.5 Acid Rain and Its Effects","1785800043694.8716","kx79ks3j4z9t346py342f6rkc18bsnh5","1785800043694","1787579252426","11-5-acid-rain-and-its-effects","{""blockIndex"":39,""chapterNumber"":11,""subjectSlug"":""chemistry-9""}","published",,"11.5 Acid Rain and Its Effects","ms7bmstxfhtc2hgc6mzza1j9718brw9d","1788460493327","3129",
"chemistry-9","11-environmental-chemistry-air","Environmental Chemistry-air","11-6-catalytic-converters","11.6 Catalytic Converters","1785800043694.8723","kx746j5be24gb2gr9gygashpnh8bs98c","1785800043694","1787579252426","11-6-catalytic-converters","{""blockIndex"":52,""chapterNumber"":11,""subjectSlug"":""chemistry-9""}","published",,"11.6 Catalytic Converters","ms761d1y7zcj9xknrh0dsx7rpd8bry4f","1787579252426","805",
"chemistry-9","11-environmental-chemistry-air","Environmental Chemistry-air","11-7-strategies-to-reduce-environmental-problems","11.7 Strategies to Reduce Environmental Problems","1785800049734.5603","kx7czbnfmd82wxhkass9svcnnh8bs0a3","1785800049734","1787579252426","11-7-strategies-to-reduce-environmental-problems","{""blockIndex"":56,""chapterNumber"":11,""subjectSlug"":""chemistry-9""}","published",,"11.7 Strategies to Reduce Environmental Problems","ms758k9y05zna4adg2zp7mjxn58bs33r","1787579252426","3590",
"chemistry-9","11-environmental-chemistry-air","Environmental Chemistry-air","11-8-photosynthesis","11.8 Photosynthesis","1785800049734.561","kx7drgj8cyd72f38g0tn4np8kn8brdwr","1785800049734","1787579252426","11-8-photosynthesis","{""blockIndex"":63,""chapterNumber"":11,""subjectSlug"":""chemistry-9""}","published",,"11.8 Photosynthesis","ms712xtrwz2ryf1cfd8bpyyh518brzcw","1787579252426","533",
"chemistry-9","11-environmental-chemistry-air","Environmental Chemistry-air","11-9-personal-protective-measures-against-pollution","11.9 Personal Protective Measures Against Pollution","1785800049734.5615","kx71tjm5abpc0nz14tpafqszq18brtht","1785800049734","1787579252426","11-9-personal-protective-measures-against-pollution","{""blockIndex"":66,""chapterNumber"":11,""subjectSlug"":""chemistry-9""}","published",,"11.9 Personal Protective Measures Against Pollution","ms765agf64j6m8p3dsffb0pexx8bsftq","1787579252426","1088",
"chemistry-9","11-environmental-chemistry-air","Environmental Chemistry-air","11-10-risk-factors","11.10 Risk Factors","1785800049734.5625","kx7bdys4d2hph5m4vtfjegm49s8br4s0","1785800049734","1787579252426","11-10-risk-factors","{""blockIndex"":74,""chapterNumber"":11,""subjectSlug"":""chemistry-9""}","published",,"11.10 Risk Factors","ms7bkn4ct4eewrqwpvx81k9w5d8bsdn9","1788251607216","2400",
"chemistry-9","12-environmental-chemistry-water","Environmental Chemistry-water","12-1-properties-of-water","12.1 Properties of Water","1785800049734.564","kx78kvzxm7f18pa0m133nwtzzd8br1xw","1785800049734","1787579252426","12-1-properties-of-water","{""blockIndex"":7,""chapterNumber"":12,""subjectSlug"":""chemistry-9""}","published",,"12.1 Properties of Water","ms765vq4g2wp1npzxcq7pn28gh8brdgb","1788305010265","9375",
"chemistry-9","12-environmental-chemistry-water","Environmental Chemistry-water","12-2-treatment-of-domestic-water-supply","12.2 Treatment of Domestic Water Supply","1785800049734.5664","kx7bckqaykbq2x0yyjpj9pt28s8bsqdk","1785800049734","1787579252426","12-2-treatment-of-domestic-water-supply","{""blockIndex"":33,""chapterNumber"":12,""subjectSlug"":""chemistry-9""}","published",,"12.2 Treatment of Domestic Water Supply","ms78wjd0wqcp4vw12f79pbkrcx8br46p","1787579252426","2794",
"chemistry-9","12-environmental-chemistry-water","Environmental Chemistry-water","12-3-water-pollution","12.3 Water Pollution","1785800054791.6301","kx7dtdvkmm4k4v4myfsk12ysjx8brwd7","1785800054791","1787579252426","12-3-water-pollution","{""blockIndex"":49,""chapterNumber"":12,""subjectSlug"":""chemistry-9""}","published",,"12.3 Water Pollution","ms731kn8t3bjd485m57j58z2a58bsw9w","1787579252426","1947",
"chemistry-9","12-environmental-chemistry-water","Environmental Chemistry-water","12-4-waterborne-diseases","12.4 Waterborne Diseases","1785800054791.631","kx7bgmsp1afhdb1wa5xt6d0awx8brxax","1785800054791","1787579252426","12-4-waterborne-diseases","{""blockIndex"":56,""chapterNumber"":12,""subjectSlug"":""chemistry-9""}","published",,"12.4 Waterborne Diseases","ms7en79tw08bfads6zhpvd2e7n8bs41v","1787579252426","1967",
"chemistry-9","12-environmental-chemistry-water","Environmental Chemistry-water","12-5-ways-to-deal-with-the-negative-effects-of-water-pollution","12.5 Ways to Deal with the Negative Effects of Water Pollution","1785800054791.6318","kx7c6zfqev7hee14b6p71032q18bsxsc","1785800054791","1787579252426","12-5-ways-to-deal-with-the-negative-effects-of-water-pollution","{""blockIndex"":65,""chapterNumber"":12,""subjectSlug"":""chemistry-9""}","published",,"12.5 Ways to Deal with the Negative Effects of Water Pollution","ms76j840bfb6swphcynxt6qpbd8bsgsw","1787579252426","1999",
"chemistry-9","12-environmental-chemistry-water","Environmental Chemistry-water","12-7-fertilizers","12.7 Fertilizers","1785800054791.6323","kx74gf0wt5daja3n0cyj9e6y5d8brbsn","1785800054791","1787579252426","12-7-fertilizers","{""blockIndex"":74,""chapterNumber"":12,""subjectSlug"":""chemistry-9""}","published",,"12.7 Fertilizers","ms76vb10z7t8bf218p2n1ejarn8bs2rb","1788251621445","1667",
"chemistry-9","13-organic-chemistry","Organic Chemistry","13-1-organic-compounds","13.1 Organic Compounds","1785800054791.6335","kx73wgye736pkzjxdrbensdax18bsxjg","1785800054791","1787579252426","13-1-organic-compounds","{""blockIndex"":6,""chapterNumber"":13,""subjectSlug"":""chemistry-9""}","published",,"13.1 Organic Compounds","ms7d3q19vs8px2cfyytnng0wvx8brk19","1787579252426","1268",
"chemistry-9","13-organic-chemistry","Organic Chemistry","13-2-homologous-series","13.2 Homologous Series","1785800054791.6343","kx798szyeg8vycxtx5prfwawah8bs8f0","1785800054791","1787579252426","13-2-homologous-series","{""blockIndex"":8,""chapterNumber"":13,""subjectSlug"":""chemistry-9""}","published",,"13.2 Homologous Series","ms7by1j0k8qqht0qj4gwbpepys8brrch","1787579252426","3694",
"chemistry-9","13-organic-chemistry","Organic Chemistry","13-3-structural-formula","13.3 Structural Formula","1785801431744.8699","kx75yq5jpadmgq1pdk76a1jt398bs9q0","1785801431744","1787579252426","13-3-structural-formula","{""blockIndex"":21,""chapterNumber"":13,""subjectSlug"":""chemistry-9""}","published",,"13.3 Structural Formula","ms7bxj505j43xs2pmdd8b3vq7s8br66f","1787579252426","5092",
"chemistry-9","13-organic-chemistry","Organic Chemistry","13-4-saturated-and-unsaturated-hydrocarbons","13.4 Saturated and Unsaturated Hydrocarbons","1785801431744.8704","kx7e6k5g2mjm55gtc8eat56tcn8bs0j2","1785801431744","1787579252426","13-4-saturated-and-unsaturated-hydrocarbons","{""blockIndex"":45,""chapterNumber"":13,""subjectSlug"":""chemistry-9""}","published",,"13.4 Saturated and Unsaturated Hydrocarbons","ms766ssspd6m3kfnt2tgmrw98n8bshhv","1787579252426","1846",
"chemistry-9","13-organic-chemistry","Organic Chemistry","13-5-chemical-diversity-of-organic-compounds","13.5 Chemical Diversity of Organic Compounds","1785801431744.8708","kx76knf6d6y6rsb3dcd1bg51h18bsyfn","1785801431744","1787579252426","13-5-chemical-diversity-of-organic-compounds","{""blockIndex"":54,""chapterNumber"":13,""subjectSlug"":""chemistry-9""}","published",,"13.5 Chemical Diversity of Organic Compounds","ms72xze8y7cb0m9471jpbrjhdh8bs0g7","1787579252426","1588",
"chemistry-9","13-organic-chemistry","Organic Chemistry","13-6-classification-of-organic-compounds","13.6 Classification of Organic Compounds","1785801431744.8713","kx711kxj0mn1e7z47by55ntymn8brd9z","1785801431744","1787579252426","13-6-classification-of-organic-compounds","{""blockIndex"":61,""chapterNumber"":13,""subjectSlug"":""chemistry-9""}","published",,"13.6 Classification of Organic Compounds","ms77j524qd0vcx8vj1rrwtxm5d8bsv6z","1787579252426","4650",
"chemistry-9","13-organic-chemistry","Organic Chemistry","13-7-functional-groups","13.7 Functional Groups","1785801431744.872","kx7eeqnk8rsrdht8pr0m3sdhn18brdf8","1785801431744","1787579252426","13-7-functional-groups","{""blockIndex"":97,""chapterNumber"":13,""subjectSlug"":""chemistry-9""}","published",,"13.7 Functional Groups","ms7d0b3743eyxk0npy7rs1zfqs8brdes","1788251607412","12647",
"chemistry-9","14-hydrocarbons","Hydrocarbons","14-1-alkanes","14.1 Alkanes","1785801431744.875","kx77z7nz6rymtae0ak6hed47cx8bsp5s","1785801431744","1787579252426","14-1-alkanes","{""blockIndex"":5,""chapterNumber"":14,""subjectSlug"":""chemistry-9""}","published",,"14.1 Alkanes","ms778k3hyzwwggh6gh2h1prybs8bs08d","1787579252426","1267",
"chemistry-9","14-hydrocarbons","Hydrocarbons","14-2-general-methods-of-preparations-of-alkanes","14.2 General Methods of Preparations of Alkanes","1785801436837.8574","kx70wcakt2jf0nx96zmwmnpwtn8bsr2r","1785801436837","1787579252426","14-2-general-methods-of-preparations-of-alkanes","{""blockIndex"":7,""chapterNumber"":14,""subjectSlug"":""chemistry-9""}","published",,"14.2 General Methods of Preparations of Alkanes","ms72gv3x86dyfxaecs095d3p9d8bsh27","1787579252426","2279",
"chemistry-9","14-hydrocarbons","Hydrocarbons","14-3-properties-of-alkanes","14.3 Properties of Alkanes","1785801436837.8591","kx7est5f0kd4vymkwk5sf1asn98br0ky","1785801436837","1787579252426","14-3-properties-of-alkanes","{""blockIndex"":17,""chapterNumber"":14,""subjectSlug"":""chemistry-9""}","published",,"14.3 Properties of Alkanes","ms75m2xh9btdbxfawtvwfccqz58bsbf5","1788251607600","3052",
"chemistry-9","15-biochemistry","Biochemistry","15-1-nutrition-and-healthy-eating","15.1 Nutrition and Healthy Eating","1785801436837.861","kx7ec2d65yhc4sdxd75y2bn65d8brnxn","1785801436837","1787579252426","15-1-nutrition-and-healthy-eating","{""blockIndex"":5,""chapterNumber"":15,""subjectSlug"":""chemistry-9""}","published",,"15.1 Nutrition and Healthy Eating","ms739ec4hjr2t2s2zxrd6c5nj18bsfpy","1788460443436","2306",
"chemistry-9","15-biochemistry","Biochemistry","15-2-biochemistry","15.2 Biochemistry","1785801436837.8623","kx7f255adf455h58cgrxvf3gvn8br56d","1785801436837","1787579252426","15-2-biochemistry","{""blockIndex"":14,""chapterNumber"":15,""subjectSlug"":""chemistry-9""}","published",,"15.2 Biochemistry","ms76cj2sk4ncsqbht0n4hjf70x8bsqdw","1787579252426","313",
"chemistry-9","15-biochemistry","Biochemistry","15-3-carbohydrates-a-source-of-energy","15.3 Carbohydrates-a Source of Energy","1785801436837.8628","kx726st56zvrj69z8t5qqh97gh8bs4ra","1785801436837","1787579252426","15-3-carbohydrates-a-source-of-energy","{""blockIndex"":16,""chapterNumber"":15,""subjectSlug"":""chemistry-9""}","published",,"15.3 Carbohydrates-a Source of Energy","ms71fjdtv4b6cn720n55hkwf2x8brg8c","1787579252426","1379",
"chemistry-9","15-biochemistry","Biochemistry","15-4-proteins","15.4 Proteins:","1785801436837.8635","kx72djr0k5c4ggs6n03m9dqfkh8bsg0n","1785801436837","1787579252426","15-4-proteins","{""blockIndex"":22,""chapterNumber"":15,""subjectSlug"":""chemistry-9""}","published",,"15.4 Proteins:","ms73jfhsh6g2c2hdchf7hbzcs18bsmwb","1787579252426","841",
"chemistry-9","15-biochemistry","Biochemistry","15-5-lipids","15.5 Lipids:","1785801441828.7637","kx70ekk9c0yv4n5bjd8wf66hy18br2da","1785801441828","1787579252426","15-5-lipids","{""blockIndex"":28,""chapterNumber"":15,""subjectSlug"":""chemistry-9""}","published",,"15.5 Lipids:","ms7dypqbzknx54vppp5455k3t98brcqa","1788460303822","973",
"chemistry-9","15-biochemistry","Biochemistry","15-6-nucleic-acids","15.6 Nucleic Acids:","1785801441828.7642","kx7dvvpnqjrgj2df8f0vzxg20x8bs2d0","1785801441828","1787579252426","15-6-nucleic-acids","{""blockIndex"":31,""chapterNumber"":15,""subjectSlug"":""chemistry-9""}","published",,"15.6 Nucleic Acids:","ms70eeycatz2q7kjpv776taxr18bspjn","1787579252426","922",
"chemistry-9","15-biochemistry","Biochemistry","15-7-basic-components-of-food","15.7 Basic Components of Food:","1785801441828.7651","kx76p6ten3m9y455jrhd76q87h8bsyph","1785801441828","1787579252426","15-7-basic-components-of-food","{""blockIndex"":38,""chapterNumber"":15,""subjectSlug"":""chemistry-9""}","published",,"15.7 Basic Components of Food:","ms7d4hs7kcm018g9946aaqjwn98br363","1787579252426","3584",
"chemistry-9","15-biochemistry","Biochemistry","15-8-required-daily-intake-for-young-adults","15.8 Required Daily Intake for Young Adults:","1785801441828.7656","kx7b46844wz227kwx1y6445t2d8bs2xy","1785801441828","1787579252426","15-8-required-daily-intake-for-young-adults","{""blockIndex"":42,""chapterNumber"":15,""subjectSlug"":""chemistry-9""}","published",,"15.8 Required Daily Intake for Young Adults:","ms7eg17zdqf7exdp3w5jkmkgt98brfvn","1788460167456","2847",
"chemistry-9","16-empirical-data-collection-and-analysis","Empirical Data Collection And Analysis","16-1-standard-units","16.1 Standard Units","1785801441828.7673","kx73532rc6em4msmhg556aa5a98brzvw","1785801441828","1787579252426","16-1-standard-units","{""blockIndex"":5,""chapterNumber"":16,""subjectSlug"":""chemistry-9""}","published",,"16.1 Standard Units","ms7dwt2bb36jz9yd39np90chhs8bsrn4","1788460023895","5570",
"chemistry-9","16-empirical-data-collection-and-analysis","Empirical Data Collection And Analysis","16-2-conversion-and-the-importance-of-units","16.2 Conversion and the Importance of Units:","1785801446972.5398","kx78026adp0j68jjzy705na1c18bsndv","1785801446972","1787579252426","16-2-conversion-and-the-importance-of-units","{""blockIndex"":16,""chapterNumber"":16,""subjectSlug"":""chemistry-9""}","published",,"16.2 Conversion and the Importance of Units:","ms771x1sy70qfp69fzmy5rthx98bskwv","1788305010342","2994",
"chemistry-9","16-empirical-data-collection-and-analysis","Empirical Data Collection And Analysis","16-3-scientific-notation","16.3 Scientific Notation:","1785801446972.5405","kx77k43ds45x5cve41a8ez4dj98bsk0n","1785801446972","1787579252426","16-3-scientific-notation","{""blockIndex"":27,""chapterNumber"":16,""subjectSlug"":""chemistry-9""}","published",,"16.3 Scientific Notation:","ms744yv1nhhdb6yntmx69wgypn8bsae6","1787579252426","4212",
"chemistry-9","16-empirical-data-collection-and-analysis","Empirical Data Collection And Analysis","16-4-tools-and-techniques-used-in-experimental-methods-for-accuracy-and-precision-of-results","16.4 Tools and Techniques Used in Experimental Methods For accuracy and Precision of Results","1785801446972.5415","kx73pv4zt3njkv4dzs881r1yy18bry1t","1785801446972","1787579252426","16-4-tools-and-techniques-used-in-experimental-methods-foraccuracy-and-precision-of-results","{""blockIndex"":47,""chapterNumber"":16,""subjectSlug"":""chemistry-9""}","published",,"16.4 Tools and Techniques Used in Experimental Methods Foraccuracy and Precision of Results","ms74a3n8qexwx6k0gmvadwapzs8bsqwp","1787579252426","993",
"chemistry-9","16-empirical-data-collection-and-analysis","Empirical Data Collection And Analysis","16-5-technique-and-tools-for-accurate-measurement-in-laboratory","16.5 Technique and Tools for Accurate Measurement in Laboratory:","1785801446972.542","kx75eqagx7p4d2nyvdzjhm1sdn8brp3g","1785801446972","1787579252426","16-5-technique-and-tools-for-accurate-measurement-in-laboratory","{""blockIndex"":49,""chapterNumber"":16,""subjectSlug"":""chemistry-9""}","published",,"16.5 Technique and Tools for Accurate Measurement in Laboratory:","ms7301rbyj3q1kp2p0kxmv52fn8bsyb7","1788459962978","4761",
"chemistry-9","16-empirical-data-collection-and-analysis","Empirical Data Collection And Analysis","16-6-advantages-and-disadvantages-of-experimental-methods","16.6 Advantages and Disadvantages of Experimental Methods","1785801446972.5425","kx759wxd5d0511ckz4wzrgsa118brrzn","1785801446972","1787579252426","16-6-advantages-and-disadvantages-of-experimental-methods","{""blockIndex"":55,""chapterNumber"":16,""subjectSlug"":""chemistry-9""}","published",,"16.6 Advantages and Disadvantages of Experimental Methods","ms776jp723pr6ys5a89nb6t4cs8bs8x2","1788251607996","1444",
"chemistry-9","17-separation-techniques","Separation Techniques","17-1-methods-of-separation","17.1 Methods of Separation","1785801446972.5437","kx70f51hsmr1pfb38n8ajebs9h8bseb4","1785801446972","1787579252426","17-1-methods-of-separation","{""blockIndex"":6,""chapterNumber"":17,""subjectSlug"":""chemistry-9""}","published",,"17.1 Methods of Separation","ms72wgv64qdp33tffkj3992fwx8bs15x","1787579252426","2800",
"chemistry-9","17-separation-techniques","Separation Techniques","17-2-evaporation","17.2 Evaporation","1785801452923.6882","kx75rvfhq8v265sjd7pc87345s8bsnh6","1785801452923","1787579252426","17-2-evaporation","{""blockIndex"":8,""chapterNumber"":17,""subjectSlug"":""chemistry-9""}","published",,"17.2 Evaporation","ms7btss5pxk6ygzxbaa1x8k6fx8bsa1z","1788458594448","2589",
"chemistry-9","17-separation-techniques","Separation Techniques","17-3-distillation","17.3 Distillation","1785801452923.6892","kx71wrca8kpbyd7rsdjgkc3d6n8bsa30","1785801452923","1787579252426","17-3-distileation","{""blockIndex"":15,""chapterNumber"":17,""subjectSlug"":""chemistry-9""}","published",,"17.3 Distileation","ms78ngsg5bmb3hnz41gfceykp58bsypx","1788458451169","3361",
"chemistry-9","17-separation-techniques","Separation Techniques","17-4-filtration","17.4 Filtration","1785801452923.6904","kx731dyv5v90sa7wbvcx6t5wt98brty8","1785801452923","1787579252426","17-4-filtration","{""blockIndex"":25,""chapterNumber"":17,""subjectSlug"":""chemistry-9""}","published",,"17.4 Filtration","ms70zksfb76et131xvrnf79zas8bsv6e","1788458394548","5037",
"chemistry-9","17-separation-techniques","Separation Techniques","17-5-crystallization","17.5 Crystallization","1785801452923.692","kx77r7366shz6y5xx9cw0ck4kx8bsw3y","1785801452923","1787579252426","17-5-crystallization","{""blockIndex"":43,""chapterNumber"":17,""subjectSlug"":""chemistry-9""}","published",,"17.5 Crystallization","ms76p3hksv9t0g720tw7pde1x18br9gd","1788337556137","5573",
"chemistry-9","18-qualitative-analysis","Qualitative Analysis","18-1-detection-of-gases","18.1 Detection of Gases","1785801452923.694","kx74cr0w5wqg3k2py8mf6sq7ws8brz46","1785801452923","1787579252426","18-1-detection-of-gases","{""blockIndex"":6,""chapterNumber"":18,""subjectSlug"":""chemistry-9""}","published",,"18.1 Detection of Gases","ms79jn6h8swtfaj7gymbypg8h98bsvvm","1788337794443","5691",
"chemistry-9","18-qualitative-analysis","Qualitative Analysis","18-2-detection-of-metal-cations-by-flame-test","18.2 Detection of Metal Cations by Flame Test","1785801452923.6965","kx7cvntch8ch0xj9sdrs91565x8bs17m","1785801452923","1787579252426","18-2-detection-of-metal-cations-by-flame-test","{""blockIndex"":39,""chapterNumber"":18,""subjectSlug"":""chemistry-9""}","published",,"18.2 Detection of Metal Cations by Flame Test","ms7bqzg18wg2pvs9rt36caak758brjwk","1788216239624","2216",
"chemistry-9","19-chromatography","Chromatography","19-1-principle-of-chromatography","19.1 Principle of Chromatography","1785801458722.1858","kx77zwk3pt19px0q5r70a2jfh58brkmf","1785801458722","1787579252426","19-1-principle-of-chromatography","{""blockIndex"":5,""chapterNumber"":19,""subjectSlug"":""chemistry-9""}","published",,"19.1 Principle of Chromatography","ms75s7na2et3yts8rvw01wbf4x8bs0gm","1787579252426","1343",
"chemistry-9","19-chromatography","Chromatography","19-2-paper-chromatography","19.2 Paper Chromatography","1785801458722.1865","kx761x3mvx6ktj2v9b7v02ty7h8brev9","1785801458722","1787579252426","19-2-paper-chromatography","{""blockIndex"":8,""chapterNumber"":19,""subjectSlug"":""chemistry-9""}","published",,"19.2 Paper Chromatography","ms7817bhwxrjg0zab4s2qfe5hx8bsgj8","1788251608386","4552",
"physics-9","01-physical-quantities-and-measurement","Physical Quantities And Measurement","1-1-introduction-to-physics","1.1 Introduction to Physics","1785804611628","kx73vnpspb9k2t7955j4fh9smn8bts4n","1785804611628","1787579258418","1-1-introduction-to-physics","{""blockIndex"":6,""chapterNumber"":1,""subjectSlug"":""physics-9""}","published","P2.8 source-layout repair: normalize raw all-caps headings and move existing enrichment boxes into SideActivity components; no facts or practice targets change.","1.1 Introduction to Physics","ms7dg2dn8saw8emce3zd41dfas8bt1kz","1789056980852","2621",
"physics-9","01-physical-quantities-and-measurement","Physical Quantities And Measurement","1-2-physical-and-non-physical-quantities","1.2 Physical and Non-physical Quantities","1785804611628.001","kx7drpz56791nxjnc5d1h6ysms8bttyb","1785804611628","1787579258418","1-2-physicaland-non-physical-quantities","{""blockIndex"":17,""chapterNumber"":1,""subjectSlug"":""physics-9""}","published","P2/P2.8 OCR repair: restores clean authored section labels from damaged raw-OCR headings; explanatory prose and practice remain unchanged.","1.2 Physicaland Non-physical Quantities","ms7a3rjj4cgpsxqjagystkj68s8btxkz","1789053496308","1626",
"physics-9","01-physical-quantities-and-measurement","Physical Quantities And Measurement","1-3-international-system-of-units","1.3 International System of Units","1785804611628.0017","kx70zjxpnngyek23gfq5mzgbjh8bvxhb","1785804611628","1787579258418","1-3-international-system-of-units","{""blockIndex"":26,""chapterNumber"":1,""subjectSlug"":""physics-9""}","published","P2/P2.8 OCR repair: restores clean authored section labels from damaged raw-OCR headings; explanatory prose and practice remain unchanged.","1.3 International System of Units","ms72cf75whe3dcsvp70annsmp18bv0nz","1789053496478","2674",
"physics-9","01-physical-quantities-and-measurement","Physical Quantities And Measurement","1-4-standard-form-scientific-notation","1.4 Standard Form / Scientific Notation","1785804611628.0027","kx75w2vrskcfvgff4dec7kzg918btxfb","1785804611628","1787579258418","1-4-standard-form-scientific-notation","{""blockIndex"":34,""chapterNumber"":1,""subjectSlug"":""physics-9""}","published",,"1.4 Standard Form / Scientific Notation","ms7ckgw66bey728py2p2p3vd298bvydt","1787579258418","1047",
"physics-9","01-physical-quantities-and-measurement","Physical Quantities And Measurement","1-5-prefixes-to-power-of-ten","1.5 Prefixes to Power of Ten","1785804611628.0032","kx7d5kxxpfsq4vfeapx3nc92k58bv01k","1785804611628","1787579258418","1-5-prefixes-to-power-of-ten","{""blockIndex"":38,""chapterNumber"":1,""subjectSlug"":""physics-9""}","published","P2/P2.8 source-layout repair: normalize raw source headings and move textbook aside content into SideActivity without changing instructional prose.","1.5 Prefixes to Power of Ten","ms743d6e4mph1m7vh41e2b7nes8bvx35","1789042680451","4977",
"physics-9","01-physical-quantities-and-measurement","Physical Quantities And Measurement","1-6-scalars-and-vectors","1.6 Scalars and Vectors","1785804611628.0044","kx7b66g2z43fbzq4wsecx7g3rh8bt575","1785804611628","1787579258418","1-6-scalars-and-vectors","{""blockIndex"":78,""chapterNumber"":1,""subjectSlug"":""physics-9""}","published","P2/P2.8 OCR repair: restores clean authored section labels from damaged raw-OCR headings; explanatory prose and practice remain unchanged.","1.6 Scalars and Vectors","ms7db5r70kf3hgtvjyhvy5zab58bvzv4","1789053496600","5003",
"physics-9","01-physical-quantities-and-measurement","Physical Quantities And Measurement","1-7-measuring-instruments","1.7 Measuring Instruments","1785804617380.2056","kx73rvcp4zf66c6n7avayqefbd8bvk0k","1785804617380","1787579258418","1-7-measuring-instruments","{""blockIndex"":98,""chapterNumber"":1,""subjectSlug"":""physics-9""}","published","P2.8 source-layout repair: normalize raw all-caps headings and move existing enrichment boxes into SideActivity components; no facts or practice targets change.","1.7 Measuring Instruments","ms7ddkccwfnr7k3zshmfvbfj9s8bvtgp","1789036055475","12473",
"physics-9","01-physical-quantities-and-measurement","Physical Quantities And Measurement","1-8-errors","1.8 Errors","1785804617380.21","kx77b7g1mafxme3daqg1yse2n18bvwf5","1785804617380","1787579258418","1-8-errors","{""blockIndex"":157,""chapterNumber"":1,""subjectSlug"":""physics-9""}","published","P2.8 source-layout repair: normalize raw all-caps headings and move existing enrichment boxes into SideActivity components; no facts or practice targets change.","1.8 Errors","ms7bv9heeaxj5rpvwzrcvpkfjn8bt813","1789036055569","2995",
"physics-9","01-physical-quantities-and-measurement","Physical Quantities And Measurement","1-9-precision-and-accuracy","1.9 Precision and Accuracy","1785804617380.2112","kx75dt7gwgnh1998hzcttnfw1x8bv29e","1785804617380","1787579258418","1-9-precision-and-accuracy","{""blockIndex"":167,""chapterNumber"":1,""subjectSlug"":""physics-9""}","published","P2/P2.8 layout repair: move the source textbook checkpoint out of the reading hierarchy into SideActivity, preserving its question.","1.9 Precision and Accuracy","ms7612er6aepmpbs2c3dp5t7xn8bt33q","1789053527143","3052",
"physics-9","01-physical-quantities-and-measurement","Physical Quantities And Measurement","1-10-significant-figures","1.10 Significant Figures","1785804617380.2117","kx74m2wdhr928xp0gb2mz8a3r58bt4bb","1785804617380","1787579258418","1-10-significant-figures","{""blockIndex"":174,""chapterNumber"":1,""subjectSlug"":""physics-9""}","published","P2.8 source-layout repair: normalize raw all-caps headings and move existing enrichment boxes into SideActivity components; no facts or practice targets change.","1.10 Significant Figures","ms719a2hmzhjze5y4ez1cq99yn8bvbz1","1789036055644","9248",
"physics-9","02-kinematics","Kinematics","2-1-rest-and-motion","2.1 Rest and Motion","1785804617380.2146","kx717hnzz37f9a2qk9wqzgjvwd8bvqa8","1785804617380","1787579258418","2-1-rest-and-motion","{""blockIndex"":5,""chapterNumber"":2,""subjectSlug"":""physics-9""}","published","P2.8 source-layout repair: normalize raw all-caps headings and move existing enrichment boxes into SideActivity components; no facts or practice targets change.","2.1 Rest and Motion","ms7es9s5p72ed95ecdne1fffsx8bv3kk","1789036055732","5263",
"physics-9","02-kinematics","Kinematics","2-2-distance-and-displacement","2.2 Distance and Displacement","1785804617380.2153","kx72e4jvqhj3n72g6qp9dm5dxd8bvwzr","1785804617380","1787579258418","2-2-distance-and-displacement","{""blockIndex"":23,""chapterNumber"":2,""subjectSlug"":""physics-9""}","published","House rule fix (P2.8 defect 1): the CaptionedImage for elapsed-time delta-t sat between 'is' and 'the change in...', splitting one sentence in two. Moved the image to a clean paragraph boundary immediately after the completed sentence. No wording changed — verified by exact substring match before/after.","2.2 Distance and Displacement","ms7dhyb9n4pp5paj76gb6qv9zd8bvv8s","1788616154184","1838",
"physics-9","02-kinematics","Kinematics","2-3-speed-and-velocity","2.3 Speed and Velocity","1785804624367.8713","kx70vrd8k5p1d5trq03cxex7ns8btdnr","1785804624367","1787579258418","2-3-speed-and-velocity","{""blockIndex"":33,""chapterNumber"":2,""subjectSlug"":""physics-9""}","published","Normalize 1 raw all-caps source heading(s) into student-readable title case.","2.3 Speed and Velocity","ms76vgeyfv1gcgyjyw5e1kpk4s8bt4a8","1789527370241","11213",
"physics-9","02-kinematics","Kinematics","2-4-acceleration","2.4 Acceleration","1785804624367.8748","kx705y21q2h7a9qq41t3w9hq758bv2fp","1785804624367","1787579258418","2-4-acceleration","{""blockIndex"":92,""chapterNumber"":2,""subjectSlug"":""physics-9""}","published","P2/P2.8 image-placement repair: complete the cheetah example sentence before its following figure, placing the image at a clean paragraph boundary.","2.4 Acceleration","ms7ftp9b02x3tsw3mfs8q45bp98btw0t","1789053533776","3327",
"physics-9","02-kinematics","Kinematics","2-5-motion-due-to-gravity","2.5 Motion Due to Gravity","1785804624367.8755","kx78mdqrbh5b07ckdrfdxet2as8btx9v","1785804624367","1787579258418","2-5-motion-due-to-gravity","{""blockIndex"":104,""chapterNumber"":2,""subjectSlug"":""physics-9""}","published","Case-normalize 2 raw ALL-CAPS heading(s) copied verbatim from the source corpus into properly-cased topic headings (P2.8).","2.5 Motion Due to Gravity","ms73rr1hpwtc9bvv14xaymx1rd8btm7s","1788511720886","2239",
"physics-9","02-kinematics","Kinematics","2-6-graphical-analysis-of-motion","2.6 Graphical analysis of Motion","1785804624367.8765","kx75v74stq490qnbg2g6g5sjnx8btghk","1785804624367","1787579258418","2-6-graphicalanalysis-of-motion","{""blockIndex"":115,""chapterNumber"":2,""subjectSlug"":""physics-9""}","published","P2.8 source-layout repair: normalize raw all-caps headings and move existing enrichment boxes into SideActivity components; no facts or practice targets change.","2.6 Graphicalanalysis of Motion","ms797nthv0p518ghmbjgjrg3qs8btxmc","1789036055817","12676",
"physics-9","03-dynamics-1","Dynamics 1","3-1-force","3.1 Force","1785804624367.8796","kx725qbrk3fy2y7nasnrvtr59d8bvfzq","1785804624367","1787579258418","3-1-force","{""blockIndex"":5,""chapterNumber"":3,""subjectSlug"":""physics-9""}","published","P2.8 source-layout repair: normalize raw all-caps headings and move existing textbook enrichment boxes into SideActivity components; no facts, scope, or practice targets change.","3.1 Force","ms77q4rt6b4fw4p45bvz3kjft58bvxy8","1789490913565","12667",
"physics-9","03-dynamics-1","Dynamics 1","3-2-newton-s-laws-of-motion","3.2 Newton's Laws of Motion","1785804624367.8816","kx7cg7yax1g8kr1kj0yje0tjvd8bvcy9","1785804624367","1787579258418","3-2-newton-s-laws-of-motion","{""blockIndex"":37,""chapterNumber"":3,""subjectSlug"":""physics-9""}","published","P2/P2.8 image-placement and OCR repair: restore the Figure 3.11 heading so the existing image sits below its proper caption boundary.","3.2 Newton's Laws of Motion","ms72ae24spz3t2kz3w5x1g3ya58btz12","1789495671141","11732","n57fswxhycn52zhst97yaz7gw9869h2z"
"physics-9","03-dynamics-1","Dynamics 1","3-3-mass-and-weight","3.3 Mass and Weight","1785804631131.8213","kx71bwf0fvh5g76y1g5aphqjgx8bt4kq","1785804631131","1787579258418","3-3-mass-and-weight","{""blockIndex"":84,""chapterNumber"":3,""subjectSlug"":""physics-9""}","published","P2/P2.8 OCR and image-placement repair: correct a malformed transition sentence and place the following image at a clean paragraph boundary before the equation.","3.3 Mass and Weight","ms7dkm19mynm82rnddmxjt6dzs8bttae","1789053532642","3870",
"physics-9","03-dynamics-1","Dynamics 1","3-4-gravitational-field","3.4 Gravitational Field","1785804631131.8223","kx75w3xky5gajehw74jznecaks8bvgza","1785804631131","1787579258418","3-4-gravitational-field","{""blockIndex"":103,""chapterNumber"":3,""subjectSlug"":""physics-9""}","published","Case-normalize 1 raw ALL-CAPS heading(s) copied verbatim from the source corpus into properly-cased topic headings (P2.8).","3.4 Gravitational Field","ms78bed731vs0cradwzbs4tbyd8btz2a","1788511721302","3184",
"physics-9","03-dynamics-1","Dynamics 1","3-5-momentum","3.5 Momentum","1785804631131.823","kx7e6jzx9gw2cb20w1bfgkpgd18bvvv2","1785804631131","1787579258418","3-5-momentum","{""blockIndex"":124,""chapterNumber"":3,""subjectSlug"":""physics-9""}","published","P2.8 source-layout repair: normalize raw all-caps headings and move existing textbook enrichment boxes into SideActivity components; no facts, scope, or practice targets change.","3.5 Momentum","ms7bq034paadabmxkzg0g52kpd8bt9v2","1789071130001","7645",
"physics-9","04-dynamics-ii","Dynamics 2","4-1-forces-on-bodies","4.1 Forces on Bodies","1785804631131.8271","kx79m8qzc3dph4h8fn9x4mstjh8bvnax","1785804631131","1787579258418","4-1-forces-on-bodies","{""blockIndex"":4,""chapterNumber"":4,""subjectSlug"":""physics-9""}","published","P2/P2.8 prose-layout repair: remove duplicated source SLO boilerplate from the reading body, retain the chapter introduction and teaching prose, and normalize raw figure headings.","4.1 Forces on Bodies","ms759bpg2wmhwa5r7pzqnh2nq98btpp5","1789053508637","1787",
"physics-9","04-dynamics-ii","Dynamics 2","4-2-moment-of-a-force","4.2 Moment of a Force","1785804631131.8281","kx7b1hz3nrg4w0jztct7gdr53h8bva1p","1785804631131","1787579258418","4-2-moment-of-a-force","{""blockIndex"":18,""chapterNumber"":4,""subjectSlug"":""physics-9""}","published","P2.8 source-layout repair: normalize raw all-caps headings and move existing textbook enrichment boxes into SideActivity components; no facts, scope, or practice targets change.","4.2 Moment of a Force","ms76m5p2ga63vrm0b70rvy3cyh8bvvwv","1789036050691","5346",
"physics-9","04-dynamics-ii","Dynamics 2","4-3-center-of-mass","4.3 Center of Mass","1785804631131.829","kx77wc6ttkbh4kery12m2v0h158btr7h","1785804631131","1787579258418","4-3-center-of-mass","{""blockIndex"":42,""chapterNumber"":4,""subjectSlug"":""physics-9""}","published","Case-normalize 1 raw ALL-CAPS heading(s) copied verbatim from the source corpus into properly-cased topic headings (P2.8).","4.3 Center of Mass","ms769y0wmah4cr57h337fpagns8bv9qn","1788616154538","2823",
"physics-9","04-dynamics-ii","Dynamics 2","4-4-equilibrium","4.4 Equilibrium","1785804637928.2842","kx71bbdrs85anksj8h1g89m3vn8bt14a","1785804637928","1787579258418","4-4-equilibrium","{""blockIndex"":51,""chapterNumber"":4,""subjectSlug"":""physics-9""}","published","P2.8 source-layout repair: normalize raw all-caps headings and move existing textbook enrichment boxes into SideActivity components; no facts, scope, or practice targets change.","4.4 Equilibrium","ms74bn9vrvdt9sp7j8hnbt5mqd8bvad1","1789036050820","5691",
"physics-9","04-dynamics-ii","Dynamics 2","4-5-stability","4.5 Stability","1785804637928.2856","kx74de43n7t8kj97x7g47tn4d98bv5c6","1785804637928","1787579258418","4-5-stability","{""blockIndex"":75,""chapterNumber"":4,""subjectSlug"":""physics-9""}","published","P2/P2.8 OCR/layout repair: restore readable Figure 4.11–4.14 headings, remove a redundant unit divider, and correct one OCR typo.","4.5 Stability","ms72c578xhc1jpxs423stfe6118bvrvh","1789053534672","4846",
"physics-9","04-dynamics-ii","Dynamics 2","4-6-friction","4.6 Friction","1785804637928.287","kx79t19vra8d2277z82f7r322s8btcpt","1785804637928","1787579258418","4-6-friction","{""blockIndex"":93,""chapterNumber"":4,""subjectSlug"":""physics-9""}","published","Move 1 existing textbook aside(s) into SideActivity components without changing their content. Also strips 1 pre-existing ""PDF page"" mechanism-jargon fragment(s) from an image caption per the caption-authoring rule.","4.6 Friction","ms7czxszjsmtcvbrqpsh0y598x8bty1p","1789527395179","8212",
"physics-9","04-dynamics-ii","Dynamics 2","4-7-centripetal-force","4.7 Centripetal Force","1785804637928.289","kx78bgedmmjpp33r2eh4eyctps8bv2wb","1785804637928","1787579258418","4-7-centripetal-force","{""blockIndex"":130,""chapterNumber"":4,""subjectSlug"":""physics-9""}","published","P2.8 source-layout repair: normalize raw all-caps headings and move existing textbook enrichment boxes into SideActivity components; no facts, scope, or practice targets change.","4.7 Centripetal Force","ms79b80mx64h3e4s6sfghpcypd8bvsek","1789496690945","7106",
"physics-9","04-dynamics-ii","Dynamics 2","4-9-planetary-data","4.9 Planetary Data","1785804637928.2908","kx74rr3pvza9yz88aa05n8j2jh8bv5z9","1785804637928","1787579258418","4-9-planetary-data","{""blockIndex"":162,""chapterNumber"":4,""subjectSlug"":""physics-9""}","published","P2.8 source-layout repair: normalize raw all-caps headings and move existing textbook enrichment boxes into SideActivity components; no facts, scope, or practice targets change.","4.9 Planetary Data","ms72vxze12y7qccmny3fkkn7798btx3b","1789036051177","3336",
"physics-9","05-pressure-and-deformation-in-solids","Pressure And Deformation In Solids","5-1-elasticity","5.1 Elasticity","1785804637928.2935","kx7b8kr7fq3qyj87xvpbqyyrhx8bt3kh","1785804637928","1787579258418","5-1-elasticity","{""blockIndex"":6,""chapterNumber"":5,""subjectSlug"":""physics-9""}","published","P2/P2.8 OCR/layout repair: turn raw figure captions into readable headings and correct the clear Hooke spelling/capitalisation artifacts.","5.1 Elasticity","ms71d6vsxtt749jx4sdp7kw16h8btah1","1789426252945","10049","n57fswxhycn52zhst97yaz7gw9869h2z"
"physics-9","05-pressure-and-deformation-in-solids","Pressure And Deformation In Solids","5-2-pressure","5.2 Pressure","1785804644812.4675","kx743c3qmdcgefej9ks5k7x8wn8btdwx","1785804644812","1787579258418","5-2-pressure","{""blockIndex"":35,""chapterNumber"":5,""subjectSlug"":""physics-9""}","published","P2.8 source-layout repair: normalize raw all-caps headings and move existing textbook enrichment boxes into SideActivity components; no facts, scope, or practice targets change.","5.2 Pressure","ms7a4c00pzj2mk96p24rfmd13d8btp4v","1789036051428","2724",
"physics-9","05-pressure-and-deformation-in-solids","Pressure And Deformation In Solids","5-3-atmospheric-pressure","5.3 Atmospheric Pressure","1785804644812.4683","kx79y8k9473ty1gf910611a7mh8bta4f","1785804644812","1787579258418","5-3-atmospheric-pressure","{""blockIndex"":54,""chapterNumber"":5,""subjectSlug"":""physics-9""}","published","P2.8 source-layout repair: normalize raw all-caps headings and move existing textbook enrichment boxes into SideActivity components; no facts, scope, or practice targets change.","5.3 Atmospheric Pressure","ms78c3w8krh0srfv1ryxbdrp158bvf66","1789036051536","7263",
"physics-9","05-pressure-and-deformation-in-solids","Pressure And Deformation In Solids","5-4-liquid-pressure","5.4 Liquid Pressure","1785804644812.47","kx77m8bg226q6km6r7kehr43gh8btqt1","1785804644812","1787579258418","5-4-liquid-pressure","{""blockIndex"":84,""chapterNumber"":5,""subjectSlug"":""physics-9""}","published","Case-normalize 1 raw ALL-CAPS heading(s) copied verbatim from the source corpus into properly-cased topic headings (P2.8).","5.4 Liquid Pressure","ms7bztsc5ssj3p4m05ckz26qkx8bv77f","1788511722208","2339",
"physics-9","05-pressure-and-deformation-in-solids","Pressure And Deformation In Solids","5-5-manometer","5.5 Manometer","1785804644812.4707","kx747r16g14av6vd9z9shhhkxx8btrmk","1785804644812","1787579258418","5-5-manometer","{""blockIndex"":108,""chapterNumber"":5,""subjectSlug"":""physics-9""}","published","P2.8 source-layout repair: normalize raw all-caps headings and move existing textbook enrichment boxes into SideActivity components; no facts, scope, or practice targets change.","5.5 Manometer","ms77nw4rbhbzs1ga22fg3401ax8bvpgs","1789036051713","2255",
"physics-9","05-pressure-and-deformation-in-solids","Pressure And Deformation In Solids","5-6-pascal-s-principle","5.6 Pascal's Principle","1785804644812.4714","kx77p6feqq4ecd8acnqtae2p798btstr","1785804644812","1787579258418","5-6-pascal-s-principle","{""blockIndex"":118,""chapterNumber"":5,""subjectSlug"":""physics-9""}","published","Normalize 4 raw all-caps source heading(s) into student-readable title case. Also strips 1 pre-existing ""PDF page"" mechanism-jargon fragment(s) from an image caption per the caption-authoring rule.","5.6 Pascal's Principle","ms7bm7zpdm385svtgh30186w1d8btxwe","1789527395827","6753",
"physics-9","06-work-and-energy","Work And Energy","6-1-work","6.1 Work","1785804644812.4744","kx76rhehswefv1tjs813ebkz798bt9r4","1785804644812","1787579258418","6-1-work","{""blockIndex"":5,""chapterNumber"":6,""subjectSlug"":""physics-9""}","published","P2/P2.8 source-layout cleanup: normalize raw all-caps headings and convert textbook aside boxes into SideActivity components without changing teaching prose.","6.1 Work","ms78031zc90w46nf0c6js2h8158bvwec","1789053500165","1960",
"physics-9","06-work-and-energy","Work And Energy","6-2-energy-and-its-forms","6.2 Energy and Its Forms","1785804652501.6023","kx7caneshpsy8asrfyg4esk4td8btxza","1785804652501","1787579258418","6-2-energy-and-its-forms","{""blockIndex"":24,""chapterNumber"":6,""subjectSlug"":""physics-9""}","published","P2.8 source-layout repair: normalize raw all-caps headings and move existing textbook enrichment boxes into SideActivity components; no facts, scope, or practice targets change.","6.2 Energy and Its Forms","ms7bzgqymp4gxm4nt1nh6rygj18btcqb","1789042673411","14823",
"physics-9","06-work-and-energy","Work And Energy","6-3-major-energy-resources","6.3 Major Energy Resources","1785804652501.6042","kx753csw0k6m1n6aq4ag7n4kbx8bv03t","1785804652501","1787579258418","6-3-major-energy-resources","{""blockIndex"":102,""chapterNumber"":6,""subjectSlug"":""physics-9""}","published","P2.8 source-layout repair: normalize raw all-caps headings and move existing textbook enrichment boxes into SideActivity components; no facts, scope, or practice targets change.","6.3 Major Energy Resources","ms7dafhxt37jxsxzcvm9akq8ws8bvgtr","1789036051888","21017","n57fswxhycn52zhst97yaz7gw9869h2z"
"physics-9","06-work-and-energy","Work And Energy","6-4-power","6.4 Power","1785804652501.6077","kx79kws0nwhz9fbqkv51n75v058btyq7","1785804652501","1787579258418","6-4-power","{""blockIndex"":158,""chapterNumber"":6,""subjectSlug"":""physics-9""}","published","Normalize 2 raw all-caps source heading(s) into student-readable title case. Also strips 1 pre-existing ""PDF page"" mechanism-jargon fragment(s) from an image caption per the caption-authoring rule.","6.4 Power","ms71d2hpgw7rn7z1vh12dch7mh8bte6h","1789527396164","2588",
"physics-9","06-work-and-energy","Work And Energy","6-5-efficiency","6.5 Efficiency","1785804652501.6086","kx73fxf9rz4xja4te14xr9wq998bvnxt","1785804652501","1787579258418","6-5-efficiency","{""blockIndex"":174,""chapterNumber"":6,""subjectSlug"":""physics-9""}","published","Normalize 1 raw all-caps source heading(s) into student-readable title case. Also strips 1 pre-existing ""PDF page"" mechanism-jargon fragment(s) from an image caption per the caption-authoring rule.","6.5 Efficiency","ms74tdzr9xewp2b6s462ynj1518bt9nr","1789527396619","6864",
"physics-9","07-density-and-temperature","Density And Temperature","7-1-density","7.1 Density","1785804652501.611","kx72rzwwzmp56x07enje2n6k698btjz3","1785804652501","1787579258418","7-1-density","{""blockIndex"":4,""chapterNumber"":7,""subjectSlug"":""physics-9""}","published",,"7.1 Density","ms7cx4338gmc0y0cf3tr1wjgb58bvygs","1788501472751","2908",
"physics-9","07-density-and-temperature","Density And Temperature","7-2-measuring-densities-of-different-substances","7.2 Measuring Densities of Different Substances","1785804652501.6116","kx7b3bhhekgbm0z31hm1baek7d8bvfh4","1785804652501","1787579258418","7-2-measuring-densities-of-different-substances","{""blockIndex"":19,""chapterNumber"":7,""subjectSlug"":""physics-9""}","published","Normalize 6 raw all-caps source heading(s) into student-readable title case. Also strips 1 pre-existing ""PDF page"" mechanism-jargon fragment(s) from an image caption per the caption-authoring rule.","7.2 Measuring Densities of Different Substances","ms70vqvqcc1z24297at137gmch8bta85","1789527397030","5861",
"physics-9","07-density-and-temperature","Density And Temperature","7-3-states-of-matter","7.3 States of Matter","1785804659835.6985","kx75azm84skptpbsrqjse5tp358bvt0j","1785804659835","1787579258418","7-3-states-of-matter","{""blockIndex"":59,""chapterNumber"":7,""subjectSlug"":""physics-9""}","published","P2/P2.8 raw-source repair: replace leaked LaTeX aside marker with a renderer-supported Callout and preserve its fact text.","7.3 States of Matter","ms72664sp54wzf1gdxm2wnvd7n8bv405","1789053504526","3851",
"physics-9","07-density-and-temperature","Density And Temperature","7-4-plasma-as-a-fourth-state-of-matter","7.4 Plasma as a Fourth State of Matter","1785804659835.6992","kx7cc7xaqyk0rkajnhq6d7y5nn8btagn","1785804659835","1787579258418","7-4-plasma-as-a-fourth-state-of-matter","{""blockIndex"":78,""chapterNumber"":7,""subjectSlug"":""physics-9""}","published","P2.8 source-layout repair: normalize raw all-caps headings and move existing textbook enrichment boxes into SideActivity components; no facts, scope, or practice targets change.","7.4 Plasma as a Fourth State of Matter","ms7c8z22mc0ey57v1wk756fks98bt8ek","1789036052151","2071",
"physics-9","07-density-and-temperature","Density And Temperature","7-5-relationship-between-the-motion-of-particles-and-temperature","7.5 Relationship Between the Motion of Particles and Temperature","1785804659835.7002","kx71zag9h2v0nswwehgcp9zk2n8btsad","1785804659835","1787579258418","7-5-relationship-between-the-motion-of-particles-and-temperature","{""blockIndex"":85,""chapterNumber"":7,""subjectSlug"":""physics-9""}","published","Case-normalize 1 raw ALL-CAPS heading(s) copied verbatim from the source corpus into properly-cased topic headings (P2.8).","7.5 Relationship Between the Motion of Particles and Temperature","ms77mk9k8tbsh1f0jg5mdhr9hd8bt5cs","1788534715520","2268",
"physics-9","07-density-and-temperature","Density And Temperature","7-6-internal-energy-and-temperature-of-a-substance","7.6 Internal Energy and Temperature of a Substance","1785804659835.701","kx71srzv50eh68m0s4x6pvjc4h8btenb","1785804659835","1787579258418","7-6-internal-energy-and-temperature-of-a-substance","{""blockIndex"":91,""chapterNumber"":7,""subjectSlug"":""physics-9""}","published",,"7.6 Internal Energy and Temperature of a Substance","ms78dxx985pg3880kmctemmft58bv1pp","1787579258418","1321",
"physics-9","07-density-and-temperature","Density And Temperature","7-8-variation-in-physical-properties-as-a-tool-for-measuring-temperature-of-a-substance","7.8 Variation in Physical Properties as a Tool for Measuring Temperature of a Substance","1785804659835.7014","kx7bw5ata62ab0xtrmkppfmrq98bvhab","1785804659835","1787579258418","7-8-variation-in-physical-properties-as-a-tool-for-measuring-temperature-of-a-substance","{""blockIndex"":94,""chapterNumber"":7,""subjectSlug"":""physics-9""}","published","P2.8 source-layout repair: normalize raw all-caps headings and move existing textbook enrichment boxes into SideActivity components; no facts, scope, or practice targets change.","7.8 Variation in Physical Properties as a Tool for Measuring Temperature of a Substance","ms7an82a385nrhwjtst3dn5kgd8btyce","1789036052264","5783",
"physics-9","07-density-and-temperature","Density And Temperature","7-10-sensitivity-range-and-linearity-of-thermometres","7.10 Sensitivity, Range and Linearity of Thermometres","1785804659835.7034","kx727gt5qamvxkjxjeexg8mwzx8btdqz","1785804659835","1787579258418","7-10-sensitivity-range-and-linearity-of-thermometres","{""blockIndex"":115,""chapterNumber"":7,""subjectSlug"":""physics-9""}","published","P2.8 source-layout repair: normalize raw all-caps headings and move existing textbook enrichment boxes into SideActivity components; no facts, scope, or practice targets change.","7.10 Sensitivity, Range and Linearity of Thermometres","ms76j33fzn17tdkawtpgabzy2n8bt6yy","1789036052378","2909",
"physics-9","07-density-and-temperature","Density And Temperature","7-11-structures-and-function-of-liquid-in-glass-and-thermocouple-thermometres","7.11 Structures and Function of Liquid-in-glass and Thermocouple Thermometres","1785804667161.6304","kx71btx4btaawvfkt061zeazfs8btbz4","1785804667161","1787579258418","7-11-structures-and-function-of-liquid-in-glass-and-thermocouple-thermometres","{""blockIndex"":123,""chapterNumber"":7,""subjectSlug"":""physics-9""}","published","P2.8 source-layout repair: normalize raw all-caps headings and move existing textbook enrichment boxes into SideActivity components; no facts, scope, or practice targets change.","7.11 Structures and Function of Liquid-in-glass and Thermocouple Thermometres","ms7djwecr44k74qt60ss25jhrh8bvfxz","1789036052498","2614",
"physics-9","07-density-and-temperature","Density And Temperature","7-12-effect-of-structure-of-a-liquid-in-glass-thermometre-on-its-sensitivity-range-and-linearity","7.12 Effect of Structure of a Liquid-in-glass Thermometre on Its Sensitivity, Range and Linearity","1785804667161.6313","kx708rc3rgkyp3mrk9v1q1btvh8bts2r","1785804667161","1787579258418","7-12-effect-of-structure-of-a-liquid-in-glass-thermometre-on-its-sensitivity-range-and-linearity","{""blockIndex"":132,""chapterNumber"":7,""subjectSlug"":""physics-9""}","published","P2.8 source-layout repair: normalize raw all-caps headings and move existing textbook enrichment boxes into SideActivity components; no facts, scope, or practice targets change.","7.12 Effect of Structure of a Liquid-in-glass Thermometre on Its Sensitivity, Range and Linearity","ms79a6pc5bsy3a5729xfxg7n5n8btdea","1789036052602","2866",
"physics-9","08-magnetism","Magnetism","8-1-domain-theory-of-magnetism","8.1 Domain Theory of Magnetism","1785804667161.6345","kx7596bdvakqxxs70v57fbasqh8btynm","1785804667161","1787579258418","8-1-domain-theory-of-magnetism","{""blockIndex"":5,""chapterNumber"":8,""subjectSlug"":""physics-9""}","published",,"8.1 Domain Theory of Magnetism","ms71y0s29c8pefr9h88cr4jkan8btw1c","1788465408930","2577",
"physics-9","08-magnetism","Magnetism","8-2-magnetic-field","8.2 Magnetic Field","1785804667161.6353","kx70yjesfs887mw64vb0q5crr58bvjk1","1785804667161","1787579258418","8-2-magnetic-field","{""blockIndex"":12,""chapterNumber"":8,""subjectSlug"":""physics-9""}","published","Strip 1 pre-existing ""PDF page"" mechanism-jargon fragment(s) from an image caption.","8.2 Magnetic Field","ms73mnsef0dzmv1bg5m07gjk8n8btah0","1789527397713","4392",
"physics-9","08-magnetism","Magnetism","8-3-induced-magnetism","8.3 Induced Magnetism","1785804667161.6365","kx7deqhhed8b00ter0rmv5bpt98btfxr","1785804667161","1787579258418","8-3-induced-magnetism","{""blockIndex"":27,""chapterNumber"":8,""subjectSlug"":""physics-9""}","published","Normalize 4 raw all-caps source heading(s) into student-readable title case. Also strips 1 pre-existing ""PDF page"" mechanism-jargon fragment(s) from an image caption per the caption-authoring rule.","8.3 Induced Magnetism","ms76ygwt16cf8t1dtg1ktbk5tn8bvwtj","1789527397417","12432",
"physics-9","08-magnetism","Magnetism","8-4-types-of-magnetic-materials","8.4 Types of Magnetic Materials","1785804667161.6384","kx75e68kf969160anwthghg7nx8btvf8","1785804667161","1787579258418","8-4-types-of-magnetic-materials","{""blockIndex"":70,""chapterNumber"":8,""subjectSlug"":""physics-9""}","published","P2.8 source-layout repair: normalize raw all-caps headings and move existing textbook enrichment boxes into SideActivity components; no facts, scope, or practice targets change.","8.4 Types of Magnetic Materials","ms7cfxrppxq197g51114pge9w58btcer","1789036052733","3732",
"physics-9","08-magnetism","Magnetism","8-5-earth-s-magnetic-field","8.5 Earth's Magnetic Field","1785804674503.8599","kx75vfekqwxd5as4tgb2g8379d8btseg","1785804674503","1787579258418","8-5-earth-s-magnetic-field","{""blockIndex"":80,""chapterNumber"":8,""subjectSlug"":""physics-9""}","published","P2.8 source-layout repair: normalize raw all-caps headings and move existing textbook enrichment boxes into SideActivity components; no facts, scope, or practice targets change.","8.5 Earth's Magnetic Field","ms7f6f2qfrw7th7qk1pdv984v18btnrw","1789036052857","5193",
"physics-9","09-nature-of-science-and-physics","Nature Of Science And Physics","9-1-objectives-of-physics","9.1 Objectives of Physics","1785804674503.8625","kx7drx9y0bhp18pd3n7jzkg9t58bv077","1785804674503","1787579258418","9-1-objectives-of-physics","{""blockIndex"":6,""chapterNumber"":9,""subjectSlug"":""physics-9""}","published","P2.8 source-layout repair: normalize raw all-caps headings and move existing textbook enrichment boxes into SideActivity components; no facts, scope, or practice targets change.","9.1 Objectives of Physics","ms79zy5hbaggj5b5va0pd1a8vn8btcj8","1789071129789","5102",
"physics-9","09-nature-of-science-and-physics","Nature Of Science And Physics","9-2-fields-of-physics","9.2 Fields of Physics","1785804674503.8635","kx7209vxym1b09anh9jpwj5p3s8btp51","1785804674503","1787579258418","9-2-fields-of-physics","{""blockIndex"":19,""chapterNumber"":9,""subjectSlug"":""physics-9""}","published","Move 1 existing textbook aside(s) into SideActivity components without changing their content. Also strips 1 pre-existing ""PDF page"" mechanism-jargon fragment(s) from an image caption per the caption-authoring rule.","9.2 Fields of Physics","ms7fzs5nyvyyqp26bzbp6rdwh18bvmtt","1789527395556","4513",
"physics-9","09-nature-of-science-and-physics","Nature Of Science And Physics","9-3-hypothesis-theory-and-law","9.3 Hypothesis, Theory and Law","1785804674503.8643","kx754njd5yqgm188jahh9dxqvs8bty8y","1785804674503","1787579258418","9-3-hypothesis-theoryand-law","{""blockIndex"":28,""chapterNumber"":9,""subjectSlug"":""physics-9""}","published","P2/P2.8 source-layout cleanup: normalize raw all-caps headings and convert textbook aside boxes into SideActivity components without changing teaching prose.","9.3 Hypothesis, Theoryand Law","ms72k80hb3ch8r2tpf3e8dya818bty6m","1789053500305","2805",
"physics-9","09-nature-of-science-and-physics","Nature Of Science And Physics","9-4-science-technology-and-engineering","9.4 Science, Technology and Engineering","1785804674503.8657","kx7182pctje8b0cj1yy6cdjys18btycc","1785804674503","1787579258418","9-4-science-technology-and-engineering","{""blockIndex"":42,""chapterNumber"":9,""subjectSlug"":""physics-9""}","published","Case-normalize 1 raw ALL-CAPS heading(s) copied verbatim from the source corpus into properly-cased topic headings (P2.8).","9.4 Science, Technology and Engineering","ms75ne6xkcxqzt4wzbhg5tp0gn8bvnwb","1788511723480","2844",
"computer-9","01-computer-systems","Computer Systems","1-1-brief-history-of-computer-systems-and-generations-of-computers","1.1 Brief History of Computer Systems and Generations of Computers","1785805059179.5964","kx717kh462qe9p3aw67dxsjt258bv8dr","1785805059179","1787579263531","1-1-brief-history-of-computer-systems-and-generations-of-computers","{""blockIndex"":0,""chapterNumber"":1,""subjectSlug"":""computer-9""}","published",,"1.1 Brief History of Computer Systems and Generations of Computers","ms7ej04b9arcv3n24x3gzrdwp18btdjr","1788616153559","6748",
"computer-9","01-computer-systems","Computer Systems","1-2-understanding-systems-and-their-types","1.2 Understanding Systems and Their Types","1785805059179.5977","kx758sraq2x6w2g49kww9f40sh8bvfnq","1785805059179","1787579263531","1-2-understanding-systems-and-their-types","{""blockIndex"":33,""chapterNumber"":1,""subjectSlug"":""computer-9""}","published",,"1.2 Understanding Systems and Their Types","ms7endydbh2t57ptjkmg5bxfe98bty82","1788780803027","2669",
"computer-9","01-computer-systems","Computer Systems","1-3-core-components-of-a-computer-system","1.3 Core Components of a Computer System","1785805059179.5986","kx79dcjde4vz1zap9tk6mhz7ch8bttq7","1785805059179","1787579263531","1-3-core-components-of-a-computer-system","{""blockIndex"":43,""chapterNumber"":1,""subjectSlug"":""computer-9""}","published",,"1.3 Core Components of a Computer System","ms763512c7z9ke4z3ymjemkqxx8bt3p2","1788780570020","6425",
"computer-9","01-computer-systems","Computer Systems","1-4-von-neumann-architecture","1.4 Von Neumann Architecture","1785805059179.6","kx76pwyefsmg3ar5js5m02et2x8btpds","1785805059179","1787579263531","1-4-von-neumann-architecture","{""blockIndex"":70,""chapterNumber"":1,""subjectSlug"":""computer-9""}","published",,"1.4 Von Neumann Architecture","ms755va7p9pfancs6shswx6cbh8btprh","1787579263531","3336",
"computer-9","01-computer-systems","Computer Systems","1-5-data-transmission-within-a-computer-system","1.5 Data Transmission Within a Computer System","1785805059179.6006","kx76r50n8cpfm7kb6jrnqdjfpn8btyvh","1785805059179","1787579263531","1-5-data-transmission-within-a-computer-system","{""blockIndex"":87,""chapterNumber"":1,""subjectSlug"":""computer-9""}","published","Add real section headings (Bus System, Registers, Memory Levels, Instruction Cycle, Pipelining, Data Paths, Interrupts and I/O) to a topic that had none; fix the CaptionedImage sitting mid-sentence inside 'These are small, fast [IMAGE] storage units...' by moving it to a natural paragraph break with descriptive alt text. No facts changed.","1.5 Data Transmission Within a Computer System","ms72vmpm7wvec8th4p43anjc518btksn","1788798642720","1608",
"computer-9","01-computer-systems","Computer Systems","1-6-computer-memory","1.6 Computer Memory","1785805059179.601","kx7armdsjkpq5j4vv2yqbhs26h8btbef","1785805059179","1787579263531","1-6-computer-memory","{""blockIndex"":97,""chapterNumber"":1,""subjectSlug"":""computer-9""}","published",,"1.6 Computer Memory","ms79h2tmarvhkzvcsppmrcxv8x8bv176","1788308794686","9431",
"computer-9","01-computer-systems","Computer Systems","1-7-software-engineering-and-hardware-engineering","1.7 Software Engineering and Hardware Engineering","1785805064016.9395","kx773v1fm9wf8fmbanj9gf9dbn8btxe4","1785805064017","1787579263531","1-7-software-engineering-and-hardware-engineering","{""blockIndex"":140,""chapterNumber"":1,""subjectSlug"":""computer-9""}","published","Fix two mid-sentence CaptionedImage interruptions ('...quality, reliability, and [IMAGE] efficiency of software systems' splits one sentence in half) by moving both images to natural paragraph breaks with descriptive alt text, and add Software Engineering / Hardware Engineering section headings. No facts changed.","1.7 Software Engineering and Hardware Engineering","ms7a4pgj778rcvbxmmbfxhmsad8bvx54","1788798642843","2875",
"computer-9","01-computer-systems","Computer Systems","1-8-computer-software","1.8 Computer Software","1785805064016.94","kx7794433t79kn832khvmv7fyh8bv7n6","1785805064017","1787579263531","1-8-computer-software","{""blockIndex"":150,""chapterNumber"":1,""subjectSlug"":""computer-9""}","published",,"1.8 Computer Software","ms7fp4ffpds55qmwhe7pksg2vd8btcz3","1787579263531","15849",
"computer-9","01-computer-systems","Computer Systems","1-9-data-communication","1.9 Data Communication","1785805064016.941","kx79g1vwytqrkwv468gxayhjnh8bt6n4","1785805064017","1787579263531","1-9-data-communication","{""blockIndex"":188,""chapterNumber"":1,""subjectSlug"":""computer-9""}","published",,"1.9 Data Communication","ms7fs82f2q4czvq9ea862f5azs8bvdgg","1788780032325","25635",
"computer-9","02-computational-thinking-algorithms","Computational Thinking & Algorithms","2-1-problems","2.1 Problems","1785805064016.9446","kx7bbrgphke5pg4f4gd59rgjdd8btagr","1785805064017","1787579263531","2-1-problems","{""blockIndex"":7,""chapterNumber"":2,""subjectSlug"":""computer-9""}","published",,"2.1 Problems","ms71ckyqhp9rxye1jn23bz52w98btcw0","1788779503940","1721",
"computer-9","02-computational-thinking-algorithms","Computational Thinking & Algorithms","2-2-identifying-a-computing-problem","2.2 Identifying a Computing Problem","1785805064016.9453","kx71sg01djz2hreebtzz38nb6d8btsh9","1785805064017","1787579263531","2-2-identifying-a-computing-problem","{""blockIndex"":12,""chapterNumber"":2,""subjectSlug"":""computer-9""}","published",,"2.2 Identifying a Computing Problem","ms74rjmwdm20ngzzt0f4dghme18bt2kh","1788779452837","4960",
"computer-9","02-computational-thinking-algorithms","Computational Thinking & Algorithms","2-3-problem-solving","2.3 Problem Solving","1785805064016.9458","kx73drk17mrkbgy297n5gsgtbs8bt17z","1785805064017","1787579263531","2-3-problem-solving","{""blockIndex"":40,""chapterNumber"":2,""subjectSlug"":""computer-9""}","published",,"2.3 Problem Solving","ms78xxdzw8gkxet1wmy3nqdq198btycy","1787579263531","1672",
"computer-9","02-computational-thinking-algorithms","Computational Thinking & Algorithms","2-5-input-processing-output-i-p-o-chart","2.5 Input-processing-output (I-p-o) Chart","1785805068786.8762","kx7cxcs63nmst4xr5mraxtvf398bt3qh","1785805068786","1787579263531","2-5-input-processing-output-i-p-o-chart","{""blockIndex"":48,""chapterNumber"":2,""subjectSlug"":""computer-9""}","published",,"2.5 Input-processing-output (I-p-o) Chart","ms7ctfr0wr377jnhwyky6xjt6x8btqsj","1787579263531","1241",
"computer-9","02-computational-thinking-algorithms","Computational Thinking & Algorithms","2-6-computational-thinking","2.6 Computational Thinking","1785805068786.8767","kx778tze10hvrgcbc6fg6h0s0h8bvqg6","1785805068786","1787579263531","2-6-computational-thinking","{""blockIndex"":54,""chapterNumber"":2,""subjectSlug"":""computer-9""}","published",,"2.6 Computational Thinking","ms75mxyrdj22fs3dxt9bxj0v418btmtc","1788779400624","1811",
"computer-9","02-computational-thinking-algorithms","Computational Thinking & Algorithms","2-7-principles-of-computational-thinking","2.7 Principles of Computational Thinking","1785805068786.8774","kx7as6dszycm3057v7zxsghchd8bt9av","1785805068786","1787579263531","2-7-principles-of-computational-thinking","{""blockIndex"":64,""chapterNumber"":2,""subjectSlug"":""computer-9""}","published",,"2.7 Principles of Computational Thinking","ms74zsrgy7pgrp7pftz2h96ebh8bvc8n","1788779365358","2266",
"computer-9","02-computational-thinking-algorithms","Computational Thinking & Algorithms","2-8-methods-to-design-a-solution","2.8 Methods to Design a Solution","1785805068786.8784","kx7bdhpemmg96t7jwb4fgjpgkn8btkww","1785805068786","1787579263531","2-8-methods-to-design-a-solution","{""blockIndex"":73,""chapterNumber"":2,""subjectSlug"":""computer-9""}","published",,"2.8 Methods to Design a Solution","ms73s75d6srf46ddxhnrq07dtd8bt1j0","1788779312810","9371",
"computer-9","03-programing-fundamentals","Programing Fundamentals","3-1-introduction","3.1 Introduction","1785805068786.88","kx74rm0bcar9s8fwer5y24asgn8btfb2","1785805068786","1787579263531","3-1-introduction","{""blockIndex"":0,""chapterNumber"":3,""subjectSlug"":""computer-9""}","published",,"3.1 Introduction","ms7c6hh9phk1qw75m4nvr90aqs8bvcfm","1787579263531","6608",
"computer-9","03-programing-fundamentals","Programing Fundamentals","3-2-html","3.2 Html","1785805068786.882","kx7bnq3ya2pa46tewwff5dz0s98btv9a","1785805068786","1787579263531","3-2-html","{""blockIndex"":20,""chapterNumber"":3,""subjectSlug"":""computer-9""}","published",,"3.2 Html","ms7fa5335016pd8gsrjm3aez898bth80","1788779251265","14521",
"computer-9","03-programing-fundamentals","Programing Fundamentals","3-3-cascading-style-sheets-css","3.3 Cascading Style Sheets (Css)","1785805073524.112","kx7dx6anyscjv9n6xap24v3mc98bv203","1785805073524","1787579263531","3-3-cascading-style-sheets-css","{""blockIndex"":82,""chapterNumber"":3,""subjectSlug"":""computer-9""}","published",,"3.3 Cascading Style Sheets (Css)","ms7e6zp0grntywgfnk3n381kch8bvzka","1788507792643","7237",
"computer-9","03-programing-fundamentals","Programing Fundamentals","3-4-java-script","3.4 Java Script","1785805073524.1133","kx73fagbt4sk9y6dsq36y4d81x8bvbb9","1785805073524","1787579263531","3-4-java-script","{""blockIndex"":112,""chapterNumber"":3,""subjectSlug"":""computer-9""}","published",,"3.4 Java Script","ms7db4v0mqpnb8ejn6x8nq4sm98bt9v4","1788507537059","14850",
"computer-9","03-programing-fundamentals","Programing Fundamentals","3-5-debug-the-code","3.5 Debug the Code","1785805073524.1157","kx7ajb86nder1a77ek5t9egy2d8bveyj","1785805073524","1787579263531","3-5-debug-the-code","{""blockIndex"":175,""chapterNumber"":3,""subjectSlug"":""computer-9""}","published",,"3.5 Debug the Code","ms7e4jdr5kdhh6g87rngamnden8bv1va","1788507013254","1135",
"computer-9","03-programing-fundamentals","Programing Fundamentals","3-6-create-a-dynamic-website","3.6 Create a Dynamic Website","1785805073524.1162","kx7bt56drjvqfxjv4pwdgbwnas8bvaq0","1785805073524","1787579263531","3-6-create-a-dynamic-website","{""blockIndex"":178,""chapterNumber"":3,""subjectSlug"":""computer-9""}","published","Remove the embedded 10-item MCQ block, 7-item SRQ block, 10-item ERQ block, and three loose long-form project prompts sitting after the Summary in mdxBody (same defect class as 4.3 Big Data). Clean the garbled OCR 'screenshot as table' dumps for Fig 42(b)/(c)/(d) (typos like 'Inder No.', 'Isulex No.', duplicate near-identical corrupted tables) into a single clear description of what pressing the button does, since the actual figures are not renderable as clean prose/tables. Add real section headings. No facts changed.","3.6 Create a Dynamic Website","ms7d9ycaze8h2n3v2zfrr5fe9d8bv54p","1788798642545","5241",
"computer-9","04-data-and-analysis","Data And Analysis","4-1-data-and-analysis","4.1 Data and Analysis","1785805073524.117","kx77r7wd3f1a504d3z9hf9gyfd8bvxpg","1785805073524","1787579263531","4-1-data-and-analysis","{""blockIndex"":7,""chapterNumber"":4,""subjectSlug"":""computer-9""}","published",,"4.1 Data and Analysis","ms75dvk5jzf7d6bf7aj326cd018btmhr","1788506803820","7323",
"computer-9","04-data-and-analysis","Data And Analysis","4-2-data-types-in-data-science","4.2 Data Types in Data Science","1785805073524.1187","kx74m1zb9z2ab6ghe89endpzjd8btbyg","1785805073524","1787579263531","4-2-data-types-in-data-science","{""blockIndex"":19,""chapterNumber"":4,""subjectSlug"":""computer-9""}","published",,"4.2 Data Types in Data Science","ms7c1ftsfar7gbf2vsr6wyfw358bvn60","1788822653144","11384",
"computer-9","04-data-and-analysis","Data And Analysis","4-3-big-data","4.3 Big Data","1785805078437.5142","kx79a53268xa5s71mmjg16t35n8bvbaz","1785805078437","1787579263531","4-3-big-data","{""blockIndex"":65,""chapterNumber"":4,""subjectSlug"":""computer-9""}","published","Restructure per TOPIC-LAYOUT-HOUSE-PATTERN.md's own worked example for this exact topic (§4): give the three Vs, history, advantages, challenges and applications their own headed sections with room to breathe; fix live OCR/typo damage ('loT'->'IoT', the scrambled Hadoop sentence, the stray '110' page-break artifact, 'inc.easing'->'increasing'); replace the Summary's copy-pasted definitions from other chapter topics with a real recap of this topic's own content; remove the embedded Q1 10-item MCQ block, the 10-item SRQ block, the 5-item ERQ block, three Lab Activities and two Teacher's Guide links from mdxBody entirely (per house rule, none of that belongs in prose -- it is a separate P2.6/P2.7 extraction task). No facts changed or added beyond restoring correct word order/spelling in the two OCR-damaged sentences.","4.3 Big Data","ms7fkeczvk9kszprsp3t4mazss8bv1yr","1788798642344","7203",
"computer-9","05-applications-of-computer-science","Applications Of Computer Science","5-1-artificial-intelligence-and-machine-learning","5.1 Artificial Intelligence and Machine Learning","1785805078437.5159","kx7ddq34jj9z1kjpa91wm1jcy18bvv3y","1785805078437","1787579263531","5-1-artificial-intelligence-and-machine-learning","{""blockIndex"":7,""chapterNumber"":5,""subjectSlug"":""computer-9""}","published",,"5.1 Artificial Intelligence and Machine Learning","ms77r6bddvjamvn6nzracgc3yd8bt3sg","1788506452869","11836",
"computer-9","05-applications-of-computer-science","Applications Of Computer Science","5-2-different-areas-of-ai","5.2 . Different Areas of Ai","1785805078437.5183","kx7db9vwfe69nn8kbq96zv3tn18bt9y0","1785805078437","1787579263531","5-2-different-areas-of-ai","{""blockIndex"":11,""chapterNumber"":5,""subjectSlug"":""computer-9""}","published",,"5.2 . Different Areas of Ai","ms70qmwemm0r2agx0qhwp7f5qn8btk94","1788506323657","13659",
"computer-9","05-applications-of-computer-science","Applications Of Computer Science","5-4-cloud-computing","5.4 Cloud Computing","1785805078437.5232","kx71fnszwaysy7k43xrbnr1gps8bvxnn","1785805078437","1787579263531","5-4-cloud-computing","{""blockIndex"":98,""chapterNumber"":5,""subjectSlug"":""computer-9""}","published",,"5.4 Cloud Computing","ms73dg8ye4y70cr07vg7e7fcgs8bv2mj","1788822653313","6500",
"computer-9","06-impacts-of-computing","Impacts Of Computing","6-1-safe-and-responsible-use-of-computer","6.1 Safe and Responsible Use of Computer","1785805078437.5269","kx76jnf8fejzmhme1yqqby59rs8bta1m","1785805078437","1787579263531","6-1-safe-and-responsible-use-of-computer","{""blockIndex"":7,""chapterNumber"":6,""subjectSlug"":""computer-9""}","published",,"6.1 Safe and Responsible Use of Computer","ms7bdnf7bxjv4wcff6jv28tk518btnhy","1788822653500","4256",
"computer-9","06-impacts-of-computing","Impacts Of Computing","6-2-responsible-use-of-hardware-and-software","6.2 Responsible Use of Hardware and Software","1785805078437.5295","kx71a9cfed8pzwzq2szbseda398bvbdr","1785805078437","1787579263531","6-2-responsible-use-of-hardware-and-software","{""blockIndex"":38,""chapterNumber"":6,""subjectSlug"":""computer-9""}","published",,"6.2 Responsible Use of Hardware and Software","ms72njeydmzn5xtfth0r4ck5cs8bvak5","1788500915280","5366",
"computer-9","06-impacts-of-computing","Impacts Of Computing","6-3-safe-use-of-digital-platform","6.3 Safe Use of Digital Platform","1785805083358.1914","kx74j0pqcyjt1zqvp8b1haa0wh8btvkj","1785805083358","1787579263531","6-3-safe-use-of-digital-platform","{""blockIndex"":65,""chapterNumber"":6,""subjectSlug"":""computer-9""}","published",,"6.3 Safe Use of Digital Platform","ms7dh39wyw98dapzgwnfac396x8btc1q","1788500214235","2299",
"computer-9","06-impacts-of-computing","Impacts Of Computing","6-4-laws-to-protect-user-privacy-and-intellectual-property","6.4 Laws to Protect User Privacy and Intellectual Property","1785805083358.1924","kx7589awmfjnacqdx7mkjzk0z98bvbg0","1785805083358","1787579263531","6-4-laws-to-protect-user-privacy-and-intellectual-property","{""blockIndex"":77,""chapterNumber"":6,""subjectSlug"":""computer-9""}","published",,"6.4 Laws to Protect User Privacy and Intellectual Property","ms7bn249hdfnk89np6gvdxa5sx8bvxj7","1788500010462","1049",
"computer-9","06-impacts-of-computing","Impacts Of Computing","6-5-computing-innovation","6.5 Computing Innovation","1785805083358.193","kx774smqgddprk016qp3n2vwbx8bvgf1","1785805083358","1787579263531","6-5-computing-innovation","{""blockIndex"":85,""chapterNumber"":6,""subjectSlug"":""computer-9""}","published",,"6.5 Computing Innovation","ms7eck77y3ej6xekebqhpzmwfd8btry9","1788465566197","6264",
"computer-9","06-impacts-of-computing","Impacts Of Computing","6-6-malicious-software-and-key-concept","6.6 Malicious Software and Key Concept","1785805083358.1956","kx74zcq31yw26bnr7skpw5jbgs8bva1a","1785805083358","1787579263531","6-6-malicious-software-and-key-concept","{""blockIndex"":119,""chapterNumber"":6,""subjectSlug"":""computer-9""}","published",,"6.6 Malicious Software and Key Concept","ms796r211r8zz2axmnp0dr5c9n8btaf2","1788464943660","3790",
"computer-9","06-impacts-of-computing","Impacts Of Computing","6-9-social-networking","6.9 Social Networking","1785805083358.1965","kx7bygfpaxwm5gt0hczyxvna1h8btree","1785805083358","1787579263531","6-9-social-networking","{""blockIndex"":141,""chapterNumber"":6,""subjectSlug"":""computer-9""}","published",,"6.9 Social Networking","ms7a83w6w8763ksrvdvefr4gfx8bved0","1788464632150","2151",
"computer-9","06-impacts-of-computing","Impacts Of Computing","6-10-approaches-to-computing-effects","6.10 Approaches to Computing Effects","1785805083358.197","kx7fd1y8ybx4c0pz66kwm6a1s58bt5wj","1785805083358","1787579263531","6-10-approaches-to-computing-effects","{""blockIndex"":151,""chapterNumber"":6,""subjectSlug"":""computer-9""}","published",,"6.10 Approaches to Computing Effects","ms73k8w8k79wk1471zzwb8zkbd8btt8j","1788464263818","7344",
"computer-9","07-entrepreneurship","Entrepreneurship","7-1-you-will-be-your-own-boss","7.1 You Will Be Your Own Boss!","1785805088300.081","kx7f54vsam1a539eys271z25n98btgdx","1785805088300","1787579263531","7-1-you-will-be-your-own-boss","{""blockIndex"":5,""chapterNumber"":7,""subjectSlug"":""computer-9""}","published",,"7.1 You Will Be Your Own Boss!","ms798axqh5v48zmtxv34zwsmgx8bv0wn","1788822653726","15269",
"computer-9","07-entrepreneurship","Entrepreneurship","7-2-cost-of-production-overheads-profit-selling-price","7.2 Cost of Production + Overheads + Profit = Selling Price","1785805088300.0842","kx77gwkfzqh0cjcdn9dky9j60x8bvhdd","1785805088300","1787579263531","7-2-cost-of-production-overheads-profit-selling-price","{""blockIndex"":55,""chapterNumber"":7,""subjectSlug"":""computer-9""}","published",,"7.2 Cost of Production + Overheads + Profit = Selling Price","ms7bt4dbe6xd69gzy0xb679e018bvs8a","1787579263531","1247",
"computer-9","07-entrepreneurship","Entrepreneurship","7-3-devising-a-business-plan","7.3 Devising a Business Plan","1785805088300.0852","kx79g13s82mrt4eh53jz0cwzzx8btdfc","1785805088300","1787579263531","7-3-devising-a-business-plan","{""blockIndex"":60,""chapterNumber"":7,""subjectSlug"":""computer-9""}","published",,"7.3 Devising a Business Plan","ms7b57d3rv3jpzggjgkkzdgt6x8bteqh","1788462392732","10864",
"maths-9","01-real-numbers","Real Numbers","1-3-properties-of-real-numbers","1.3 Properties of Real Numbers","1785806636543.9001","kx7f6xzcgxb9fbmf2byv3e18fd8bt727","1785806636543","1787579269405","1-3-properties-of-real-numbers","{""blockIndex"":16,""chapterNumber"":1,""subjectSlug"":""maths-9""}","published","Anchor the existing Chapter 1.3 note to its exact canonical corpus heading without changing the note body.","1.3 Properties of Real Numbers","ms7ehgnwxyvwqjx1b090j4jn758btnsh","1789157938330","17413",
"maths-9","01-real-numbers","Real Numbers","1-4-radical-and-radicands","1.4 Radical and Radicands","1785806636543.9014","kx763em0mtsxjdxmtxsyvtkwjs8bvsfx","1785806636543","1787579269405","1-4-radical-and-radicands","{""blockIndex"":59,""chapterNumber"":1,""subjectSlug"":""maths-9""}","published","Rename the duplicate second Key Fact heading to a deterministic, descriptive section heading while preserving the note body.","1.4 Radical and Radicands","ms7fdhyhrqjjyj3qbbswxxk04s8bvfkr","1788216267430","18792",
"maths-9","02-logarithms","Logarithms","2-1-scientific-notation","2.1 Scientific Notation","1785806636543.905","kx703ncc80kd5xvc4skkmg6w9x8btab6","1785806636543","1787579269405","2-1-scientific-notation","{""blockIndex"":4,""chapterNumber"":2,""subjectSlug"":""maths-9""}","published","Anchor the existing Chapter 2.1 scientific-notation note to the exact corpus block without rewriting its body.","2.1 Scientific Notation","ms777n3zmffqebbhhz6w2cr97x8bvxph","1789054875571","4874",
"maths-9","02-logarithms","Logarithms","2-2-logarithms","2.2 Logarithms","1785806636543.9055","kx71narrqy7jdcn2gaz31w7qz58bvvsp","1785806636543","1787579269405","2-2-logarithms","{""blockIndex"":19,""chapterNumber"":2,""subjectSlug"":""maths-9""}","published","Anchor the existing Chapter 2.2 logarithms note to the exact corpus block without rewriting its body.","2.2 Logarithms","ms79pjpq9nycef5rzyjhpjm08n8bt3vk","1789054850284","12044",
"maths-9","02-logarithms","Logarithms","2-3-common-and-natural-logarithm","2.3 Common and Natural Logarithm","1785806636543.907","kx7cknk9mcxw6hkj9hdzyn4vc18btm62","1785806636543","1787579269405","2-3-common-and-natural-logarithm","{""blockIndex"":64,""chapterNumber"":2,""subjectSlug"":""maths-9""}","published","Replace the empty section heading with the canonical topic section title; preserve all mathematical content and equations.","2.3 Common and Natural Logarithm","ms7ee50hbw9jvngd4zv0z01aen8bvpgb","1787579269405","955",
"maths-9","02-logarithms","Logarithms","2-4-laws-of-logarithms","2.4 Laws of Logarithms","1785806636543.9075","kx70gs47vbkgj8375kb5jzcek18btf30","1785806636543","1787579269405","2-4-laws-of-logarithms","{""blockIndex"":69,""chapterNumber"":2,""subjectSlug"":""maths-9""}","published","Anchor the existing Chapter 2.4 logarithm-laws note to the exact corpus block without rewriting its body.","2.4 Laws of Logarithms","ms768qspy2c805pa6be534e7s58btrm8","1789158006247","11290",
"maths-9","02-logarithms","Logarithms","2-5-applications-of-logarithms","2.5 Applications of Logarithms","1785806641657.4033","kx753h72a0nb16rakmrx671fj58btfed","1785806641657","1787579269405","2-5-applications-of-logarithms","{""blockIndex"":111,""chapterNumber"":2,""subjectSlug"":""maths-9""}","published","Anchor the existing Chapter 2.5 applications note to the exact corpus block without rewriting its body.","2.5 Applications of Logarithms","ms757x9g6kw3fz0h2hey64w8198bvrme","1787579269405","3589",
"maths-9","03-sets-and-relations","Sets And Relations","3-1-sets-and-relations","3.1 Sets and Relations","1786504081199.8901","kx7fa3px8nvgrpzbd1jbb5z48s8cacqj","1786504081199","1787579269405","3-1-sets-and-relations","{""blockIndex"":6,""chapterNumber"":3,""subjectSlug"":""maths-9""}","published","This note explains sets, set-builder form, and operations including union, intersection, difference, complement, and Venn-diagram cases.","3.1 Sets and Relations","ms7bgvvvf9sved9ypjnrqfqzz98caryw","1789054840947","11390",
"maths-9","03-sets-and-relations","Sets And Relations","3-2-verification-of-associative-laws-using-venn-diagram","3.2 Verification of Associative Laws Using Venn Diagram","1786504081199.8906","kx7642gepj2prsyw4wv49drb4s8cbvbw","1786504081199","1787579269405","3-2-verification-of-associative-laws-using-venn-diagram","{""blockIndex"":205,""chapterNumber"":3,""subjectSlug"":""maths-9""}","published","This note verifies associative and distributive laws of union and intersection using Venn diagrams and set reasoning.","3.2 Verification of Associative Laws Using Venn Diagram","ms7b6cqx2rnb5wj1t3hbabf79s8cbpfz","1787579269405","7122",
"maths-9","03-sets-and-relations","Sets And Relations","3-3-application-of-venn-diagrams","3.3 Application of Venn Diagrams","1786504081199.891","kx771wxt0b7wd4dkmrm9yjdqsd8cacgv","1786504081199","1787579269405","3-3-application-of-venn-diagrams","{""blockIndex"":119,""chapterNumber"":3,""subjectSlug"":""maths-9""}","published","Add a specific section heading to the Application of Venn Diagrams note while preserving the grounded source passage.","3.3 Application of Venn Diagrams","ms7fymt7k96ek9rfx87nj8rrmh8cap1a","1788216257939","976",
"maths-9","03-sets-and-relations","Sets And Relations","3-4-binary-relations","3.4 Binary Relations","1786504081199.8916","kx7awrrbbn7ftbk9rtj3dvdyjd8caer7","1786504081199","1787579269405","3-4-binary-relations","{""blockIndex"":177,""chapterNumber"":3,""subjectSlug"":""maths-9""}","published","Add a specific section heading to the Binary Relations note while preserving its grounded definition and counting passages.","3.4 Binary Relations","ms79amny45zp3xgcbx7s19jnv98cbh1p","1787579269405","1175",
"maths-9","04-factorization-and-algebraic-manipulation","Factorization And Algebraic Manipulation","4-1-factorization-of-an-algebraic-expression","4.1 Factorization of an Algebraic Expression","1785806641657.4045","kx756c1fgvm5x6c2k2t1nr3j2s8btra1","1785806641657","1787579269405","4-1-factorization-of-an-algebraic-expression","{""blockIndex"":4,""chapterNumber"":4,""subjectSlug"":""maths-9""}","published","This note covers factorization patterns, HCF/LCM, algebraic fractions, square roots, and applications of factorization.","4.1 Factorization of an Algebraic Expression","ms74q4k749m39gdkgb148bdd2s8bvvwf","1789054687965","20086",
"maths-9","04-factorization-and-algebraic-manipulation","Factorization And Algebraic Manipulation","4-3-least-common-multiple-of-algebraic-expressions","4.3 Least Common Multiple of Algebraic Expressions","1785806641657.4055","kx7b9h85qs9g2jde6gdh22s7y58bt160","1785806641657","1787579269405","4-3-least-common-multiple-of-algebraic-expressions","{""blockIndex"":113,""chapterNumber"":4,""subjectSlug"":""maths-9""}","published","This note explains least common multiples of algebraic expressions by factorization, including highest-power factor selection.","4.3 Least Common Multiple of Algebraic Expressions","ms73j56x5s3n68dems60r4dxms8btd3k","1787579269405","17211",
"maths-9","04-factorization-and-algebraic-manipulation","Factorization And Algebraic Manipulation","4-5-square-root-of-algebraic-expressions","4.5 Square Root of Algebraic Expressions","1785806641657.4065","kx72rmz6nrb8vhjzrtq3bzepzh8btkaq","1785806641657","1787579269405","4-5-square-root-of-algebraic-expressions","{""blockIndex"":213,""chapterNumber"":4,""subjectSlug"":""maths-9""}","published","This note defines square roots of algebraic expressions and develops factorization and division methods.","4.5 Square Root of Algebraic Expressions","ms71q15n925w6n2xzqtp590w518bvp56","1788251609808","19886",
"maths-9","05-linear-equations-and-inequalities","Linear Equations And Inequalities","5-1-linear-equations-in-one-variable","5.1 Linear Equations in One Variable","1785806641657.4077","kx79db471spceyewfjs1c2tff18btvvn","1785806641657","1787579269405","5-1-linear-equations-in-one-variable","{""blockIndex"":8,""chapterNumber"":5,""page"":99,""subjectSlug"":""maths-9""}","published","Defines a linear equation in one variable in standard form and establishes the nonzero coefficient condition needed for a unique linear model.","5.1 Linear Equations in One Variable","ms7dj1s04v3jd04zw0yq0qs8vh8bt8y5","1787579269405","4903",
"maths-9","05-linear-equations-and-inequalities","Linear Equations And Inequalities","5-2-linear-equations-involving-radicals","5.2 Linear Equations Involving Radicals","1785806646757.7356","kx7f532ejgxc1cvqxb3vngf3h18bt580","1785806646757","1787579269405","5-2-linear-equations-involving-radicals","{""blockIndex"":41,""chapterNumber"":5,""page"":101,""subjectSlug"":""maths-9""}","published","Explains the radical-equation workflow: isolate the radical, square both sides, solve the resulting linear equation, and check the original equation for extraneous roots.","5.2 Linear Equations Involving Radicals","ms730270khr0btb84qc4mrj6rn8btbsh","1787579269405","2432",
"maths-9","05-linear-equations-and-inequalities","Linear Equations And Inequalities","5-3-equations-involving-absolute-value","5.3 Equations Involving Absolute Value","1785806646757.7368","kx74acczakq8t82v3gj5hfbn7d8btqna","1785806646757","1787579269405","5-3-equations-involving-absolute-value","{""blockIndex"":59,""chapterNumber"":5,""page"":101,""subjectSlug"":""maths-9""}","published","Uses the definition of absolute value to solve equations by considering both signed cases and recognizing when a negative absolute-value target has no real solution.","5.3 Equations Involving Absolute Value","ms72w7s3380c4x78xkdrrbv2x18btxft","1787579269405","10644",
"maths-9","06-trigonometry-and-bearing","Trigonometry And Bearing","6-1-measurement-of-an-angle","6.1 Measurement of an Angle","1785806646757.7378","kx71f0k1z1zjsxaew1bxqzq7bn8btbg1","1785806646757","1787579269405","6-1-measurement-of-an-angle","{""blockIndex"":6,""chapterNumber"":6,""page"":114,""subjectSlug"":""maths-9""}","published","Introduces angles, standard position, and the three measurement systems: sexagesimal, radian, and centesimal.","6.1 Measurement of an Angle","ms762ykadcj531g214j6m8kbpx8bv2aw","1787579269405","10656",
"maths-9","06-trigonometry-and-bearing","Trigonometry And Bearing","6-2-sector-of-circle","6.2 Sector of Circle","1785806646757.7388","kx794v0d3qyk5sjr5w8nh4dxnn8bt8j1","1785806646757","1787579269405","6-2-sector-of-circle","{""blockIndex"":45,""chapterNumber"":6,""page"":116,""subjectSlug"":""maths-9""}","published","Defines circular-arc length through the direct proportionality of arc length and radian measure, yielding l = rθ.","6.2 Sector of Circle","ms76jhxp72ar427215z96k14t58bvysv","1789054655519","26491",
"maths-9","06-trigonometry-and-bearing","Trigonometry And Bearing","6-4-trigonometric-identities","6.4 Trigonometric Identities","1785806646757.7395","kx77xzer12qx6v7kwk6j72pxbs8bvkvs","1785806646757","1787579269405","6-4-trigonometric-identities","{""blockIndex"":132,""chapterNumber"":6,""page"":130,""subjectSlug"":""maths-9""}","published","Develops the Pythagorean trigonometric identities, including sin² θ + cos² θ = 1.","6.4 Trigonometric Identities","ms7923e9jjapbazx36gxg10n718bv0e1","1789476641753","11090",
"maths-9","06-trigonometry-and-bearing","Trigonometry And Bearing","6-5-angles-of-elevation-and-depression","6.5 Angles of Elevation and Depression","1785806646757.74","kx761vfp3s57dabp5arc981kas8bt0c6","1785806646757","1787579269405","6-5-angles-of-elevation-and-depression","{""blockIndex"":165,""chapterNumber"":6,""page"":134,""subjectSlug"":""maths-9""}","published","Defines angle of elevation as the angle between a horizontal line and the line of sight to an object above it.","6.5 Angles of Elevation and Depression","ms7faewkzwx8nr10njpswd9qqd8bv9b4","1787579269405","4430",
"maths-9","06-trigonometry-and-bearing","Trigonometry And Bearing","6-6-bearing","6.6 Bearing","1785807555771.7705","kx73tkh4qeh5zp9x3rpddq0jp18bteda","1785807555771","1787579269405","6-6-bearing","{""blockIndex"":186,""chapterNumber"":6,""page"":137,""subjectSlug"":""maths-9""}","published","Defines three-figure bearings as angles measured clockwise from due north.","6.6 Bearing","ms7dpw10fbthpqyz60t881ad2x8bv19h","1787579269405","4254",
"maths-9","07-coordinate-geometry","Coordinate Geometry","the-distance-formula","7.1 The Distance Formula","1786558608080.8323","kx72vw59w9yq7n1kq622xwdj9h8cbyrj","1786558608080","1787579269405","the-distance-formula","{""blockIndex"":19,""chapterNumber"":7,""subjectSlug"":""maths-9""}","published","This section derives and applies the distance formula between two points in the coordinate plane.","The Distance Formula","ms7bwhevh2vjsq8mbnxsq083bs8cb63c","1789471488053","10658",
"maths-9","07-coordinate-geometry","Coordinate Geometry","mid-point-formula","7.2 Mid-Point Formula","1786558608080.8328","kx7d4z1evhdfzx4tad5z2274jh8cam5k","1786558608080","1787579269405","mid-point-formula","{""blockIndex"":75,""chapterNumber"":7,""subjectSlug"":""maths-9""}","published","This section derives the midpoint formula and applies it to coordinate-plane line segments.","Mid-Point Formula","ms7f3r4xkm662p0903msady8f18cbnzj","1789476663861","4179",
"maths-9","08-geometry-of-straight-lines","Geometry Of Straight Lines","inclination-of-straight-line","8.1 Inclination of a Straight Line","1786558639567.9673","kx72mq1dchvvef9zhxrmaa8jmx8cbtmg","1786558639568","1787579269405","inclination-of-straight-line","{""blockIndex"":5,""chapterNumber"":8,""subjectSlug"":""maths-9""}","published","This note defines inclination as the anti-clockwise angle a straight line makes with the positive x-axis.","Inclination of Straight Line","ms70zj60102w8s42ypx5k6py6s8ca3f1","1787579269405","167",
"maths-9","08-geometry-of-straight-lines","Geometry Of Straight Lines","gradient-of-straight-line","8.2 Gradient of a Straight Line","1786558639567.9678","kx7esjcr1fj2th3a9mj220q0jn8ca8mv","1786558639568","1787579269405","gradient-of-straight-line","{""blockIndex"":13,""chapterNumber"":8,""subjectSlug"":""maths-9""}","published","This note explains gradient, its relation to inclination, and how gradients classify straight lines.","Gradient of Straight Line","ms79jyt2e3g1g1tbp8ymm25a2x8ca6yd","1787579269405","2134",
"maths-9","08-geometry-of-straight-lines","Geometry Of Straight Lines","formula-of-gradient","8.3 Formula for the Gradient of a Line","1786558639567.9683","kx75zndeqqen0mv1aneys71bgs8cave1","1786558639568","1787579269405","formula-of-gradient","{""blockIndex"":26,""chapterNumber"":8,""subjectSlug"":""maths-9""}","published","This note derives the two-point gradient formula and explains gradient signs, parallel lines, and perpendicular lines.","Formula of Gradient","ms720xt5x0e0smr3kvw0xqsnad8cbnh7","1789054535360","4651",
"maths-9","09-geometry-and-polygons","Geometry And Polygons","demonstrative-geometry","9.1 Demonstrative Geometry","1786558616182.5608","kx74bw58rd4hkd8z8qepb5zzfd8caw6h","1786558616182","1787579269405","demonstrative-geometry","{""blockIndex"":30,""chapterNumber"":9,""subjectSlug"":""maths-9""}","published","Demonstrative geometry uses axioms, conjectures, theorems, and logically ordered proof steps to justify results.","Demonstrative Geometry","ms7c5q97y5nkw3kmersr6sem8n8cb59y","1787579269405","2230",
"maths-9","09-geometry-and-polygons","Geometry And Polygons","mathematical-statement","9.2 Mathematical Statements","1786558616182.5613","kx7cwx2fh15eegmhk2hwvyc1z18cb6c5","1786558616182","1787579269405","mathematical-statement","{""blockIndex"":16,""chapterNumber"":9,""subjectSlug"":""maths-9""}","published","Mathematical statements and their truth values provide the foundation for reasoning and proof in geometry.","Mathematical Statement","ms712k2t9jgpygjngndq190zg18cahq2","1787579269405","1869",
"maths-9","09-geometry-and-polygons","Geometry And Polygons","axiom-conjecture-and-theorem","9.3 Axiom, Conjecture and Theorem","1786558616182.5618","kx7433drcw8wx5bkpsvg7a4h9s8cb3av","1786558616182","1787579269405","axiom-conjecture-and-theorem","{""blockIndex"":266,""chapterNumber"":9,""subjectSlug"":""maths-9""}","published","Axioms, conjectures, and theorems are distinguished by whether they are assumed, proposed, or proved.","Axiom, Conjecture and Theorem","ms7ab10bc94cm7sc7dwby4mxjs8cbcys","1787579269405","5569",
"maths-9","09-geometry-and-polygons","Geometry And Polygons","similarity-of-polygons","9.4 Similarity of Polygons","1786558616182.5623","kx71z95hx9971anytkt5a1zr5d8cbmd5","1786558616182","1787579269405","similarity-of-polygons","{""blockIndex"":58,""chapterNumber"":9,""subjectSlug"":""maths-9""}","published","Similar polygons preserve shape through equal corresponding angles and proportional corresponding sides.","Similarity of Polygons","ms7bh5h2b0nfxh7xpxghybqbr18cbjhq","1787579269405","10565",
"maths-9","09-geometry-and-polygons","Geometry And Polygons","area-and-volume-of-similar-figures","9.5 Area of Similar Figures","1786558616182.5627","kx76vpnbr0e3r2p4yw6w4xrpkd8cbj5r","1786558616182","1787579269405","area-and-volume-of-similar-figures","{""blockIndex"":104,""chapterNumber"":9,""subjectSlug"":""maths-9""}","published","Similar figures use squared length ratios for areas and cubed length ratios for volumes.","Area and Volume of Similar Figures","ms7210fkf13b9bshpq7x1dzrbs8cam41","1787579269405","9116",
"maths-9","09-geometry-and-polygons","Geometry And Polygons","properties-of-regular-polygons","9.6 Volume of Similar Solids","1786558616182.5632","kx7468z31ejjx73x27sh91g8y98cbpk3","1786558616182","1787579269405","properties-of-regular-polygons","{""blockIndex"":191,""chapterNumber"":9,""subjectSlug"":""maths-9""}","published","Regular polygons have equal sides and angles, with interior and exterior angles linked by polygon formulas.","Properties of Regular Polygons","ms7cwgsmc17t0wa1bkjwg4rqsn8cakr0","1789522529700","7941",
"maths-9","09-geometry-and-polygons","Geometry And Polygons","9-7-properties-of-regular-polygons","9.7 Properties of Regular Polygons","1789522529700.6523","kx7fexzfq9qk3gw7p1sxs1vcj98ehajk","1789522529700","1789522529700","9-7-properties-of-regular-polygons",,"published",,"9.7 Properties of Regular Polygons","ms7b46nhgjf9g4r132r3y1hvds8egbbz","1789522529700","10098",
"maths-9","09-geometry-and-polygons","Geometry And Polygons","real-life-problems-involving-regular-polygons-triangles-and-parallelograms","9.8 Real-Life Problems Involving Regular Polygons, Triangles and Parallelograms","1786558616182.5637","kx706c904vd848egss1fgj3gys8cazzy","1786558616182","1787579269405","real-life-problems-involving-regular-polygons-triangles-and-parallelograms","{""blockIndex"":221,""chapterNumber"":9,""subjectSlug"":""maths-9""}","published","Real-life polygon problems apply perimeter, area, and scale relationships to triangles, parallelograms, and regular polygons.","Real Life Problems Involving Regular Polygons, Triangles and Parallelograms","ms79bs064sek2rt8y1h3q5nv998ca3tj","1787579269405","3867",
"maths-9","09-geometry-and-polygons","Geometry And Polygons","locus","9.9 Locus","1786558616182.5642","kx7ahr6dmhymmgrf0345f85wfx8ca3h9","1786558616182","1787579269405","locus","{""blockIndex"":235,""chapterNumber"":9,""subjectSlug"":""maths-9""}","published","Loci describe sets of points satisfying distance conditions, including circles, perpendicular bisectors, and angle bisectors.","Locus","ms7cpxd3xwq61zxevpbcfftncs8cbjh0","1787579269405","16581",
"maths-9","10-practical-geometry","Practical Geometry","10-1-construction-of-a-triangle","10.1 Construction of a Triangle","1789522640464.6523","kx7chnap2h4ac5s73cmq73f0w98egqqe","1789522640464","1789522640464","10-1-construction-of-a-triangle",,"published",,"10.1 Construction of a Triangle","ms78e3enayytre72vvyvscdjnd8eg549","1789522640464","4282",
"maths-9","10-practical-geometry","Practical Geometry","10-2-bisectors-of-angles-of-a-triangle","10.2 Bisectors of Angles of a Triangle","1789522643315.4692","kx76sjay946hppyc61ka7xwetd8ehrb3","1789522643315","1789522643315","10-2-bisectors-of-angles-of-a-triangle",,"published",,"10.2 Bisectors of Angles of a Triangle","ms70n8bpx7q7vv0v7w6rs3s8yh8egate","1789522643315","2915",
"maths-9","10-practical-geometry","Practical Geometry","10-3-perpendicular-bisectors-of-sides-of-a-triangle","10.3 Perpendicular Bisectors of Sides of a Triangle","1789522645949.9543","kx721tq9qpe416n3t4pvb9vpk58egnx7","1789522645949","1789522645949","10-3-perpendicular-bisectors-of-sides-of-a-triangle",,"published",,"10.3 Perpendicular Bisectors of Sides of a Triangle","ms7chdcv74225xbm1zjm02jrdn8eg3sw","1789522645949","1567",
"maths-9","10-practical-geometry","Practical Geometry","10-4-medians-of-a-triangle","10.4 Medians of a Triangle","1789522648740.5935","kx722d6chtjwx4b8pnfwj751358ehwwr","1789522648740","1789522648740","10-4-medians-of-a-triangle",,"published",,"10.4 Medians of a Triangle","ms7fz9qbwjazbj4b0bgbzs6by98ehfyg","1789522648740","7310",
"maths-9","11-basic-statistics","Basic Statistics","11-1-frequency-distribution","11.1 Frequency Distribution","1785807586056.0542","kx723pzne74trnxgdyc88ae2xs8btf3y","1785807586056","1787579269405","11-1-frequency-distribution","{""blockIndex"":7,""chapterNumber"":11,""subjectSlug"":""maths-9""}","published",,"11.1 Frequency Distribution","ms7ewv911p8yjp2xjvabn3yffs8bveee","1789054338694","19616",
"maths-9","11-basic-statistics","Basic Statistics","11-2-measures-of-central-tendency","11.2 Measures of Central Tendency","1785807586056.0554","kx73p0pz4xhy827487mnmj1fcx8bvmjm","1785807586056","1787579269405","11-2-measures-of-central-tendency","{""blockIndex"":191,""chapterNumber"":11,""subjectSlug"":""maths-9""}","published",,"11.2 Measures of Central Tendency","ms721gkcpfwrffm7h11af8gpgn8btxa1","1787579269405","17108",
"maths-9","11-basic-statistics","Basic Statistics","11-3-probability","11.3 Probability","1785807586056.0571","kx7005xae016xcrxp2av1cny518bvy40","1785807586056","1787579269405","11-3-probability","{""blockIndex"":192,""chapterNumber"":11,""subjectSlug"":""maths-9""}","published",,"11.3 Probability","ms7c1vry2jz8sxfsb4evw6jq698bvwct","1787579269405","8676",
"pak-studies-9","01-ideological-basis-of-pakistan","Ideological Basis Of Pakistan","1-1-ideology-of-pakistan","1.1 Ideology of Pakistan","1785839430850.3704","kx797r10c0e686mgqxvj95aqns8bt2xs","1785839430850","1787579275468","1-1-ideology-of-pakistan",,"published",,"1.1 Ideology of Pakistan","ms7f88jtexqfp6sdrgd0zef4hn8bvc04","1787579275468","9711",
"pak-studies-9","01-ideological-basis-of-pakistan","Ideological Basis Of Pakistan","1-2-pakistans-ideology-and-quaid-e-azam-and-allama-iqbal","1.2 Pakistan's Ideology and Quaid-e-Azam and Allama Iqbal","1785839430850.3723","kx78f1dwsra85eawcshqcjwngd8bvqdb","1785839430850","1787579275468","1-2-pakistans-ideology-and-quaid-e-azam-and-allama-iqbal",,"published",,"1.2 Pakistan's Ideology and Quaid-e-Azam and Allama Iqbal","ms7cyejjbdsbryfh2k3nmcq2rs8btqj8","1787579275468","6751",
"pak-studies-9","01-ideological-basis-of-pakistan","Ideological Basis Of Pakistan","1-3-british-colonialism","1.3 British Colonialism","1785839430850.3733","kx77xa90kdxn4sj3njk0h55z4s8bt99c","1785839430850","1787579275468","1-3-british-colonialism",,"published","Add a real cross-topic InlineNoteTag from British Colonialism's 'divide and rule' / Muslim League sentence to the 2.1 topic that actually covers the League's 1906 founding, replacing the plain-text mention with a grounded link. No other changes.","1.3 British Colonialism","ms77spnj52w0yehxben9gkyrx18bt6z0","1788797043327","3946",
"pak-studies-9","01-ideological-basis-of-pakistan","Ideological Basis Of Pakistan","1-4-sir-syed-ahmad-khan","1.4 Sir Syed Ahmad Khan","1785839430850.3745","kx78k5n6vvhmgrf91wy6e0jb7d8btk4h","1785839430850","1787579275468","1-4-sir-syed-ahmad-khan",,"published","Add a real cross-topic InlineNoteTag from Sir Syed Ahmad Khan's Aligarh-movement-as-forerunner paragraph to the 2.1 topic covering the Muslim League's actual 1906 founding.","1.4 Sir Syed Ahmad Khan","ms724by22w97fnpcdbqpghara18bt12e","1788797043517","6864",
"pak-studies-9","02-establishment-of-pakistan","Establishment Of Pakistan","2-1-important-developments-between-1906-1920","2.1 Important Developments Between 1906-1920","1785839430850.3755","kx76bdabwm91mjdygqrgyb7k8s8btrbg","1785839430850","1787579275468","2-1-important-developments-between-1906-1920",,"published","Preserve the existing Pak Studies 9 Chapter 2 note body; add only the verified textbook source anchor at corpus block 4.","2.1 Important Developments Between 1906-1920","ms7avzctgnkme4vrb8ggvkxzax8btw7f","1787579275468","11033",
"pak-studies-9","02-establishment-of-pakistan","Establishment Of Pakistan","2-2-important-developments-between-1920-1939","2.2 Important Developments Between 1920-1939","1785839430850.3784","kx737r4p73gtpzqfbje61nkn6n8bvb2j","1785839430850","1787579275468","2-2-important-developments-between-1920-1939",,"published","Preserve the existing Pak Studies 9 Chapter 2 note body; add only the verified textbook source anchor at corpus block 36.","2.2 Important Developments Between 1920-1939","ms7e0tbx8dxskc44vhb80ceksn8bvnar","1787579275468","12589",
"pak-studies-9","02-establishment-of-pakistan","Establishment Of Pakistan","2-3-political-developments-1940-1947","2.3 Political Developments 1940-1947","1785839436492.4563","kx754tz4st6yvfmjbk3pgzd20h8bvr9b","1785839436492","1787579275468","2-3-political-developments-1940-1947",,"published","Preserve the existing Pak Studies 9 Chapter 2 note body; add only the verified textbook source anchor at corpus block 67.","2.3 Political Developments 1940-1947","ms78j7nt2n3jenp8j5wv75ycj58bvd0a","1787579275468","10056",
"pak-studies-9","02-establishment-of-pakistan","Establishment Of Pakistan","2-4-role-of-political-leaders-women-and-minorities","2.4 Role of Political Leaders, Women and Minorities","1785839436492.4592","kx788zcx6wckhhgw1eym0nssj58btat6","1785839436492","1787579275468","2-4-role-of-political-leaders-women-and-minorities",,"published","Preserve the existing Pak Studies 9 Chapter 2 note body; add only the verified textbook source anchor at corpus block 99.","2.4 Role of Political Leaders, Women and Minorities","ms77crakzyv84d394ps7s1eb4n8bvhxw","1787579275468","6547",
"pak-studies-9","03-land-of-pakistan","Land Of Pakistan","3-1-location-of-pakistan","3.1 Location of Pakistan","1785839436492.461","kx7f77j08qmewy9fx1qs44ysrn8bta3e","1785839436492","1787579275468","3-1-location-of-pakistan",,"published","Preserve the existing Pak Studies 9 Chapter 3 note body; add only the verified textbook source anchor at corpus block 3.","3.1 Location of Pakistan","ms75sxacb4r0kxm8wt7eqk9wb18btvmk","1787579275468","4598",
"pak-studies-9","03-land-of-pakistan","Land Of Pakistan","3-2-major-cities-of-pakistan","3.2 Major Cities of Pakistan","1785839436492.4617","kx7avv9kzm07n3t83ssrq016gh8btpv6","1785839436492","1787579275468","3-2-major-cities-of-pakistan",,"published","Preserve the existing Pak Studies 9 Chapter 3 note body; add only the verified textbook source anchor at corpus block 17.","3.2 Major Cities of Pakistan","ms76v7qadvz00scd2pw2tc9ra98bt283","1787579275468","5854",
"pak-studies-9","04-the-natural-topography-and-vegetation-of-pakistan","The Natural Topography And Vegetation Of Pakistan","4-1-northern-and-north-western-mountains","4.1 Northern and North Western Mountains","1785839436492.4644","kx7eckfhvd0rgxb6v9yjj0tnqh8btcdx","1785839436492","1787579275468","4-1-northern-and-north-western-mountains",,"published","Preserve the existing Pak Studies 9 Chapter 4 note body; add only the verified textbook source anchor at corpus block 7.","4.1 Northern and North Western Mountains","ms7f6a71wx282j3yz2p2sbbz5n8bv611","1787579275468","6706",
"pak-studies-9","04-the-natural-topography-and-vegetation-of-pakistan","The Natural Topography And Vegetation Of Pakistan","4-2-western-mountains","4.2 Western Mountains","1785839436492.4663","kx747vp1czg9ngnhjt4f6vjfcs8btx1x","1785839436492","1787579275468","4-2-western-mountains",,"published","Preserve the existing Pak Studies 9 Chapter 4 note body; add only the verified textbook source anchor at corpus block 19.","4.2 Western Mountains","ms75cxdgeg4r1e7mmp558tfrx58bvwhm","1787579275468","3572",
"pak-studies-9","04-the-natural-topography-and-vegetation-of-pakistan","The Natural Topography And Vegetation Of Pakistan","4-3-the-balochistan-plateau","4.3 The Balochistan Plateau","1785839441400.5845","kx72kzmbsddvsfh5cgymga6jrn8bt6fz","1785839441400","1787579275468","4-3-the-balochistan-plateau",,"published","Preserve the existing Pak Studies 9 Chapter 4 note body; add only the verified textbook source anchor at corpus block 30.","4.3 The Balochistan Plateau","ms7bexnk6yyyxgpqqvt0xpp1p58btt58","1787579275468","5994",
"pak-studies-9","04-the-natural-topography-and-vegetation-of-pakistan","The Natural Topography And Vegetation Of Pakistan","4-4-pothwar-plateau-and-salt-range","4.4 Pothwar Plateau and Salt Range","1785839441400.5862","kx73zh588316zqceahch6f87e98bvxsp","1785839441400","1787579275468","4-4-pothwar-plateau-and-salt-range",,"published","Preserve the existing Pak Studies 9 Chapter 4 note body; add only the verified textbook source anchor at corpus block 61.","4.4 Pothwar Plateau and Salt Range","ms78dxrbndjvsthazppe6z4n9x8btnb2","1787579275468","2205",
"pak-studies-9","04-the-natural-topography-and-vegetation-of-pakistan","The Natural Topography And Vegetation Of Pakistan","4-5-the-indus-plain","4.5 The Indus Plain","1785839441400.5872","kx7c9ata7b1vhj1qey5ctqc07d8btkcn","1785839441400","1787579275468","4-5-the-indus-plain",,"published","Preserve the existing Pak Studies 9 Chapter 4 note body; add only the verified textbook source anchor at corpus block 76.","4.5 The Indus Plain","ms75t5m65t3ezfrcv1b9dc7r1x8bvrw5","1787579275468","3855",
"pak-studies-9","04-the-natural-topography-and-vegetation-of-pakistan","The Natural Topography And Vegetation Of Pakistan","4-6-desert-areas","4.6 Desert Areas","1785839441400.5881","kx74yactwxc2x6wyxq51bc3ads8bt1nv","1785839441400","1787579275468","4-6-desert-areas",,"published","Preserve the existing Pak Studies 9 Chapter 4 note body; add only the verified textbook source anchor at corpus block 90.","4.6 Desert Areas","ms7bz40kzv3b6fh7qftttrdr7s8bvwv3","1787579275468","3578",
"pak-studies-9","05-climate-of-pakistan-and-environmental-hazards","Climate Of Pakistan And Environmental Hazards","5-1-climatic-zones-and-seasons-of-pakistan","5.1 Climatic Zones and Seasons of Pakistan","1785839441400.589","kx78wnfvj42398va92k4fenpjs8bvtez","1785839441400","1787579275468","5-1-climatic-zones-and-seasons-of-pakistan",,"published","Preserve the existing Pak Studies 9 Chapter 5 note body; add only the verified textbook source anchor at corpus block 5.","5.1 Climatic Zones and Seasons of Pakistan","ms7bx0zz7sw79fe60x9fp4k36s8bvvdg","1787579275468","5659",
"pak-studies-9","05-climate-of-pakistan-and-environmental-hazards","Climate Of Pakistan And Environmental Hazards","5-2-climatic-elements","5.2 Climatic Elements","1785839441400.591","kx7fkdqx02e5fvz7nv71dbm0ed8bv8n0","1785839441400","1787579275468","5-2-climatic-elements",,"published","Preserve the existing Pak Studies 9 Chapter 5 note body; add only the verified textbook source anchor at corpus block 22.","5.2 Climatic Elements","ms7ay0sw4r1dt56sw4mg8rxm7x8btha5","1787579275468","11826",
"pak-studies-9","05-climate-of-pakistan-and-environmental-hazards","Climate Of Pakistan And Environmental Hazards","5-3-natural-hazards","5.3 Natural Hazards","1785839446290.0835","kx7f6tzpnnssmb0xrkemqw56k18btts7","1785839446290","1787579275468","5-3-natural-hazards",,"published","Preserve the existing Pak Studies 9 Chapter 5 note body; add only the verified textbook source anchor at corpus block 56.","5.3 Natural Hazards","ms71c9pkq6v3y60f9tjzjdhp918bv1fv","1787579275468","6996",
"pak-studies-9","05-climate-of-pakistan-and-environmental-hazards","Climate Of Pakistan And Environmental Hazards","5-4-effects-of-climate-on-lifestyle-and-economic-activities","5.4 Effects of Climate on Lifestyle and Economic Activities","1785839446290.0852","kx746fsmt8tz3gjj5seajv4ysx8bvj2m","1785839446290","1787579275468","5-4-effects-of-climate-on-lifestyle-and-economic-activities",,"published","Preserve the existing Pak Studies 9 Chapter 5 note body; add only the verified textbook source anchor at corpus block 74.","5.4 Effects of Climate on Lifestyle and Economic Activities","ms70rjy4j7sfcmrf95a1snsvy18bvcjb","1787579275468","5476",
"pak-studies-9","06-water-resources","Water Resources","6-1-surface-and-groundwater-resources","6.1 Surface and Groundwater Resources","1785839446290.087","kx7dxkdmxmkwgb8sgjvzy0mvfn8bvkwm","1785839446290","1787579275468","6-1-surface-and-groundwater-resources",,"published","Preserve the existing Pak Studies 9 Chapter 6 note body; add only the verified textbook source anchor at corpus block 4.","6.1 Surface and Groundwater Resources","ms7c1kx7dxyzf752zr41yrfc1d8bvnfr","1787579275468","5464",
"pak-studies-9","06-water-resources","Water Resources","6-2-irrigation-advantages-and-disadvantages","6.2 Irrigation: Advantages and Disadvantages","1785839446290.0886","kx736nya4f2x1rfa0zrd9t8gx58btzjd","1785839446290","1787579275468","6-2-irrigation-advantages-and-disadvantages",,"published","Preserve the existing Pak Studies 9 Chapter 6 note body; add only the verified textbook source anchor at corpus block 24.","6.2 Irrigation: Advantages and Disadvantages","ms708cj26fafq1jn1shp4844bd8bta5w","1787579275468","6417",
"pak-studies-9","06-water-resources","Water Resources","6-3-sustainable-water-management-solutions","6.3 Sustainable Water Management Solutions","1785839446290.0896","kx7e4p9b0v836wee3dxektdean8bt4hs","1785839446290","1787579275468","6-3-sustainable-water-management-solutions",,"published","Preserve the existing Pak Studies 9 Chapter 6 note body; add only the verified textbook source anchor at corpus block 40.","6.3 Sustainable Water Management Solutions","ms7f853tw3db428wh5r4kkgy9x8bv4aw","1787579275468","3967",
"pak-studies-9","06-water-resources","Water Resources","6-4-role-and-impacts-of-water-reservoirs","6.4 Role and Impacts of Water Reservoirs","1785839446290.09","kx7e7gx8hhms1jkspkdyf5kfjs8bt8ap","1785839446290","1787579275468","6-4-role-and-impacts-of-water-reservoirs",,"published","Preserve the existing Pak Studies 9 Chapter 6 note body; add only the verified textbook source anchor at corpus block 44.","6.4 Role and Impacts of Water Reservoirs","ms79mcjc0btqj1rppn1ym7vykx8bvh1b","1787579275468","4468",
"pak-studies-9","07-population-structure-and-growth","Population Structure And Growth","7-1-density-of-population","7.1 Density of Population","1785839451205.7524","kx724ezr5a1e56k2pn4gzkpqf58bt10j","1785839451205","1787579275468","7-1-density-of-population",,"published","Preserve the existing Pak Studies 9 Chapter 7 note body; add only the verified textbook source anchor at corpus block 3.","7.1 Density of Population","ms75v08xa8p67bc2qmbvm09rth8bv9t1","1787579275468","2226",
"pak-studies-9","07-population-structure-and-growth","Population Structure And Growth","7-2-classification-of-population-growth","7.2 Classification of Population Growth","1785839451205.7532","kx7cx7skxpttjmj1g898y288c18bt32e","1785839451205","1787579275468","7-2-classification-of-population-growth",,"published","Preserve the existing Pak Studies 9 Chapter 7 note body; add only the verified textbook source anchor at corpus block 9.","7.2 Classification of Population Growth","ms7cy5txw7v26jba3w61xjzys98bvkfd","1787579275468","3816",
"pak-studies-9","07-population-structure-and-growth","Population Structure And Growth","7-3-causes-and-effects-of-population-growth","7.3 Causes and Effects of Population Growth","1785839451205.7544","kx70jend4y3t9q7v1qhtajwea18bvm85","1785839451205","1787579275468","7-3-causes-and-effects-of-population-growth",,"published","Preserve the existing Pak Studies 9 Chapter 7 note body; add only the verified textbook source anchor at corpus block 19.","7.3 Causes and Effects of Population Growth","ms70bfwd3nvehm6b2082qvc8zs8bt9jq","1787579275468","1723",
"pak-studies-9","07-population-structure-and-growth","Population Structure And Growth","7-4-migration-and-urbanisation","7.4 Migration and Urbanisation","1785839451205.7554","kx70m8066bd3y06pw70vp0ymzx8btzmq","1785839451205","1787579275468","7-4-migration-and-urbanisation",,"published","Preserve the existing Pak Studies 9 Chapter 7 note body; add only the verified textbook source anchor at corpus block 24.","7.4 Migration and Urbanisation","ms7d6p223vsz9j0ypr8cndvyth8bvwjj","1787579275468","6249",
"pak-studies-9","07-population-structure-and-growth","Population Structure And Growth","7-5-population-distribution-and-sustainable-growth","7.5 Population Distribution and Sustainable Growth","1785839451205.7568","kx7aqkbg7znje1nt1mwz9mrzfx8bv7qx","1785839451205","1787579275468","7-5-population-distribution-and-sustainable-growth",,"published","Preserve the existing Pak Studies 9 Chapter 7 note body; add only the verified textbook source anchor at corpus block 61.","7.5 Population Distribution and Sustainable Growth","ms7f3tjz4m6fmrqqww8arn27f18btxds","1787579275468","6425",
"pak-studies-9","08-agriculture-livestock-and-fisheries","Agriculture, Livestock And Fisheries","8-1-agriculture-as-a-system-and-types-of-farming","8.1 Agriculture as a System and Types of Farming","1785839451205.7588","kx7epfcb6t5cqr2s10t5q1jp898bt9qg","1785839451205","1787579275468","8-1-agriculture-as-a-system-and-types-of-farming",,"published","Preserve the existing Pak Studies 9 Chapter 8 note body; add only the verified textbook source anchor at corpus block 5.","8.1 Agriculture as a System and Types of Farming","ms729dmy7gthn1qbdeky8mg9058bvhzc","1787579275468","5770",
"pak-studies-9","08-agriculture-livestock-and-fisheries","Agriculture, Livestock And Fisheries","8-2-major-food-crops-wheat-rice-and-maize","8.2 Major Food Crops: Wheat, Rice and Maize","1785839456845.0122","kx79a62h2x63wg26xxc90rqa958bv2z7","1785839456845","1787579275468","8-2-major-food-crops-wheat-rice-and-maize",,"published","Preserve the existing Pak Studies 9 Chapter 8 note body; add only the verified textbook source anchor at corpus block 58.","8.2 Major Food Crops: Wheat, Rice and Maize","ms7ar6trqw92ew03r2705k3nzn8bt6e4","1787579275468","6254",
"pak-studies-9","08-agriculture-livestock-and-fisheries","Agriculture, Livestock And Fisheries","8-3-cash-crops-and-fruit-farming","8.3 Cash Crops and Fruit Farming","1785839456845.0134","kx72gcvkm4905hc054rrfe3m2x8bvsj3","1785839456845","1787579275468","8-3-cash-crops-and-fruit-farming",,"published","Preserve the existing Pak Studies 9 Chapter 8 note body; add only the verified textbook source anchor at corpus block 28.","8.3 Cash Crops and Fruit Farming","ms7d6tvn8d3sm8npjjpnxxrqy58btknp","1787579275468","8924",
"pak-studies-9","08-agriculture-livestock-and-fisheries","Agriculture, Livestock And Fisheries","8-4-livestock-farming","8.4 Livestock Farming","1785839456845.0151","kx7erptt0f6g2gtbsg1xh53ath8btwtp","1785839456845","1787579275468","8-4-livestock-farming",,"published","Preserve the existing Pak Studies 9 Chapter 8 note body; add only the verified textbook source anchor at corpus block 92.","8.4 Livestock Farming","ms7c83vwgwwedh6zfxwrmff3y98btb0j","1787579275468","2403",
"pak-studies-9","08-agriculture-livestock-and-fisheries","Agriculture, Livestock And Fisheries","8-5-marine-and-inland-fisheries","8.5 Marine and Inland Fisheries","1785839456845.0164","kx72cvyagxcky4ky4tm6geh9618bvm8j","1785839456845","1787579275468","8-5-marine-and-inland-fisheries",,"published","Preserve the existing Pak Studies 9 Chapter 8 note body; add only the verified textbook source anchor at corpus block 110.","8.5 Marine and Inland Fisheries","ms720hgfx76r1w5fjvheym5nf18btbyz","1787579275468","4645",
"pak-studies-9","08-agriculture-livestock-and-fisheries","Agriculture, Livestock And Fisheries","8-6-aquaculture-and-the-fishing-industry","8.6 Aquaculture and the Fishing Industry","1785839456845.0186","kx79b10ggee2jtgj429hpsa7398btysf","1785839456845","1787579275468","8-6-aquaculture-and-the-fishing-industry",,"published","Preserve the existing Pak Studies 9 Chapter 8 note body; add only the verified textbook source anchor at corpus block 127.","8.6 Aquaculture and the Fishing Industry","ms742jm2dnmefyxn8yve17k2fd8bvmnv","1787579275468","4423",
"pak-studies-9","09-transport-and-trade","Transport And Trade","9-1-modes-of-transportation-and-regional-differences","9.1 Modes of Transportation and Regional Differences","1785839456845.02","kx71cprg83h8yccx0wx44wz9nd8bv17r","1785839456845","1787579275468","9-1-modes-of-transportation-and-regional-differences",,"published","Preserve existing Pak Studies 9 Chapter 9 note body; add only verified textbook source anchor at corpus block 3.","9.1 Modes of Transportation and Regional Differences","ms7egp5pr8f9nj0jkw5wb15x7n8bte27","1787579275468","3486",
"pak-studies-9","09-transport-and-trade","Transport And Trade","9-2-dry-ports","9.2 Dry Ports","1785839462365.2244","kx76yysjyzayqkwemqdfg6jvtn8bvtx9","1785839462365","1787579275468","9-2-dry-ports",,"published","Preserve existing Pak Studies 9 Chapter 9 note body; add only verified textbook source anchor at corpus block 21.","9.2 Dry Ports","ms77y0wgep3sxhk1njt2b4nqs18bttn0","1787579275468","3148",
"pak-studies-9","09-transport-and-trade","Transport And Trade","9-3-advantages-and-disadvantages-of-transport-modes","9.3 Advantages and Disadvantages of Transport Modes","1785839462365.225","kx76dvst3bjrjr9bv5e8y0622h8btdve","1785839462365","1787579275468","9-3-advantages-and-disadvantages-of-transport-modes",,"published","Preserve existing Pak Studies 9 Chapter 9 note body; add only verified textbook source anchor at corpus block 26.","9.3 Advantages and Disadvantages of Transport Modes","ms76zrjhfp3hr5w8c75v9hy3ys8bvgg0","1787579275468","3238",
"pak-studies-9","09-transport-and-trade","Transport And Trade","9-4-trade-and-its-role-in-pakistans-economy","9.4 Trade and Its Role in Pakistan's Economy","1785839462365.2268","kx77y6gq9pnn47e08p6bwbcwps8bvqx9","1785839462365","1787579275468","9-4-trade-and-its-role-in-pakistans-economy",,"published","Preserve existing Pak Studies 9 Chapter 9 note body; add only verified textbook source anchor at corpus block 43.","9.4 Trade and Its Role in Pakistan's Economy","ms7d96r811s94wdv3v8x4g67g58bvybh","1787579275468","3126",
"pak-studies-9","09-transport-and-trade","Transport And Trade","9-5-trade-routes-and-factors-impacting-global-trade","9.5 Trade Routes and Factors Impacting Global Trade","1785839462365.2273","kx70f9eksygsmer63zj5ypc7fn8bv0td","1785839462365","1787579275468","9-5-trade-routes-and-factors-impacting-global-trade",,"published","Preserve existing Pak Studies 9 Chapter 9 note body; add only verified textbook source anchor at corpus block 45.","9.5 Trade Routes and Factors Impacting Global Trade","ms7dba2sfxkey6psj2smwar0j58bvts5","1787579275468","5563",
"pak-studies-9","09-transport-and-trade","Transport And Trade","9-6-internal-challenges-and-sustainable-solutions-for-trade","9.6 Internal Challenges and Sustainable Solutions for Trade","1785839462365.2288","kx71dpsmpnynk98s81yz7dzre18btdys","1785839462365","1787579275468","9-6-internal-challenges-and-sustainable-solutions-for-trade",,"published","Preserve existing Pak Studies 9 Chapter 9 note body; add only verified textbook source anchor at corpus block 55.","9.6 Internal Challenges and Sustainable Solutions for Trade","ms718hnt50zmpbn2m11njpqqrx8bvtte","1788511712866","3853",
"biology-10","01-digestive-system","Digestive System","1-1-ingestion-digestion-absorption-assimilation-and-egestion","1.1 Ingestion, Digestion, Absorption, Assimilation and Egestion","1785844287771.54","kx7be689e4pb6kd83qejpwjgws8bvsd7","1785844287771","1787579287582","1-1-ingestion-digestion-absorption-assimilation-and-egestion","{""blockIndex"":3,""chapterNumber"":1,""subjectSlug"":""biology-10""}","published",,"1.1 Ingestion, Digestion, Absorption, Assimilation and Egestion","ms78khh909c9stvqepzpgsd0fs8bvw1e","1787579287582","1075",
"biology-10","01-digestive-system","Digestive System","1-2-human-alimentary-canal","1.2 Human Alimentary Canal","1785844287771.5405","kx7dk9cvrn3qkwy9v0p0qjtnrd8bthjf","1785844287771","1787579287582","1-2-human-alimentary-canal","{""blockIndex"":8,""chapterNumber"":1,""subjectSlug"":""biology-10""}","published",,"1.2 Human Alimentary Canal","ms7e4pwy1rf5qd2qscy4h6qyk98bvvz2","1789056242839","6376",
"biology-10","01-digestive-system","Digestive System","1-3-swallowing-and-peristalsis","1.3 Swallowing and Peristalsis","1785844287771.543","kx7fp98n7470syxvyfptaewe798bvg1a","1785844287771","1787579287582","1-3-swallowing-and-peristalsis","{""blockIndex"":42,""chapterNumber"":1,""subjectSlug"":""biology-10""}","published",,"1.3 Swallowing and Peristalsis","ms749vqhsv7yrnhvnfr9c3ksmd8bv6ek","1789056177150","2727",
"biology-10","01-digestive-system","Digestive System","1-4-chemical-digestion","1.4 Chemical Digestion","1785844287771.5444","kx70k7h224a4217nkz1stdnxtd8bvsst","1785844287771","1787579287582","1-4-chemical-digestion","{""blockIndex"":54,""chapterNumber"":1,""subjectSlug"":""biology-10""}","published",,"1.4 Chemical Digestion","ms7968epx3x9vta0khnqh8c1qx8bv4x6","1787579287582","5547",
"biology-10","01-digestive-system","Digestive System","1-5-role-of-liver","1.5 Role of Liver","1785844287771.5474","kx794x5xxhga5fwj3e91nzrby58bvfkh","1785844287771","1787579287582","1-5-role-of-liver","{""blockIndex"":77,""chapterNumber"":1,""subjectSlug"":""biology-10""}","published",,"1.5 Role of Liver","ms72zeasjg2e36zyt6cfb1kby98bv5e5","1787579287582","545",
"biology-10","01-digestive-system","Digestive System","1-6-strucutre-of-villus","1.6 Strucutre of Villus","1785844287771.5479","kx78hsvjxm2qg07wp052cwy0hx8bvryx","1785844287771","1787579287582","1-6-strucutre-of-villus","{""blockIndex"":79,""chapterNumber"":1,""subjectSlug"":""biology-10""}","published",,"1.6 Strucutre of Villus","ms7066ad9w23y9mr47sb1esmnn8bt68m","1788258281601","699",
"biology-10","01-digestive-system","Digestive System","1-7-disorders-of-gut","1.7 Disorders of Gut","1785844293457.625","kx766mdnwbsn7k4c6begkmn62s8bv2d6","1785844293457","1787579287582","1-7-disorders-of-gut","{""blockIndex"":83,""chapterNumber"":1,""subjectSlug"":""biology-10""}","published",,"1.7 Disorders of Gut","ms71wg7eg8hybgmkxnaw9rr9j98bvc2b","1788251618803","3940",
"biology-10","02-circulatory-system","Circulatory System","2-1-organs-connected-to-blood-circulatory-system","2.1 Organs Connected to Blood Circulatory System","1785844293457.6282","kx77t11cd30v9d38wcqft76p298bvcjf","1785844293457","1787579287582","2-1-organs-connected-to-blood-circulatory-system","{""blockIndex"":3,""chapterNumber"":2,""subjectSlug"":""biology-10""}","published",,"2.1 Organs Connected to Blood Circulatory System","ms766xt3d0ta6n209f0h2vpyzd8btnez","1789056082478","3228",
"biology-10","02-circulatory-system","Circulatory System","2-2-components-of-blood","2.2 Components of Blood","1785844293457.6296","kx7c31p6tvgda4vcng4bv5fjss8bvnx7","1785844293457","1787579287582","2-2-components-of-blood","{""blockIndex"":18,""chapterNumber"":2,""subjectSlug"":""biology-10""}","published",,"2.2 Components of Blood","ms7ekerzkt47pawjgrkw3ek1r18bttrt","1787579287582","1613",
"biology-10","02-circulatory-system","Circulatory System","2-3-cell-types-found-in-blood","2.3 Cell Types Found in Blood","1785844293457.6306","kx73tnnxn017te0hzgn9tbbr5h8btkna","1785844293457","1787579287582","2-3-cell-types-found-in-blood","{""blockIndex"":24,""chapterNumber"":2,""subjectSlug"":""biology-10""}","published",,"2.3 Cell Types Found in Blood","ms70zg6karchvc94qmtgjfqs1h8btgnq","1787579287582","2324",
"biology-10","02-circulatory-system","Circulatory System","2-4-blood-clotting","2.4 Blood Clotting","1785844293457.6328","kx7253vgf620ypqs1wtfybt3wd8bt48q","1785844293457","1787579287582","2-4-blood-clotting","{""blockIndex"":44,""chapterNumber"":2,""subjectSlug"":""biology-10""}","published",,"2.4 Blood Clotting","ms78vc7hvhd0hmpy1jkse4xgm98bvk63","1789056014345","1308",
"biology-10","02-circulatory-system","Circulatory System","2-5-heart","2.5 Heart","1785844293457.6335","kx705mdxkk37bkbtzh34w9wrfx8btxhk","1785844293457","1787579287582","2-5-heart","{""blockIndex"":49,""chapterNumber"":2,""subjectSlug"":""biology-10""}","published",,"2.5 Heart","ms71ncc847yrcgp3n93z52v1dh8bte6c","1789055912035","7517",
"biology-10","02-circulatory-system","Circulatory System","2-6-circulation-of-blood","2.6 Circulation of Blood","1785844299346.7546","kx70pp38jf8w960bnw3fxa58zh8bv3xn","1785844299346","1787579287582","2-6-circulation-of-blood","{""blockIndex"":76,""chapterNumber"":2,""subjectSlug"":""biology-10""}","published",,"2.6 Circulation of Blood","ms7dwpdz2ryarpyx87qm9h702x8btq17","1788258096825","1049",
"biology-10","02-circulatory-system","Circulatory System","2-7-transportation-of-material-through-blood","2.7 Transportation of Material Through Blood","1785844299346.7551","kx7c0eb8jhky72sc6sf3wcn91d8bva28","1785844299346","1787579287582","2-7-transportation-of-material-through-blood","{""blockIndex"":79,""chapterNumber"":2,""subjectSlug"":""biology-10""}","published",,"2.7 Transportation of Material Through Blood","ms7773kf469ahcrmb6007cp5qd8bv8ak","1787579287582","1904",
"biology-10","02-circulatory-system","Circulatory System","2-8-common-heart-diseases","2.8 Common Heart Diseases","1785844299346.7556","kx77jpbxy4gmw4zhfj5mrvj5fx8btcpw","1785844299346","1787579287582","2-8-common-heart-diseases","{""blockIndex"":82,""chapterNumber"":2,""subjectSlug"":""biology-10""}","published",,"2.8 Common Heart Diseases","ms79mf3njtsp3pm791mr2gvr5x8btwrj","1789055771605","2159",
"biology-10","02-circulatory-system","Circulatory System","2-9-harmful-effects-of-smoking-on-heart","2.9 Harmful Effects of Smoking on Heart","1785844299346.7573","kx72smr5jhwga3eg7fa86pbdws8btase","1785844299346","1787579287582","2-9-harmful-effects-of-smoking-on-heart","{""blockIndex"":95,""chapterNumber"":2,""subjectSlug"":""biology-10""}","published",,"2.9 Harmful Effects of Smoking on Heart","ms72fd0yaht3eywr2rf30dt18n8btbcp","1788251618953","5301",
"biology-10","03-respiratory-system","Respiratory System","3-1-air-passage-way","3.1 Air Passage Way","1785844299346.76","kx709st3s301xrga6qa9ptcf5n8bv0xj","1785844299346","1787579287582","3-1-air-passage-way","{""blockIndex"":3,""chapterNumber"":3,""subjectSlug"":""biology-10""}","published",,"3.1 Air Passage Way","ms741pvzkregtkx0gnqerdcf3d8bt47d","1789055729923","6081",
"biology-10","03-respiratory-system","Respiratory System","3-2-mechanism-of-breathing","3.2 Mechanism of Breathing","1785844299346.7615","kx7fpyckcj10cyyj12fk7znc4x8bvs8e","1785844299346","1787579287582","3-2-mechanism-of-breathing","{""blockIndex"":24,""chapterNumber"":3,""subjectSlug"":""biology-10""}","published",,"3.2 Mechanism of Breathing","ms71syhssjjktmdmjcx4v8q4h18btasy","1789469783618","642",
"biology-10","03-respiratory-system","Respiratory System","3-3-composition-of-inspired-and-expired-air","3.3 Composition of Inspired and Expired Air","1785844304786.3809","kx788xb6qmj49tasegj9mwznqh8bt5jq","1785844304786","1787579287582","3-3-composition-of-inspired-and-expired-air","{""blockIndex"":28,""chapterNumber"":3,""subjectSlug"":""biology-10""}","published",,"3.3 Composition of Inspired and Expired Air","ms70xtjqs7k4yceyknvtcfqmjx8bvr41","1787579287582","2388",
"biology-10","03-respiratory-system","Respiratory System","3-4-diseases-related-to-respiratory-system","3.4 Diseases Related to Respiratory System","1785844304786.3826","kx70t53n8b0qhb084n7xh6q4ws8btvte","1785844304786","1787579287582","3-4-diseases-related-to-respiratory-system","{""blockIndex"":41,""chapterNumber"":3,""subjectSlug"":""biology-10""}","published",,"3.4 Diseases Related to Respiratory System","ms74waqnaqgmynk5cp6nx13c958btdvm","1788337512911","8922",
"biology-10","04-urinary-system","Urinary System","4-1-human-urinary-system","4.1 Human Urinary System","1785844304786.3867","kx70yff063w94r8w1gfwrd0crh8btp0s","1785844304786","1787579287582","4-1-human-urinary-system","{""blockIndex"":3,""chapterNumber"":4,""subjectSlug"":""biology-10""}","published",,"4.1 Human Urinary System","ms71tcjyjb3f8pt7kjf7g8c58h8bte6v","1788257742360","1799",
"biology-10","04-urinary-system","Urinary System","4-2-strucutre-and-function-of-kidney","4.2 Strucutre and Function of Kidney","1785844304786.3877","kx72g96y4f1wq513zbdgxjxb8h8btadg","1785844304786","1787579287582","4-2-strucutre-and-function-of-kidney","{""blockIndex"":17,""chapterNumber"":4,""subjectSlug"":""biology-10""}","published",,"4.2 Strucutre and Function of Kidney","ms76ptqmyj4tsyj26sy62tj9698bt9z5","1789055699832","969",
"biology-10","04-urinary-system","Urinary System","4-3-nephron","4.3 Nephron","1785844304786.3884","kx7abfv0cz8jgwf0k84mvp6vph8bvhh0","1785844304786","1787579287582","4-3-nephron","{""blockIndex"":22,""chapterNumber"":4,""subjectSlug"":""biology-10""}","published",,"4.3 Nephron","ms72swthdm9hxthbmzh4ycpzp58bvfp9","1789055669783","3690",
"biology-10","04-urinary-system","Urinary System","4-5-osmoregulatory-function-of-kidney","4.5 Osmoregulatory Function of Kidney","1785844304786.3892","kx71d4wm17he4apzjwqfq1by2d8bvrxj","1785844304786","1787579287582","4-5-osmoregulatory-function-of-kidney","{""blockIndex"":31,""chapterNumber"":4,""subjectSlug"":""biology-10""}","published",,"4.5 Osmoregulatory Function of Kidney","ms7c02x1s5wm3jq3786d7ynhqn8bt7h8","1787579287582","768",
"biology-10","04-urinary-system","Urinary System","4-6-disorders-of-human-urinary-system","4.6 Disorders of Human Urinary System","1785844310217.9292","kx7cv3z1m9138kxybqc11tb97x8btcn8","1785844310218","1787579287582","4-6-disorders-of-human-urinary-system","{""blockIndex"":33,""chapterNumber"":4,""subjectSlug"":""biology-10""}","published",,"4.6 Disorders of Human Urinary System","ms71wzgprqth4c5yg4ha68e4ms8btfqd","1789055560983","9606",
"biology-10","05-nervous-system","Nervous System","5-1-nervous-system-and-its-role","5.1 Nervous System and Its Role","1785844310217.9336","kx77t6zdyt0ge4173mjvxy0vxn8btd2m","1785844310218","1787579287582","5-1-nervous-system-and-its-role","{""blockIndex"":3,""chapterNumber"":5,""subjectSlug"":""biology-10""}","published",,"5.1 Nervous System and Its Role","ms705e5t0s75szqb9x0mhnj89x8btmwe","1789055370555","2904",
"biology-10","05-nervous-system","Nervous System","5-2-human-nervous-system","5.2 Human Nervous System","1785844310217.9346","kx7c6y2tgjp5y7nzgdvmfras158btzw0","1785844310218","1787579287582","5-2-human-nervous-system","{""blockIndex"":17,""chapterNumber"":5,""subjectSlug"":""biology-10""}","published",,"5.2 Human Nervous System","ms7emg44n1t4dkn0p5w7qnmtgx8bt6jj","1788257411368","6659","n57fswxhycn52zhst97yaz7gw9869h2z"
"biology-10","05-nervous-system","Nervous System","5-3-neuron","5.3 Neuron","1785844310217.9368","kx73cyf6erks4h73hwkfr60zn58btxpr","1785844310218","1787579287582","5-3-neuron","{""blockIndex"":39,""chapterNumber"":5,""subjectSlug"":""biology-10""}","published",,"5.3 Neuron","ms744dxfegy0p4pzbx1r9wsc1h8bt9jj","1789055311884","1784",
"biology-10","05-nervous-system","Nervous System","5-4-stimulus","5.4 Stimulus","1785844310217.9375","kx7cg2e83w8kb5kxc2k5awnxtx8btv6j","1785844310218","1787579287582","5-4-stimulus","{""blockIndex"":45,""chapterNumber"":5,""subjectSlug"":""biology-10""}","published",,"5.4 Stimulus","ms7762vwad3f0y6rr6d322rkm18bt7nj","1788337266783","641",
"biology-10","05-nervous-system","Nervous System","5-5-nerve-impulses","5.5 Nerve Impulses","1785844310217.938","kx738m6g67z2mysxhjegn496kx8bvt30","1785844310218","1787579287582","5-5-nerve-impusles","{""blockIndex"":48,""chapterNumber"":5,""subjectSlug"":""biology-10""}","published",,"5.5 Nerve Impusles","ms78yq0xs9zpccfywdhtq58a918bvft9","1789469818171","2331",
"biology-10","05-nervous-system","Nervous System","5-6-synapse","5.6 Synapse","1785844316627.792","kx7ena5hgyxf79h5pjwt4sjy3d8btaqe","1785844316627","1787579287582","5-6-synapse","{""blockIndex"":60,""chapterNumber"":5,""subjectSlug"":""biology-10""}","published",,"5.6 Synapse","ms7agga47v1by3dq6t0b2nm74d8bt61b","1788337227123","1079",
"biology-10","05-nervous-system","Nervous System","5-7-neurotransmitters","5.7 Neurotransmitters","1785844316627.7925","kx75x3g31drspkwbbr0sqxhee98bttg7","1785844316627","1787579287582","5-7-neurotransmitters","{""blockIndex"":64,""chapterNumber"":5,""subjectSlug"":""biology-10""}","published",,"5.7 Neurotransmitters","ms77r03p8k4a0qbx7sw3pmdvtn8btjy0","1787579287582","1640",
"biology-10","05-nervous-system","Nervous System","5-8-reflex-action","5.8 Reflex Action","1785844316627.7932","kx79z80jnwgcc3mq83h3k4hxe98bt8bd","1785844316627","1787579287582","5-8-reflex-action","{""blockIndex"":71,""chapterNumber"":5,""subjectSlug"":""biology-10""}","published",,"5.8 Reflex Action","ms70zswrmsp8pmdhrgypxg314s8bvs7f","1787579287582","1979",
"biology-10","05-nervous-system","Nervous System","5-9-endocrine-system","5.9 Endocrine System","1785844316627.7942","kx7b1br41wkc93bnn8wbch17t98btbaa","1785844316627","1787579287582","5-9-endocrine-system","{""blockIndex"":78,""chapterNumber"":5,""subjectSlug"":""biology-10""}","published",,"5.9 Endocrine System","ms78et3hv0q825t8mcwbpfrsn18bvqcz","1788257036819","12897",
"biology-10","06-reproduction","Reproduction","6-1-role-of-hormones-in-male-and-female-sexual-development","6.1 Role of Hormones in Male and Female Sexual Development","1785844316627.7983","kx7cgj76wqg7xpvdp1nky6zzsd8bveny","1785844316627","1787579287582","6-1-role-of-hormones-in-male-and-female-sexual-development","{""blockIndex"":5,""chapterNumber"":6,""subjectSlug"":""biology-10""}","published",,"6.1 Role of Hormones in Male and Female Sexual Development","ms78979tfjpja578wfj3e4p87d8bvece","1789055195283","4621",
"biology-10","06-reproduction","Reproduction","6-2-gametogenesis-and-fertilization","6.2 Gametogenesis and Fertilization","1785844316627.801","kx7677ps35tyx9qf9ekpxjggms8bvhc8","1785844316627","1787579287582","6-2-gametogenesis-and-fertilization","{""blockIndex"":27,""chapterNumber"":6,""subjectSlug"":""biology-10""}","published",,"6.2 Gametogenesis and Fertilization","ms76ffx3mve3pggj0j922w6trh8bv807","1789157708968","5488",
"biology-10","06-reproduction","Reproduction","6-3-mechanism-of-reproduction-in-animals","6.3 Mechanism of Reproduction in Animals","1785844322472.5466","kx76k24g609tz5rwk2m6k175dd8bv78k","1785844322472","1787579287582","6-3-mechanism-of-reproduction-in-animals","{""blockIndex"":47,""chapterNumber"":6,""subjectSlug"":""biology-10""}","published",,"6.3 Mechanism of Reproduction in Animals","ms7cdw29gw41wqcebk8r1e3tz18btvy9","1789055069005","7120",
"biology-10","06-reproduction","Reproduction","6-4-sex-determination-in-human","6.4 Sex Determination in Human","1785844322472.5498","kx70bk4zaz0th222ewp3gsr7rd8bt054","1785844322472","1787579287582","6-4-sex-determination-in-human","{""blockIndex"":78,""chapterNumber"":6,""subjectSlug"":""biology-10""}","published",,"6.4 Sex Determination in Human","ms7cy1b5rbfrf34kc68edd6vh58btw4x","1789157765115","4890",
"biology-10","07-inheritance","Inheritance","7-1-structure-of-chromosome","7.1 Structure of Chromosome","1785844322472.5525","kx7f36wvwf30fmhmya1erzs9j58btw7m","1785844322472","1787579287582","7-1-structure-of-chromosome","{""blockIndex"":5,""chapterNumber"":7,""subjectSlug"":""biology-10""}","published",,"7.1 Structure of Chromosome","ms78swqdm16pdcx7dp7k5bn9618bvkhd","1789055024424","2175",
"biology-10","07-inheritance","Inheritance","7-2-genotypes-and-phenotypes","7.2 Genotypes and Phenotypes","1785844322472.5532","kx7dtq8fscpjnkg0k8q0r2b78s8bvf88","1785844322472","1787579287582","7-2-genotypes-and-phenotypes","{""blockIndex"":11,""chapterNumber"":7,""subjectSlug"":""biology-10""}","published",,"7.2 Genotypes and Phenotypes","ms77djsv5ctdq8g6fw47a2amfh8btd17","1787579287582","5295",
"biology-10","07-inheritance","Inheritance","7-3-mendelian-inheritance","7.3 Mendelian Inheritance","1785844322472.5562","kx7dxmjt5ny96x4r1b3pa2ph0h8btrdy","1785844322472","1787579287582","7-3-mendelian-inheritance","{""blockIndex"":32,""chapterNumber"":7,""subjectSlug"":""biology-10""}","published",,"7.3 Mendelian Inheritance","ms76gfr0eysge8bm92vvh59a8d8bt9vd","1788256243137","14056",
"biology-10","08-diseases","Diseases","8-1-diseases","8.1 Diseases","1785844322472.5637","kx79dzczwn5rd5rp0akajmnpps8bv7jn","1785844322472","1787579287582","8-1-diseases","{""blockIndex"":5,""chapterNumber"":8,""subjectSlug"":""biology-10""}","published",,"8.1 Diseases","ms7ctpt7j6b1mjxz4m60xkj1q58bvgkb","1787579287582","1004",
"biology-10","08-diseases","Diseases","8-2-infectious-diseases","8.2 Infectious Diseases","1785844329908.4243","kx7403v60gqzkgc4txj9w5ryy58bt7tx","1785844329908","1787579287582","8-2-infectious-diseases","{""blockIndex"":8,""chapterNumber"":8,""subjectSlug"":""biology-10""}","published",,"8.2 Infectious Diseases","ms7a71vk9mjhcrtn2mza858wms8bvb09","1787579287582","1707",
"biology-10","08-diseases","Diseases","8-3-zoonotic-diseases","8.3 Zoonotic Diseases","1785844329908.425","kx7a9bq7vbjakjqytbhx48sna18bv4e8","1785844329908","1787579287582","8-3-zoonotic-diseases","{""blockIndex"":13,""chapterNumber"":8,""subjectSlug"":""biology-10""}","published",,"8.3 Zoonotic Diseases","ms71wegqvgm9zkrt44bsx1ctsd8bvf2z","1787579287582","1640",
"biology-10","08-diseases","Diseases","8-4-vector-borne-diseases","8.4 Vector Borne Diseases","1785844329908.4263","kx70ayvwkknczap7cqcbjmtv3s8btzhx","1785844329908","1787579287582","8-4-vector-borne-diseases","{""blockIndex"":21,""chapterNumber"":8,""subjectSlug"":""biology-10""}","published",,"8.4 Vector Borne Diseases","ms79vbev6v21g8sswz0jyn1hh18bty0j","1788256130984","1194",
"biology-10","08-diseases","Diseases","8-5-non-infectious-diseases","8.5 Non-infectious Diseases","1785844329908.4268","kx7c3cyr4m3zjk2qd0hg9dh0fx8bvwpx","1785844329908","1787579287582","8-5-non-infectious-diseases","{""blockIndex"":25,""chapterNumber"":8,""subjectSlug"":""biology-10""}","published",,"8.5 Non-infectious Diseases","ms720d35v1ps3hfwq7ge2bbz3d8bv4g2","1787579287582","582",
"biology-10","08-diseases","Diseases","8-6-covid-19","8.6 Covid-19","1785844329908.4272","kx730ag7dxwc64hz8yjceypaq18bt11g","1785844329908","1787579287582","8-6-covid-19","{""blockIndex"":28,""chapterNumber"":8,""subjectSlug"":""biology-10""}","published",,"8.6 Covid-19","ms77dt1recc6xvajdws1dzhbr18btvtg","1787579287582","1286",
"biology-10","08-diseases","Diseases","8-7-aids","8.7 Aids","1785844329908.428","kx7ak5n8t9vnt2eap0yst4q7r98bv7r9","1785844329908","1787579287582","8-7-aids","{""blockIndex"":37,""chapterNumber"":8,""subjectSlug"":""biology-10""}","published",,"8.7 Aids","ms71vwnxnx5jmty0dtymvxns298btnfz","1788256061324","1502",
"biology-10","08-diseases","Diseases","8-8-diabetes","8.8 Diabetes","1785844336071.7227","kx72hmmyhcq21w9f2b7rw0zb5n8bt5d2","1785844336071","1787579287582","8-8-diabetes","{""blockIndex"":43,""chapterNumber"":8,""subjectSlug"":""biology-10""}","published",,"8.8 Diabetes","ms7bdjy88s4tj4aprp26fh7j9x8bv7gg","1788256013423","1147",
"biology-10","08-diseases","Diseases","8-9-plant-diseases-in-pakistan","8.9 Plant Diseases in Pakistan","1785844336071.7234","kx7ejfvxax6fztme3vfh5h9ddh8bt9h8","1785844336071","1787579287582","8-9-plant-diseases-in-pakistan","{""blockIndex"":53,""chapterNumber"":8,""subjectSlug"":""biology-10""}","published",,"8.9 Plant Diseases in Pakistan","ms73j8bg678y41q37hmm670tgh8btepx","1787579287582","1398",
"biology-10","08-diseases","Diseases","8-10-antibiotics","8.10 Antibiotics","1785844336071.724","kx73r7qcavn9exc1g0bpwnkh8n8bt7m7","1785844336071","1787579287582","8-10-antibiotics","{""blockIndex"":58,""chapterNumber"":8,""subjectSlug"":""biology-10""}","published",,"8.10 Antibiotics","ms73wqe6fx8tpyyqdta61zvvrh8bvkt2","1788780707281","8392",
"biology-10","09-immunity","Immunity","9-1-immunity","9.1 Immunity","1785844336071.7285","kx7b9ew02a58ddyjkbf75y7vvd8btk3x","1785844336071","1787579287582","9-1-immunity","{""blockIndex"":1,""chapterNumber"":9,""subjectSlug"":""biology-10""}","published",,"9.1 Immunity","ms7d0znf4bkj3mgzmyry1k5eyh8bvfte","1788780676752","2770",
"biology-10","09-immunity","Immunity","9-2-organs-of-the-immune-system","9.2 Organs of the Immune System","1785844336071.7297","kx7a3ca4kcrctrfs7rm1jtcffd8btx5h","1785844336071","1787579287582","9-2-organs-of-the-immune-system","{""blockIndex"":11,""chapterNumber"":9,""subjectSlug"":""biology-10""}","published",,"9.2 Organs of the Immune System","ms7drc4fmetmb9kzpnwn8hf36d8btexk","1787579287582","9244",
"biology-10","09-immunity","Immunity","9-3-functions-of-adaptive-immunity","9.3 Functions of Adaptive Immunity","1785844336071.732","kx7c2x4jv69gew741f08kyhbjh8bv5a3","1785844336071","1787579287582","9-3-functions-of-adaptive-immunity","{""blockIndex"":34,""chapterNumber"":9,""subjectSlug"":""biology-10""}","published",,"9.3 Functions of Adaptive Immunity","ms78b7bjy4dy0gr264sfkf53vx8btr2r","1788255965005","1145",
"biology-10","09-immunity","Immunity","9-4-vaccines","9.4 Vaccines","1785844342582.3572","kx75y5bg7w3wjzjak3dwyef4qn8bvm9f","1785844342582","1787579287582","9-4-vaccines","{""blockIndex"":39,""chapterNumber"":9,""subjectSlug"":""biology-10""}","published",,"9.4 Vaccines","ms722wdhqzskcx3xv223hdtzfh8btgrs","1788255860976","1773",
"biology-10","09-immunity","Immunity","9-5-allergies","9.5 Allergies","1785844342582.3582","kx78krs8s4v28zmhezbrj7mw1n8btqgg","1785844342582","1787579287582","9-5-allergies","{""blockIndex"":48,""chapterNumber"":9,""subjectSlug"":""biology-10""}","published",,"9.5 Allergies","ms7092s87907erbwsj32kks3x98bvqap","1788251619669","3664",
"biology-10","10-biotechnology","Biotechnology","10-1-introduction-to-biotechnology","10.1 Introduction to Biotechnology","1785844342582.3604","kx74hsdyqdf42s5vmak740q5px8bvdhy","1785844342582","1787579287582","10-1-introduction-to-biotechnology","{""blockIndex"":4,""chapterNumber"":10,""subjectSlug"":""biology-10""}","published",,"10.1 Introduction to Biotechnology","ms703nyscsv37dnrk066fyaxy58bv0ev","1787579287582","2668",
"biology-10","10-biotechnology","Biotechnology","10-2-food-biotechnology-related-to-advanced-agriculture-in-pakistan","10.2 Food Biotechnology Related to Advanced Agriculture in Pakistan","1785844342582.3608","kx753v0f44ybmy27hpq19aqc8h8bthc9","1785844342582","1787579287582","10-2-food-biotechnology-related-to-advanced-agriculture-in-pakistan","{""blockIndex"":6,""chapterNumber"":10,""subjectSlug"":""biology-10""}","published",,"10.2 Food Biotechnology Related to Advanced Agriculture in Pakistan","ms7f0965w9y6n2xsp062rrsyv58btj1e","1788255777519","8450",
"biology-10","10-biotechnology","Biotechnology","10-3-medical-biotechnology-in-advancement-of-healthcare-in-diabetes-and-cancer","10.3 Medical Biotechnology in Advancement of Healthcare in Diabetes and Cancer","1785844342582.363","kx74z0vzb0m95g95pf9p0dt5d18bt3ds","1785844342582","1787579287582","10-3-medical-biotechnology-in-advancement-of-healthcare-in-diabetes-and-cancer","{""blockIndex"":27,""chapterNumber"":10,""subjectSlug"":""biology-10""}","published",,"10.3 Medical Biotechnology in Advancement of Healthcare in Diabetes and Cancer","ms7482dk43a9ez8ys51rc8pzt98bv352","1788780420045","11832",
"biology-10","10-biotechnology","Biotechnology","10-4-potential-advantages-of-genetic-editing-with-examples-in-medicine-and-agriculture","10.4 Potential Advantages of Genetic Editing with Examples in Medicine and Agriculture","1785844342582.3665","kx786vf88km9xg4vxvn2a65ey18bvap1","1785844342582","1787579287582","10-4-potential-advantages-of-genetic-editing-with-examples-in-medicine-and-agriculture","{""blockIndex"":58,""chapterNumber"":10,""subjectSlug"":""biology-10""}","published",,"10.4 Potential Advantages of Genetic Editing with Examples in Medicine and Agriculture","ms7ee3ev85xvnmfre2pevs4zx58bv162","1788780282406","6319",
"biology-10","10-biotechnology","Biotechnology","10-5-benefits-of-marine-biotechnology","10.5 Benefits of Marine Biotechnology","1785844348991.595","kx725fjrys17kme9hyk7154cdn8bvbyc","1785844348991","1787579287582","10-5-benefits-of-marine-biotechnology","{""blockIndex"":91,""chapterNumber"":10,""subjectSlug"":""biology-10""}","published",,"10.5 Benefits of Marine Biotechnology","ms736wss1r2q3sk7zv5pj9e3x98bvd90","1788780244649","6090",
"biology-10","10-biotechnology","Biotechnology","10-6-bioremediation-taking-better-care-of-our-environment","10.6 Bioremediation: Taking Better Care of Our Environment","1785844348991.5974","kx750cm7qhc5e113f0z26yd1rn8btka9","1785844348991","1787579287582","10-6-bioremediation-taking-better-care-of-our-environment","{""blockIndex"":110,""chapterNumber"":10,""subjectSlug"":""biology-10""}","published",,"10.6 Bioremediation: Taking Better Care of Our Environment","ms727sm6md015mfze5tz2njfa18bt8cy","1788780253633","10383",
"biology-10","11-biostatistics-and-data-analysis","Biostatistics And Data Analysis","11-1-biostatistics-and-its-uses","11.1 Biostatistics and Its Uses","1785844348991.6025","kx7emhe7mx6s0a7c7f8g8x77kh8bv3y4","1785844348991","1787579287582","11-1-biostatistics-and-its-uses","{""blockIndex"":5,""chapterNumber"":11,""subjectSlug"":""biology-10""}","published",,"11.1 Biostatistics and Its Uses","ms7dbbwrz0g27k491mvzkfe9mx8bt5r3","1787579287582","4656",
"biology-10","11-biostatistics-and-data-analysis","Biostatistics And Data Analysis","11-2-definition-and-calculation-of-mean-median-and-mode","11.2 Definition and Calculation of Mean, Median and Mode","1785844348991.6035","kx71d1e4xr2njd7xz39jx7xp5h8btm5y","1785844348991","1787579287582","11-2-definition-and-calculation-of-mean-median-and-mode","{""blockIndex"":9,""chapterNumber"":11,""subjectSlug"":""biology-10""}","published",,"11.2 Definition and Calculation of Mean, Median and Mode","ms74f9pj356pxfjjteq1q64z6d8bvapf","1787579287582","13622",
"biology-10","11-biostatistics-and-data-analysis","Biostatistics And Data Analysis","11-3-sketching-a-bar-chart-for-a-given-set-of-biological-data","11.3 Sketching a Bar Chart for a Given Set of Biological Data","1785844348991.608","kx74065szatvraj9w4635d9vg58bty9p","1785844348991","1787579287582","11-3-sketching-a-bar-chart-for-a-given-set-of-biological-data","{""blockIndex"":71,""chapterNumber"":11,""subjectSlug"":""biology-10""}","published",,"11.3 Sketching a Bar Chart for a Given Set of Biological Data","ms75921bzh0cp9c63k50qrtft58bvbhw","1788216266553","5049",
"chemistry-10","01-history-of-chemistry","History Of Chemistry","1-1-principles-and-methods-in-chemistry","1.1 Principles and Methods in Chemistry","1785844771033.4282","kx704bzkdfpke0rg4yws27s9rn8btfnn","1785844771033","1787579292372","1-1-principles-and-methods-in-chemistry","{""blockIndex"":4,""chapterNumber"":1,""subjectSlug"":""chemistry-10""}","published",,"1.1 Principles and Methods in Chemistry","ms71b6pmp6xe385meq2s53z2998bvay1","1787579292372","2977",
"chemistry-10","01-history-of-chemistry","History Of Chemistry","1-2-evolution-of-scientific-ideas-paradigms","1.2 Evolution of Scientific Ideas (Paradigms)","1785844771033.4302","kx7a53mrx73amdqy6werbp5q9h8bt0w9","1785844771033","1787579292372","1-2-evolution-of-scientific-ideas-paradigms","{""blockIndex"":18,""chapterNumber"":1,""subjectSlug"":""chemistry-10""}","published",,"1.2 Evolution of Scientific Ideas (Paradigms)","ms72dh5ys6fd1p3tt8mzz6c1kn8bvrsz","1787579292372","2509",
"chemistry-10","01-history-of-chemistry","History Of Chemistry","1-3-scientific-paradigms-in-chemistry","1.3 Scientific Paradigms in Chemistry","1785844771033.432","kx783wqdw9jy076nyq769sry5h8bvjks","1785844771033","1787579292372","1-3-scientific-paradigms-in-chemistry","{""blockIndex"":30,""chapterNumber"":1,""subjectSlug"":""chemistry-10""}","published",,"1.3 Scientific Paradigms in Chemistry","ms7arbdets3dcxtqmk62ey20yd8bv2qt","1787579292372","450",
"chemistry-10","01-history-of-chemistry","History Of Chemistry","1-4-confidence-and-uncertainty-in-chemistry","1.4 Confidence and Uncertainty in Chemistry","1785844771033.4324","kx777x90kkkfkhjnyby1sy28d58bvjvk","1785844771033","1787579292372","1-4-confidence-and-uncertainty-in-chemistry","{""blockIndex"":32,""chapterNumber"":1,""subjectSlug"":""chemistry-10""}","published",,"1.4 Confidence and Uncertainty in Chemistry","ms74var7rc2zqycb9p4j0awz6x8btfpp","1787579292372","1831",
"chemistry-10","01-history-of-chemistry","History Of Chemistry","1-5-repeatability-and-reproducibility","1.5 Repeatability and Reproducibility","1785844771033.434","kx700q5f2kesgb9hgkh07hjhrn8btcf3","1785844771033","1787579292372","1-5-repeatability-and-reproducibility","{""blockIndex"":44,""chapterNumber"":1,""subjectSlug"":""chemistry-10""}","published",,"1.5 Repeatability and Reproducibility","ms73etnpxpb0gkw0c9g60bp7rd8bv30b","1788251621607","2032",
"chemistry-10","02-matter","Matter","2-1-changes-of-states-of-matter","2.1 Changes of States of Matter","1785844771033.4363","kx7a1a4x950hdyaazthx4sredx8bt687","1785844771033","1787579292372","2-1-changes-of-states-of-matter","{""blockIndex"":3,""chapterNumber"":2,""subjectSlug"":""chemistry-10""}","published",,"2.1 Changes of States of Matter","ms7afhb4qb87bw8fzqw96bw8wn8bvx5g","1787579292372","5196",
"chemistry-10","02-matter","Matter","2-2-heating-and-cooling-curves","2.2 Heating and Cooling Curves","1785844776638.1885","kx71e0eymc6kmpta56yrzwcyqh8btfrk","1785844776638","1787579292372","2-2-heating-and-cooling-curves","{""blockIndex"":18,""chapterNumber"":2,""subjectSlug"":""chemistry-10""}","published",,"2.2 Heating and Cooling Curves","ms77a3sq7z2k364djfdmbdchan8bts6r","1789174629298","3948",
"chemistry-10","02-matter","Matter","2-3-evaporation-and-boiling","2.3 Evaporation and Boiling","1785844776638.1926","kx7dwzkbyfp7kmatpywvyvsf4h8btdaq","1785844776638","1787579292372","2-3-evaporation-and-boiling","{""blockIndex"":52,""chapterNumber"":2,""subjectSlug"":""chemistry-10""}","published",,"2.3 Evaporation and Boiling","ms71j1n1445f6hk4trttcvqccd8bvxyb","1787579292372","3952",
"chemistry-10","02-matter","Matter","2-4-kinetic-particle-theory-and-gas-laws","2.4 Kinetic Particle Theory and Gas Laws","1785844776638.194","kx7avqh11ygbxvret10gggwwrn8bvk8z","1785844776638","1787579292372","2-4-kinetic-particle-theory-and-gas-laws","{""blockIndex"":65,""chapterNumber"":2,""subjectSlug"":""chemistry-10""}","published",,"2.4 Kinetic Particle Theory and Gas Laws","ms7dfdpq247vn263gra3yj0qks8btr51","1789174725626","3951",
"chemistry-10","02-matter","Matter","2-5-diffusion-of-gases","2.5 Diffusion of Gases","1785844776638.1975","kx7cgm5wtr7vkq2wbf995y05qn8bt7df","1785844776638","1787579292372","2-5-diffusion-of-gases","{""blockIndex"":97,""chapterNumber"":2,""subjectSlug"":""chemistry-10""}","published",,"2.5 Diffusion of Gases","ms73av5fkbqhk9jcftst65wsyh8btq88","1789174749352","3105",
"chemistry-10","02-matter","Matter","2-6-sublimation","2.6 Sublimation","1785844776638.1995","kx7307vbej5pvxmm8k127twyah8bvc4p","1785844776638","1787579292372","2-6-sublimation","{""blockIndex"":110,""chapterNumber"":2,""subjectSlug"":""chemistry-10""}","published",,"2.6 Sublimation","ms75w0n51xv9wjqqb64vjjasbd8bt0n2","1788251621757","5351",
"chemistry-10","03-stoichiometry","Stoichiometry","3-1-mole","3.1 Mole","1785844776638.2024","kx74fxp9hyw1c4jxej3kvsjjrh8bt01g","1785844776638","1787579292372","3-1-mole","{""blockIndex"":5,""chapterNumber"":3,""subjectSlug"":""chemistry-10""}","published",,"3.1 Mole","ms7cbbgzyetf5fw264r8g9mp4n8btdsd","1787579292372","6669",
"chemistry-10","03-stoichiometry","Stoichiometry","3-2-percentage-composition","3.2 Percentage Composition","1785844782934.7366","kx70aj2v80wmppy8qhk39gtcvd8bvjb8","1785844782934","1787579292372","3-2-percentage-composition","{""blockIndex"":37,""chapterNumber"":3,""subjectSlug"":""chemistry-10""}","published",,"3.2 Percentage Composition","ms7emxxppy1kbbgk8czs6301m98bt32t","1787579292372","1236",
"chemistry-10","03-stoichiometry","Stoichiometry","3-3-limiting-and-non-limiting-reactants","3.3 Limiting and Non-limiting Reactants","1785844782934.7373","kx78f8vjk2ysxeeqy8ysqzspm98bvenf","1785844782934","1787579292372","3-3-limiting-and-non-limiting-reactants","{""blockIndex"":42,""chapterNumber"":3,""subjectSlug"":""chemistry-10""}","published",,"3.3 Limiting and Non-limiting Reactants","ms79j2vm1m4h4mb0j3zcns6jph8bvd1f","1787579292372","4405",
"chemistry-10","03-stoichiometry","Stoichiometry","3-4-theoretical-yield-actual-yield-and-percent-yield","3.4 Theoretical Yield, Actual Yield and Percent Yield","1785844782934.7383","kx76mdskmgw6vy2s0xrsw3agwd8bvfqx","1785844782934","1787579292372","3-4-theoretical-yield-actual-yield-and-percent-yield","{""blockIndex"":58,""chapterNumber"":3,""subjectSlug"":""chemistry-10""}","published",,"3.4 Theoretical Yield, Actual Yield and Percent Yield","ms7bzncsac97gf4zjbn4xqg5298bv9cg","1787579292372","3139",
"chemistry-10","03-stoichiometry","Stoichiometry","3-5-determining-empirical-and-molecular-formulas","3.5 Determining Empirical and Molecular Formulas","1785844782934.7393","kx728yjpfnqrmj5ayy8x2pjbp58bt1de","1785844782934","1787579292372","3-5-determining-empirical-and-molecular-formulas","{""blockIndex"":70,""chapterNumber"":3,""subjectSlug"":""chemistry-10""}","published",,"3.5 Determining Empirical and Molecular Formulas","ms7cng0y7gmsafpe2cfavw7nqs8btc7t","1787579292372","3790",
"chemistry-10","03-stoichiometry","Stoichiometry","3-6-concentration-units","3.6 Concentration Units","1785844782934.741","kx7bd6vj0g1xjpv9xqfvypk5x18bv4tx","1785844782934","1787579292372","3-6-concentration-units","{""blockIndex"":87,""chapterNumber"":3,""subjectSlug"":""chemistry-10""}","published",,"3.6 Concentration Units","ms754jy2tssw0ybtmeyamsxs098bv1r3","1788251621905","15236",
"chemistry-10","04-electrochemistry","Electrochemistry","4-1-electrochemical-cells","4.1 Electrochemical Cells","1785844782934.7505","kx7bg6p64367spr9ykh7tdvv7d8bt7k2","1785844782934","1787579292372","4-1-electrochemical-cells",,"published","Preserve the canonical Chemistry 10 Chapter 4 note while adding a verified source anchor for Electrochemical cells.","4.1 Electrochemical Cells","ms74kamy5xrxkv6v1pa4639w8d8btgje","1787579292372","4327",
"chemistry-10","04-electrochemistry","Electrochemistry","4-2-electrolysis","4.2 Electrolysis","1785844788122.5347","kx77wf6dj1hk3ch9aerdaw83d98btdnc","1785844788122","1787579292372","4-2-electrolysis",,"published","Preserve the canonical Chemistry 10 Chapter 4 note while adding a verified source anchor for Electrolysis.","4.2 Electrolysis","ms725g81r6nedpgfwdzqqxeybx8btbhq","1787579292372","8600",
"chemistry-10","04-electrochemistry","Electrochemistry","4-3-electrolysis-of-halid-compound","4.3 Electrolysis of Halid Compound","1785844788122.5366","kx79pxnw3d1h571e7qczxg0wv58bvjh0","1785844788122","1787579292372","4-3-electrolysis-of-halid-compound",,"published","Preserve the canonical Chemistry 10 Chapter 4 note while adding a verified source anchor for electrolysis of halid compound.","4.3 Electrolysis of Halid Compound","ms72xx45xmhdfq3afe8hsbav2x8bt6v2","1787579292372","1457",
"chemistry-10","04-electrochemistry","Electrochemistry","4-4-electroplating-deposition-using-the-same-electrode","4.4 Electroplating (Deposition Using the Same Electrode).","1785844788122.538","kx79d1yk4fr8gg4c75dqs3xygn8btctp","1785844788122","1787579292372","4-4-electroplating-deposition-using-the-same-electrode",,"published","Preserve the canonical Chemistry 10 Chapter 4 note while adding a verified source anchor for electroplating.","4.4 Electroplating (Deposition Using the Same Electrode).","ms77st2r9hwmrzzmn2nvtrcj9d8bv3ry","1787579292372","4201",
"chemistry-10","04-electrochemistry","Electrochemistry","4-5-galvanic-cells-daniel-cells","4.5 Galvanic Cells (Daniel Cells)","1785844788122.54","kx76deq1wd7fbenth78vv66xv58bvyhn","1785844788122","1787579292372","4-5-galvanic-cells-daniel-cells",,"published","Preserve the canonical Chemistry 10 Chapter 4 note while adding a verified source anchor for Galvanic Cells (Daniel Cells).","4.5 Galvanic Cells (Daniel Cells)","ms74s322e8hm7cd0rqma3jy7gh8bva45","1787579292372","2621",
"chemistry-10","04-electrochemistry","Electrochemistry","4-6-electrochemical-series","4.6 Electrochemical Series","1785844788122.541","kx75wjvjpqjcksp8g5bdq3tfp18btsax","1785844788122","1787579292372","4-6-electrochemical-series",,"published","Preserve the canonical Chemistry 10 Chapter 4 note while adding a verified source anchor for Electrochemical Series.","4.6 Electrochemical Series","ms7as6efqnf7hqg2j6zfqfjqnd8bv4pp","1787579292372","8209",
"chemistry-10","04-electrochemistry","Electrochemistry","4-7-battery-a-source-of-electrical-energy","4.7 Battery-a Source of Electrical Energy","1785844788122.543","kx72vy4veffwh9drcxbnr47zg98bvq7b","1785844788122","1787579292372","4-7-battery-a-source-of-electrical-energy",,"published","Preserve the canonical Chemistry 10 Chapter 4 note while adding a verified source anchor for Battery-A Source of Electrical Energy.","4.7 Battery-a Source of Electrical Energy","ms73ym8dpf0gbbgkr2rxhdd3f98bvwyq","1788254799803","10371",
"chemistry-10","05-reaction-kinetics","Reaction Kinetics","5-1-rates-of-reactions","5.1 Rates of Reactions","1785844793483.2017","kx7ejhevzdb1s4gwgsqsxp05g98bt45r","1785844793483","1787579292372","5-1-rates-of-reactions",,"published","Preserve the canonical Chemistry 10 Chapter 5 note while adding a verified source anchor for Rates of Reactions.","5.1 Rates of Reactions","ms7eb4qj9n9mqdepbn0b9k0yz18bt4sb","1787579292372","6439",
"chemistry-10","05-reaction-kinetics","Reaction Kinetics","5-2-collision-theory-and-activation-energy","5.2 Collision Theory and Activation Energy","1785844793483.203","kx7dzskpddvhdjzk9hkt05n7558bt93v","1785844793483","1787579292372","5-2-collision-theory-and-activation-energy",,"published","Preserve the canonical Chemistry 10 Chapter 5 note while adding a verified source anchor for Collision Theory and Activation Energy.","5.2 Collision Theory and Activation Energy","ms762te69pggkz7zfjwjysqzd98bvdha","1787579292372","1902",
"chemistry-10","05-reaction-kinetics","Reaction Kinetics","5-3-catalysts-and-their-role-in-reaction-kinetics","5.3 Catalysts and Their Role in Reaction Kinetics","1785844793483.2039","kx7e34g1jq8hvtd9yn4m9957rn8bt5ba","1785844793483","1787579292372","5-3-catalysts-and-their-role-in-reaction-kinetics",,"published","Preserve the canonical Chemistry 10 Chapter 5 note while adding a verified source anchor for Catalysts and their Role in Reaction Kinetics.","5.3 Catalysts and Their Role in Reaction Kinetics","ms7ecp83bhrqqce11fgmv17y3d8bvmrp","1787579292372","6190",
"chemistry-10","05-reaction-kinetics","Reaction Kinetics","5-4-role-of-chemical-kinetics-in-the-food-industry","5.4 Role of Chemical Kinetics in the Food Industry","1785844793483.2075","kx78kg2kvvraj59cv3xdhywqw18bttp3","1785844793483","1787579292372","5-4-role-of-chemical-kinetics-in-the-food-industry",,"published","Preserve the canonical Chemistry 10 Chapter 5 note while adding a verified source anchor for Role of Chemical Kinetics in the Food Industry.","5.4 Role of Chemical Kinetics in the Food Industry","ms7dewda8r8erjyw8tab64c89h8bvkkn","1788251608565","1723",
"chemistry-10","06-salts","Salts","6-1-salts","6.1 Salts","1785844793483.2095","kx76ksd0ng37wcwjkdh15fsfth8bvbq7","1785844793483","1787579292372","6-1-salts",,"published","Preserve the canonical Chemistry 10 Chapter 6 note while adding a verified source anchor for Salts.","6.1 Salts","ms768vm3tjhvtrpxmdp9p9news8btb89","1787579292372","1184",
"chemistry-10","06-salts","Salts","6-2-physical-state-and-melting-points","6.2 Physical State and Melting Points","1785844793483.21","kx7dvngwh3d19ks4z9f1pakedx8bvb6c","1785844793483","1787579292372","6-2-physical-state-and-melting-points",,"published","Preserve the canonical Chemistry 10 Chapter 6 note while adding a verified source anchor for Physical State and Melting Points.","6.2 Physical State and Melting Points","ms7ezhxcf3tt1y6rq0xhby87nn8bvxef","1787579292372","3388",
"chemistry-10","06-salts","Salts","6-3-preparation-separation-and-purification-of-soluble-salts","6.3 Preparation, Separation, and Purification of Soluble Salts","1785844799159.9731","kx74g39yrgasvfcfcapz2k51js8bvmnb","1785844799160","1787579292372","6-3-preparation-separation-and-purification-of-soluble-salts",,"published","Preserve the canonical Chemistry 10 Chapter 6 note while adding a verified source anchor for Preparation, Separation, and Purification of Soluble Salts.","6.3 Preparation, Separation, and Purification of Soluble Salts","ms79z8w2gr1evs4zcdd8nchs958bte37","1787579292372","5475",
"chemistry-10","06-salts","Salts","6-4-soluble-and-insoluble-salts","6.4 Soluble and Insoluble Salts","1785844799159.9792","kx7daz5msstqk1gscx8nthf5bn8bvxg8","1785844799160","1787579292372","6-4-soluble-and-insoluble-salts",,"published","Preserve the canonical Chemistry 10 Chapter 6 note while adding a verified source anchor for Soluble and Insoluble Salts.","6.4 Soluble and Insoluble Salts","ms7adnvheyese6s85v864ddkh58bvbmm","1788251608730","2262",
"chemistry-10","07-nitrogen-sulphur-and-metals","Nitrogen, Sulphur And Metals","7-1-photochemical-smog","7.1 Photochemical Smog","1785844799159.9817","kx7f0nb467sxe4976tzb7rvjsh8bv7g2","1785844799160","1787579292372","7-1-photochemical-smog",,"published","Preserve the canonical Chemistry 10 Chapter 7 note while adding a verified source anchor for Photochemical Smog.","7.1 Photochemical Smog","ms77d2ha1e1c3m6avcyaegg6ds8bv1sq","1787579292372","3812",
"chemistry-10","07-nitrogen-sulphur-and-metals","Nitrogen, Sulphur And Metals","7-2-acid-rain","7.2 Acid Rain","1785844799159.9836","kx733vk1qc6z4nw6eserdw18hd8bt3fp","1785844799160","1787579292372","7-2-acid-rain",,"published","Preserve the canonical Chemistry 10 Chapter 7 note while adding a verified source anchor for Acid Rain.","7.2 Acid Rain","ms7ahvfp4vt9898v2bvf2kmkb18bvb7q","1787579292372","3136",
"chemistry-10","07-nitrogen-sulphur-and-metals","Nitrogen, Sulphur And Metals","7-3-contact-process","7.3 Contact Process","1785844799159.9856","kx7erqh28fp9t6mxdhdvm84p058bt8ea","1785844799160","1787579292372","7-3-contact-process",,"published","Preserve the canonical Chemistry 10 Chapter 7 note while adding a verified source anchor for Contact Process.","7.3 Contact Process","ms76apea6avs9hzgvx9tp4g5558bvpn2","1787579292372","2954",
"chemistry-10","07-nitrogen-sulphur-and-metals","Nitrogen, Sulphur And Metals","7-4-haber-process","7.4 Haber Process:","1785844799159.9868","kx75b4mncdg81xf0r041ka9dz58btfqg","1785844799160","1787579292372","7-4-haber-process",,"published","Preserve the canonical Chemistry 10 Chapter 7 note while adding a verified source anchor for Haber Process.","7.4 Haber Process:","ms70av9hqp3djnc1ycxrgb5ab58btywv","1787579292372","1889",
"chemistry-10","07-nitrogen-sulphur-and-metals","Nitrogen, Sulphur And Metals","7-5-oxides","7.5 Oxides","1785844805573.732","kx79dyeba0p0bbsjkyze1cws9d8bv2q7","1785844805573","1787579292372","7-5-oxides",,"published","Preserve the canonical Chemistry 10 Chapter 7 note while adding a verified source anchor for Oxides.","7.5 Oxides","ms7e3tkn76rj8w9zxpx1tep1zh8bveg7","1787579292372","3158",
"chemistry-10","07-nitrogen-sulphur-and-metals","Nitrogen, Sulphur And Metals","7-6-general-characteristics-of-metals","7.6 General Characteristics of Metals","1785844805573.7332","kx7fzhf8y5bf28fb150pj5nr158btx7z","1785844805573","1787579292372","7-6-general-characteristics-of-metals",,"published","Preserve the canonical Chemistry 10 Chapter 7 note while adding a verified source anchor for General Characteristics of Metals.","7.6 General Characteristics of Metals","ms7300p95e4ke34e4ndf0zvhx98bvjqw","1788251622223","8439",
"chemistry-10","08-organic-chemistry","Organic Chemistry","8-1-structural-formula","8.1 Structural Formula","1785844805573.7407","kx71j4nsm92d4sndm5xhgtsh8h8bvfcj","1785844805573","1787579292372","8-1-structural-formula",,"published","Preserve the canonical Chemistry 10 Chapter 8 note while adding a verified source anchor for Structural Formula.","8.1 Structural Formula","ms7bhbbgnjzc2z43g44adxpqn98bv9n8","1787579292372","10483",
"chemistry-10","08-organic-chemistry","Organic Chemistry","8-2-naming-organic-compounds","8.2 Naming Organic Compounds","1785844805573.745","kx7ddg9js6cy2s1gdjhw3xrwgn8bt0qn","1785844805573","1787579292372","8-2-naming-organic-compounds",,"published","Preserve the canonical Chemistry 10 Chapter 8 note while adding a verified source anchor for Naming Organic Compounds.","8.2 Naming Organic Compounds","ms74m4yxrhpc65qg958qkw79318bte5c","1787579292372","7478",
"chemistry-10","08-organic-chemistry","Organic Chemistry","8-3-esters","8.3 Esters","1785844805573.7476","kx7bbjjn7zsbd8vs04jwxv7gk98btewa","1785844805573","1787579292372","8-3-esters",,"published","Preserve the canonical Chemistry 10 Chapter 8 note while adding a verified source anchor for Esters.","8.3 Esters","ms7byffypjmgn1tkn10zwms33s8bvdyd","1788251608893","2456",
"chemistry-10","09-hydrocarbons","Hydrocarbons","9-1-saturated-and-unsaturated-hydrocarbons","9.1 Saturated and Unsaturated Hydrocarbons","1785844805573.7493","kx7b1r9v0813cfr59wtcfe07098btkwh","1785844805573","1787579292372","9-1-saturated-and-unsaturated-hydrocarbons",,"published","Preserve the canonical Chemistry 10 Chapter 9 note while adding a verified source anchor for Saturated and Unsaturated Hydrocarbons.","9.1 Saturated and Unsaturated Hydrocarbons","ms7eg8fspe7xjdjws7ybyhxdq58bvrd2","1787579292372","2169",
"chemistry-10","09-hydrocarbons","Hydrocarbons","9-2-alkenes","9.2 Alkenes","1785844812579.1416","kx7aa00ajrc16pen5qqn1bmzq98bt2zw","1785844812579","1787579292372","9-2-alkenes",,"published","Preserve the canonical Chemistry 10 Chapter 9 note while adding a verified source anchor for Alkenes.","9.2 Alkenes","ms7fw6qf7sne96q9ffttf8nkf18bvyx1","1787579292372","7984",
"chemistry-10","09-hydrocarbons","Hydrocarbons","9-3-alkyne","9.3 Alkyne","1785844812579.1462","kx7631n8r7vwmcvp5dmf64wtnx8bv5nw","1785844812579","1787579292372","9-3-alkyne",,"published","Preserve the canonical Chemistry 10 Chapter 9 note while adding a verified source anchor for Alkyne.","9.3 Alkyne","ms756z7q180hwnpg94j8mj2dzh8bv7p1","1787579292372","1609",
"chemistry-10","09-hydrocarbons","Hydrocarbons","9-4-distinguishing-saturated-and-unsaturated-hydrocarbons","9.4 Distinguishing Saturated and Unsaturated Hydrocarbons","1785844812579.147","kx7e8fw6gtnaf8v185mqxd5ds18bvks3","1785844812579","1787579292372","9-4-distinguishing-saturated-and-unsaturated-hydrocarbons",,"published","Preserve the canonical Chemistry 10 Chapter 9 note while adding a verified source anchor for Distinguishing Saturated and Unsaturated Hydrocarbons.","9.4 Distinguishing Saturated and Unsaturated Hydrocarbons","ms7dxvpfm2c2pbc798z08c0ds18bth4b","1787579292372","4996",
"chemistry-10","09-hydrocarbons","Hydrocarbons","9-5-fossils-fuels","9.5 Fossils Fuels","1785844812579.1497","kx74j2qa2xf85pj31jpvs07jm58bvmv1","1785844812579","1787579292372","9-5-fossils-fuels",,"published","Preserve the canonical Chemistry 10 Chapter 9 note while adding a verified source anchor for Fossils Fuels.","9.5 Fossils Fuels","ms70v80cqaxbmn8bxnts4br1j18bvz4j","1787579292372","1768",
"chemistry-10","09-hydrocarbons","Hydrocarbons","9-6-separating-crude-oil","9.6 Separating Crude Oil","1785844812579.151","kx7d68qwr46w596aaj7z8zaa8x8bvkmz","1785844812579","1787579292372","9-6-separating-crude-oil",,"published","Preserve the canonical Chemistry 10 Chapter 9 note while adding a verified source anchor for Separating Crude Oil.","9.6 Separating Crude Oil","ms7fe65j8fww4cj2576ys3brxh8bt1ta","1788251609043","3911",
"chemistry-10","10-hydroxy-compounds","Hydroxy Compounds","10-1-manufacture-of-ethanol","10.1 Manufacture of Ethanol","1785844812579.1533","kx763c45kjnxyq9zmtbmkvgz1h8bvw8a","1785844812579","1787579292372","10-1-manufacture-of-ethanol",,"published","Preserve the canonical Chemistry 10 Chapter 10 note while adding a verified source anchor for Manufacture of Ethanol.","10.1 Manufacture of Ethanol","ms799zkdtmrdhh2f9pg2paxb9x8btbah","1787579292372","3224",
"chemistry-10","10-hydroxy-compounds","Hydroxy Compounds","10-2-combustion-of-alcohols","10.2 Combustion of Alcohols","1785844818565.7407","kx76jk97phc4draxdms8prkknh8bt4g5","1785844818565","1787579292372","10-2-combustion-of-alcohols",,"published","Preserve the canonical Chemistry 10 Chapter 10 note while adding a verified source anchor for Combustion of Alcohols.","10.2 Combustion of Alcohols","ms7f2hdp6n9dk4zj91ztrnqvhh8bt8k1","1787579292372","1896",
"chemistry-10","10-hydroxy-compounds","Hydroxy Compounds","10-3-role-of-alcohols-in-the-pharmaceutical-industry","10.3 Role of Alcohols in the Pharmaceutical Industry","1785844818565.7415","kx77t935q47yxw72b47jtc3s1h8bvmg7","1785844818565","1787579292372","10-3-role-of-alcohols-in-the-pharmaceutical-industry",,"published","Preserve the canonical Chemistry 10 Chapter 10 note while adding a verified source anchor for Role of Alcohols in the Pharmaceutical Industry.","10.3 Role of Alcohols in the Pharmaceutical Industry","ms72p386pp536be7eqrr62597d8btyk7","1787579292372","1192",
"chemistry-10","10-hydroxy-compounds","Hydroxy Compounds","10-4-role-of-alcohols-in-the-cosmetic-industry","10.4 Role of Alcohols in the Cosmetic Industry","1785844818565.742","kx7acrfrpa7v1a8zc8hpfr71ks8bvzc4","1785844818565","1787579292372","10-4-role-of-alcohols-in-the-cosmetic-industry",,"published","Preserve the canonical Chemistry 10 Chapter 10 note while adding a verified source anchor for Role of Alcohols in the Cosmetic Industry.","10.4 Role of Alcohols in the Cosmetic Industry","ms7az6t70m8tny9twn0j3f3h9s8bthtc","1787579292372","389",
"chemistry-10","10-hydroxy-compounds","Hydroxy Compounds","10-5-impact-of-alcohols-on-everyday-life-public-health","10.5 Impact of Alcohols on Everyday Life Public Health","1785844818565.7424","kx7ajvnnj283drbhx454zx02xd8bv4dv","1785844818565","1787579292372","10-5-impact-of-alcohols-on-everyday-life-public-health",,"published","Preserve the canonical Chemistry 10 Chapter 10 note while adding a verified source anchor for Impact of Alcohols on Everyday Life Public Health.","10.5 Impact of Alcohols on Everyday Life Public Health","ms733nqeqrw69dmrhksq1hsqyn8bv00y","1788251622585","1808",
"chemistry-10","11-carboxylic-compounds","Carboxylic Compounds","11-1-formation-of-ethanoic-acid","11.1 Formation of Ethanoic Acid","1785844818565.7444","kx74cydw3ds12r0dw9ndq9t3k18btaae","1785844818565","1787579292372","11-1-formation-of-ethanoic-acid",,"published","Preserve the canonical Chemistry 10 Chapter 11 note while adding a verified source anchor for Formation of Ethanoic Acid.","11.1 Formation of Ethanoic Acid","ms728nttwhkcmk65m8832a7dsn8bvg7m","1787579292372","2761",
"chemistry-10","11-carboxylic-compounds","Carboxylic Compounds","11-2-reactions-of-carboxylic-acids","11.2 Reactions of Carboxylic Acids","1785844818565.7454","kx72hha64h69rgwgp98ycjken18btndb","1785844818565","1787579292372","11-2-reactions-of-carboxylic-acids",,"published","Preserve the canonical Chemistry 10 Chapter 11 note while adding a verified source anchor for Reactions of Carboxylic Acids.","11.2 Reactions of Carboxylic Acids","ms7ctfhrqhjvn4jswc2cwpa9d58bvjqr","1787579292372","6553",
"chemistry-10","11-carboxylic-compounds","Carboxylic Compounds","11-3-industrial-applications-of-carboxylic-acids-and-esters","11.3 Industrial Applications of Carboxylic Acids and Esters","1785844824616.728","kx755t0rj1gnvpnkyr4e00269h8bv5wf","1785844824616","1787579292372","11-3-industrial-applications-of-carboxylic-acids-and-esters",,"published","Preserve the canonical Chemistry 10 Chapter 11 note while adding a verified source anchor for Industrial Applications of Carboxylic Acids and Esters.","11.3 Industrial Applications of Carboxylic Acids and Esters","ms75vnad9xb6r0df7xj6rcg54h8bvate","1787579292372","2274",
"chemistry-10","11-carboxylic-compounds","Carboxylic Compounds","11-4-everyday-uses-of-carboxylic-acids","11.4 Everyday Uses of Carboxylic Acids","1785844824616.7285","kx71f1ccdjaatcb6effwvr6qsh8bt24p","1785844824616","1787579292372","11-4-everyday-uses-of-carboxylic-acids",,"published","Preserve the canonical Chemistry 10 Chapter 11 note while adding a verified source anchor for Everyday Uses of Carboxylic Acids.","11.4 Everyday Uses of Carboxylic Acids","ms71fmjbqs69sskeadrcsxk4bx8btxxy","1787579292372","405",
"chemistry-10","11-carboxylic-compounds","Carboxylic Compounds","11-5-everyday-uses-of-esters","11.5 Everyday Uses of Esters","1785844824616.729","kx7cz39jrrxvbq4hadxjggrkvs8bvn8c","1785844824616","1787579292372","11-5-everyday-uses-of-esters",,"published","Preserve the canonical Chemistry 10 Chapter 11 note while adding a verified source anchor for Everyday Uses of Esters.","11.5 Everyday Uses of Esters","ms7b7grvanm952hjfptxznxs6h8btwnk","1788251622722","1033",
"chemistry-10","12-polymers","Polymers","12-1-polymers","12.1 Polymers","1785844824616.7312","kx7f726njvfp8ngjh4ejnb2y2s8btyr8","1785844824616","1787579292372","12-1-polymers",,"published","Preserve the canonical Chemistry 10 Chapter 12 note while adding a verified source anchor for Polymers.","12.1 Polymers","ms7bmdayh79bg1v6k2ybxna7598bt9p2","1787579292372","6601",
"chemistry-10","12-polymers","Polymers","12-2-plastics","12.2 Plastics","1785844824616.733","kx753pa2hrdcjqph1j0yhez7xn8bt2mk","1785844824616","1787579292372","12-2-plastics",,"published","Preserve the canonical Chemistry 10 Chapter 12 note while adding a verified source anchor for Plastics.","12.2 Plastics","ms70nj7j11yzk84gxx67zrx5hs8btgt5","1787579292372","2358",
"chemistry-10","12-polymers","Polymers","12-3-importance-of-polymers-in-the-textile-industry","12.3 Importance of Polymers in the Textile Industry","1785844824616.7349","kx71zweyds71mehvg6kpe4fb7h8bvyjq","1785844824616","1787579292372","12-3-importance-of-polymers-in-the-textile-industry",,"published","Preserve the canonical Chemistry 10 Chapter 12 note while adding a verified source anchor for Importance of Polymers in the Textile Industry.","12.3 Importance of Polymers in the Textile Industry","ms700mr3rzzx9zqs6ce6syyf298btztk","1787579292372","1347",
"chemistry-10","12-polymers","Polymers","12-4-properties-of-plastics-and-their-implications-for-disposal","12.4 Properties of Plastics and Their Implications for Disposal","1785844831628.2627","kx780w26mr2q14kqxbvd4mz05n8btsgp","1785844831628","1787579292372","12-4-properties-of-plastics-and-their-implications-for-disposal",,"published","Preserve the canonical Chemistry 10 Chapter 12 note while adding a verified source anchor for Properties of Plastics and Their Implications for Disposal.","12.4 Properties of Plastics and Their Implications for Disposal","ms7ekmnxm9vg552rwyfrj46gts8bth88","1787579292372","1674",
"chemistry-10","12-polymers","Polymers","12-41-environmental-challenges-caused-by-plastics","12.41 Environmental Challenges Caused by Plastics","1785844831628.2642","kx7f53qbth0x6wvagggy7ef8118btpyc","1785844831628","1787579292372","12-41-environmental-challenges-caused-by-plastics",,"published","Preserve the canonical Chemistry 10 Chapter 12 note while adding a verified source anchor for Environmental Challenges Caused by Plastics.","12.41 Environmental Challenges Caused by Plastics","ms7ae0jv0tvf8jx97b44r96ckn8bv15v","1788251622916","3855",
"chemistry-10","13-biochemistry","Biochemistry","13-1-proteins","13.1 Proteins","1785844831628.2666","kx714g9345zrkbma66w6bw40nh8btety","1785844831628","1787579292372","13-1-proteins",,"published","Preserve canonical Chemistry 10 Chapter 13 13.1 Proteins note content; no ungrounded rewrite.","13.1 Proteins","ms726gespq49scn0x8dk8s58wd8bvmbf","1787579292372","3532",
"chemistry-10","13-biochemistry","Biochemistry","13-2-carbohydrates","13.2 Carbohydrates","1785844831628.268","kx78y2sddhh474jf4gv84da9zd8bt27r","1785844831628","1787579292372","13-2-carbohydrates",,"published","Preserve canonical Chemistry 10 Chapter 13 13.2 Carbohydrates note content; no ungrounded rewrite.","13.2 Carbohydrates","ms78ss0513mc9akfhpbjd4hcy98btfd5","1787579292372","1009",
"chemistry-10","13-biochemistry","Biochemistry","13-3-lipids","13.3 Lipids","1785844831628.2686","kx781cyswkb2tdyzcm0gpd778n8bvn3w","1785844831628","1787579292372","13-3-lipids",,"published","Preserve canonical Chemistry 10 Chapter 13 13.3 Lipids note content; no ungrounded rewrite.","13.3 Lipids","ms71srd1y1ra7trzn5jmq92s558btawa","1787579292372","2677",
"chemistry-10","13-biochemistry","Biochemistry","13-4-nucleic-acid","13.4 Nucleic Acid","1785844831628.2693","kx7csffz3dnhpw5baxf47pcep18btkee","1785844831628","1787579292372","13-4-nucleic-acid",,"published","Preserve canonical Chemistry 10 Chapter 13 13.4 Nucleic Acid note content; no ungrounded rewrite.","13.4 Nucleic Acid","ms7332drs6t53n4rs0dndcssq98bv35g","1787579292372","975",
"chemistry-10","13-biochemistry","Biochemistry","13-5-vitamins-sources-and-their-importance-to-health","13.5 Vitamins- Sources and Their Importance to Health","1785844838526.2966","kx7f2r394htynd6cap9g7m5a8h8btr7w","1785844838526","1787579292372","13-5-vitamins-sources-and-their-importance-to-health",,"published","Preserve canonical Chemistry 10 Chapter 13 13.5 Vitamins- Sources and Their Importance to Health note content; no ungrounded rewrite.","13.5 Vitamins- Sources and Their Importance to Health","ms77d65d0gazyvy47rdxa1zm218btg12","1787579292372","3957",
"chemistry-10","13-biochemistry","Biochemistry","13-6-applications-of-biochemistry","13.6 Applications of Biochemistry","1785844838526.299","kx7952rbycz7snjjbtx3fggg7d8btmvm","1785844838526","1787579292372","13-6-applications-of-biochemistry",,"published","Preserve canonical Chemistry 10 Chapter 13 13.6 Applications of Biochemistry note content; no ungrounded rewrite.","13.6 Applications of Biochemistry","ms70y9ts9sc0vbjn0qqc1r2j358bth6s","1787579292372","2017",
"chemistry-10","13-biochemistry","Biochemistry","13-7-genetics","13.7 Genetics","1785844838526.3005","kx74krj761kjxjeey43ebeae198bvde2","1785844838526","1787579292372","13-7-genetics",,"published","Preserve canonical Chemistry 10 Chapter 13 13.7 Genetics note content; no ungrounded rewrite.","13.7 Genetics","ms7b8dmtzxjmg5deaa0j1j1b3n8bvxw6","1788251623053","5380",
"computer-10","01-computer-systems","Computer Systems","1-1-machine-level-representation-of-data","1.1 Machine Level Representation of Data","1785845632545.5425","kx7e30rf120s5v73p36a4gcmrx8bt4fz","1785845632545","1787579297264","1-1-machine-level-representation-of-data","{""blockIndex"":8,""chapterNumber"":1,""subjectSlug"":""computer-10""}","published",,"1.1 Machine Level Representation of Data","ms7fa8zxs45wjagbmxewcx9wwx8btjh2","1789174807447","2757",
"computer-10","01-computer-systems","Computer Systems","1-2-numbering-systems","1.2 Numbering Systems","1785845632545.5437","kx70jrbjzsz9zsqc370cnhwcah8bt3fj","1785845632545","1787579297264","1-2-numbering-systems","{""blockIndex"":15,""chapterNumber"":1,""subjectSlug"":""computer-10""}","published",,"1.2 Numbering Systems","ms720rhk83kdy81dckyzypv2zh8bt8bs","1788616153453","27146",
"computer-10","01-computer-systems","Computer Systems","1-3-common-coding-schemes-ascii-and-unicode","1.3 Common Coding Schemes (Ascii and Unicode)","1785845632545.5588","kx71wkpexv2x6dzb83mf5dvr158btbpd","1785845632545","1787579297264","1-3-common-coding-schemes-ascii-and-unicode","{""blockIndex"":201,""chapterNumber"":1,""subjectSlug"":""computer-10""}","published",,"1.3 Common Coding Schemes (Ascii and Unicode)","ms77007rebd7b20me7xgevfjeh8bt358","1787579297264","4664",
"computer-10","01-computer-systems","Computer Systems","1-4-operating-system","1.4 Operating System","1785845632545.5603","kx733atgvt2br02xn699e5nf218btj17","1785845632545","1787579297264","1-4-operating-system","{""blockIndex"":213,""chapterNumber"":1,""subjectSlug"":""computer-10""}","published",,"1.4 Operating System","ms70jqjj5vbew0dffsxym62qnh8btphf","1789174171459","19762",
"computer-10","01-computer-systems","Computer Systems","1-5-computer-software","1.5 Computer Software","1785845632545.5693","kx7ass9nrs0a8rwanx3e8bkr1s8bvs26","1785845632545","1787579297264","1-5-computer-software","{""blockIndex"":307,""chapterNumber"":1,""subjectSlug"":""computer-10""}","published",,"1.5 Computer Software","ms76c7q7yfenwrkvfav45r5jr58btf50","1789174827186","20633",
"computer-10","02-computational-thinking-algorithms","Computational Thinking & Algorithms","2-1-computing-problems","2.1 Computing Problems","1785845632545.579","kx73fvyjg2kzw79y9crw22z7cn8bt1kb","1785845632545","1787579297264","2-1-computing-problems","{""blockIndex"":10,""chapterNumber"":2,""subjectSlug"":""computer-10""}","published",,"2.1 Computing Problems","ms7e4yaav4z9aw43pkgjz4b4d98btt2d","1789174836702","2411",
"computer-10","02-computational-thinking-algorithms","Computational Thinking & Algorithms","2-2-basics-of-counting-problems","2.2 Basics of Counting Problems","1785845636944.0317","kx744tp81dcdd3n72en07qhe898bvtkf","1785845636944","1787579297264","2-2-basics-of-counting-problems","{""blockIndex"":25,""chapterNumber"":2,""subjectSlug"":""computer-10""}","published",,"2.2 Basics of Counting Problems","ms7agvefaenvqgnhpd1k4b81fn8bvs3j","1788616153360","409",
"computer-10","02-computational-thinking-algorithms","Computational Thinking & Algorithms","2-3-basic-counting-principles","2.3 Basic Counting Principles","1785845636944.0322","kx7ahd4zqvfvrpd9myh0jt2q918bva98","1785845636944","1787579297264","2-3-basic-counting-principles","{""blockIndex"":29,""chapterNumber"":2,""subjectSlug"":""computer-10""}","published",,"2.3 Basic Counting Principles","ms78s3pvd5387xfjfp691t718x8bve4j","1789174862673","6294",
"computer-10","02-computational-thinking-algorithms","Computational Thinking & Algorithms","2-4-algorithms-and-their-characteristics","2.4 Algorithms and Their Characteristics","1785845636944.0347","kx7b4e6rqaecd6yf4amfp06gk58btw0z","1785845636944","1787579297264","2-4-algorithms-and-their-characteristics","{""blockIndex"":61,""chapterNumber"":2,""subjectSlug"":""computer-10""}","published",,"2.4 Algorithms and Their Characteristics","ms795enyh9k8sm9ffz71bkpcyn8bty3d","1789174894267","2829",
"computer-10","02-computational-thinking-algorithms","Computational Thinking & Algorithms","2-5-logical-reasoning","2.5 Logical Reasoning","1785845636944.036","kx75v22pqpmt72kv1pxc0kyp9x8btfj0","1785845636944","1787579297264","2-5-logical-reasoning","{""blockIndex"":72,""chapterNumber"":2,""subjectSlug"":""computer-10""}","published",,"2.5 Logical Reasoning","ms706vz992pe5999c0b7qdbtcn8bv18k","1789174344861","3684",
"computer-10","02-computational-thinking-algorithms","Computational Thinking & Algorithms","2-6-standard-algorithms","2.6 Standard Algorithms","1785845636944.0374","kx7bc0r7x7ca9xbhdfvr75gby18bvyt9","1785845636944","1787579297264","2-6-standard-algorithms","{""blockIndex"":91,""chapterNumber"":2,""subjectSlug"":""computer-10""}","published",,"2.6 Standard Algorithms","ms7bg5pv8hkvhft65dx7t27hss8bvyr9","1788822654066","1564",
"computer-10","02-computational-thinking-algorithms","Computational Thinking & Algorithms","2-7-steps-in-algorithm-to-solve-computational-problems","2.7 Steps in Algorithm to Solve Computational Problems","1785845636944.0383","kx71eqw7nj40szkqhaqgasy5yn8bt2r4","1785845636944","1787579297264","2-7-steps-in-algorithm-to-solve-computational-problems","{""blockIndex"":103,""chapterNumber"":2,""subjectSlug"":""computer-10""}","published",,"2.7 Steps in Algorithm to Solve Computational Problems","ms7edkab9q6782x78eht7mk3w58bvq8y","1788822654203","1283","n57fswxhycn52zhst97yaz7gw9869h2z"
"computer-10","02-computational-thinking-algorithms","Computational Thinking & Algorithms","2-8-abstraction","2.8 Abstraction","1785845641253.3965","kx753wqyc37dh74dce0364smkx8btsme","1785845641253","1787579297264","2-8-abstraction","{""blockIndex"":108,""chapterNumber"":2,""subjectSlug"":""computer-10""}","published",,"2.8 Abstraction","ms7ajcc0g2m4y1c65bt7ytqxzx8btr2c","1789056589301","2118",
"computer-10","02-computational-thinking-algorithms","Computational Thinking & Algorithms","2-9-creating-generalized-solutions","2.9 Creating Generalized Solutions","1785845641253.3977","kx78gffg2dv6br1ccp5dza13z58btezn","1785845641253","1787579297264","2-9-creating-generalized-solutions","{""blockIndex"":121,""chapterNumber"":2,""subjectSlug"":""computer-10""}","published",,"2.9 Creating Generalized Solutions","ms73qkjdmh2rth624wszes4j7h8btnmz","1788822654351","2451",
"computer-10","02-computational-thinking-algorithms","Computational Thinking & Algorithms","2-10-modular-design","2.10 Modular Design","1785845641253.3997","kx72wk736y6zx5dpcj9yehxmyd8btc4v","1785845641253","1787579297264","2-10-modular-design","{""blockIndex"":137,""chapterNumber"":2,""subjectSlug"":""computer-10""}","published",,"2.10 Modular Design","ms75m8ptb70qey5wexy4wpp9a18bvm41","1788184918354","1651",
"computer-10","02-computational-thinking-algorithms","Computational Thinking & Algorithms","2-11-algorithm-dry-run","2.11 Algorithm Dry Run","1785845641253.4004","kx7000eaz01zztkgwzgasq79y58btgnw","1785845641253","1787579297264","2-11-algorithm-dry-run","{""blockIndex"":144,""chapterNumber"":2,""subjectSlug"":""computer-10""}","published",,"2.11 Algorithm Dry Run","ms74w75ctytk8t5c8fdraq4hns8bta9f","1787579297264","4136",
"computer-10","02-computational-thinking-algorithms","Computational Thinking & Algorithms","2-12-errors","2.12 Errors","1785845641253.4026","kx7dc2vj4bm358857xcz1cjtrx8bv2kf","1785845641253","1787579297264","2-12-errors","{""blockIndex"":165,""chapterNumber"":2,""subjectSlug"":""computer-10""}","published",,"2.12 Errors","ms77p4yv8bxns6t0fbfv6y05rs8btb9q","1788251623671","3128",
"computer-10","03-programming-fundamentals","Programming Fundamentals","3-1-website-development","3.1 Website Development","1790458115368.032","kx79z7anzz77q4126v1r35nsz58f4z1n","1790458115368","1790460911793","website-development",,"published","This topic teaches how websites move from plan to launch, how front-end and back-end divide the work, and how requests, responsive layouts and a store example bring them together.","Website Development","ms7317cdf2x0x4q8hjbx6eqbbd8bv2xr","1790460911793","4227",
"computer-10","03-programming-fundamentals","Programming Fundamentals","3-2-additional-features-of-html-css","3.2 Additional Features of Html / Css","1790458695530.5222","kx78cvebjrajjdkyh5mrr212jd8f5c4a","1790458695530","1790460911793","additional-features-of-htmlcss",,"published","This topic teaches how to collect user input with HTML forms, organize data with HTML tables and CSS styling, and add movement with CSS animations.","Additional Features of HTML/CSS","ms76bk6ky483w2dhcpxjrrvsz58bt7ta","1790460911793","19877",
"computer-10","03-programming-fundamentals","Programming Fundamentals","3-3-advanced-programming-constructs-in-javascript","3.3 Advanced Programming Constructs in Javascript","1790458695998.867","kx73p2e8a48aaxn3ycqpwr565d8f46ye","1790458695998","1790460911793","advanced-programming-constructs-in-javascript",,"published","This topic teaches why JavaScript is needed for dynamic pages and how arrays, loops, functions and bullet lists are used to store data and show it on the page.","Advanced Programming Constructs in JavaScript","ms7c7fvn9bjgznzkmnk9c1mt0d8bth0q","1790460911793","13405",
"computer-10","03-programming-fundamentals","Programming Fundamentals","3-4-complex-algorithms-in-javascript","3.4 Complex Algorithms in Javascript","1790458696387.6807","kx75f8ks2qmnkkpeparw75q6gn8f5ex2","1790458696387","1790460911793","complex-algorithms-in-javascript",,"published","This topic teaches how arrays and lists store ordered values and how a JavaScript program searches a list and reports the result.","Complex Algorithms in JavaScript","ms77gwqt3c0j1cdkzdyah9ddp98bva20","1790460911793","6172",
"computer-10","03-programming-fundamentals","Programming Fundamentals","3-5-advanced-techniques-for-testing-and-debugging","3.5 Advanced Techniques for Testing and Debugging","1790459575920.2046","kx733ygv6hfqdh91t74szcy00d8f44vc","1790459575920","1790460911793","advanced-techniques-for-testing-and-debugging",,"published","This topic teaches unit tests that check functions and single lines early, and debugging with breakpoints and watchpoints to find and fix a wrong loop start.","Advanced techniques for testing and debugging","ms76deewmz54d0tsqcvzezmd498bv9ex","1790460911793","6760",
"computer-10","04-data-and-analysis","Data And Analysis","4-1-data-science","4.1 Data Science","1785846253903.663","kx7e76nmj0qbnneq75z701gy858bvpth","1785846253903","1787579297264","4-1-data-science","{""blockIndex"":2,""chapterNumber"":4,""subjectSlug"":""computer-10""}","published",,"4.1 Data Science","ms77sjgdm1bbd51vxvtxqfybt18bvszm","1787579297264","17802",
"computer-10","04-data-and-analysis","Data And Analysis","4-2-data-visualization","4.2 Data Visualization","1785846258946.144","kx71ht334jze469473afakvkx98bt2ta","1785846258946","1787579297264","4-2-data-visualization","{""blockIndex"":46,""chapterNumber"":4,""subjectSlug"":""computer-10""}","published",,"4.2 Data Visualization","ms7bseaw9s7a2trthjknzw61dd8btgmq","1787579297264","11296",
"computer-10","04-data-and-analysis","Data And Analysis","4-3-stages-of-the-data-science-life-cycle","4.3 Stages of the Data Science Life Cycle","1785846258946.1477","kx7cptb1mmvcsrmevrstpmcvbs8bvb6f","1785846258946","1787579297264","4-3-stages-of-the-data-science-life-cycle","{""blockIndex"":90,""chapterNumber"":4,""subjectSlug"":""computer-10""}","published",,"4.3 Stages of the Data Science Life Cycle","ms71p929daegbdy8t29jhkvk658bt4g3","1788251623799","19522",
"computer-10","05-applications-of-computer-science","Applications Of Computer Science","5-1-internet-of-things-iot","5.1 Internet of Things (Iot)","1785846258946.153","kx79gfrntv4r4hehxwn7py50qd8bv144","1785846258946","1787579297264","5-1-internet-of-things-iot","{""blockIndex"":0,""chapterNumber"":5,""subjectSlug"":""computer-10""}","published",,"5.1 Internet of Things (Iot)","ms71rmbymy34ycez6bxrh668958bvngk","1787579297264","3673",
"computer-10","05-applications-of-computer-science","Applications Of Computer Science","5-2-3-cloud","5.2.3 Cloud","1785846258946.154","kx7cntrmv1dgyeqwpwznq83q6h8bvnv2","1785846258946","1787579297264","5-2-3-cloud","{""blockIndex"":2,""chapterNumber"":5,""subjectSlug"":""computer-10""}","published",,"5.2 . 3 Cloud","ms7dnvkh54ekac3htdqr5zch198bvcm8","1787579297264","1646",
"computer-10","05-applications-of-computer-science","Applications Of Computer Science","5-3-applications-of-iot","5.3 Applications of Iot","1785846258946.1555","kx71k0chyw54g4kbe6yc3vjs4h8bth00","1785846258946","1787579297264","5-3-applications-of-iot","{""blockIndex"":22,""chapterNumber"":5,""subjectSlug"":""computer-10""}","published",,"5.3 Applications of Iot","ms736hvek2ss7s9z5zmtrjk5v58btdwt","1787579297264","5930",
"computer-10","05-applications-of-computer-science","Applications Of Computer Science","5-4-blockchain-technology","5.4 Blockchain Technology","1785846258946.158","kx7amezyaww1j7wkg1ggtsj1p58btz9v","1785846258946","1787579297264","5-4-blockchain-technology","{""blockIndex"":47,""chapterNumber"":5,""subjectSlug"":""computer-10""}","published",,"5.4 Blockchain Technology","ms7ex9ttqz54kegrsqg8nh8zs58bty5a","1787579297264","555",
"computer-10","05-applications-of-computer-science","Applications Of Computer Science","5-5-applications-of-blockchain","5.5 Applications of Blockchain","1785846264026.2222","kx75dxh1ehq8va9mrq5g3dyn1h8bvq50","1785846264026","1787579297264","5-5-applications-of-blockchain","{""blockIndex"":49,""chapterNumber"":5,""subjectSlug"":""computer-10""}","published",,"5.5 Applications of Blockchain","ms70mkzs2sa1gjg6qdhv7435z18bvrth","1787579297264","3707",
"computer-10","05-applications-of-computer-science","Applications Of Computer Science","5-6-cloud-computing","5.6 Cloud Computing","1785846264026.224","kx79cmgfth8fyhnq2tbbb6g2ts8bvs7h","1785846264026","1787579297264","5-6-cloud-computing","{""blockIndex"":63,""chapterNumber"":5,""subjectSlug"":""computer-10""}","published",,"5.6 Cloud Computing","ms7e2e8y6hybs4mepsz53j4b8s8bvrva","1787579297264","5141",
"computer-10","05-applications-of-computer-science","Applications Of Computer Science","5-7-speech-recognition-and-voice-recognition","5.7 Speech Recognition and Voice Recognition","1785846264026.2283","kx78epzjbj8w44z7rwbhd87f2h8bt3pt","1785846264026","1787579297264","5-7-speech-recognition-and-voice-recognition","{""blockIndex"":95,""chapterNumber"":5,""subjectSlug"":""computer-10""}","published",,"5.7 Speech Recognition and Voice Recognition","ms753mctjwsxm338sgh2n6zgq18btc5r","1787579297264","5986",
"computer-10","05-applications-of-computer-science","Applications Of Computer Science","5-8-natural-language-processing","5.8 Natural Language Processing","1785846264026.2312","kx77yn5mybywynhaa56ztm1q6h8bt5f7","1785846264026","1787579297264","5-8-natural-language-processing","{""blockIndex"":126,""chapterNumber"":5,""subjectSlug"":""computer-10""}","published",,"5.8 Natural Language Processing","ms75g5te4b188cjbjv2kh0yzdx8bt1s4","1787579297264","4463",
"computer-10","05-applications-of-computer-science","Applications Of Computer Science","5-9-robotics","5.9 Robotics","1785846264026.233","kx78k026k3dtcg6qvt064eqfvd8btffn","1785846264026","1787579297264","5-9-robotics","{""blockIndex"":141,""chapterNumber"":5,""subjectSlug"":""computer-10""}","published",,"5.9 Robotics","ms7cky0gevk6xf5c836egzbt0h8bvwvw","1787579297264","4700",
"computer-10","05-applications-of-computer-science","Applications Of Computer Science","5-10-bias-and-unethical-use-of-artificial-intelligence","5.10 Bias and Unethical Use of Artificial Intelligence","1785846264026.2349","kx73s9ykx4s05wqwxzh0s1n8xn8bvctj","1785846264026","1787579297264","5-10-bias-and-unethical-use-of-artificial-intelligence","{""blockIndex"":161,""chapterNumber"":5,""subjectSlug"":""computer-10""}","published",,"5.10 Bias and Unethical Use of Artificial Intelligence","ms7c8767cyp66s4tc7nahjmcy58btnhe","1787579297264","2530",
"computer-10","05-applications-of-computer-science","Applications Of Computer Science","5-11-responsibilities-of-ai-system-designers","5.11 Responsibilities of Ai System Designers","1785846270952.017","kx745pedzfk4aza367w4nxdxg58btvpd","1785846270952","1787579297264","5-11-responsibilities-of-ai-system-designers","{""blockIndex"":165,""chapterNumber"":5,""subjectSlug"":""computer-10""}","published",,"5.11 Responsibilities of Ai System Designers","ms79t8syh7qtm6hsc3c2ba0yj18bt9sa","1788251609673","3285",
"computer-10","06-impacts-of-computing","Impacts Of Computing","6-1-what-is-technology-addiction","6.1 What Is Technology Addiction","1785846270952.02","kx74k3effyjbmxzkt3prthnqks8bvjwd","1785846270952","1787579297264","6-1-what-is-technology-addiction","{""blockIndex"":7,""chapterNumber"":6,""subjectSlug"":""computer-10""}","published",,"6.1 What Is Technology Addiction","ms74sezrfqhmt0t3f6964zpfwd8bv45e","1787579297264","5453",
"computer-10","06-impacts-of-computing","Impacts Of Computing","6-2-internet","6.2 Internet","1785846270952.0237","kx76ehsrj2wkvqh7gq6cnre7798btt5f","1785846270952","1787579297264","6-2-internet","{""blockIndex"":35,""chapterNumber"":6,""subjectSlug"":""computer-10""}","published",,"6.2 Internet","ms7b2cgrn48ncn4w9kfknpsbsd8btcm5","1787579297264","6656",
"computer-10","06-impacts-of-computing","Impacts Of Computing","6-3-the-effects-of-threats-to-individual-privacy-and-security","6.3 The Effects of Threats to Individual Privacy and Security","1785846270952.0283","kx7579drk77zn8yrr0pnzdpe698bv2d2","1785846270952","1787579297264","6-3-the-effects-of-threats-to-individual-privacy-and-security","{""blockIndex"":72,""chapterNumber"":6,""subjectSlug"":""computer-10""}","published",,"6.3 The Effects of Threats to Individual Privacy and Security","ms74zm5gxe39t766td4kp5hfvs8btenr","1787579297264","2031",
"computer-10","06-impacts-of-computing","Impacts Of Computing","6-4-cloud-computing","6.4 Cloud Computing","1785846270952.0295","kx79m91921k2f5ee3ar2ztt9xx8bvzaa","1785846270952","1787579297264","6-4-cloud-computing","{""blockIndex"":82,""chapterNumber"":6,""subjectSlug"":""computer-10""}","published",,"6.4 Cloud Computing","ms799sx699wd5vxaqa359dpch58bvvmq","1787579297264","3699",
"computer-10","06-impacts-of-computing","Impacts Of Computing","6-5-hardware-and-software-method-to-protect-devices","6.5 Hardware and Software Method to Protect Devices","1785846270952.0317","kx7fmsfbjp35xpw2g6eaq60d1x8bv5p8","1785846270952","1787579297264","6-5-hardware-and-software-method-to-protect-devices","{""blockIndex"":104,""chapterNumber"":6,""subjectSlug"":""computer-10""}","published",,"6.5 Hardware and Software Method to Protect Devices","ms75yetmqrq198qq76418q63es8bvwgk","1787579297264","3630",
"computer-10","06-impacts-of-computing","Impacts Of Computing","6-6-cybersecurity","6.6 Cybersecurity","1785846275648.6626","kx75dnq7v1y9md3n65rhvjyp6h8bte08","1785846275648","1787579297264","6-6-cybersecurity","{""blockIndex"":128,""chapterNumber"":6,""subjectSlug"":""computer-10""}","published",,"6.6 Cybersecurity","ms70hzawwwtwyp25w8davscy218bt9m0","1787579297264","5230",
"computer-10","06-impacts-of-computing","Impacts Of Computing","6-7-safety-and-security-concept","6.7 Safety and Security Concept","1785846275648.6653","kx780z9bp44gakaw50qjcsy6x98bt7ma","1785846275648","1787579297264","6-7-safety-and-security-concept","{""blockIndex"":150,""chapterNumber"":6,""subjectSlug"":""computer-10""}","published",,"6.7 Safety and Security Concept","ms78a7vtsndykg1pteqzqbn5ws8bvq09","1787579297264","1886",
"computer-10","06-impacts-of-computing","Impacts Of Computing","6-8-cyberbullying","6.8 Cyberbullying","1785846275648.6665","kx74hvq61ex6297ff052p5ezs18bve25","1785846275648","1787579297264","6-8-cyberbullying","{""blockIndex"":159,""chapterNumber"":6,""subjectSlug"":""computer-10""}","published",,"6.8 Cyberbullying","ms79ftejmr3qx3v8b70msxvew98bt8hw","1787579297264","3098",
"computer-10","06-impacts-of-computing","Impacts Of Computing","6-9-the-environmental-cultural-and-human-impact-of-computing-and-assistive-technologies","6.9 The Environmental, Cultural and Human Impact of Computing and Assistive Technologies","1785846275648.67","kx791mm8bnhzmqf8dvwp1zx3pd8bvzvv","1785846275648","1787579297264","6-9-the-environmental-cultural-and-human-impact-of-computing-and-assistive-technologies","{""blockIndex"":186,""chapterNumber"":6,""subjectSlug"":""computer-10""}","published",,"6.9 The Environmental, Cultural and Human Impact of Computing and Assistive Technologies","ms725qnw1aw5z4d8x9ykmmcrsn8btvpx","1787579297264","2173",
"computer-10","06-impacts-of-computing","Impacts Of Computing","6-10-digital-divide","6.10 Digital Divide","1785846275648.6711","kx72w023eyj7bqs9wb3xvxt76x8bvzkf","1785846275648","1787579297264","6-10-digital-divide","{""blockIndex"":196,""chapterNumber"":6,""subjectSlug"":""computer-10""}","published",,"6.10 Digital Divide","ms7edr852t5jcvqcngz74c91zs8bv6gs","1787579297264","2054",
"computer-10","06-impacts-of-computing","Impacts Of Computing","6-11-inequitable-access-to-information","6.11 Inequitable Access to Information","1785846275648.6733","kx77cn6q2e4n5ht3t2qsk204e98bvady","1785846275648","1787579297264","6-11-inequitable-access-to-information","{""blockIndex"":210,""chapterNumber"":6,""subjectSlug"":""computer-10""}","published",,"6.11 Inequitable Access to Information","ms75sht24ny0qw3zzvz3mmwszs8bv8br","1788251623938","5208",
"computer-10","07-digital-literacy","Digital Literacy","7-1-information-collection","7.1 Information Collection","1785846280968.716","kx7e86wvp1q5r0425n9v70hv2x8bv5t0","1785846280968","1787579297264","7-1-information-collection","{""blockIndex"":84,""chapterNumber"":7,""subjectSlug"":""computer-10""}","published",,"7.1 Information Collection","ms798tmygrj1f2pajephaen03d8bvz0e","1788251624072","40003",
"computer-10","08-entrepreneurship-in-digital-age","Entrepreneurship In Digital Age","8-1-qualitative-vs-quantitative-research-differences-examples-methods","8.1 Qualitative vs. Quantitative Research | Differences, Examples & Methods","1785846280968.7246","kx76snfbks4vx1kzvcg311qfgs8bvxq1","1785846280968","1787579297264","8-1-qualitative-vs-quantitative-research-differences-examples-methods","{""blockIndex"":6,""chapterNumber"":8,""subjectSlug"":""computer-10""}","published","Preserve canonical Computer 10 Chapter 8 note content; verified corpus heading anchor at block 6.","8.1 Qualitative vs. Quantitative Research | Differences, Examples & Methods","ms73pm0xf125pr6kj6jvq1ah7h8bvxm7","1787579297264","1876",
"computer-10","08-entrepreneurship-in-digital-age","Entrepreneurship In Digital Age","8-2-the-differences-between-quantitative-and-qualitative-research","8.2 The Differences Between Quantitative and Qualitative Research","1785846280968.726","kx78a0kz2pteh47n3xzvwb2fn58bvdp7","1785846280968","1787579297264","8-2-the-differences-between-quantitative-and-qualitative-research",,"published","Preserve canonical Computer 10 Chapter 8 note content; verified corpus heading anchor at block 15.","8.2 The Differences Between Quantitative and Qualitative Research","ms72778jvg112fs1q6k0q1ffh58bv2dr","1787579297264","6904",
"computer-10","08-entrepreneurship-in-digital-age","Entrepreneurship In Digital Age","8-3-questionnaire-design-methods-question-types-examples","8.3 Questionnaire Design | Methods, Question Types & Examples","1785846280968.7292","kx77j0e1njy8gz72kmj87caems8btv59","1785846280968","1787579297264","8-3-questionnaire-design-methods-question-types-examples",,"published","Preserve canonical Computer 10 Chapter 8 note content; verified corpus heading anchor at block 47.","8.3 Questionnaire Design | Methods, Question Types & Examples","ms7abww9hbpyb3nc9mhrxqjyb18btjjp","1787579297264","10564",
"computer-10","08-entrepreneurship-in-digital-age","Entrepreneurship In Digital Age","8-4-what-is-market-validation","8.4 What Is Market Validation?","1785846280968.7332","kx715pn38pkh9gkqdym9yq98258bt3qb","1785846280968","1787579297264","8-4-what-is-market-validation",,"published","Preserve canonical Computer 10 Chapter 8 note content; verified corpus heading anchor at block 93.","8.4 What Is Market Validation?","ms74khrbkh8fyrswtn2cfk10v58btjyt","1787579297264","6330",
"computer-10","08-entrepreneurship-in-digital-age","Entrepreneurship In Digital Age","8-5-how-to-use-research-to-create-customer-profiles","8.5 How to Use Research to Create Customer Profiles","1785846280968.735","kx732rect6c72y4hbcgkzp4a958bv8bn","1785846280968","1787579297264","8-5-how-to-use-research-to-create-customer-profiles",,"published","Preserve canonical Computer 10 Chapter 8 note content; verified corpus heading anchor at block 115.","8.5 How to Use Research to Create Customer Profiles","ms7esab615rmd8ksyq3p638qy18bt2n2","1787579297264","8441",
"computer-10","08-entrepreneurship-in-digital-age","Entrepreneurship In Digital Age","8-6-business-pitching-identifying-problems-and-creating-solutions","8.6 Business Pitching: Identifying Problems and Creating Solutions","1785846286611.3052","kx7d9cv4efjxeqmrb6wm7bs63d8btkvz","1785846286611","1787579297264","8-6-business-pitching-identifying-problems-and-creating-solutions","{""blockIndex"":148,""chapterNumber"":8,""subjectSlug"":""computer-10""}","published","Preserve canonical Computer 10 Chapter 8 note content; verified corpus heading anchor at block 148.","8.6 Business Pitching: Identifying Problems and Creating Solutions","ms75q3hpd46zvcj8xgghz4np7d8btf6x","1788251624232","13072",
"physics-10","10-heat-capacity-and-modes-of-heat-transfer","Heat Capacity and Modes of Heat Transfer","10-1-specific-heat-capacity","10.1 Specific Heat Capacity","1785848471695.0088","kx7ehypcjpzb7e0r678p3gcgkh8bvkmq","1785848471695","1787579302152","10-1-specific-heat-capacity",,"published","Move 1 existing textbook aside(s) into SideActivity components without changing their content.","10.1 Specific Heat Capacity","ms7dhr0b4fgdqxgwfjgcwe1vbd8btv72","1789034329679","18908",
"physics-10","10-heat-capacity-and-modes-of-heat-transfer","Heat Capacity and Modes of Heat Transfer","10-2-transfer-of-heat","10.2 Transfer of Heat","1785848479016.3237","kx7cme4b47d7jh28abbqzqketn8btm3v","1785848479016","1787579302152","10-2-transfer-of-heat","{""blockIndex"":1,""chapterNumber"":10,""subjectSlug"":""physics-10""}","published","P2.8 image-placement repair: relocate three existing figures that split convection prose mid-sentence, preserving every word and each figure.","10.2 Transfer of Heat","ms769yqe1cqnbgdk1v83aj0rh18btjry","1789053500421","20614",
"physics-10","10-heat-capacity-and-modes-of-heat-transfer","Heat Capacity and Modes of Heat Transfer","10-3-applications-of-heat-transfer","10.3 Applications of Heat Transfer","1785848485380.577","kx7ezda6a3mcm1pz4shes6z9j18btmwa","1785848485380","1787579302152","10-3-applications-of-heat-transfer","{""blockIndex"":58,""chapterNumber"":10,""subjectSlug"":""physics-10""}","published","P2.8 image-placement repair: move the room-convection figure from the middle of its sentence to a paragraph boundary after the sentence.","10.3 Applications of Heat Transfer","ms79nsjh2k6hb9a0g35sf175v58bvme2","1789053504635","8004",
"physics-10","10-heat-capacity-and-modes-of-heat-transfer","Heat Capacity and Modes of Heat Transfer","10-4-green-house-effect-and-global-warming","10.4 Green House Effect and Global Warming","1785848492938.9443","kx7bf8397bjpa8gb4jvj7gkcvs8btx8a","1785848492939","1787579302152","10-4-green-house-effect-and-global-warming","{""blockIndex"":75,""chapterNumber"":10,""subjectSlug"":""physics-10""}","published","Move 3 existing textbook aside(s) into SideActivity components without changing their content.","10.4 Green House Effect and Global Warming","ms79pdxjhggfx7h0zf5jesrhh18bvppw","1789034333809","7330",
"physics-10","10-heat-capacity-and-modes-of-heat-transfer","Heat Capacity and Modes of Heat Transfer","10-5-flow-of-heat-in-geothermal-activities","10.5 Flow of Heat in Geothermal Activities","1785848500392.6782","kx76w82kf3s1skttjf6r7yqsj18bvw52","1785848500392","1787579302152","10-5-flow-of-heat-in-geothermal-activities","{""blockIndex"":94,""chapterNumber"":10,""subjectSlug"":""physics-10""}","published","Normalize 4 raw all-caps source heading(s) into student-readable title case.","10.5 Flow of Heat in Geothermal Activities","ms75p4df4f08xe6rqbtcyh5hs58btp7a","1789034334793","10110",
"physics-10","11-thermal-expansion-and-change-of-state","Thermal Expansion and Change of State","11-1-kinetic-theory-of-matter","11.1 Kinetic Theory of Matter","1785848507418.5898","kx758mc18jkeq8t5ch7e9qhkds8bvwqc","1785848507418","1787579302152","11-1-kinetic-theory-of-matter","{""blockIndex"":0,""chapterNumber"":11,""subjectSlug"":""physics-10""}","published","Normalize 1 raw all-caps source heading(s) into student-readable title case.","11.1 Kinetic Theory of Matter","ms76466q4h394xj3zt27srcjcs8bvqhd","1789034334933","6876",
"physics-10","11-thermal-expansion-and-change-of-state","Thermal Expansion and Change of State","11-2-thermal-expansion","11.2 Thermal Expansion","1785848514443.7253","kx7dppats0c18jvpvtyjebpzrd8bvkvm","1785848514443","1787579302152","11-2-thermal-expansion","{""blockIndex"":15,""chapterNumber"":11,""subjectSlug"":""physics-10""}","published","Move 1 existing textbook aside(s) into SideActivity components without changing their content.","11.2 Thermal Expansion","ms7fn3a75b7p2zwfcgdg41qg918bvxms","1789034334005","21227",
"physics-10","11-thermal-expansion-and-change-of-state","Thermal Expansion and Change of State","11-3-evaporation","11.3 Evaporation","1785848521278.0547","kx75n21cvy4yy5szc0n20e0kjn8btfz3","1785848521278","1787579302152","11-3-evaporation","{""blockIndex"":94,""chapterNumber"":11,""subjectSlug"":""physics-10""}","published","Move 1 existing textbook aside(s) into SideActivity components without changing their content.","11.3 Evaporation","ms776mm9f2r55wd879j9y26qz18btxmn","1789034334150","6499",
"physics-10","11-thermal-expansion-and-change-of-state","Thermal Expansion and Change of State","11-4-latent-heat","11.4 Latent Heat","1785848528627.763","kx77fg2b05jyyv8e7ra3envnvh8btz9j","1785848528627","1787579302152","11-4-latent-heat","{""blockIndex"":114,""chapterNumber"":11,""subjectSlug"":""physics-10""}","published","Normalize 4 raw all-caps source heading(s) into student-readable title case.","11.4 Latent Heat","ms74a4rtf1d8sfb10wx68gx3fd8bvxd1","1789034335072","15492",
"physics-10","11-thermal-expansion-and-change-of-state","Thermal Expansion and Change of State","11-5-pressure-exerted-by-gas-particles","11.5 Pressure Exerted by Gas Particles","1785848535911.8977","kx7d1rdp33dyagznp47npgh5kh8bv3sf","1785848535911","1787579302152","11-5-pressure-exerted-by-gas-particles","{""blockIndex"":166,""chapterNumber"":11,""subjectSlug"":""physics-10""}","published","Move 1 existing textbook aside(s) into SideActivity components without changing their content.","11.5 Pressure Exerted by Gas Particles","ms789b16e4b59yajfkym9gdy5d8bvs1x","1789034330015","2825",
"physics-10","11-thermal-expansion-and-change-of-state","Thermal Expansion and Change of State","11-6-superconductivity","11.6 Superconductivity","1785848542869.88","kx796ytxnrb10btpz46kdqnqqx8btkkm","1785848542869","1787579302152","11-6-superconductivity","{""blockIndex"":176,""chapterNumber"":11,""subjectSlug"":""physics-10""}","published","Structure the superconductivity explanation and add accessible captions to its existing figures without changing curriculum claims.","11.6 Superconductivity","ms74p0dff8sfra7mhj8gjpqkzd8btbgp","1789071135646","5638",
"physics-10","12-waves","Waves","12-1-wave-motion","12.1 Wave Motion","1785848549490.1277","kx7bwrh2v1d6xw0bahncmqyvjs8btbsb","1785848549490","1787579302152","12-1-wave-motion","{""blockIndex"":7,""chapterNumber"":12,""subjectSlug"":""physics-10""}","published","Normalize 3 raw all-caps source heading(s) into student-readable title case.","12.1 Wave Motion","ms794p09h3pytnnvbh9kd56xn98btsyy","1789034335197","3052",
"physics-10","12-waves","Waves","12-2-wave-propagation","12.2 Wave Propagation","1785848556061.807","kx78arygb84sy02ngn6g70z2mx8bvtk7","1785848556061","1787579302152","12-2-wave-propagation","{""blockIndex"":23,""chapterNumber"":12,""subjectSlug"":""physics-10""}","published","Normalize 3 raw all-caps source heading(s) into student-readable title case.","12.2 Wave Propagation","ms7a43caqmw1j6s3vzaq652wm58bvfkf","1789034335326","1470",
"physics-10","12-waves","Waves","12-3-characteristic-wave-parameters","12.3 Characteristic Wave Parameters","1785848563731.9177","kx7d5728esxg0ynzmr8xb4yffn8bthb1","1785848563731","1787579302152","12-3-characteristic-wave-parameters","{""blockIndex"":32,""chapterNumber"":12,""subjectSlug"":""physics-10""}","published","Normalize 7 raw all-caps source heading(s) into student-readable title case.","12.3 Characteristic Wave Parameters","ms7078v784r1jem3d0qqcd2aqn8bv7e5","1789034335480","3037",
"physics-10","12-waves","Waves","12-4-waves-and-their-types","12.4 Waves and Their Types","1785848570928.1938","kx74z4q0cw05nhbt0k5afbqe7x8bt2zq","1785848570928","1787579302152","12-4-waves-and-their-types","{""blockIndex"":58,""chapterNumber"":12,""subjectSlug"":""physics-10""}","published",,"12.4 Waves and Their Types","ms705gtg52ft1y4ab4k2exb8a18bvmmz","1787579302152","753",
"physics-10","12-waves","Waves","12-5-types-of-waves-on-the-basis-of-medium","12.5 Types of Waves on the Basis of Medium","1785848578150.7937","kx769mwhdws3xf586mej4c2eex8btvqn","1785848578150","1787579302152","12-5-types-of-waves-on-the-basis-of-medium","{""blockIndex"":63,""chapterNumber"":12,""subjectSlug"":""physics-10""}","published",,"12.5 Types of Waves on the Basis of Medium","ms7fq8cxkfj0rmefm520vek17n8btbvz","1789053526506","958",
"physics-10","12-waves","Waves","12-6-types-of-waves-on-the-basis-of-propagation","12.6 Types of Waves on the Basis of Propagation","1785848586886.4744","kx746tn3yz8vv8dmkrv6rm9r6d8bt80x","1785848586886","1787579302152","12-6-types-of-waves-on-the-basis-of-propagation","{""blockIndex"":65,""chapterNumber"":12,""subjectSlug"":""physics-10""}","published","Move 3 existing textbook aside(s) into SideActivity components without changing their content.","12.6 Types of Waves on the Basis of Propagation","ms72fb5c4xqbxvnbh9at9bvnvx8bvwgp","1789034334275","5362",
"physics-10","12-waves","Waves","12-7-wave-characteristics","12.7 Wave Characteristics","1785848594377.5903","kx7ezyafspcf827vyydanp7a718bvghc","1785848594377","1787579302152","12-7-wave-characteristics","{""blockIndex"":81,""chapterNumber"":12,""subjectSlug"":""physics-10""}","published","Case-normalize 2 raw ALL-CAPS heading(s) copied verbatim from the source corpus (P2.8 retry).","12.7 Wave Characteristics","ms75a7rhqx8g26ky33z3p4hpzd8bvgvs","1788511726096","3388",
"physics-10","12-waves","Waves","12-8-properties-of-waves","12.8 Properties of Waves","1785848601965.954","kx72g9pz2y0whje1n6hqjqja7n8bvetz","1785848601966","1787579302152","12-8-properties-of-waves","{""blockIndex"":113,""chapterNumber"":12,""subjectSlug"":""physics-10""}","published","Normalize 3 raw all-caps source heading(s) into student-readable title case.","12.8 Properties of Waves","ms7224gcrbvwsqq2fkwkdkfsd98btr73","1789034335660","6184",
"physics-10","12-waves","Waves","12-9-tsunamis","12.9 Tsunamis","1785848609509.069","kx79gm91cn90c02z1sfvra3pt18bvdys","1785848609509","1787579302152","12-9-tsunamis","{""blockIndex"":127,""chapterNumber"":12,""subjectSlug"":""physics-10""}","published","Normalize 2 raw all-caps source heading(s) into student-readable title case.","12.9 Tsunamis","ms7f0cfcp7fpv5ky8rp2rmge158bt9p1","1789034335848","3200",
"physics-10","13-sound","Sound","13-1-source-of-sound","13.1 Source of Sound","1785848617558.3804","kx7d3gcg6yc49dbg4ngzk5cq758bte36","1785848617558","1787579302152","13-1-source-of-sound",,"published","Move 1 existing textbook aside(s) into SideActivity components without changing their content.","13.1 Source of Sound","ms78yrx0kzw6jebey6qgqprabn8bt9rv","1789034334420","4302",
"physics-10","13-sound","Sound","13-2-nature-of-sound-waves","13.2 Nature of Sound Waves","1785848624841.0278","kx71na8w1f6pbczazcez2z6b018bt0v3","1785848624841","1787579302152","13-2-nature-of-sound-waves","{""blockIndex"":8,""chapterNumber"":13,""subjectSlug"":""physics-10""}","published","Normalize 3 raw all-caps source heading(s) into student-readable title case.","13.2 Nature of Sound Waves","ms782nj7c0tp1nx262a467d7pn8bt39h","1789034335993","4814",
"physics-10","13-sound","Sound","13-3-ultrasound","13.3 Ultrasound","1785848632013.8645","kx7drt8pymyqcgzmh35n16xvbs8bv2rz","1785848632013","1787579302152","13-3-ultrasound","{""blockIndex"":27,""chapterNumber"":13,""subjectSlug"":""physics-10""}","published","Normalize 2 raw all-caps source heading(s) into student-readable title case.","13.3 Ultrasound","ms7c5xw0cd1p94j5ph9ch9m3658btgyk","1789034336118","3292",
"physics-10","13-sound","Sound","13-4-infrasound","13.4 Infrasound","1785848639057.5066","kx75cdeks7ysye98yq7epg6k698bt49m","1785848639057","1787579302152","13-4-infrasound","{""blockIndex"":50,""chapterNumber"":13,""subjectSlug"":""physics-10""}","published","Normalize 2 raw all-caps source heading(s) into student-readable title case.","13.4 Infrasound","ms7drhkcc27yrcfmzj8jyvp7xs8btvhc","1789034336256","2343",
"physics-10","13-sound","Sound","13-5-characteristics-of-sound-wave","13.5 Characteristics of Sound Wave","1785848646301.025","kx7aktwe8ddk4776z5nb8kytjx8bvhbf","1785848646301","1787579302152","13-5-characteristics-of-sound-wave","{""blockIndex"":57,""chapterNumber"":13,""subjectSlug"":""physics-10""}","published","Normalize 3 raw all-caps source heading(s) into student-readable title case.","13.5 Characteristics of Sound Wave","ms70f0p7rhvmwphtp7ncsae5x98btbbc","1789034336389","4112",
"physics-10","13-sound","Sound","13-6-analyzing-sound-waves","13.6 Analyzing Sound Waves","1785848653172.1763","kx7d6rv7mkmcz7yn9k0dq2bf7s8bv0r9","1785848653172","1787579302152","13-6-analyzing-sound-waves","{""blockIndex"":73,""chapterNumber"":13,""subjectSlug"":""physics-10""}","published","Organize the existing oscilloscope explanation into readable sections and caption its existing pure-tone figure without changing the taught concepts.","13.6 Analyzing Sound Waves","ms7ag5rpaqcrenfqrv7z3zr7g98bvsdb","1789071425118","1867",
"physics-10","13-sound","Sound","13-7-speed-of-sound","13.7 Speed of Sound","1785848662803.641","kx75zjgdxmdnbspmmdgbew0aan8bvm7j","1785848662803","1787579302152","13-7-speed-of-sound","{""blockIndex"":78,""chapterNumber"":13,""subjectSlug"":""physics-10""}","published","Structure the existing speed-of-sound explanation by concept and add accessible captions to its existing figures without changing claims or practice.","13.7 Speed of Sound","ms777js1nn8kztbc8r8szysqf98bv56w","1789071425296","4286",
"physics-10","13-sound","Sound","13-8-noise","13.8 Noise","1785848670678.8655","kx75ryy48w8ckhsrhaephvnmbh8btgdq","1785848670678","1787579302152","13-8-noise","{""blockIndex"":90,""chapterNumber"":13,""subjectSlug"":""physics-10""}","published","Give the existing noise topic a reader-facing structure and accessible captions while correcting the clearly mismatched figure label from the pictured source categories.","13.8 Noise","ms7fyd6ehkewh556dwqgtk65kd8bvh4n","1789071429020","2713",
"physics-10","13-sound","Sound","13-9-reflection-refraction-and-diffraction-of-sound","13.9 Reflection, Refraction and Diffraction of Sound","1785848678371.447","kx72rbdbv7kd92dw0fa00f4pt98btm9k","1785848678371","1787579302152","13-9-reflection-refraction-and-diffraction-of-sound","{""blockIndex"":104,""chapterNumber"":13,""subjectSlug"":""physics-10""}","published","Move 1 existing textbook aside(s) into SideActivity components without changing their content.","13.9 Reflection, Refraction and Diffraction of Sound","ms78tt5w5x1jrrggwx05xrwd4s8bvqbq","1789034334539","2302",
"physics-10","13-sound","Sound","13-10-echo","13.10 Echo","1785848686451.469","kx732xwb0nrgpskvcvhjcgwzg58btra8","1785848686451","1787579302152","13-10-echo","{""blockIndex"":116,""chapterNumber"":13,""subjectSlug"":""physics-10""}","published","Normalize 7 raw all-caps source heading(s) into student-readable title case.","13.10 Echo","ms7860mqkf4yhm9q90yn7vnfmx8bv3aq","1789034336511","8977",
"physics-10","13-sound","Sound","13-12-human-hearing-system","13.12 Human Hearing System","1785848693894.072","kx733wwg0e7nyyryac80r7pf498bvdht","1785848693894","1787579302152","13-12-human-hearing-system","{""blockIndex"":154,""chapterNumber"":13,""subjectSlug"":""physics-10""}","published","Normalize 1 raw all-caps source heading(s) into student-readable title case.","13.12 Human Hearing System","ms7f1jyc52xh1kxvb0d0fzvegn8btw2b","1789034336741","3892",
"physics-10","14-optics","Optics","14-1-reflection-of-light","14.1 Reflection of Light","1785848701259.4385","kx7fwxtm0hvrz5t5zvth4zxz598bt5ke","1785848701259","1787579302152","14-1-reflection-of-light","{""blockIndex"":5,""chapterNumber"":14,""subjectSlug"":""physics-10""}","published","Move 1 existing textbook aside(s) into SideActivity components without changing their content.","14.1 Reflection of Light","ms7a5gd3yv1yavbk08zehczt3d8btxa0","1789034330155","6372",
"physics-10","14-optics","Optics","14-2-refraction-of-light","14.2 Refraction of Light","1785848708664.4578","kx74jbvkc95p8m9yjetmh4kjf58bv4ny","1785848708664","1787579302152","14-2-refraction-of-light","{""blockIndex"":25,""chapterNumber"":14,""subjectSlug"":""physics-10""}","published","Normalize 4 raw all-caps source heading(s) into student-readable title case.","14.2 Refraction of Light","ms7dtwzaax4zrs68d1cg8g7xvd8bvr5q","1789034336880","11167",
"physics-10","14-optics","Optics","14-3-total-internal-reflection","14.3 Total Internal Reflection","1785848716346.0588","kx742tq43fhsne8gmp16tsg7dn8btp47","1785848716346","1787579302152","14-3-total-internal-reflection","{""blockIndex"":74,""chapterNumber"":14,""subjectSlug"":""physics-10""}","published","Normalize 2 raw all-caps source heading(s) into student-readable title case.","14.3 Total Internal Reflection","ms7etw1fskfqnc7sm89ghhhg7h8btjqf","1789034337032","10349",
"physics-10","14-optics","Optics","14-4-thin-lenses","14.4 Thin Lenses","1785848723784.325","kx7f22hx799nwjs0cxc692t0v58btkyx","1785848723784","1787579302152","14-4-thin-lenses","{""blockIndex"":113,""chapterNumber"":14,""subjectSlug"":""physics-10""}","published","Normalize 4 raw all-caps source heading(s) into student-readable title case.","14.4 Thin Lenses","ms7dhcm0tdee6gqszvvmcpr1r98bvcd8","1789034337168","15142",
"physics-10","14-optics","Optics","14-5-applications-of-lenses","14.5 Applications of Lenses","1785848732288.4045","kx79zp6bc7v8bjj51axpf7v2c58bvdc5","1785848732288","1787579302152","14-5-applications-of-lenses","{""blockIndex"":164,""chapterNumber"":14,""subjectSlug"":""physics-10""}","published","Normalize 3 raw all-caps source heading(s) into student-readable title case.","14.5 Applications of Lenses","ms75dn471a62sbja82yhf9mh758bvw53","1789034337325","7019",
"physics-10","14-optics","Optics","14-6-visible-spectrum","14.6 Visible Spectrum","1785848741069.0188","kx72k3eyeh804eqm2r5y5z4g1n8bt7py","1785848741069","1787579302152","14-6-visible-spectrum","{""blockIndex"":184,""chapterNumber"":14,""subjectSlug"":""physics-10""}","published",,"14.6 Visible Spectrum","ms7fptb31n8tme66rjh241m7qx8bv8hj","1787579302152","3108",
"physics-10","14-optics","Optics","14-7-human-eye-and-color-perception","14.7 Human Eye and Color Perception","1785848750788.6765","kx797dtcrqnw3b6hhmwtf0ze998bv9hh","1785848750788","1787579302152","14-7-human-eye-and-color-perception","{""blockIndex"":188,""chapterNumber"":14,""subjectSlug"":""physics-10""}","published","Move 1 existing textbook aside(s) into SideActivity components without changing their content.","14.7 Human Eye and Color Perception","ms79s7rrqztekt54dt56qztbch8bv3cx","1789034330299","10224",
"physics-10","14-optics","Optics","14-8-gravitational-lensing","14.8 Gravitational Lensing","1785848762319.1028","kx70z8zs6kas2zwyv7bdzs23t58bvrg2","1785848762319","1787579302152","14-8-gravitational-lensing","{""blockIndex"":215,""chapterNumber"":14,""subjectSlug"":""physics-10""}","published",,"14.8 Gravitational Lensing","ms7bjx76awh6j1ng235vaaq8fn8bvjtd","1787579302152","4497",
"physics-10","14-optics","Optics","14-9-acoustic-lensing","14.9 Acoustic Lensing","1785848771616.9768","kx78vx8eafdh3y5mk30cvpzpkd8bt1n0","1785848771617","1787579302152","14-9-acoustic-lensing","{""blockIndex"":222,""chapterNumber"":14,""subjectSlug"":""physics-10""}","published","Normalize 2 raw all-caps source heading(s) into student-readable title case.","14.9 Acoustic Lensing","ms7c16xw3p5erdm66nz6qg75c18bv2mb","1789034337470","7295",
"physics-10","15-electrostatics","Electrostatics","15-1-static-charge","15.1 Static Charge","1785848784712.087","kx7ds7tkasdyt3gq74rcthvkf98bvx83","1785848784712","1787579302152","15-1-static-charge","{""blockIndex"":7,""chapterNumber"":15,""subjectSlug"":""physics-10""}","published","Normalize 1 raw all-caps source heading(s) into student-readable title case.","15.1 Static Charge","ms77ztwtxpfe5r5zz1d5wpgjbd8bv23v","1789034337600","4567",
"physics-10","15-electrostatics","Electrostatics","15-2-conductors-and-insulators","15.2 Conductors and Insulators","1785848793987.6257","kx7f22esssyemrehym1pcbq86d8bvpq5","1785848793987","1787579302152","15-2-conductors-and-insulators","{""blockIndex"":15,""chapterNumber"":15,""subjectSlug"":""physics-10""}","published",,"15.2 Conductors and Insulators","ms7e57wprqgrfjrwbg60twrhxd8bt476","1787579302152","2516",
"physics-10","15-electrostatics","Electrostatics","15-3-charging-and-discharging","15.3 Charging and Discharging","1785848802214.3264","kx7d4qxxdkmsps90pknv2hkmv18btfyc","1785848802214","1787579302152","15-3-charging-and-discharging","{""blockIndex"":24,""chapterNumber"":15,""subjectSlug"":""physics-10""}","published","Physics 10 P2.8: normalize five raw all-caps source headings in Charging and Discharging while preserving its prose, images, practice, and already-wrapped Mini Lab.","15.3 Charging and Discharging","ms78400qr7wqv2wmvzcwh92sv18bthea","1789071134682","9651",
"physics-10","15-electrostatics","Electrostatics","15-4-electroscope","15.4 Electroscope","1785848810214.0376","kx7f3sr52v9hfp22350ykf3mpd8bt5zk","1785848810214","1787579302152","15-4-electroscope","{""blockIndex"":55,""chapterNumber"":15,""subjectSlug"":""physics-10""}","published",,"15.4 Electroscope","ms7a2pxwjdf6y3w9tsprzvkxm98bv43m","1789053526631","2904",
"physics-10","15-electrostatics","Electrostatics","15-5-electric-field","15.5 Electric Field","1785848818572.811","kx71th9b5nvdqtw735a47qwk3x8bve5z","1785848818572","1787579302152","15-5-electric-field","{""blockIndex"":60,""chapterNumber"":15,""subjectSlug"":""physics-10""}","published","Normalize 1 raw all-caps source heading(s) into student-readable title case.","15.5 Electric Field","ms710c2re3w3rtwydqsb7ae9y58bvezk","1789034337726","6754",
"physics-10","15-electrostatics","Electrostatics","15-6-applications-of-electrostatics","15.6 Applications of Electrostatics","1785848827220.089","kx75kds0qm8vk08yqvgvqqj9798bt2yk","1785848827220","1787579302152","15-6-applications-of-electrostatics","{""blockIndex"":89,""chapterNumber"":15,""subjectSlug"":""physics-10""}","published","Normalize 2 raw all-caps source heading(s) into student-readable title case.","15.6 Applications of Electrostatics","ms74b5wffqg2twv9c5g0229pq98bv38a","1789034337863","2942",
"physics-10","15-electrostatics","Electrostatics","15-7-electrical-breakdown","15.7 Electrical Breakdown","1785848835029.2974","kx7cbr1d4344cbj5ra6gavn8hh8btrtd","1785848835029","1787579302152","15-7-electrical-breakdown","{""blockIndex"":98,""chapterNumber"":15,""subjectSlug"":""physics-10""}","published","Normalize 4 raw all-caps source heading(s) into student-readable title case.","15.7 Electrical Breakdown","ms78snw5pg3kqsathmh5y5tk2d8bvabv","1789034338064","7817",
"physics-10","16-current-electricity","Current Electricity","16-1-electric-current","16.1 Electric Current","1785848842839.4412","kx70j7cbza6dj5mskqrat8te118btv7d","1785848842839","1787579302152","16-1-electric-current",,"published","Normalize 2 raw all-caps source heading(s) into student-readable title case.","16.1 Electric Current","ms70t8xf2132pws02n6cb6xxth8bthg6","1789034338294","4223",
"physics-10","16-current-electricity","Current Electricity","16-2-alternating-and-direct-current","16.2 Alternating and Direct Current","1785848850686.699","kx7cm23hgt93pe3mdhe6828pn18btbsb","1785848850686","1787579302152","16-2-alternating-and-direct-current",,"published",,"16.2 Alternating and Direct Current","ms75behk4v6k11xrpmn02j56mn8bt62j","1787579302152","1108",
"physics-10","16-current-electricity","Current Electricity","16-3-potential-difference","16.3 Potential Difference","1785848858986.3394","kx7ec448sr9yfma5hhebfqw8nd8bt1r1","1785848858986","1787579302152","16-3-potential-difference",,"published",,"16.3 Potential Difference","ms75qvt9tba6z1rs8s67d8hn4h8btk6y","1787579302152","1793",
"physics-10","16-current-electricity","Current Electricity","16-4-emf","16.4 Emf","1785848866907.2935","kx7cf7fjs96an4e40mx5xk3qn58bvvgb","1785848866907","1787579302152","16-4-emf",,"published",,"16.4 Emf","ms7bznab3m12mc4mkgygrce2b18bt787","1787579302152","1593",
"physics-10","16-current-electricity","Current Electricity","16-5-ohm-s-law","16.5 Ohm's Law","1785848875787.7573","kx708dkgsfakxxkwhey40dmbjn8bvm95","1785848875787","1787579302152","16-5-ohm-s-law","{""blockIndex"":16,""chapterNumber"":16,""subjectSlug"":""physics-10""}","published","Normalize 4 raw all-caps source heading(s) into student-readable title case.","16.5 Ohm's Law","ms702hhvt5qksvj1y11wfmjb5h8btway","1789034338418","3531",
"physics-10","16-current-electricity","Current Electricity","16-6-resistance","16.6 Resistance","1785848884348.4526","kx7dnd38j408a47afbdh1nsqsd8btfh0","1785848884348","1787579302152","16-6-resistance",,"published","Normalize 4 raw all-caps source heading(s) into student-readable title case.","16.6 Resistance","ms7axy0wb2hfj6xy3tr8yj4x0s8bvnxe","1789034338557","4031",
"physics-10","16-current-electricity","Current Electricity","16-7-resistivity","16.7 Resistivity","1785848892719.1465","kx7f5hxqh5cy7dpb8r67r2bfbx8btn8q","1785848892719","1787579302152","16-7-resistivity","{""blockIndex"":50,""chapterNumber"":16,""subjectSlug"":""physics-10""}","published","Normalize 1 raw all-caps source heading(s) into student-readable title case.","16.7 Resistivity","ms74mefc3n2cjqcmt7tc952ha58btjgz","1789034338692","8259",
"physics-10","16-current-electricity","Current Electricity","16-8-electrical-measuring-instruments","16.8 Electrical Measuring Instruments","1785848901222.634","kx7dk1szb1tz2hwam9tvj9ygbn8btk26","1785848901222","1787579302152","16-8-electrical-measuring-instruments","{""blockIndex"":97,""chapterNumber"":16,""subjectSlug"":""physics-10""}","published","Normalize 2 raw all-caps source heading(s) into student-readable title case.","16.8 Electrical Measuring Instruments","ms79av86n5rt8ybwcp95sk568x8bvj7r","1789034338834","2706",
"physics-10","16-current-electricity","Current Electricity","16-9-experiment-for-determination-of-resistance","16.9 Experiment for Determination of Resistance","1785848910379.7412","kx78dq1t803kwkay95gq0ec0zn8bv5jt","1785848910379","1787579302152","16-9-experiment-for-determination-of-resistance","{""blockIndex"":107,""chapterNumber"":16,""subjectSlug"":""physics-10""}","published",,"16.9 Experiment for Determination of Resistance","ms7c60ajz8y8k4g579pg35aysn8bvneh","1788251625456","2744",
"physics-10","17-electric-circuits","Electric Circuits","17-1-circuit-elements-and-diagrams","17.1 Circuit Elements and Diagrams","1785848919646.2756","kx715x71xdybwr8z39x2bwpgyx8bvy10","1785848919646","1787579302152","17-1-circuit-elements-and-diagrams","{""blockIndex"":3,""chapterNumber"":17,""subjectSlug"":""physics-10""}","published","Case-normalize 2 raw ALL-CAPS heading(s) copied verbatim from the source corpus (P2.8 retry).","17.1 Circuit Elements and Diagrams","ms7919h7eanj2q3fchcaxtep898bvmgj","1789036113473","2503",
"physics-10","17-electric-circuits","Electric Circuits","17-2-resistors","17.2 Resistors","1785848927942.0396","kx75wzjv178xy6g0288y1vpnb98bt90y","1785848927942","1787579302152","17-2-resistors","{""blockIndex"":10,""chapterNumber"":17,""subjectSlug"":""physics-10""}","published","Case-normalize 1 raw ALL-CAPS heading(s) copied verbatim from the source corpus into properly-cased topic headings (P2.8).","17.2 Resistors","ms7ewkpyr55x6q2gwm55yyykhd8bvkck","1788511724257","2685",
"physics-10","17-electric-circuits","Electric Circuits","17-3-types-of-resistors","17.3 Types of Resistors","1785848937282.3533","kx7are6mr4efr3aq270rshhkgn8bvjsb","1785848937282","1787579302152","17-3-types-of-resistors","{""blockIndex"":18,""chapterNumber"":17,""subjectSlug"":""physics-10""}","published","Normalize 2 raw all-caps source heading(s) into student-readable title case.","17.3 Types of Resistors","ms7frr3ths1xrreekzy897g4ph8bta2f","1789034338974","8396",
"physics-10","17-electric-circuits","Electric Circuits","17-4-combination-of-resistors","17.4 Combination of Resistors","1785848946471.8494","kx7fb09r2cgprc5x5xvt6dt8f18btxbt","1785848946471","1787579302152","17-4-combination-of-resistors","{""blockIndex"":45,""chapterNumber"":17,""subjectSlug"":""physics-10""}","published","Normalize 2 raw all-caps source heading(s) into student-readable title case.","17.4 Combination of Resistors","ms717sq61gnrvydkn4b1ve35sd8bt526","1789034339110","9214",
"physics-10","17-electric-circuits","Electric Circuits","17-5-combination-of-emf-sources","17.5 Combination of Emf Sources","1785848955148.058","kx755gwrwyp1d40sfmz1705kan8btksb","1785848955148","1787579302152","17-5-combination-of-emf-sources","{""blockIndex"":121,""chapterNumber"":17,""subjectSlug"":""physics-10""}","published","Normalize 2 raw all-caps source heading(s) into student-readable title case.","17.5 Combination of Emf Sources","ms798hhp1pq425v9kc28vbxwy18bt515","1789034339275","4303",
"physics-10","17-electric-circuits","Electric Circuits","17-6-electricity-and-its-uses","17.6 Electricity and Its Uses","1785848963490.271","kx73g6jfz1gny3yfnk5482e9qs8btysg","1785848963490","1787579302152","17-6-electricity-and-its-uses","{""blockIndex"":143,""chapterNumber"":17,""subjectSlug"":""physics-10""}","published","Case-normalize 2 raw ALL-CAPS heading(s) copied verbatim from the source corpus (P2.8 retry).","17.6 Electricity and Its Uses","ms7b4mrb9jecwe489pkxphjcgh8btv01","1789036113651","3564",
"physics-10","17-electric-circuits","Electric Circuits","17-7-electrical-energy","17.7 Electrical Energy","1785848973035.9277","kx7bd5thh2sajbsp55rkd2890x8btj98","1785848973035","1787579302152","17-7-electrical-energy","{""blockIndex"":149,""chapterNumber"":17,""subjectSlug"":""physics-10""}","published","Case-normalize 3 raw ALL-CAPS heading(s) copied verbatim from the source corpus (P2.8 retry).","17.7 Electrical Energy","ms75nxxywx2c15q8at7vqzbafx8bvzzm","1789036113769","7331",
"physics-10","17-electric-circuits","Electric Circuits","17-9-household-circuits-and-electric-safety","17.9 Household Circuits and Electric Safety","1785848981650.019","kx7ddt3kz5p19vgbw22w0qwvkx8btpw2","1785848981650","1787579302152","17-9-household-circuits-and-electric-safety","{""blockIndex"":199,""chapterNumber"":17,""subjectSlug"":""physics-10""}","published","Normalize 5 raw all-caps source heading(s) into student-readable title case.","17.9 Household Circuits and Electric Safety","ms7ar3n1m992e58gmj2m1asj798bt768","1789034339403","8751",
"physics-10","18-electronics","Electronics","18-1-semiconductors","18.1 Semiconductors","1785848989643.821","kx79grgx4g3dv3nkjyhbttb7318btdw4","1785848989643","1787579302152","18-1-semiconductors",,"published",,"18.1 Semiconductors","ms7a27nq91fpffpkk8fnbdm9ex8bvph9","1787579302152","1094",
"physics-10","18-electronics","Electronics","18-2-n-type-p-type-semiconductors","18.2 N-type & P-type Semiconductors","1785848998901.9893","kx703xrhtcagz2r6r02apcnk9x8btbqx","1785848998902","1787579302152","18-2-n-type-p-type-semiconductors",,"published",,"18.2 N-type & P-type Semiconductors","ms76gz2e9p7k1mycx7ajvzn0e18bvnt5","1787579302152","1447",
"physics-10","18-electronics","Electronics","18-3-pn-junction-or-diode","18.3 Pn Junction (Or Diode)","1785849007682.8083","kx700qsdnffwh8h6xaw2evt0en8bv3fh","1785849007682","1787579302152","18-3-pn-junction-or-diode",,"published",,"18.3 Pn Junction (Or Diode)","ms751shjy2m5m23cg55zyyb8x58bts1y","1787579302152","1529",
"physics-10","18-electronics","Electronics","18-4-characteristics-of-diode-under-biasing","18.4 Characteristics of Diode Under Biasing","1785849021212.4685","kx73gsmqhxn1sj0ev0afnszgw58bve20","1785849021212","1787579302152","18-4-characteristics-of-diode-under-biasing",,"published","Normalize 2 raw all-caps source heading(s) into student-readable title case.","18.4 Characteristics of Diode Under Biasing","ms772cect9rmatxs23h4kegjhd8bvbes","1789034339554","3792",
"physics-10","18-electronics","Electronics","18-5-light-emitting-diode-led","18.5 Light-emitting Diode (Led)","1785849031116.5447","kx7cjy4hw9pkdjjecw1dw55t858bvftj","1785849031116","1787579302152","18-5-light-emitting-diode-led",,"published",,"18.5 Light-emitting Diode (Led)","ms78c9qnyq61fz568ag83w7vrs8btc27","1787579302152","995",
"physics-10","18-electronics","Electronics","18-6-transistor","18.6 Transistor","1785849040300.6948","kx78891t2ycppswge5dbpbwaax8bv15z","1785849040300","1787579302152","18-6-transistor",,"published","Normalize 3 raw all-caps source heading(s) into student-readable title case.","18.6 Transistor","ms781wsb26y07axwnyy1mz30ps8bvv9c","1789034339700","8004",
"physics-10","18-electronics","Electronics","18-7-relays-and-switching-circuits","18.7 Relays and Switching Circuits","1785849050191.5999","kx704mm5m14dmbvzb92w903b7x8bvm2c","1785849050191","1787579302152","18-7-relays-and-switching-circuits","{""blockIndex"":20,""chapterNumber"":18,""subjectSlug"":""physics-10""}","published","Normalize 2 raw all-caps source heading(s) into student-readable title case.","18.7 Relays and Switching Circuits","ms7dkb32w3m69npd1s9xqafan58btbrv","1789034339834","3393",
"physics-10","18-electronics","Electronics","18-8-transistor-as-a-switch","18.8 Transistor as a Switch","1785849060204.942","kx7fdbtx83nfkjmrvcdnwt7fyd8bt7zx","1785849060204","1787579302152","18-8-transistor-as-a-switch","{""blockIndex"":32,""chapterNumber"":18,""subjectSlug"":""physics-10""}","published",,"18.8 Transistor as a Switch","ms7e67b7hy5j5c9se0nemrgyp18btgkr","1789053526767","2145",
"physics-10","18-electronics","Electronics","18-9-digital-electronics","18.9 Digital Electronics","1785849069353.565","kx71vy03a1h9mqxy43j0hh09658bv1ew","1785849069353","1787579302152","18-9-digital-electronics","{""blockIndex"":36,""chapterNumber"":18,""subjectSlug"":""physics-10""}","published","Normalize 3 raw all-caps source heading(s) into student-readable title case.","18.9 Digital Electronics","ms7e9vy2nzkwbh4f68e2p8hwed8bv3ht","1789034339964","3427",
"physics-10","18-electronics","Electronics","18-10-fundamental-logic-gates","18.10 Fundamental Logic Gates","1785849083837.0803","kx7dampt6xzc342sz1nq9tcxh58btg43","1785849083837","1787579302152","18-10-fundamental-logic-gates","{""blockIndex"":46,""chapterNumber"":18,""subjectSlug"":""physics-10""}","published","Normalize 3 raw all-caps source heading(s) into student-readable title case.","18.10 Fundamental Logic Gates","ms7637hgp9k4ye8mdys9hkgbws8btq0r","1789034340094","4231",
"physics-10","18-electronics","Electronics","18-11-universal-logic-gates","18.11 Universal Logic Gates","1785849093431.1702","kx74dh0brzc3h5thsqb9mfrwkh8bt0qe","1785849093431","1787579302152","18-11-universal-logic-gates","{""blockIndex"":76,""chapterNumber"":18,""subjectSlug"":""physics-10""}","published","Normalize 2 raw all-caps source heading(s) into student-readable title case.","18.11 Universal Logic Gates","ms7cvs3mm3p7f1d1g0zk6bsswx8bv42j","1789034340219","1549",
"physics-10","18-electronics","Electronics","18-12-uses-of-logic-gates","18.12 Uses of Logic Gates","1785849103182.985","kx79z993ckm4t1r5rrh7sd82j58bvchy","1785849103183","1787579302152","18-12-uses-of-logic-gates","{""blockIndex"":89,""chapterNumber"":18,""subjectSlug"":""physics-10""}","published","Normalize 2 raw all-caps source heading(s) into student-readable title case.","18.12 Uses of Logic Gates","ms783dqnn51nswkwf2retfh45d8bv19s","1789034340348","2401",
"physics-10","18-electronics","Electronics","18-13-analogue-and-digital-electronics-a-comparison","18.13 Analogue and Digital Electronics, a Comparison","1785849112999.3997","kx715jqsqak573vs0fdr1y1ygn8bv8v3","1785849112999","1787579302152","18-13-analogue-and-digital-electronics-a-comparison","{""blockIndex"":100,""chapterNumber"":18,""subjectSlug"":""physics-10""}","published","Move 1 existing textbook aside(s) into SideActivity components without changing their content.","18.13 Analogue and Digital Electronics, a Comparison","ms79by80keb28gc34ed242r2k98btbpx","1789034330558","3307",
"physics-10","18-electronics","Electronics","18-14-quantum-computers","18.14 Quantum Computers","1785849122853.1","kx753ynxfne2r4s6ne0bvj9pan8btz3g","1785849122853","1787579302152","18-14-quantum-computers","{""blockIndex"":115,""chapterNumber"":18,""subjectSlug"":""physics-10""}","published",,"18.14 Quantum Computers","ms7df5y4z2vktd5v7y2ac6b3418bt4vz","1789053526885","3418",
"physics-10","19-electromagnetism","Electromagnetism","19-1-magnetic-field-due-to-current-carrying-wire","19.1 Magnetic Field Due to Current Carrying Wire","1785849132441.8364","kx7ch4071t68b3waaz7ne48ycx8bv975","1785849132441","1787579302152","19-1-magnetic-field-due-to-current-carrying-wire","{""blockIndex"":5,""chapterNumber"":19,""subjectSlug"":""physics-10""}","published","Move 1 existing textbook aside(s) into SideActivity components without changing their content.","19.1 Magnetic Field Due to Current Carrying Wire","ms79ay0es1408gaqjy8mgq34418bt65v","1789034330683","3129",
"physics-10","19-electromagnetism","Electromagnetism","19-2-magnetic-field-due-to-current-carrying-solenoid","19.2 Magnetic Field Due to Current Carrying Solenoid","1785849142382.659","kx7703y729kvx90ajn54qn253d8bv0rz","1785849142382","1787579302152","19-2-magnetic-field-due-to-current-carrying-solenoid","{""blockIndex"":19,""chapterNumber"":19,""subjectSlug"":""physics-10""}","published",,"19.2 Magnetic Field Due to Current Carrying Solenoid","ms70246jad8t2nwmcm5wmnhqd98bth9m","1787579302152","3322",
"physics-10","19-electromagnetism","Electromagnetism","19-4-application-of-magnetic-effect-of-a-current","19.4 Application of Magnetic Effect of a Current","1785849152629.554","kx76qb4b84wjke632ag5ennyth8bvazt","1785849152629","1787579302152","19-4-application-of-magnetic-effect-of-a-current","{""blockIndex"":29,""chapterNumber"":19,""subjectSlug"":""physics-10""}","published","Normalize 2 raw all-caps source heading(s) into student-readable title case.","19.4 Application of Magnetic Effect of a Current","ms7fbm5y7jfz7e6ax37c85qwc58bvgah","1789034340468","3462",
"physics-10","19-electromagnetism","Electromagnetism","19-5-br-force-on-a-current-carrying-conductor-placed-in-magnetic-field","19.5 <Br> Force on a Current Carrying Conductor Placed in Magnetic Field","1785849163047.9963","kx764nw7jjpe683mdk7zf0y3e18bvpdv","1785849163048","1787579302152","19-5-br-force-on-a-current-carrying-conductor-placed-in-magnetic-field","{""blockIndex"":43,""chapterNumber"":19,""subjectSlug"":""physics-10""}","published","Move 2 existing textbook aside(s) into SideActivity components without changing their content.","19.5 <Br> Force on a Current Carrying Conductor Placed in Magnetic Field","ms72xkrqsrs6snvdjq7wa8eex58bvhne","1789034330802","6363",
"physics-10","19-electromagnetism","Electromagnetism","19-8-electromagnetic-induction","19.8 Electromagnetic Induction.","1785849173006.433","kx7dt1djmnghpv62wr3pkew8g18bvxpe","1785849173006","1787579302152","19-8-electromagnetic-induction","{""blockIndex"":65,""chapterNumber"":19,""subjectSlug"":""physics-10""}","published","Move 2 existing textbook aside(s) into SideActivity components without changing their content.","19.8 Electromagnetic Induction.","ms73sfgtnt571c3pddpcqrxr558btjc1","1789034330950","2086",
"physics-10","19-electromagnetism","Electromagnetism","19-9-lenz-s-law","19.9 Lenz's Law","1785849182735.7954","kx7f2tc3t1awwewpmabxhzy4yh8btrsw","1785849182735","1787579302152","19-9-lenz-s-law","{""blockIndex"":74,""chapterNumber"":19,""subjectSlug"":""physics-10""}","published",,"19.9 Lenz's Law","ms729zvfwfy94tbb8fe03xbbbx8bvdx8","1787579302152","1196",
"physics-10","19-electromagnetism","Electromagnetism","19-10-electric-generator","19.10 Electric Generator","1785849192961.0637","kx70m1fk3g3m0zm4tpbxejf7t98bv9jg","1785849192961","1787579302152","19-10-electric-generator","{""blockIndex"":78,""chapterNumber"":19,""subjectSlug"":""physics-10""}","published","Move 1 existing textbook aside(s) into SideActivity components without changing their content.","19.10 Electric Generator","ms70wpxkkqmravb0aq1qjngf918btcr9","1789034331085","2115",
"physics-10","19-electromagnetism","Electromagnetism","19-11-transformer","19.11 Transformer","1785849203122.783","kx7b01rekvpx9wa53mjb6zen3n8bvdsd","1785849203122","1787579302152","19-11-transformer","{""blockIndex"":88,""chapterNumber"":19,""subjectSlug"":""physics-10""}","published","Normalize 3 raw all-caps source heading(s) into student-readable title case.","19.11 Transformer","ms7de2e2s51zwr63rk6nyh0ggh8bv65x","1789034340587","4599",
"physics-10","19-electromagnetism","Electromagnetism","19-12-deflection-of-an-electron-beam","19.12 Deflection of an Electron Beam","1785849213548.2454","kx77e81rjpmvb0jber37skws798bt8zk","1785849213548","1787579302152","19-12-deflection-of-an-electron-beam","{""blockIndex"":112,""chapterNumber"":19,""subjectSlug"":""physics-10""}","published",,"19.12 Deflection of an Electron Beam","ms77b0gky675wm05q48x3j53vh8bt7wr","1789053527011","1034",
"physics-10","19-electromagnetism","Electromagnetism","19-13-cathode-ray-oscilloscope-cro","19.13 Cathode Ray Oscilloscope (Cro)","1785849223505.9634","kx7a16t064japq5w0mygpz9krd8btkd3","1785849223506","1787579302152","19-13-cathode-ray-oscilloscope-cro","{""blockIndex"":114,""chapterNumber"":19,""subjectSlug"":""physics-10""}","published","Normalize 2 raw all-caps source heading(s) into student-readable title case.","19.13 Cathode Ray Oscilloscope (Cro)","ms70h9bcd7ppsnk0pjp8xma55h8btgkg","1789034340711","3936",
"physics-10","20-electromagnetic-waves","Electromagnetic Waves","20-1-electromagnetic-spectrum","20.1 Electromagnetic Spectrum","1785849233764.7092","kx79rwcv59t0kp3h39egbscjsh8btmce","1785849233764","1787579302152","20-1-electromagnetic-spectrum","{""blockIndex"":7,""chapterNumber"":20,""subjectSlug"":""physics-10""}","published","Move 1 existing textbook aside(s) into SideActivity components without changing their content.","20.1 Electromagnetic Spectrum","ms72fzx0200f3sxhe4p1m0nm558bvxkf","1789034331278","11530",
"physics-10","20-electromagnetic-waves","Electromagnetic Waves","20-2-applications-of-electromagnetic-waves","20.2 Applications of Electromagnetic Waves","1785849245744.9077","kx702b211wnsecqfzh73q1acs98btygn","1785849245745","1787579302152","20-2-applications-of-electromagnetic-waves","{""blockIndex"":51,""chapterNumber"":20,""subjectSlug"":""physics-10""}","published","Normalize 6 raw all-caps source heading(s) into student-readable title case.","20.2 Applications of Electromagnetic Waves","ms7565cj1s5cgqks1w3gfj64h58bt95q","1789034340821","20723",
"physics-10","20-electromagnetic-waves","Electromagnetic Waves","20-3-risks-associated-with-electromagnetic-waves","20.3 Risks Associated with Electromagnetic Waves","1785849255497.7488","kx72qkgh5wr0pwsxdzzdqs9s7h8bvg65","1785849255497","1787579302152","20-3-risks-associated-with-electromagnetic-waves","{""blockIndex"":94,""chapterNumber"":20,""subjectSlug"":""physics-10""}","published",,"20.3 Risks Associated with Electromagnetic Waves","ms78ytd0gdr1byws5zz65hjm5x8bt3bw","1789053533907","4136",
"physics-10","20-electromagnetic-waves","Electromagnetic Waves","20-4-scattering-of-light","20.4 Scattering of Light","1785849265505.085","kx78f5gt4w5nfezrkfq5yfkvqx8bvkcm","1785849265505","1787579302152","20-4-scattering-of-light","{""blockIndex"":98,""chapterNumber"":20,""subjectSlug"":""physics-10""}","published","Move 1 existing textbook aside(s) into SideActivity components without changing their content.","20.4 Scattering of Light","ms7db5va8q939jhc1zd4sabhrn8btb67","1789034334662","4576",
"physics-10","20-electromagnetic-waves","Electromagnetic Waves","20-5-nature-of-light","20.5 Nature of Light","1785849275372.8044","kx70kxda6dpda7mr9tge4zff8x8btkv0","1785849275372","1787579302152","20-5-nature-of-light","{""blockIndex"":116,""chapterNumber"":20,""subjectSlug"":""physics-10""}","published","Normalize 1 raw all-caps source heading(s) into student-readable title case.","20.5 Nature of Light","ms7btkcyyt573an7w7tc5xwtyh8bt1ys","1789034340952","4087",
"physics-10","21-nuclear-physics","Nuclear Physics","21-1-discovery-atomic-nucleus","21.1 Discovery Atomic Nucleus","1785849285637.056","kx74zazebjenrbveg6cajew1rh8bt5qz","1785849285637","1787579302152","21-1-discovery-atomic-nucleus","{""blockIndex"":5,""chapterNumber"":21,""subjectSlug"":""physics-10""}","published",,"21.1 Discovery Atomic Nucleus","ms75kzb91hftmkze1wmqey7mmh8bvmcz","1787579302152","7362",
"physics-10","21-nuclear-physics","Nuclear Physics","21-2-nuclear-representations","21.2 Nuclear Representations","1785849296699.3967","kx74radxg5jcccjyaaayw714g98bvzgg","1785849296699","1787579302152","21-2-nuclear-representations","{""blockIndex"":21,""chapterNumber"":21,""subjectSlug"":""physics-10""}","published",,"21.2 Nuclear Representations","ms75szebdtg90yher4emyeezcn8bt581","1787579302152","1125",
"physics-10","21-nuclear-physics","Nuclear Physics","21-3-isotopes-and-radioisotopes","21.3 Isotopes and Radioisotopes","1785849307386.7673","kx7en8hm2mrsy9xqf41jemvsd18btn2r","1785849307386","1787579302152","21-3-isotopes-and-radioisotopes","{""blockIndex"":26,""chapterNumber"":21,""subjectSlug"":""physics-10""}","published",,"21.3 Isotopes and Radioisotopes","ms7dc2rtn4evecdxq2s75zvkr18btxap","1787579302152","4200",
"physics-10","21-nuclear-physics","Nuclear Physics","21-4-radioactivity","21.4 Radioactivity","1785849324333.5005","kx7d6zydr8mt5bej1g6mgncz5n8bv9w7","1785849324333","1787579302152","21-4-radioactivity","{""blockIndex"":35,""chapterNumber"":21,""subjectSlug"":""physics-10""}","published","Normalize 2 raw all-caps source heading(s) into student-readable title case.","21.4 Radioactivity","ms77n1kefkeqds23k58vvvrsdd8btzvf","1789034341073","5621",
"physics-10","21-nuclear-physics","Nuclear Physics","21-5-nuclear-decay","21.5 Nuclear Decay","1785849335009.3267","kx7apqsr35mhdea6fd180358a58bt5aj","1785849335009","1787579302152","21-5-nuclear-decay","{""blockIndex"":44,""chapterNumber"":21,""subjectSlug"":""physics-10""}","published","Move 1 existing textbook aside(s) into SideActivity components without changing their content.","21.5 Nuclear Decay","ms70rxd1rn6pp4z9fmpjy61n1s8bvm3r","1789034331492","7371",
"physics-10","21-nuclear-physics","Nuclear Physics","21-6-half-life","21.6 Half Life","1785849345883.262","kx7arp8amjbj27afqn99kdw1h98btez9","1785849345883","1787579302152","21-6-half-life","{""blockIndex"":84,""chapterNumber"":21,""subjectSlug"":""physics-10""}","published","Move 1 existing textbook aside(s) into SideActivity components without changing their content.","21.6 Half Life","ms72175qd86bv7mbm7aeqyfk358btde7","1789034331641","9670",
"physics-10","21-nuclear-physics","Nuclear Physics","21-7-ionizing-nuclear-radiations","21.7 Ionizing Nuclear Radiations","1785849357202.3196","kx79dy13b1s4nw4v1erf2bwjns8btsb7","1785849357202","1787579302152","21-7-ionizing-nuclear-radiations","{""blockIndex"":125,""chapterNumber"":21,""subjectSlug"":""physics-10""}","published","Normalize 4 raw all-caps source heading(s) into student-readable title case.","21.7 Ionizing Nuclear Radiations","ms7cx49hhedsd5nkjg6zbwsc8n8bv417","1789034341371","10841",
"physics-10","21-nuclear-physics","Nuclear Physics","21-8-applications-of-radiation","21.8 Applications of Radiation","1785849369644.2317","kx75yc5pn39ysrbea0km34a1018btzwn","1785849369644","1787579302152","21-8-applications-of-radiation","{""blockIndex"":145,""chapterNumber"":21,""subjectSlug"":""physics-10""}","published","Move 1 existing textbook aside(s) into SideActivity components without changing their content.","21.8 Applications of Radiation","ms7f9qz50tjtspkefxa67qzdvd8btd8m","1789034331798","6729",
"physics-10","21-nuclear-physics","Nuclear Physics","21-9-background-radiation","21.9 Background Radiation","1785849385838.6338","kx75qtrhk5spr6k82kpyvtmk518bvqmm","1785849385838","1787579302152","21-9-background-radiation","{""blockIndex"":170,""chapterNumber"":21,""subjectSlug"":""physics-10""}","published","Normalize 2 raw all-caps source heading(s) into student-readable title case.","21.9 Background Radiation","ms7exbk5spfcdtq90c4pvpbeb98bt82z","1789034341523","3495",
"physics-10","21-nuclear-physics","Nuclear Physics","21-10-nuclear-fission","21.10 Nuclear Fission","1785849398139.5159","kx74q6r7gf3teh6dh7aqst3gg18bv6xg","1785849398139","1787579302152","21-10-nuclear-fission","{""blockIndex"":178,""chapterNumber"":21,""subjectSlug"":""physics-10""}","published","Move 1 existing textbook aside(s) into SideActivity components without changing their content.","21.10 Nuclear Fission","ms717ha2wntprtkc3n36jj4t098btstx","1789034331934","4521",
"physics-10","21-nuclear-physics","Nuclear Physics","21-11-nuclear-fusion","21.11 Nuclear Fusion","1785849408442.7122","kx797b6xtyrsezy0cnrsz827j98btrk8","1785849408442","1787579302152","21-11-nuclear-fusion","{""blockIndex"":206,""chapterNumber"":21,""subjectSlug"":""physics-10""}","published",,"21.11 Nuclear Fusion","ms728bpjchqbeetcrzqj0q6zy58btdtm","1789053534073","6067",
"physics-10","21-nuclear-physics","Nuclear Physics","21-12-dark-matter","21.12 Dark Matter","1785849419108.7463","kx7c587eweakke75qhqmnaydt58btngk","1785849419108","1787579302152","21-12-dark-matter","{""blockIndex"":224,""chapterNumber"":21,""subjectSlug"":""physics-10""}","published",,"21.12 Dark Matter","ms70wk2a3kfcjbtx2x0k46ngc58bva9s","1787579302152","2129",
"physics-10","21-nuclear-physics","Nuclear Physics","21-13-falsibility","21.13 Falsibility","1785849431463.2336","kx76j79jcd4jhkqqrf7rvep46s8bt7g1","1785849431463","1787579302152","21-13-falsibility","{""blockIndex"":231,""chapterNumber"":21,""subjectSlug"":""physics-10""}","published","Case-normalize 2 raw ALL-CAPS heading(s) copied verbatim from the source corpus into properly-cased topic headings (P2.8).","21.13 Falsibility","ms7etq5gd4wezgh5mtq4w2qw458btekh","1789036113980","4239",
"maths-10","01-complex-numbers","Complex Numbers","1-1-imaginary-and-complex-numbers","1.1 Imaginary and Complex Numbers","1785867639078.2224","kx7crpa5ynb884b66r6f66mas58btk4p","1785867639078","1787579310228","1-1-after-studying-this-unit-students-will-be-able-to","{""blockIndex"":7,""chapterNumber"":1,""subjectSlug"":""maths-10""}","published",,"1.1 After studying this unit students will be able to:","ms7dewbqrakj2609wt8h6a9x858bv71z","1787579310228","13162",
"maths-10","01-complex-numbers","Complex Numbers","1-2-developing-skilled-knowledge","1.2 Developing skilled knowledge","1785867639078.228","kx77z3w587cy9w3r2zwnb894rn8bvrnp","1785867639078","1787579310228","1-2-developing-skilled-knowledge","{""blockIndex"":80,""chapterNumber"":1,""subjectSlug"":""maths-10""}","published",,"1.2 Developing skilled knowledge","ms7645rstf8bs75bgn95r597s58btwd2","1787579310228","13527",
"maths-10","01-complex-numbers","Complex Numbers","1-3-applications-of-complex-numbers","1.3 Applications of Complex Numbers","1785867639078.2349","kx7eq9dywc1s3dk5z2c6as2vw18btvjd","1785867639078","1787579310228","1-3-applications-of-complex-numbers","{""blockIndex"":178,""chapterNumber"":1,""subjectSlug"":""maths-10""}","published",,"1.3 Applications of Complex Numbers","ms70z9kbkbma6k4erzcvngd08x8bt8g1","1787579310228","6773",
"maths-10","02-quadratic-equations","Quadratic Equations","2-1-quadratic-equations","2.1 Quadratic Equations","1785867639078.2366","kx79vtgtk9y7y6d5s2e2q3wcj18bta5t","1785867639078","1787579310228","2-1-after-studying-this-unit-students-will-be-able-to","{""blockIndex"":10,""chapterNumber"":2,""subjectSlug"":""maths-10""}","published",,"2.1 After studying this unit students will be able to:","ms74j6t6srkkcev13as2bh6fds8bts39","1787579310228","12289",
"maths-10","02-quadratic-equations","Quadratic Equations","2-2-equation-reducible-to-quadratic-form","2.2 Equation Reducible to Quadratic Form","1785867645397.6985","kx7e3ymbgk4yxn4njzg4wng8qx8bvsmz","1785867645397","1787579310228","2-2-equation-reducible-to-quadratic-form","{""blockIndex"":81,""chapterNumber"":2,""subjectSlug"":""maths-10""}","published",,"2.2 Equation Reducible to Quadratic Form","ms7bb1hwh45j7z4exrgd6efg8h8bt1v4","1787579310228","11807",
"maths-10","02-quadratic-equations","Quadratic Equations","2-3-nature-of-roots-of-a-quadratic-equation","2.3 Nature of Roots of a Quadratic Equation","1785867645397.702","kx78j12hkem9wa40w26rdwavqn8btqf3","1785867645397","1787579310228","2-3-nature-of-roots-of-a-quadratic-equation","{""blockIndex"":156,""chapterNumber"":2,""subjectSlug"":""maths-10""}","published",,"2.3 Nature of Roots of a Quadratic Equation","ms74d625xhjq9sbffsbnfqwxvh8bvgcg","1787579310228","5367",
"maths-10","02-quadratic-equations","Quadratic Equations","2-4-roots-and-coefficients-of-the-quadratic-equation","2.4 Roots and Coefficients of the Quadratic Equation","1785867645397.7034","kx7cwkk7aez8env95w4vsav9g98btqvg","1785867645397","1787579310228","2-4-roots-and-coefficients-of-the-quadratic-equation","{""blockIndex"":184,""chapterNumber"":2,""subjectSlug"":""maths-10""}","published",,"2.4 Roots and Coefficients of the Quadratic Equation","ms7237gg03nsn67h6mn9mnxc2s8bvw43","1787579310228","7536",
"maths-10","02-quadratic-equations","Quadratic Equations","2-5-simultaneous-equations","2.5 Simultaneous Equations","1785867645397.7053","kx753a5tq6j3zvz8rdg6713cmh8btejf","1785867645397","1787579310228","2-5-simultaneous-equations","{""blockIndex"":234,""chapterNumber"":2,""subjectSlug"":""maths-10""}","published",,"2.5 Simultaneous Equations","ms7d6jeagfn1yg8zg09g4hwa998bv0t9","1787579310228","5089",
"maths-10","03-matrices-and-determinants","Matrices and Determinants","3-1-introduction-of-matrices","3.1 Introduction of Matrices","1785867645397.707","kx78jk5h5ft1b25rspppb55f998btr5r","1785867645397","1787579310228","3-1-after-studying-this-unit-students-will-be-able-to","{""blockIndex"":4,""chapterNumber"":3,""subjectSlug"":""maths-10""}","published",,"3.1 After studying this unit students will be able to:","ms7ab12f00eesw68c3kfxagvdn8bvbxm","1787579310228","10777",
"maths-10","03-matrices-and-determinants","Matrices and Determinants","3-2-addition-subtraction-and-scalar-multiplication-of-matrices","3.2 Addition, Subtraction and Scalar Multiplication of Matrices","1785867650752.7156","kx73k7zd6den446bys9xwqjdhx8bvqdc","1785867650752","1787579310228","3-2-addition-subtraction-and-scalar-multiplication-of-matrices","{""blockIndex"":80,""chapterNumber"":3,""subjectSlug"":""maths-10""}","published",,"3.2 Addition, Subtraction and Scalar Multiplication of Matrices","ms7eesdvszwgrptn7hb4hw45218bvtz8","1787579310228","20685",
"maths-10","03-matrices-and-determinants","Matrices and Determinants","3-3-multiplicative-inverse-of-a-matrix","3.3 Multiplicative Inverse of a Matrix","1785867650752.723","kx7a59zyaac95v8cnn1yw7ye658bvcqv","1785867650752","1787579310228","3-3-multiplicative-inverse-of-a-matrix","{""blockIndex"":172,""chapterNumber"":3,""subjectSlug"":""maths-10""}","published",,"3.3 Multiplicative Inverse of a Matrix","ms743cdde84s5b749rae60dht58bt1ey","1787579310228","17568",
"maths-10","03-matrices-and-determinants","Matrices and Determinants","3-4-applications-of-matrices","3.4 Applications of Matrices","1785867650752.728","kx7bgpdjf066djretdsayh6bas8bvpfm","1785867650752","1787579310228","3-4-applications-of-matrices","{""blockIndex"":249,""chapterNumber"":3,""subjectSlug"":""maths-10""}","published",,"3.4 Applications of Matrices","ms782rc9fpd8qhqwgay3kmhbt18bt52p","1787579310228","7181",
"maths-10","04-linear-and-quadratic-inequalities","Linear and Quadratic Inequalities","4-1-inequalities-in-one-variable","4.1 Inequalities in One Variable","1785867656623.7422","kx78k466441eqd722mqsmjrs798bvybv","1785867656623","1787579310228","4-1-after-studying-this-unit-students-will-be-able-to","{""blockIndex"":0,""chapterNumber"":4,""subjectSlug"":""maths-10""}","published",,"4.1 After studying this unit students will be able to:","ms7aq2syv5xkxv062dscggmsyd8bt51y","1787579310228","7224",
"maths-10","04-linear-and-quadratic-inequalities","Linear and Quadratic Inequalities","4-2-solving-system-of-linear-inequalities","4.2 Solving System of Linear Inequalities","1785867656623.7449","kx739dfshtmht3886bhg40c22n8bvx3t","1785867656623","1787579310228","4-2-solving-system-of-linear-inequalities","{""blockIndex"":61,""chapterNumber"":4,""subjectSlug"":""maths-10""}","published",,"4.2 Solving System of Linear Inequalities","ms78mmb7t2vhpdcaes7g7mpzqx8bvq1f","1787956794636","13263",
"maths-10","05-algebraic-fractions","Algebraic Fractions","5-1-algebraic-expressions-1","5.1 Algebraic Expressions","1789522768302.5977","kx72k6a172cjw1qk7ymw73k4cs8eg8vf","1789522768302","1789522768302","5-1-algebraic-expressions-1",,"published",,"5.1 Algebraic Expressions","ms72m399038399yn13gz2t3bcs8eg7zn","1789522768302","731",
"maths-10","05-algebraic-fractions","Algebraic Fractions","5-2-kinds-of-algebraic-expressions","5.2 Kinds of Algebraic Expressions","1789522770903.9236","kx754jx4qys356xm9gvezx61318eh5kr","1789522770903","1789522770903","5-2-kinds-of-algebraic-expressions",,"published",,"5.2 Kinds of Algebraic Expressions","ms77q58bh846p3z2hmrk4p00ah8ehmc9","1789522770903","5984",
"maths-10","05-algebraic-fractions","Algebraic Fractions","5-3-evaluation-of-algebraic-expressions","5.3 Evaluation of Algebraic Expressions","1789522773304.4773","kx72x43fwdgb1t0v1kwhyafwrn8egnpn","1789522773304","1789522773304","5-3-evaluation-of-algebraic-expressions",,"published",,"5.3 Evaluation of Algebraic Expressions","ms72j1btf54fvr7j86z1vbr2418egmaa","1789522773304","3337",
"maths-10","05-algebraic-fractions","Algebraic Fractions","5-4-basic-operations-on-algebraic-fractions","5.4 Basic Operations on Algebraic Fractions","1789522775903.247","kx71fx7n5exjd7005rav0mfqc98egtkd","1789522775903","1789522775903","5-4-basic-operations-on-algebraic-fractions",,"published",,"5.4 Basic Operations on Algebraic Fractions","ms7bfqdyzaggegfadb1w03wv1s8ehw3y","1789522775903","7104",
"maths-10","05-algebraic-fractions","Algebraic Fractions","5-5-solving-rational-equations","5.5 Solving Rational Equations","1789522778538.3904","kx73jxa3pqybry2xc634mh9rjs8eh73c","1789522778538","1789522778538","5-5-solving-rational-equations",,"published",,"5.5 Solving Rational Equations","ms77nwfhnf0pvdaj1cs2het3bd8eg9gq","1789522778538","4741",
"maths-10","06-functions-and-graphs","Functions and Graphs","6-1-function","6.1 Function","1785867656623.758","kx7e4tmtbvhf02a5rsrzb63fqx8btm76","1785867656623","1787579310228","6-1-after-studying-this-unit-students-will-be-able-to",,"published",,"6.1 After studying this unit students will be able to:","ms775fstx6k284hvvmgnaty02d8bvze1","1787579310228","11297",
"maths-10","06-functions-and-graphs","Functions and Graphs","6-2-operations-on-functions","6.2 Operations on Functions","1785867662585.4292","kx7650z4g3589aqn89t4swk8cx8bvwvp","1785867662585","1787579310228","6-2-operations-on-functions",,"published",,"6.2 Operations on Functions","ms76b0vzqcqd1bqztp9e0tp0ss8bt3f2","1787579310228","5931",
"maths-10","06-functions-and-graphs","Functions and Graphs","6-3-graphs-of-some-algebraic-functions","6.3 Graphs of Some Algebraic Functions","1785867662585.4312","kx7edrqn039tpxftnccdx2b6zn8btce6","1785867662585","1787579310228","6-3-graphs-of-some-algebraic-functions",,"published",,"6.3 Graphs of Some Algebraic Functions","ms7cj2144hr9pe51ee49hvz48s8bvant","1787579310228","21134",
"maths-10","07-vectors-in-plane","Vectors in Plane","7-1-introduction-of-vectors","7.1 Introduction of Vectors","1785867668108.773","kx70h9takafeyhkmj6aat3w5mn8bvqtd","1785867668108","1787579310228","7-1-after-studying-this-unit-students-will-be-able-to",,"published",,"7.1 After studying this unit students will be able to:","ms7fk0r9x4p44j9zp5gxw136y18bvbwx","1787579310228","29825",
"maths-10","07-vectors-in-plane","Vectors in Plane","7-2-ratio-formula-for-finding-position-vector-of-a-point-on-a-vector","7.2 Ratio Formula for Finding Position Vector of a Point on a Vector","1785867668108.791","kx7aw4vbgt295r7y4e43akmsqx8bt9nq","1785867668108","1787579310228","7-2-ratio-formula-for-finding-position-vector-of-a-point-on-a-vector",,"published",,"7.2 Ratio Formula for Finding Position Vector of a Point on a Vector","ms74h5s64q1m783q33sn9bf3gs8bvfen","1787579310228","10201",
"maths-10","08-application-of-trigonometry","Application of Trigonometry","8-1-trigonometric-ratios","8.1 Trigonometric Ratios","1785867668108.795","kx773k6jjkeatnb85qqw4b84gd8btxbd","1785867668108","1787579310228","8-1-after-studying-this-unit-students-will-be-able-to",,"published",,"8.1 After studying this unit students will be able to:","ms7ezav7r6bk2g2menytv6pdz98bt7w3","1787579310228","7106",
"maths-10","08-application-of-trigonometry","Application of Trigonometry","8-2-solution-of-right-angled-triangles","8.2 Solution of Right Angled Triangles","1785867668108.7983","kx73h5w73bm4wg5zerec9m6w1x8bvc7g","1785867668108","1787579310228","8-2-solution-of-right-angled-triangles",,"published",,"8.2 Solution of Right Angled Triangles","ms7earwagkbdg4hmda6623v6f58bv414","1787579310228","4626",
"maths-10","08-application-of-trigonometry","Application of Trigonometry","8-3-oblique-triangles","8.3 Oblique Triangles","1785867674348.8147","kx708q8f12t815wm92p5tca4ps8btkfs","1785867674348","1787579310228","8-3-oblique-triangles",,"published",,"8.3 Oblique Triangles","ms7ck3xcb0mq2zvsm5p2d46x5d8bvenb","1787579310228","30337",
"maths-10","08-application-of-trigonometry","Application of Trigonometry","8-4-circles-connected-with-triangles","8.4 Circles Connected with Triangles","1785867674348.8245","kx79xbjp32wecjyartw2amtmwd8bv57f","1785867674348","1787579310228","8-4-circhles-connected-with-triangles",,"published",,"8.4 Circhles Connected with Triangles","ms7a72463221vne9hbcqsb6ytd8bth9h","1787579310228","11926",
"maths-10","09-chord-and-arcs-of-a-circle","Chord and Arcs of a Circle","9-1-chords-of-a-circle","9.1 Chords of a Circle","1785867674348.8296","kx77ras9b3cpe7skp2j5s96t1n8bvvsn","1785867674348","1787579310228","9-1-after-studying-this-unit-students-will-be-able-to",,"published",,"9.1 After studying this unit students will be able to:","ms7dmvj67ny4ayq6e8p5jy6rcs8bv6mv","1787579310228","5659",
"maths-10","09-chord-and-arcs-of-a-circle","Chord and Arcs of a Circle","9-2-theorem-9-4","9.2 Theorem 9.4","1785867680839.439","kx76jw2vxytqfjb529z9ph08sn8bvevn","1785867680839","1787579310228","9-2-theorem-9-4",,"published",,"9.2 Theorem 9.4","ms79hev4gxbzkewa1xdnc13j1s8bt67d","1787579310228","20284",
"maths-10","10-tangents-and-angles-of-a-circle","Tangents and Angles of a Circle","10-1-tangent-to-a-circle-1","10.1 Tangent to a Circle","1789522874760.4055","kx71akac918f25bnaq8r2yd9f58ega32","1789522874760","1789522874760","10-1-tangent-to-a-circle-1",,"published",,"10.1 Tangent to a Circle","ms77sx51d26xb5r84endgpyhe18ehswy","1789522874760","9096",
"maths-10","10-tangents-and-angles-of-a-circle","Tangents and Angles of a Circle","10-2-angle-in-a-segment-of-a-circle","10.2 Angle in a Segment of a Circle","1789522877615.0295","kx76207wvzdbby5rnnpdx04ad98eg2xc","1789522877615","1789522877615","10-2-angle-in-a-segment-of-a-circle",,"published",,"10.2 Angle in a Segment of a Circle","ms7fry7bjps6h1ej0fsgjzq3md8eh56q","1789522877615","3832",
"maths-10","10-tangents-and-angles-of-a-circle","Tangents and Angles of a Circle","10-3-cyclic-quadrilateral","10.3 Cyclic Quadrilateral","1789522880352.4248","kx79e7hxbfb62bxv2rgw40h3wn8eh5gf","1789522880352","1789522880352","10-3-cyclic-quadrilateral",,"published",,"10.3 Cyclic Quadrilateral","ms77matqyj8npvey0tcrwm0rqs8eh9jf","1789522880352","2215",
"maths-10","11-practical-geometry-of-circles","Practical Geometry of Circles","11-1-construction-of-circles","11.1 Construction of Circles","1785867680839.46","kx76jfqygqa2c0yw7j49qhn73s8bvsra","1785867680839","1787579310228","11-1-after-studying-this-unit-students-will-be-able-to",,"published",,"11.1 After studying this unit students will be able to:","ms768d0cx5vg43vna29y66ardh8btbjn","1787579310228","4639",
"maths-10","11-practical-geometry-of-circles","Practical Geometry of Circles","11-2-tangent-to-the-circle","11.2 Tangent to the Circle","1785867680839.4631","kx73bsy91x9dnv0c3kw7ew3g4s8bv8r1","1785867680839","1787579310228","11-2-tangent-to-the-circle",,"published",,"11.2 Tangent to the Circle","ms7209wrahm36y1993k3xpezt58btsbg","1787579310228","10080",
"maths-10","12-basic-statistics","Basic Statistics","12-1-frequency-distribution","12.1 Frequency Distribution","1785867687931.2754","kx7fq193fmwxxkk40tqfd9hr2x8bt0jp","1785867687931","1787579310228","12-1-after-studying-this-unit-students-will-be-able-to",,"published",,"12.1 After studying this unit students will be able to:","ms7dz05ycg5r09efpwmatwvdvd8btj1y","1787579310228","15888",
"maths-10","12-basic-statistics","Basic Statistics","12-2-the-box-and-whisker-plot-correlation","12.2 The Box and Whisker Plot Correlation","1785867687931.2817","kx7183f6kk0tn8kd6jftzane4n8bt5jb","1785867687931","1787579310228","12-2-the-box-and-whisker-plot-correlation",,"published",,"12.2 The Box and Whisker Plot Correlation","ms71tqvnpsj2sv9ft5brhtqx158bvx3k","1787579310228","15052",
"maths-10","12-basic-statistics","Basic Statistics","12-3-measures-of-dispersion","12.3 Measures of Dispersion","1785867687931.2864","kx7bq9wxp7996g2k59xm5h5jc58btr2h","1785867687931","1787579310228","12-3-measures-of-dispersion",,"published",,"12.3 Measures of Dispersion","ms78v2g3rnhmgcdrqevvzv268x8bt7j2","1787579310228","9773",
"maths-10","12-basic-statistics","Basic Statistics","12-4-probability","12.4 Probability","1785867693914.266","kx7405fmf80evdvst7j2693bbx8bv817","1785867693914","1787579310228","12-4-probability",,"published",,"12.4 Probability","ms72r7az532356xy78qd696e8d8bv45f","1787579310228","23135",
"pak-studies-10","01-society-and-culture-of-pakistan","Society and Culture of Pakistan","1-1-culture-and-cultural-diversity-of-pakistan","1.1 Culture and Cultural Diversity of Pakistan","1785868286048.4631","kx7c39pw05kmst56kwycxvgsjx8bvhpn","1785868286048","1787579314916","1-1-culture-and-cultural-diversity-of-pakistan","{""blockIndex"":4,""chapterNumber"":1,""subjectSlug"":""pak-studies-10""}","published","Convert the raw 'Expand Your Horizon' textbook heading to a proper SideActivity, rejoin an orphaned 'Sajiji' caption fragment that split a sentence, wrap the orphaned Chilam Joshi caption/heading as a SideActivity, and fix a duplicated phrase and minor grammar.","1.1 Culture and Cultural Diversity of Pakistan","ms7702a3k149qrkxda7s8s00k18bt86f","1788786304353","9587",
"pak-studies-10","01-society-and-culture-of-pakistan","Society and Culture of Pakistan","1-2-folklore-and-drama-in-pakistani-society","1.2 Folklore and Drama in Pakistani Society","1785868286048.4675","kx7ar0zjbh479wapbdctpf1qv18bv91k","1785868286048","1787579314916","1-2-folklore-and-drama-in-pakistani-society","{""blockIndex"":45,""chapterNumber"":1,""page"":9,""subjectSlug"":""pak-studies-10""}","published","Folklore and drama in Pakistani society, including their origins, development, and cultural influence.","1.2 Folklore and Drama in Pakistani Society","ms7d6y84j2zsze5r7jrab1j4zn8bt1xa","1788786296957","10336",
"pak-studies-10","01-society-and-culture-of-pakistan","Society and Culture of Pakistan","1-3-social-dynamics-and-mystical-orders-of-pakistan","1.3 Social Dynamics and Mystical Orders of Pakistan","1785868286048.4717","kx7bzpb8ryhb52n97znahtv2tx8btfdg","1785868286048","1787579314916","1-3-social-dynamics-and-mystical-orders-of-pakistan","{""blockIndex"":76,""chapterNumber"":1,""page"":13,""subjectSlug"":""pak-studies-10""}","published","Women, feudalism, tribalism, social stratification, and mystical orders in Pakistani society.","1.3 Social Dynamics and Mystical Orders of Pakistan","ms72j4wsx2vcwzp2zsw71mqqen8bv9jq","1788185664187","12962",
"pak-studies-10","02-recreation-sports","Recreation - Sports","2-1-leisure-activities-and-their-importance","2.1 Leisure Activities and Their Importance","1785868286048.4749","kx7fwrfm3cz7tddk72962kbp1d8bt111","1785868286048","1787579314916","2-1-leisure-activities-and-their-importance","{""blockIndex"":6,""chapterNumber"":2,""page"":23,""subjectSlug"":""pak-studies-10""}","published","Leisure activities in Pakistan and their physical, psychological, social, and cultural benefits.","2.1 Leisure Activities and Their Importance","ms7ap3d7psdkp226s7ndkx9yc58bt6j5","1788786297932","10697",
"pak-studies-10","02-recreation-sports","Recreation - Sports","2-2-sports-in-pakistan-traditional-national-and-international-games","2.2 Sports in Pakistan: Traditional, National and International Games","1785868286048.4778","kx7atcp1a73wrhd8mzxhm8zn5x8btvmn","1785868286048","1787579314916","2-2-sports-in-pakistan-traditional-national-and-international-games","{""blockIndex"":31,""chapterNumber"":2,""page"":27,""subjectSlug"":""pak-studies-10""}","published","Traditional, national, and international sports in Pakistan and their contribution to health, unity, and national pride.","2.2 Sports in Pakistan: Traditional, National and International Games","ms7fw7v4t9jk65k3b6x8tkrvvn8btk08","1788786297121","16091",
"pak-studies-10","03-constitutional-development","Constitutional Development","3-1-background-to-constitution-making-1947-1954","3.1 Background to Constitution-Making (1947-1954)","1785868286048.4817","kx7fh4be9z0m4k1ybmz0mfj3jx8bv2n4","1785868286048","1787579314916","3-1-background-to-constitution-making-1947-1954","{""blockIndex"":115,""chapterNumber"":3,""page"":44,""subjectSlug"":""pak-studies-10""}","published","Reassemble a scrambled Learning Activity block (its three numbered instructions and an orphaned image caption had been interleaved mid-sentence into the base narrative and a data table), wrap 'Did You Know'/'Expand Your Horizon' as SideActivity, and fix an OCR heading typo.","3.1 Background to Constitution-Making (1947-1954)","ms73j1w9b7sy2ja1ksqhft5qb98bv7jt","1788786304476","9540",
"pak-studies-10","03-constitutional-development","Constitutional Development","3-2-the-objectives-resolution","3.2 The Objectives Resolution","1785868291206.775","kx75nhjnv5x45ndqm56yctmdhx8bvtk7","1785868291206","1787579314916","3-2-the-objectives-resolution","{""blockIndex"":77,""chapterNumber"":3,""page"":38,""subjectSlug"":""pak-studies-10""}","published","Fix a duplicated section heading (a 'Sovereignty of the state...' sentence had leaked into the prior 'Freedom of Judiciary' section as a plain line, immediately before its own proper heading), and rejoin an orphaned one-line definition ('Constitution is a body of fundamental principles...') that had split the Importance of Objectives Resolution bullet list into two disconnected bullet runs.","3.2 The Objectives Resolution","ms751hfeayj9a65q042v331tx18bvj2m","1788797043100","3821",
"pak-studies-10","03-constitutional-development","Constitutional Development","3-3-constitutions-of-1956-1962-and-1973","3.3 Constitutions of 1956, 1962 and 1973","1785868291206.778","kx76q3swtmyg1negkdrfgkp4g18btz1f","1785868291206","1787579314916","3-3-constitutions-of-1956-1962-and-1973","{""blockIndex"":115,""chapterNumber"":3,""page"":44,""subjectSlug"":""pak-studies-10""}","published","Wrap three raw textbook-box headings (Expand Your Horizon, a garbled 'I,carning Activity:', Note For Teachers) as SideActivity, drop an orphaned photo caption that split a numbered list, fix garbled LaTeX-mode digits ($\mathbf{1 9 5 6}$ -> 1956, etc.), a corrupted Devanagari/placeholder fragment in the Muslim-definition clause, and duplicate '11.' numbering in two lists.","3.3 Constitutions of 1956, 1962 and 1973","ms7fa7tv86xkfjp51vb95w27sx8bvbm0","1788786304612","29394",
"pak-studies-10","04-citizenship-and-sustainable-society","Citizenship and Sustainable Society","4-1-rule-of-law-and-citizenship","4.1 Rule of Law and Citizenship","1785868291206.7822","kx77xt9bsdbygxwxn6m9rmna3h8bvbsy","1785868291206","1787579314916","4-1-rule-of-law-and-citizenship","{""blockIndex"":4,""chapterNumber"":4,""page"":58,""subjectSlug"":""pak-studies-10""}","published","The rule of law, equal treatment, accountability, and citizenship in Pakistan.","4.1 Rule of Law and Citizenship","ms79psb0xsqcq0gxegj9tsrhy18bvh43","1787579314916","7493",
"pak-studies-10","04-citizenship-and-sustainable-society","Citizenship and Sustainable Society","4-2-rights-responsibilities-and-civic-participation","4.2 Rights, Responsibilities and Civic Participation","1785868291206.7847","kx7c2trns5hgngqqe44b80wf158bvwgw","1785868291206","1787579314916","4-2-rights-responsibilities-and-civic-participation","{""blockIndex"":24,""chapterNumber"":4,""page"":62,""subjectSlug"":""pak-studies-10""}","published","Move a 'Note For Teachers:' aside that was interrupting mid-list (between items iv and v of Acquiring Citizenship) into a proper SideActivity after the full list; remove an orphaned 'How Could Volunteering Hepl You?' fragment heading stuck mid-list in Traits of a Citizen; wrap a raw 'Prompt:' heading as SideActivity; clean up three duplicated/malformed tables into one column per table; fix minor OCR typos.","4.2 Rights, Responsibilities and Civic Participation","ms7anj8yk6xvbvf58nmrf9c8cs8btdcx","1788786304873","20654",
"pak-studies-10","04-citizenship-and-sustainable-society","Citizenship and Sustainable Society","4-3-free-press-justice-equality-and-digital-citizenship","4.3 Free Press, Justice, Equality and Digital Citizenship","1785868296851.6057","kx7bz5kqxprw87efq48s3gark18bt85h","1785868296851","1787579314916","4-3-free-press-justice-equality-and-digital-citizenship","{""blockIndex"":2,""chapterNumber"":4,""page"":58,""subjectSlug"":""pak-studies-10""}","published","Free press, justice, equality, and responsible digital citizenship in Pakistan.","4.3 Free Press, Justice, Equality and Digital Citizenship","ms78cq7jxmxckgfapq2hdz8yas8btwas","1788786297237","24376",
"pak-studies-10","05-foreign-policy","Foreign Policy","5-1-foundations-of-pakistan-s-foreign-policy","5.1 Foundations of Pakistan's Foreign Policy","1785868296851.6116","kx7cbqzv89re15gdrfp0qxmpjs8bvagn","1785868296851","1787579314916","5-1-foundations-of-pakistan-s-foreign-policy",,"published","Wrap three raw textbook-box headings (Learning Activity, Activity, Role Play: Diplomacy in Action) as SideActivity, merge a near-duplicated Humanitarian and Development Aid bullet, and fix several OCR typos (resolvie, Gtuided, perace, sovereignity).","5.1 Foundations of Pakistan's Foreign Policy","ms740n430zc20gfzczpng3rarx8bvrsm","1788786304745","13992",
"pak-studies-10","05-foreign-policy","Foreign Policy","5-2-pakistan-s-regional-relations-india-and-china","5.2 Pakistan's Regional Relations: India and China","1785868296851.6172","kx7355v8qhkzwn7sc0k0yc6vtd8bt37e","1785868296851","1787579314916","5-2-pakistan-s-regional-relations-india-and-china",,"published","Pakistan's regional relations with India and China are shaped by geopolitics, security, trade, strategic cooperation, and CPEC, with rivalry and partnership affecting regional stability.","5.2 Pakistan's Regional Relations: India and China","ms722eb76kww5xf3xtgkaaab6n8bvxh0","1788786297764","16377",
"pak-studies-10","05-foreign-policy","Foreign Policy","5-3-pakistan-s-relations-with-afghanistan-iran-the-gulf-and-the-us","5.3 Pakistan's Relations with Afghanistan, Iran, the Gulf and the US","1785868296851.6252","kx70cf1n37tn40gwcgb40scwwn8bv3sc","1785868296851","1787579314916","5-3-pakistan-s-relations-with-afghanistan-iran-the-gulf-and-the-us",,"published","Pakistan's relations with Afghanistan, Iran, Gulf countries, and the United States reflect shared borders, cultural and economic ties, strategic competition, security challenges, and cooperation shaped by regional and global events.","5.3 Pakistan's Relations with Afghanistan, Iran, the Gulf and the US","ms7f2e5v751xc2j224v2z8vk7h8btjw5","1788786297382","11946",
"pak-studies-10","06-pakistan-and-international-organizations","Pakistan and International Organizations","6-1-pakistan-and-the-united-nations","6.1 Pakistan and the United Nations","1785868302176.9885","kx70m089n0w890853kk396mxmh8bt2dn","1785868302177","1787579314916","6-1-pakistan-and-the-united-nations",,"published",,"6.1 Pakistan and the United Nations","ms78zdzxw5aq35cns2hrab68kx8bv65n","1788786297511","20877",
"pak-studies-10","06-pakistan-and-international-organizations","Pakistan and International Organizations","6-2-pakistan-s-role-in-saarc","6.2 Pakistan's Role in SAARC","1785868302176.9949","kx7886t97xzqv8nte0k781rc7h8bvmhs","1785868302177","1787579314916","6-2-pakistan-s-role-in-saarc",,"published",,"6.2 Pakistan's Role in SAARC","ms7avec0kz7xfcgnk02xw4qaeh8bvqg8","1787579314916","8892",
"pak-studies-10","06-pakistan-and-international-organizations","Pakistan and International Organizations","6-3-pakistan-and-the-muslim-world-through-the-oic","6.3 Pakistan and the Muslim World through the OIC","1785868302176.9968","kx757nmts990txdfzzrsb1fa8d8btgar","1785868302177","1787579314916","6-3-pakistan-and-the-muslim-world-through-the-oic",,"published",,"6.3 Pakistan and the Muslim World through the OIC","ms7d81dtra7sdhqb04807tv4es8bt180","1787579314916","7022",
"pak-studies-10","06-pakistan-and-international-organizations","Pakistan and International Organizations","6-4-pakistan-britain-the-commonwealth-and-challenges-to-un-effectiveness","6.4 Pakistan, Britain, the Commonwealth, and Challenges to UN Effectiveness","1785868302176.9988","kx785hrz8krky6kwjdkme3xahn8bvwxp","1785868302177","1787579314916","6-4-pakistan-britain-the-commonwealth-and-challenges-to-un-effectiveness",,"published",,"6.4 Pakistan, Britain, the Commonwealth, and Challenges to UN Effectiveness","ms7fqfhrvntwcwjy7ck9re6wcs8btmap","1788786297630","24867",
"pak-studies-10","06-pakistan-and-international-organizations","Pakistan and International Organizations","6-5-pakistan-s-role-in-eco","6.5 Pakistan's Role in ECO","1785868302177.0059","kx75kehx13ye0a2asbmshj6ghs8bt4cr","1785868302177","1787579314916","6-5-pakistan-s-role-in-eco",,"published",,"6.5 Pakistan's Role in ECO","ms7fhdkvjb2stdvab3h9xjzvzs8btpyz","1787579314916","6539",