subjectSlug,chapterSlug,chapterTitle,topicSlug,topicTitle,_id,correctKeyVerified,examBoard,keyPoints,lastAttempt,locked,marks,modelAnswer,partType,questionKind,questionNumber,session,stem,topicId,year,correctKey,explanation,options,exerciseId,exerciseTitle,origin,sourceRef
"chemistry-12","11-carbonyl-compounds","Carbonyl Compounds","11-1-acidity","11.1 Acidity of Carboxylic Acids","m17ehe9h913ejsrd9yaaknn0e585qjaq","true","Federal Board","[""Trifluoroethanoic acid is stronger due to greater inductive electron-withdrawal by three fluorine atoms"",""Fluorine's high electronegativity withdraws electron density from the carboxyl group"",""Greater electron withdrawal stabilizes the carboxylate anion ($CF_3COO^-$) more effectively"",""Trifluoroethanoic acid has a lower $pK_a$ value than difluoroethanoic acid"",""Stronger stabilization of conjugate base leads to greater ionization and stronger acidity""]",,"false","3","Trifluoroethanoic acid is the stronger acid. This is because fluorine is highly electronegative and withdraws electron density from the carboxyl group through the inductive effect. With three fluorine atoms present in trifluoroethanoic acid compared to two in difluoroethanoic acid, the electron-withdrawing effect is more pronounced, stabilizing the carboxylate anion ($CF_3COO^-$) more effectively. This greater stabilization of the conjugate base makes trifluoroethanoic acid more readily ionize, resulting in a lower $pK_a$ value and therefore greater acid strength.","B","short","22","annual","Which is the stronger acid between difluoroethanoic acid or trifluoroethanoic acid? Give reason.","ms79th4mbdxdzfbegm31deb1ex85p9a1","2025",,,,,,,
"chemistry-12","11-carbonyl-compounds","Carbonyl Compounds","11-1-acidity","11.1 Acidity of Carboxylic Acids","m17ehkzxnm8xhj1c6tcpyc5jyh85qts6","true","Federal Board","[""Carboxylic acids: Carboxylate ion (RCOO⁻) has two equivalent resonance structures with negative charge delocalized between two oxygen atoms, providing maximum stabilization and strongest acidity"",""Phenols: Phenoxide ion (C₆H₅O⁻) has resonance structures with negative charge delocalized across the benzene ring through π-electrons, providing moderate stabilization and intermediate acidity"",""Alcohols: Alkoxide ion (RO⁻) has no resonance structures; negative charge remains localized on oxygen with no delocalization, providing no stabilization and weakest acidity"",""Stability of conjugate base directly determines acid strength: more stable conjugate base = stronger acid"",""Resonance delocalization of negative charge is the key factor determining relative acidic strengths""]",,"false","7","The order of acidic strength RCOOH > Phenol > Alcohol is explained by the stability of their conjugate bases through resonance structures. Carboxylic acids are strongest because the carboxylate ion (RCOO⁻) has two equivalent resonance structures where the negative charge is delocalized between two oxygen atoms, providing maximum stabilization. Phenols are moderately acidic because the phenoxide ion (C₆H₅O⁻) has resonance structures where the negative charge is delocalized across the benzene ring through the π-electron system, stabilizing the conjugate base. Alcohols are weakest because the alkoxide ion (RO⁻) has no resonance stabilization, the negative charge remains localized on the single oxygen atom with no delocalization possible. Greater stabilization of the conjugate base corresponds to stronger acidity, making carboxylic acids most acidic and alcohols least acidic.","C","long","7","annual","By providing resonance structures of their conjugate bases, explain why the order of acidic strength is: $RCOOH > Phenol > Alcohol$","ms79th4mbdxdzfbegm31deb1ex85p9a1","2025",,,,,,,
"chemistry-12","11-carbonyl-compounds","Carbonyl Compounds","11-1-acidity","11.1 Acidity of Carboxylic Acids","m17f3fg61ttngt5arbyzp7bv6d85p076","true","Federal Board","[""Phenoxide ion is stabilized by resonance delocalization of negative charge into the benzene ring"",""Alkoxide ions from alcohols cannot undergo resonance stabilization"",""Greater stability of conjugate base (phenoxide) favors ionization, making phenol more acidic"",""Phenol has lower pKₐ (~10) than alcohols (pKₐ ~15-16), indicating stronger acidity"",""Resonance structures distribute the negative charge over multiple atoms in the aromatic system""]",,"false","3","Phenol is more acidic than alcohols because the phenoxide ion (C₆H₅O⁻) formed after ionization is stabilized by resonance delocalization of the negative charge into the aromatic ring. In contrast, the alkoxide ion (RO⁻) from alcohols lacks this resonance stabilization. The delocalized negative charge in the phenoxide ion makes it more stable, favoring ionization and resulting in a lower pKₐ value (~10) compared to alcohols (~15-16).","B","short","12","annual","Why is phenol more acidic than alcohols?","ms79th4mbdxdzfbegm31deb1ex85p9a1","2022",,,,,,,
"chemistry-12","11-carbonyl-compounds","Carbonyl Compounds","11-1-acidity","11.1 Acidity of Carboxylic Acids","m175t7ebxqy8t5jzzb1600nm7d85qnga","true","Federal Board","[""Carboxylic acids strongest: pKa ~5, carboxylate ion stabilized by resonance"",""Phenols intermediate: pKa ~10, phenoxide ion stabilized by aromatic resonance"",""Alcohols weakest: pKa ~15-16, alkoxide ion poorly stabilized"",""Lower pKa indicates stronger acid (greater ionization)"",""Order: RCOOH > ArOH > ROH based on conjugate base stability""]",,"false","1","The correct order of acidic strength is: **Carboxylic acids > Phenols > Alcohols**. Carboxylic acids are the strongest (pKa ≈ 5) due to resonance stabilization of the carboxylate ion. Phenols are weakly acidic (pKa ≈ 10) with acidic hydrogen on the benzene ring. Alcohols are the weakest (pKa ≈ 15-16) as they lack significant stabilization of the alkoxide ion.","MCQ","mcq","11","annual","Identify the correct order of acidic strength of carboxylic acids, phenols and alcohols.","ms79th4mbdxdzfbegm31deb1ex85p9a1","2022","A","The correct order of acidic strength is: **Carboxylic acids > Phenols > Alcohols**. Carboxylic acids are the strongest (pKa ≈ 5) due to resonance stabilization of the carboxylate ion. Phenols are weakly acidic (pKa ≈ 10) with acidic hydrogen on the benzene ring. Alcohols are the weakest (pKa ≈ 15-16) as they lack significant stabilization of the alkoxide ion.","[{""key"":""A"",""text"":""$R-COOH > C_6H_5-OH > R-OH$""},{""key"":""B"",""text"":""$R-OH > R-COOH > C_6H_5-OH$""},{""key"":""C"",""text"":""$C_6H_5-OH > R-OH > R-COOH$""},{""key"":""D"",""text"":""$CH_3-OH > R-OH > C_6H_5-OH$""}]",,,,
"chemistry-12","11-carbonyl-compounds","Carbonyl Compounds","11-1-acidity","11.1 Acidity of Carboxylic Acids","m17f50nh5zyxdmr9mewp7e64h585pr4h","true","Federal Board","[""Terminal alkynes contain an acidic hydrogen atom bonded to the sp-hybridized carbon of the triple bond"",""The hydrogen in terminal alkynes can be removed as H⁺, forming carbanions stabilized by the sp-hybridized carbon"",""Internal alkynes (with no terminal hydrogen) are not acidic"",""Terminal alkynes react with strong bases and certain metal compounds to form salts"",""The acidity of terminal alkynes is due to the high electronegativity and s-character of sp-hybridized carbon""]",,"false","1","Terminal alkynes (alkynes with a hydrogen atom bonded to the triple bond carbon) are acidic in nature. Examples include ethyne (HC≡CH) and propyne (HC≡C-CH₃). These compounds can donate a proton from the terminal alkyne hydrogen, making them weakly acidic with a pKa around 25, which is much more acidic than alkanes or alkenes.","MCQ","mcq","15","annual","Which of the following alkynes is acidic in nature?","ms79th4mbdxdzfbegm31deb1ex85p9a1","2023","C","Terminal alkynes (alkynes with a hydrogen atom bonded to the triple bond carbon) are acidic in nature. Examples include ethyne (HC≡CH) and propyne (HC≡C-CH₃). These compounds can donate a proton from the terminal alkyne hydrogen, making them weakly acidic with a pKa around 25, which is much more acidic than alkanes or alkenes.","[{""key"":""A"",""text"":""1-Butyne""},{""key"":""B"",""text"":""2-Butyne""},{""key"":""C"",""text"":""2-Pentyne""},{""key"":""D"",""text"":""3-Hexyne""}]",,,,
"chemistry-12","11-carbonyl-compounds","Carbonyl Compounds","11-1-acidity","11.1 Acidity of Carboxylic Acids","m170x1gjqxsvfn4q53mfxkjexs8dyby2",,,,,"false",,,"MCQ","mcq","iv",,"In terms of acidity, which of the following is the most acidic?","ms79th4mbdxdzfbegm31deb1ex85p9a1",,,,"[{""key"":""A"",""text"":""Methanol""},{""key"":""B"",""text"":""Phenol""},{""key"":""C"",""text"":""Formic acid""},{""key"":""D"",""text"":""Benzoic acid""}]","xd72dyczys645fkfpp55jkdcph8dy774","Multiple Choice Questions (MCQs)","exercise","{""blockIndex"":1,""chapterNumber"":11,""page"":197,""subjectSlug"":""chemistry-12""}"
"chemistry-12","11-carbonyl-compounds","Carbonyl Compounds","11-1-acidity","11.1 Acidity of Carboxylic Acids","m178jh7rjs770wvgm5hap4v6y18dyc0c",,,,,"false",,,"MCQ","mcq","ix",,"The relative acidity of chlorinated carboxylic acids is primarily due to:","ms79th4mbdxdzfbegm31deb1ex85p9a1",,,,"[{""key"":""A"",""text"":""Increased stability of the conjugate base.""},{""key"":""B"",""text"":""Electron-donating effects of the chlorine atom.""},{""key"":""C"",""text"":""Lowering of the carboxylate $\\mathrm{pK}_{\\mathrm{a}}$.""},{""key"":""D"",""text"":""Increased electron density around the carbonyl group.""}]","xd72dyczys645fkfpp55jkdcph8dy774","Multiple Choice Questions (MCQs)","exercise","{""blockIndex"":2,""chapterNumber"":11,""page"":197,""subjectSlug"":""chemistry-12""}"
"chemistry-12","11-carbonyl-compounds","Carbonyl Compounds","11-1-acidity","11.1 Acidity of Carboxylic Acids","m17dwhy8dsfrkrqgk081rqk53h8dzndd",,,,,"false",,,,"short","vi",,"Explain the influence of chlorine substitution on the acidity of carboxylic acids.","ms79th4mbdxdzfbegm31deb1ex85p9a1",,,,,"xd77eqya08975qpf1k1hk58fph8dyywq","Short Answer Questions","exercise","{""blockIndex"":7,""chapterNumber"":11,""page"":197,""subjectSlug"":""chemistry-12""}"
"chemistry-12","11-carbonyl-compounds","Carbonyl Compounds","11-2-preparation-of-benzoic-acids","11.2 Preparation of Benzoic Acid and Further Oxidation of Carboxylic Acids","m1764k1xdw9j1zehr3dbe7020585ps2c","false","Federal Board","[""Correct identification of but-2-yne as the alkyne substrate"",""Ozonolysis mechanism: ozone addition to triple bond forming molozonide"",""Oxidative workup step (H₂O₂ or similar oxidizing agent) converting aldehydes to carboxylic acids"",""Balanced equation showing 1 mole alkyne producing 2 moles acetic acid (CH₃COOH)"",""Recognition that symmetrical alkyne is required to produce two identical acetic acid molecules""]",,"false","3","Ozonolysis of but-2-yne (CH₃-C≡C-CH₃) followed by oxidative workup produces two molecules of acetic acid. The reaction proceeds through formation of a molozonide intermediate, which rearranges to an ozonide and is subsequently oxidized by hydrogen peroxide or another oxidizing agent to yield the carboxylic acid products.

**Chemical Equation:**

$$CH_3-C\equiv C-CH_3 + O_3 \xrightarrow{1. \text{O}_3} \text{molozonide} \xrightarrow{2. H_2O_2} 2 CH_3COOH$$

Or in complete form:

$$CH_3-C\equiv C-CH_3 + O_3 + H_2O_2 \rightarrow 2 CH_3COOH + O_2$$

The symmetrical alkyne (but-2-yne) is essential because it produces identical carboxylic acid fragments upon cleavage of the triple bond. The ozone adds across the triple bond, and oxidative workup converts the carbonyl intermediates to carboxylic acids.","B","short","18","annual","Provide the chemical equation to illustrate how ozonolysis of an alkyne can be used to prepare two molecules of acetic acid.","ms73y5m0mrxfcns73ftpnqga0x85pc96","2025",,,,,,,
"chemistry-12","11-carbonyl-compounds","Carbonyl Compounds","11-2-preparation-of-benzoic-acids","11.2 Preparation of Benzoic Acid and Further Oxidation of Carboxylic Acids","m178hs3tnr1g2n0jddy3x0n15d85p2mz","true","Federal Board","[""Grignard reagent reacts with $CO_2$ followed by acidification to form carboxylic acid"",""Nitrile undergoes acid hydrolysis with dilute acid under heat to break $C\\equiv N$ bond"",""Primary alcohol is oxidized using strong oxidizing agents like acidified $KMnO_4$ or $K_2Cr_2O_7$"",""All three methods produce $CH_3COOH$ with correct reagents and conditions"",""Understanding of functional group transformations and reaction mechanisms""]",,"false","3","**a. From a Grignard reagent:** A Grignard reagent (RMgX) reacts with carbon dioxide ($CO_2$) followed by acidification with dilute acid to form a carboxylic acid. For acetic acid: $CH_3MgX + CO_2 \rightarrow CH_3CO_2^-MgX^+ \xrightarrow{H_3O^+} CH_3COOH$

**b. From a nitrile:** Acetonitrile ($CH_3C\equiv N$) is hydrolyzed by heating with dilute acid (e.g., dilute $HCl$ or $H_2SO_4$). The $C\equiv N$ triple bond is broken and water is added, forming acetic acid: $CH_3C\equiv N + H_2O \xrightarrow{\text{dilute acid, heat}} CH_3COOH + NH_4^+$

**c. From an alcohol:** Ethanol ($CH_3CH_2OH$) is oxidized using an oxidizing agent such as acidified potassium permanganate ($KMnO_4/H^+$) or acidified potassium dichromate ($K_2Cr_2O_7/H^+$). The primary alcohol is first oxidized to acetaldehyde, then further oxidized to acetic acid: $CH_3CH_2OH \xrightarrow{\text{oxidation}} CH_3COOH$","B","short","15","annual","How can $CH_3COOH$ be prepared from:
a. A Grignard reagent
b. A Nitrile
c. An Alcohol","ms73y5m0mrxfcns73ftpnqga0x85pc96","2022",,,,,,,
"chemistry-12","11-carbonyl-compounds","Carbonyl Compounds","11-2-preparation-of-benzoic-acids","11.2 Preparation of Benzoic Acid and Further Oxidation of Carboxylic Acids","m1737688kbg63kej9maakc4rcs85q7yd","false","Federal Board","[""Grignard reagent reacts with carbon dioxide (CO₂)"",""Formation of carboxylate salt intermediate (RCOOMgX)"",""Aqueous acid workup produces carboxylic acid (RCOOH)"",""General reaction: RMgX + CO₂ → RCOOH""]",,"false","1","Carboxylic acids can be prepared by the reactions of Grignard reagent with carbon dioxide (CO₂). The Grignard reagent (RMgX) attacks the electrophilic carbon of CO₂, followed by aqueous acid workup to yield the carboxylic acid (RCOOH).","MCQ","unclassified","4","annual","Carboxylic acids can be prepared by the reactions of Grignard reagent with:","ms73y5m0mrxfcns73ftpnqga0x85pc96","2023","A","Carboxylic acids can be prepared by the reactions of Grignard reagent with carbon dioxide (CO₂). The Grignard reagent (RMgX) attacks the electrophilic carbon of CO₂, followed by aqueous acid workup to yield the carboxylic acid (RCOOH).","[{""key"":""A"",""text"":""Oxygen""},{""key"":""B"",""text"":""Nitrogen""},{""key"":""C"",""text"":""Carbon dioxide""},{""key"":""D"",""text"":""Formaldehyde""}]",,,,
"chemistry-12","11-carbonyl-compounds","Carbonyl Compounds","11-2-preparation-of-benzoic-acids","11.2 Preparation of Benzoic Acid and Further Oxidation of Carboxylic Acids","m17892t5t1a3mb620hdttn3qg98dy5jh",,,,,"false",,,"MCQ","mcq","i",,"Which reagent would you use to convert toluene to benzoic acid?","ms73y5m0mrxfcns73ftpnqga0x85pc96",,,,"[{""key"":""A"",""text"":""$\\mathrm{KMnO}_{4}$ and dilute acid""},{""key"":""B"",""text"":""Fehling's solution""},{""key"":""C"",""text"":""$\\mathrm{PCl}_{5}$""},{""key"":""D"",""text"":""$\\mathrm{SOCl}_{2}$""}]","xd72dyczys645fkfpp55jkdcph8dy774","Multiple Choice Questions (MCQs)","exercise","{""blockIndex"":1,""chapterNumber"":11,""page"":197,""subjectSlug"":""chemistry-12""}"
"chemistry-12","11-carbonyl-compounds","Carbonyl Compounds","11-2-preparation-of-benzoic-acids","11.2 Preparation of Benzoic Acid and Further Oxidation of Carboxylic Acids","m1729er5qq2bgp3s63g65sjgr58dyx5q",,,,,"false",,,"MCQ","mcq","ii",,"What is the main product of the reaction between acetic acid and $\mathrm{PCl}_{5}$ ?","ms73y5m0mrxfcns73ftpnqga0x85pc96",,,,"[{""key"":""A"",""text"":""Ethyl acetate""},{""key"":""B"",""text"":""Acetyl chloride""},{""key"":""C"",""text"":""Acetic anhydride""},{""key"":""D"",""text"":""Acetone""}]","xd72dyczys645fkfpp55jkdcph8dy774","Multiple Choice Questions (MCQs)","exercise","{""blockIndex"":1,""chapterNumber"":11,""page"":197,""subjectSlug"":""chemistry-12""}"
"chemistry-12","11-carbonyl-compounds","Carbonyl Compounds","11-2-preparation-of-benzoic-acids","11.2 Preparation of Benzoic Acid and Further Oxidation of Carboxylic Acids","m1736j3d02k6kmep2jp2e2484h8dynhr",,,,,"false",,,"MCQ","mcq","iii",,"Which of the following is a strong oxidizing agent for the oxidation of methanoic acid?","ms73y5m0mrxfcns73ftpnqga0x85pc96",,,,"[{""key"":""A"",""text"":""$\\mathrm{PCl}_{5}$""},{""key"":""B"",""text"":""$\\mathrm{SOCl}_{2}$""},{""key"":""C"",""text"":""$\\mathbf{K M n O}_{\\mathbf{4}}$""},{""key"":""D"",""text"":""$\\mathrm{PCl}_{3}$""}]","xd72dyczys645fkfpp55jkdcph8dy774","Multiple Choice Questions (MCQs)","exercise","{""blockIndex"":1,""chapterNumber"":11,""page"":197,""subjectSlug"":""chemistry-12""}"
"chemistry-12","11-carbonyl-compounds","Carbonyl Compounds","11-2-preparation-of-benzoic-acids","11.2 Preparation of Benzoic Acid and Further Oxidation of Carboxylic Acids","m17enadartxszf5v3p94tesr1x8dyvst",,,,,"false",,,"MCQ","mcq","viii",,"When formic acid is oxidized, which of the following is formed?","ms73y5m0mrxfcns73ftpnqga0x85pc96",,,,"[{""key"":""A"",""text"":""Water only""},{""key"":""B"",""text"":""Carbon dioxide only""},{""key"":""C"",""text"":""Methanol only""},{""key"":""D"",""text"":""Water and carbon dioxide""}]","xd72dyczys645fkfpp55jkdcph8dy774","Multiple Choice Questions (MCQs)","exercise","{""blockIndex"":2,""chapterNumber"":11,""page"":197,""subjectSlug"":""chemistry-12""}"
"chemistry-12","11-carbonyl-compounds","Carbonyl Compounds","11-2-preparation-of-benzoic-acids","11.2 Preparation of Benzoic Acid and Further Oxidation of Carboxylic Acids","m177gaaar2fsvv57tmkxq84hyd8dz4g2",,,,,"false",,,"MCQ","mcq","xiv",,"What is the major difference in the oxidation products of ethanedioic acid and methanoic acid when treated with warm acidified $\mathrm{KMnO}_{4}$ ?","ms73y5m0mrxfcns73ftpnqga0x85pc96",,,,"[{""key"":""A"",""text"":""Ethanedioic acid produces carbon dioxide, while methanoic acid produces formaldehyde.""},{""key"":""B"",""text"":""Ethanedioic acid produces carbon monoxide, while methanoic acid produces carbon dioxide and water.""},{""key"":""C"",""text"":""Ethanedioic acid produces carbon dioxide, while methanoic acid produces carbon dioxide and water.""},{""key"":""D"",""text"":""Ethanedioic acid produces acetic acid, while methanoic acid produces carbon dioxide.""}]","xd72dyczys645fkfpp55jkdcph8dy774","Multiple Choice Questions (MCQs)","exercise","{""blockIndex"":5,""chapterNumber"":11,""page"":197,""subjectSlug"":""chemistry-12""}"
"chemistry-12","11-carbonyl-compounds","Carbonyl Compounds","11-2-preparation-of-benzoic-acids","11.2 Preparation of Benzoic Acid and Further Oxidation of Carboxylic Acids","m17fz0a1mf3sh8r3hw3xbr5ma18dznax",,,,,"false",,,,"short","i",,"Write the equation for the reaction of acetic acid with $\mathrm{SOCl}_{2}$.","ms73y5m0mrxfcns73ftpnqga0x85pc96",,,,,"xd77eqya08975qpf1k1hk58fph8dyywq","Short Answer Questions","exercise","{""blockIndex"":7,""chapterNumber"":11,""page"":197,""subjectSlug"":""chemistry-12""}"
"chemistry-12","11-carbonyl-compounds","Carbonyl Compounds","11-2-preparation-of-benzoic-acids","11.2 Preparation of Benzoic Acid and Further Oxidation of Carboxylic Acids","m171kex5d8px3xf03t6tq2kb958dysv9",,,,,"false",,,,"short","ii",,"Explain why methanoic acid can be oxidized while other carboxylic acids cannot.","ms73y5m0mrxfcns73ftpnqga0x85pc96",,,,,"xd77eqya08975qpf1k1hk58fph8dyywq","Short Answer Questions","exercise","{""blockIndex"":7,""chapterNumber"":11,""page"":197,""subjectSlug"":""chemistry-12""}"
"chemistry-12","11-carbonyl-compounds","Carbonyl Compounds","11-2-preparation-of-benzoic-acids","11.2 Preparation of Benzoic Acid and Further Oxidation of Carboxylic Acids","m17b8b9xej6dctdmj4qqkzbtnx8dz3e7",,,,,"false",,,,"short","iii",,"What products are formed when ethanedioic acid is oxidized with warm acidified $\mathrm{KMnO}_{4}$ ?","ms73y5m0mrxfcns73ftpnqga0x85pc96",,,,,"xd77eqya08975qpf1k1hk58fph8dyywq","Short Answer Questions","exercise","{""blockIndex"":7,""chapterNumber"":11,""page"":197,""subjectSlug"":""chemistry-12""}"
"chemistry-12","11-carbonyl-compounds","Carbonyl Compounds","11-2-preparation-of-benzoic-acids","11.2 Preparation of Benzoic Acid and Further Oxidation of Carboxylic Acids","m17cjdx4ekxyzgjgc9dk2694458dyz92",,,,,"false",,,,"short","viii",,"Methylbenzene can be oxidized to benzoic acid using hot, alkaline KMnO 4 and then dilute acid.","ms73y5m0mrxfcns73ftpnqga0x85pc96",,,,,"xd77eqya08975qpf1k1hk58fph8dyywq","Short Answer Questions","exercise","{""blockIndex"":7,""chapterNumber"":11,""page"":197,""subjectSlug"":""chemistry-12""}"
"chemistry-12","11-carbonyl-compounds","Carbonyl Compounds","11-2-preparation-of-benzoic-acids","11.2 Preparation of Benzoic Acid and Further Oxidation of Carboxylic Acids","m177cvqzs23xf1y8a0xabjkyc18dyk5p",,,,,"false",,,,"short","x",,"Methanoic acid can be oxidized by Fehling's solution, Tollen's reagent, acidified $\mathrm{KMnO}_{4}$, or acidified $\mathrm{K}_{2} \mathrm{Cr}_{2} \mathrm{O}_{7}$.","ms73y5m0mrxfcns73ftpnqga0x85pc96",,,,,"xd77eqya08975qpf1k1hk58fph8dyywq","Short Answer Questions","exercise","{""blockIndex"":7,""chapterNumber"":11,""page"":197,""subjectSlug"":""chemistry-12""}"
"chemistry-12","11-carbonyl-compounds","Carbonyl Compounds","11-2-preparation-of-benzoic-acids","11.2 Preparation of Benzoic Acid and Further Oxidation of Carboxylic Acids","m172ajg2h7sxmgjcw27vxrvc018dzvh2",,,,,"false",,,,"long","i",,"Describe the process of converting toluene to benzoic acid using hot alkaline $\mathrm{KMnO}_{4}$ and then dilute acid. Include the mechanism and discuss the reasons for the choice of reagent.","ms73y5m0mrxfcns73ftpnqga0x85pc96",,,,,"xd70sdhbdv3vy23ckh2vgdd0g58dzb2h","Long Answer Questions","exercise","{""blockIndex"":9,""chapterNumber"":11,""page"":197,""subjectSlug"":""chemistry-12""}"
"chemistry-12","11-carbonyl-compounds","Carbonyl Compounds","11-3-reactivity","11.3 Reactivity","m177zse1wj96c8grde0nmwvfp985qbjr","false","Federal Board","[""Grignard + aldehyde → primary alcohol (direct product)"",""Grignard + ketone → secondary alcohol (direct product)"",""Tertiary alcohols are NOT direct products of Grignard reactions with aldehydes or ketones"",""Tertiary alcohols form from Grignard reactions with esters, acid chlorides, or carboxylic acids"",""The mechanism involves nucleophilic addition followed by hydrolysis""]",,"false","1","When a Grignard reagent (RMgX) reacts with aldehydes or ketones, the direct products are primary alcohols (from aldehydes) or secondary alcohols (from ketones). Tertiary alcohols are NOT the direct product of Grignard reactions with aldehydes or ketones alone. Tertiary alcohols are formed when Grignard reagents react with esters or carboxylic acid derivatives, or when two moles of Grignard reagent react with a ketone followed by hydrolysis (which is a different mechanism). Therefore, tertiary alcohols are not direct products of simple Grignard-aldehyde or Grignard-ketone reactions.","MCQ","unclassified","11","annual","Which alcohol is **NOT** the direct product of reaction when Grignard reagent reacts with aldehydes or ketones?","ms730x18wcn8hgqqpsdz9b00g985qv1j","2025",,"When a Grignard reagent (RMgX) reacts with aldehydes or ketones, the direct products are primary alcohols (from aldehydes) or secondary alcohols (from ketones). Tertiary alcohols are NOT the direct product of Grignard reactions with aldehydes or ketones alone. Tertiary alcohols are formed when Grignard reagents react with esters or carboxylic acid derivatives, or when two moles of Grignard reagent react with a ketone followed by hydrolysis (which is a different mechanism). Therefore, tertiary alcohols are not direct products of simple Grignard-aldehyde or Grignard-ketone reactions.","[{""key"":""A"",""text"":""Propanol""},{""key"":""B"",""text"":""2-Methyl-2-Propanol""},{""key"":""C"",""text"":""Ethanol""},{""key"":""D"",""text"":""Methanol""}]",,,,
"chemistry-12","11-carbonyl-compounds","Carbonyl Compounds","11-3-reactivity","11.3 Reactivity","m1796j7y450c4p8wr5xvg8jg6185q82x","false","Federal Board","[""Aldehydes are more reactive than ketones towards nucleophilic addition"",""Aldehydes have less steric hindrance around the carbonyl carbon"",""The carbonyl carbon in aldehydes is more accessible to nucleophiles"",""Ketones have two alkyl groups causing steric crowding"",""Reactivity order: Aldehydes > Ketones"",""The electron-deficient carbonyl carbon is more exposed in aldehydes""]",,"false","1","Aldehydes are more reactive towards nucleophilic addition reactions compared to ketones. This is because aldehydes have a less hindered carbonyl carbon (bonded to only one alkyl group and one hydrogen), making the carbonyl carbon more accessible and electron-deficient. Additionally, the transition state leading to the tetrahedral intermediate is less sterically crowded in aldehydes. Ketones have two alkyl groups attached to the carbonyl carbon, causing greater steric hindrance and reduced reactivity. Therefore, aldehydes > ketones in terms of reactivity towards nucleophilic addition.","MCQ","unclassified","13","annual","Which of the following will be more reactive towards nucleophilic addition reactions?","ms730x18wcn8hgqqpsdz9b00g985qv1j","2025","A","Aldehydes are more reactive towards nucleophilic addition reactions compared to ketones. This is because aldehydes have a less hindered carbonyl carbon (bonded to only one alkyl group and one hydrogen), making the carbonyl carbon more accessible and electron-deficient. Additionally, the transition state leading to the tetrahedral intermediate is less sterically crowded in aldehydes. Ketones have two alkyl groups attached to the carbonyl carbon, causing greater steric hindrance and reduced reactivity. Therefore, aldehydes > ketones in terms of reactivity towards nucleophilic addition.","[{""key"":""A"",""text"":""Methanal""},{""key"":""B"",""text"":""2-Methyl Pentanal""},{""key"":""C"",""text"":""Acetone""},{""key"":""D"",""text"":""Ethanal""}]",,,,
"chemistry-12","11-carbonyl-compounds","Carbonyl Compounds","11-3-reactivity","11.3 Reactivity","m17e11vba9h5tvk6nad9z29x6x85pc2n","true","Federal Board","[""Notes do not contain relevant content on nucleophilic addition reactions of carbonyl compounds"",""No information provided on hydrazine or hydrazone formation"",""Question requires content from a different section (likely Chapter 11 on carbonyl compounds) not included in provided notes"",""Cannot generate accurate FBISE-aligned answer without appropriate source material""]",,"false","6","The provided notes contain information about phenol preparation, phenylamine, and benzene diazonium chloride reactions, but do not include content on nucleophilic addition reactions of carbonyl compounds with hydrazine derivatives. The notes do not cover acetone, acetaldehyde, formaldehyde, phenyl hydrazine, or 2,4-dinitrophenyl hydrazine reactions. Therefore, a model answer cannot be provided based on the given note content.","C","long","6","annual","Provide the chemical equations for the Nucleophilic addition reactions between:
a. Acetone and Phenyl Hydrazine
b. Acetaldehyde and 2,4-Dinitrophenyl Hydrazine
c. Formaldehyde and Hydrazine","ms730x18wcn8hgqqpsdz9b00g985qv1j","2025",,,,,,,
"chemistry-12","11-carbonyl-compounds","Carbonyl Compounds","11-3-reactivity","11.3 Reactivity","m1763tmwhgaxbshxmxb8rvq6es85pv0h","false","Federal Board","[""Iodoform test uses I₂ in alkaline (NaOH) solution"",""Ethanal gives yellow precipitate of iodoform (CHI₃)"",""Propanal does not give iodoform test"",""Ethanal has CH₃CO- group which is required for haloform reaction"",""Propanal lacks the methyl ketone structure needed for the reaction""]",,"false","1","The **Iodoform test** (or Haloform reaction) is applied to differentiate between Ethanal and Propanal. When treated with iodine (I₂) in alkaline conditions, Ethanal produces a yellow precipitate of iodoform (CHI₃), while Propanal does not give this test. This is because Ethanal has the structure CH₃CHO with a methyl group adjacent to the carbonyl carbon, allowing it to undergo the iodoform reaction. Propanal (CH₃CH₂CHO) lacks this specific structural requirement and therefore does not produce iodoform under these conditions.","MCQ","unclassified","12","annual","Which of the following tests is applied to differentiate between **Ethanal** and **Propanal**?","ms730x18wcn8hgqqpsdz9b00g985qv1j","2022","C","The **Iodoform test** (or Haloform reaction) is applied to differentiate between Ethanal and Propanal. When treated with iodine (I₂) in alkaline conditions, Ethanal produces a yellow precipitate of iodoform (CHI₃), while Propanal does not give this test. This is because Ethanal has the structure CH₃CHO with a methyl group adjacent to the carbonyl carbon, allowing it to undergo the iodoform reaction. Propanal (CH₃CH₂CHO) lacks this specific structural requirement and therefore does not produce iodoform under these conditions.","[{""key"":""A"",""text"":""Aldol condensation""},{""key"":""B"",""text"":""Cannizzaro's reaction""},{""key"":""C"",""text"":""Iodoform test""},{""key"":""D"",""text"":""Lucas test""}]",,,,
"chemistry-12","11-carbonyl-compounds","Carbonyl Compounds","11-3-reactivity","11.3 Reactivity","m174kh2pedp56s3ba27tyygj7n85pn1g","true","Federal Board","[""Propyne contains a triple bond (C≡C) while Propene contains a double bond (C=C)"",""Bromine water test: Propene decolorizes rapidly at room temperature; Propyne decolorizes slowly or requires heating"",""Alkaline KMnO₄ test: Propene is oxidized by cold dilute solution producing brown MnO₂; Propyne requires heating or concentrated solution"",""Different reactivity reflects the distinct nature of double versus triple bonds in addition reactions"",""Both tests demonstrate the difference in chemical reactivity between the two unsaturated compounds""]",,"false","3","Propyne (CH₃C≡CH) and Propene (CH₃CH=CH₂) are C₃H₄ and C₃H₆ isomers respectively. Test 1: Bromine water decolorization - Propene rapidly decolorizes bromine water (orange to colorless) due to addition across the C=C double bond, while Propyne decolorizes more slowly or requires heating due to the triple bond's lower reactivity in addition reactions. Test 2: Alkaline KMnO₄ test - Propene is oxidized by cold dilute alkaline KMnO₄ producing a brown precipitate of MnO₂ and forming a diol, while Propyne requires heating or concentrated KMnO₄ for oxidation, demonstrating different reactivity of the unsaturated bonds.","B","short","8","annual","Differentiate between **Propyne** and **Propene** by giving two chemical tests.","ms730x18wcn8hgqqpsdz9b00g985qv1j","2022",,,,,,,
"chemistry-12","11-carbonyl-compounds","Carbonyl Compounds","11-3-reactivity","11.3 Reactivity","m173g2tb6pa1a2kh8495x4w8yn85pg95","true","Federal Board","[""CH₃MgCl acts as a nucleophile attacking the carbonyl carbon"",""With CH₃CHO (aldehyde), produces secondary alcohol (2-propanol) after hydrolysis"",""With HCHO (formaldehyde), produces primary alcohol (ethanol) after hydrolysis"",""Grignard reagent forms alkoxide intermediate (R-OMgCl) which is hydrolyzed with dilute acid to yield alcohol"",""The type of alcohol formed depends on the carbonyl compound: formaldehyde gives primary, aldehyde gives secondary""]",,"false","3","CH₃MgCl is a strong nucleophile and reacts with carbonyl compounds. (a) With CH₃CHO: CH₃MgCl + CH₃CHO → CH₃CH(OMgCl)CH₃, followed by hydrolysis to give CH₃CH(OH)CH₃ (2-propanol, a secondary alcohol). (b) With HCHO: CH₃MgCl + HCHO → CH₃CH₂OMgCl, followed by hydrolysis to give CH₃CH₂OH (ethanol, a primary alcohol).","B","short","10","annual","Write down the reactions of $CH_3MgCl$ with:
a. $CH_3CHO$
b. Formaldehyde ($HCHO$)","ms730x18wcn8hgqqpsdz9b00g985qv1j","2022",,,,,,,
"chemistry-12","11-carbonyl-compounds","Carbonyl Compounds","11-3-reactivity","11.3 Reactivity","m179aqpf9nm4wwmf58qtzw6vw985p550","true","Federal Board","[""Clemmensen reduction converts carbonyl to methylene group, producing ethane"",""2,4-DNPH forms yellow/orange precipitate (condensation reaction producing hydrazone)"",""Ethanol forms acetal under acidic conditions via nucleophilic addition mechanism"",""All three are characteristic reactions of aldehydes"",""Correct structural formulas and reaction conditions must be shown""]",,"false","3","**a. Zn/Hg-HCl (Clemmensen Reduction):**
$CH_3CHO + Zn/Hg-HCl \rightarrow CH_3CH_3$ (Ethane)
The carbonyl group is reduced to a methylene group, converting acetaldehyde to ethane.

**b. 2,4-DNPH (2,4-Dinitrophenylhydrazine):**
$CH_3CHO + 2,4-DNPH \rightarrow CH_3CH=N-NHC_6H_3(NO_2)_2$ (Yellow/orange precipitate)
A condensation reaction forms a 2,4-dinitrophenylhydrazone derivative, used as a qualitative test for aldehydes.

**c. C₂H₅OH (Ethanol):**
$CH_3CHO + C_2H_5OH \rightleftharpoons CH_3CH(OC_2H_5)_2$ (Acetal, with acid catalyst)
Acetaldehyde reacts with excess ethanol under acidic conditions to form a diethyl acetal through nucleophilic addition.","B","short","14","annual","Write down the reactions of **Acetaldehyde** with:
a. Zn/Hg-HCl
b. 2,4-DNPH
c. C₂H₅OH","ms730x18wcn8hgqqpsdz9b00g985qv1j","2022",,,,,,,
"chemistry-12","11-carbonyl-compounds","Carbonyl Compounds","11-3-reactivity","11.3 Reactivity","m178thn80ah2srqh1v53x9cv6d85pg0e","true","Federal Board","[""Cannizzaro's reaction requires aldehydes with NO alpha hydrogen atoms"",""Benzaldehyde is the classic example (aromatic aldehyde)"",""Formaldehyde (HCHO) also undergoes Cannizzaro's reaction"",""Reaction occurs with concentrated alkali (NaOH/KOH)"",""Products are an alcohol and a carboxylic acid salt (disproportionation)"",""Aldehydes WITH alpha hydrogens undergo aldol condensation instead"",""Mechanism involves hydride transfer between aldehyde molecules""]",,"false","1","Cannizzaro's reaction occurs with aldehydes that have no alpha hydrogen atoms. The compound that will undergo Cannizzaro's reaction is **benzaldehyde (C₆H₅CHO)** or any aromatic aldehyde without alpha hydrogens. When treated with concentrated alkali (NaOH or KOH), benzaldehyde undergoes disproportionation to form benzyl alcohol and sodium benzoate: 2C₆H₅CHO + NaOH → C₆H₅CH₂OH + C₆H₅COONa. Other examples include formaldehyde (HCHO) and other aldehydes lacking alpha hydrogens. Aliphatic aldehydes with alpha hydrogens undergo aldol condensation instead of Cannizzaro's reaction.","MCQ","mcq","13","annual","Which of the following organic compounds will undergo **Cannizzaro's reaction**?","ms730x18wcn8hgqqpsdz9b00g985qv1j","2022","A","Cannizzaro's reaction occurs with aldehydes that have no alpha hydrogen atoms. The compound that will undergo Cannizzaro's reaction is **benzaldehyde (C₆H₅CHO)** or any aromatic aldehyde without alpha hydrogens. When treated with concentrated alkali (NaOH or KOH), benzaldehyde undergoes disproportionation to form benzyl alcohol and sodium benzoate: 2C₆H₅CHO + NaOH → C₆H₅CH₂OH + C₆H₅COONa. Other examples include formaldehyde (HCHO) and other aldehydes lacking alpha hydrogens. Aliphatic aldehydes with alpha hydrogens undergo aldol condensation instead of Cannizzaro's reaction.","[{""key"":""A"",""text"":""Formaldehyde""},{""key"":""B"",""text"":""Acetaldehyde""},{""key"":""C"",""text"":""Propionaldehyde""},{""key"":""D"",""text"":""Acetone""}]",,,,
"chemistry-12","11-carbonyl-compounds","Carbonyl Compounds","11-3-reactivity","11.3 Reactivity","m172yq5986rfeqp8xad8mymn9x85phsy",,"Federal Board","[""Tollens' test produces silver mirror with aldehydes but no reaction with ketones"",""Fehling's test produces brick-red precipitate with aldehydes but no change with ketones"",""Both tests are based on oxidation of aldehydes"",""Aldehydes have hydrogen attached to carbonyl carbon, making them easily oxidizable"",""Ketones lack this hydrogen and are resistant to oxidation under mild conditions""]",,"false","3","Two tests to differentiate between aldehydes and ketones are:

1. **Tollens' Test (Silver Mirror Test)**: Aldehydes are oxidized by Tollens' reagent (ammoniacal silver nitrate) to form a silver mirror or black precipitate of silver metal. Ketones do not react with Tollens' reagent and remain colorless.

2. **Fehling's Test**: Aldehydes are oxidized by Fehling's reagent (copper(II) complex in alkaline solution) to produce a brick-red precipitate of copper(I) oxide. Ketones do not reduce Fehling's reagent and the solution remains blue.","B","short","13","annual","Write down two tests to differentiate between Aldehydes and Ketones.","ms730x18wcn8hgqqpsdz9b00g985qv1j","2022",,,,,,,
"chemistry-12","11-carbonyl-compounds","Carbonyl Compounds","11-3-reactivity","11.3 Reactivity","m178e689fkwm6anv1swzfajf7h85q4n9","true","Federal Board","[""Iodoform test detects methyl ketones and certain secondary alcohols"",""Yellow precipitate of iodoform (CHI₃) is formed"",""Requires iodine and base (NaOH/KOH)"",""Used to distinguish methyl ketones from other ketones"",""Helps identify secondary alcohols oxidizable to methyl ketones"",""Important tool in qualitative organic analysis"",""Positive result indicates CH₃CO- group presence""]",,"false","6","The iodoform test is a qualitative chemical test used to detect the presence of methyl ketones (compounds with CH₃CO- group) or secondary alcohols that can be oxidized to methyl ketones. When a compound containing a methyl ketone group is treated with iodine (I₂) in the presence of a base (NaOH or KOH), a yellow precipitate of iodoform (CHI₃) is formed, which is characteristic of this test.

The reaction mechanism involves: (1) Halogenation of the methyl group adjacent to the carbonyl, (2) Formation of a trihalomethyl intermediate, (3) Cleavage and precipitation of iodoform.

Three applications of iodoform test:

1. **Identification of Methyl Ketones**: The test is used to identify and distinguish methyl ketones from other ketones. Only methyl ketones give a positive iodoform test (yellow precipitate).

2. **Detection of Secondary Alcohols**: Secondary alcohols that can be oxidized to methyl ketones (like 2-propanol) give a positive iodoform test, helping in their identification.

3. **Qualitative Analysis in Organic Chemistry**: The test is used in laboratory practice and qualitative analysis schemes to classify unknown organic compounds and determine the presence of specific functional groups containing the CH₃CO- moiety.","C","long","5","annual","What is iodoform test? Give its any three applications.","ms730x18wcn8hgqqpsdz9b00g985qv1j","2022",,,,,,,
"chemistry-12","11-carbonyl-compounds","Carbonyl Compounds","11-3-reactivity","11.3 Reactivity","m175f7h32er53kfa3519kxay0d85qhk9","true","Federal Board","[""Iodoform test requires presence of $CH_3CO-$ (methyl ketone) or $CH_3CHOH-$ (methyl carbinol) group"",""Compounds lacking methyl ketone or methyl carbinol structure will NOT give iodoform test"",""Test involves reaction with $I_2$ in alkaline medium to produce yellow precipitate of $CHI_3$"",""Aldehydes, carboxylic acids, and non-methyl ketones do not give positive iodoform test"",""Structural requirement is essential for positive test result""]",,"false","1","The iodoform test is specific for compounds containing the methyl ketone group ($CH_3CO-$) or methyl carbinol group ($CH_3CHOH-$). Compounds that do NOT contain these structural features will NOT give a positive iodoform test. Examples include ketones without the methyl group adjacent to the carbonyl, aldehydes, carboxylic acids, and esters without the required methyl ketone or methyl carbinol functionality.","MCQ","unclassified","10","annual","Which of the following will **NOT** give iodoform test?","ms730x18wcn8hgqqpsdz9b00g985qv1j","2023",,"The iodoform test is specific for compounds containing the methyl ketone group ($CH_3CO-$) or methyl carbinol group ($CH_3CHOH-$). Compounds that do NOT contain these structural features will NOT give a positive iodoform test. Examples include ketones without the methyl group adjacent to the carbonyl, aldehydes, carboxylic acids, and esters without the required methyl ketone or methyl carbinol functionality.","[{""key"":""A"",""text"":""Formaldehyde""},{""key"":""B"",""text"":""Acetaldehyde""},{""key"":""C"",""text"":""Acetone""},{""key"":""D"",""text"":""Ethanol""}]",,,,
"chemistry-12","11-carbonyl-compounds","Carbonyl Compounds","11-3-reactivity","11.3 Reactivity","m1781pttzj9qdthperk3xxdzkd85q75t","true","Federal Board","[""Identifies product as acetone/propanone"",""Recognizes 2-propanol as a secondary alcohol"",""States that secondary alcohols oxidize to ketones"",""Shows correct structural formula or equation for oxidation"",""Mentions appropriate oxidizing agent (e.g., K₂Cr₂O₇/H⁺ or KMnO₄/H⁺)""]",,"false","1","Oxidation of 2-propanol gives acetone (propanone). 2-propanol is a secondary alcohol, and secondary alcohols are oxidized to ketones. The oxidation can be represented as: $(CH_3)_2CHOH \rightarrow (CH_3)_2C=O$ using oxidizing agents such as acidified potassium dichromate or acidified potassium permanganate.","MCQ","mcq","11","annual","Oxidation of 2-propanol gives:","ms730x18wcn8hgqqpsdz9b00g985qv1j","2023","C","Oxidation of 2-propanol gives acetone (propanone). 2-propanol is a secondary alcohol, and secondary alcohols are oxidized to ketones. The oxidation can be represented as: $(CH_3)_2CHOH \rightarrow (CH_3)_2C=O$ using oxidizing agents such as acidified potassium dichromate or acidified potassium permanganate.","[{""key"":""A"",""text"":""Acetaldehyde""},{""key"":""B"",""text"":""Formaldehyde""},{""key"":""C"",""text"":""Acetone""},{""key"":""D"",""text"":""Acetic acid""}]",,,,
"chemistry-12","11-carbonyl-compounds","Carbonyl Compounds","11-3-reactivity","11.3 Reactivity","m17aj56jx1ac7gtm1fe1638h7x85q5aw","true","Federal Board","[""Nucleophilic attack by OH⁻ on the electrophilic carbonyl carbon of formaldehyde to form an intermediate"",""Hydride ion (H⁻) transfer from one formaldehyde molecule to another, oxidizing one to formate and reducing one to methanol"",""Formation of methanol (CH₃OH) and sodium formate (HCOONa) as final products"",""Recognition that this is a disproportionation reaction where formaldehyde acts as both oxidizing and reducing agent"",""Correct representation of the overall equation: 2HCHO + NaOH → CH₃OH + HCOONa""]",,"false","3","When two molecules of formaldehyde react in the presence of NaOH, a condensation reaction occurs known as the Cannizzaro reaction. The mechanism involves nucleophilic attack by the hydroxide ion on the carbonyl carbon of formaldehyde, followed by hydride transfer and proton abstraction, resulting in the formation of methanol and sodium formate (or formic acid upon acidification).","B","short","3","annual","Write mechanism of the reaction when two molecules of formaldehyde react with each other in the presence of NaOH.","ms730x18wcn8hgqqpsdz9b00g985qv1j","2023",,,,,,,
"chemistry-12","11-carbonyl-compounds","Carbonyl Compounds","11-3-reactivity","11.3 Reactivity","m174bh0bzd57hz1m88k0wa3sj585pgn7","true","Federal Board","[""Grignard reagent acts as nucleophile attacking carbonyl carbon"",""Formaldehyde produces primary alcohol (ethanol) with CH₃MgBr"",""Ketone (acetone) produces secondary alcohol (2-propanol) with CH₃MgBr"",""Hydrolysis with dilute acid converts alkoxide intermediate to alcohol"",""Correct structural formulas and reaction equations shown""]",,"false","3","**Preparation of Ethanol from Grignard Reagent:**
Formaldehyde reacts with Grignard reagent (CH₃MgBr) to form a complex, which upon hydrolysis with dilute acid produces ethanol: $\mathrm{CH_3MgBr} + \mathrm{HCHO} \rightarrow \mathrm{CH_3CH_2OH}$

**Preparation of 2-Propanol from Grignard Reagent:**
Acetone reacts with Grignard reagent (CH₃MgBr) to form a complex, which upon hydrolysis with dilute acid produces 2-propanol: $\mathrm{CH_3MgBr} + \mathrm{CH_3COCH_3} \rightarrow \mathrm{(CH_3)_2CHOH}$

In both cases, the Grignard reagent acts as a strong nucleophile attacking the electrophilic carbonyl carbon. The resulting alkoxide intermediate is then protonated by dilute acid to yield the corresponding alcohol.","B","short","4","annual","Write the preparation of **Ethanol** and **2-Propanol** from **Grignard reagent**.","ms730x18wcn8hgqqpsdz9b00g985qv1j","2023",,,,,,,
"chemistry-12","11-carbonyl-compounds","Carbonyl Compounds","11-3-reactivity","11.3 Reactivity","m1702r4dpptw5wcxgyac127sex85p53p","true","Federal Board","[""Propyne (CH₃C≡CH) is the suitable alkyne used"",""Dilute sulfuric acid acts as catalyst"",""Mercuric sulfate (HgSO₄) acts as promoter"",""Reaction temperature: 60-70°C"",""Markovnikov's rule applies to the addition"",""Enol intermediate forms first, then tautomerizes to ketone"",""Product is acetone (propanone, CH₃COCH₃)"",""Water molecule adds across the triple bond""]",,"false","3","Acetone is prepared by hydration of propyne (methylacetylene) using dilute sulfuric acid as catalyst and mercuric sulfate as promoter.

CH₃-C≡C-H + H₂O → CH₃-CO-CH₃
(Propyne)           (Acetone)

Detailed equation:
CH₃C≡CH + H₂O → CH₃COCH₃

Conditions: Dilute H₂SO₄, HgSO₄ catalyst, heat (60-70°C)

Mechanism: The reaction follows Markovnikov's rule. Water adds to the triple bond with hydrogen adding to the carbon bearing fewer alkyl groups, forming an unstable enol intermediate (CH₃CH=C(OH)₂) which tautomerizes to acetone (CH₃COCH₃).","B","short","11","annual","Write chemical equations for the preparation of acetone by hydration of a suitable alkyne.","ms730x18wcn8hgqqpsdz9b00g985qv1j","2023",,,,,,,
"chemistry-12","11-carbonyl-compounds","Carbonyl Compounds","11-3-reactivity","11.3 Reactivity","m17d86wymwz8t54ht1anmaqv9x85pc6f","true","Federal Board","[""Aldol condensation requires the presence of alpha-hydrogen atoms (H atoms on the carbon adjacent to C=O)"",""Aldehydes and ketones with alpha-hydrogens undergo this reaction"",""Mild base (like NaOH or KOH) acts as a catalyst"",""The reaction involves enolate ion formation from the alpha-carbon"",""Compounds like formaldehyde and benzaldehyde lack alpha-hydrogens and do not undergo aldol condensation"",""The product is a beta-hydroxy carbonyl compound that can further dehydrate to form an alpha,beta-unsaturated carbonyl compound""]",,"false","1","Compounds containing an alpha-hydrogen atom adjacent to a carbonyl group (C=O) will undergo aldol condensation with a mild base. These include aldehydes and ketones that have at least one hydrogen atom on the carbon atom next to the carbonyl carbon. For example, acetaldehyde (CH₃CHO) and acetone (CH₃COCH₃) readily undergo aldol condensation. Compounds without alpha-hydrogens, such as formaldehyde (HCHO) or benzaldehyde (C₆H₅CHO), do not undergo typical aldol condensation reactions.","MCQ","mcq","13","annual","Which of the following will undergo aldol condensation reaction with a mild base?","ms730x18wcn8hgqqpsdz9b00g985qv1j","2024","A","Compounds containing an alpha-hydrogen atom adjacent to a carbonyl group (C=O) will undergo aldol condensation with a mild base. These include aldehydes and ketones that have at least one hydrogen atom on the carbon atom next to the carbonyl carbon. For example, acetaldehyde (CH₃CHO) and acetone (CH₃COCH₃) readily undergo aldol condensation. Compounds without alpha-hydrogens, such as formaldehyde (HCHO) or benzaldehyde (C₆H₅CHO), do not undergo typical aldol condensation reactions.","[{""key"":""A"",""text"":""Benzaldehyde""},{""key"":""B"",""text"":""Acetone""},{""key"":""C"",""text"":""Propionaldehyde""},{""key"":""D"",""text"":""Acetaldehyde""}]",,,,
"chemistry-12","11-carbonyl-compounds","Carbonyl Compounds","11-3-reactivity","11.3 Reactivity","m17am03d19fzxsxs3x7qp8gh9185p6sf","true","Federal Board","[""Tollens' test produces silver mirror with aldehydes but no reaction with ketones"",""Fehling's test produces brick-red Cu₂O precipitate with aldehydes but no change with ketones"",""Aldehydes are easily oxidized due to the H atom on carbonyl carbon"",""Ketones are resistant to oxidation under mild conditions"",""Both tests rely on the oxidation of aldehydes to differentiate them from ketones""]",,"false","3","Aldehydes and ketones can be differentiated using the following two chemical tests:

1. **Tollens' Test (Silver Mirror Test)**: When aldehydes are treated with Tollens' reagent (ammoniacal silver nitrate solution), they are oxidized to carboxylic acids and produce a bright silver mirror or black precipitate of silver metal. Ketones do not react with Tollens' reagent and show no change.

2. **Fehling's Test**: Aldehydes react with Fehling's reagent (copper(II) complex in alkaline solution) and produce a brick-red precipitate of Cu₂O upon heating. Ketones do not reduce Fehling's reagent and no precipitate forms.

These tests work because aldehydes have an oxidizable hydrogen atom attached to the carbonyl carbon, while ketones lack this hydrogen and are not easily oxidized under these mild conditions.","B","short","8","annual","How can aldehydes and ketones be differentiated by giving two chemical tests?","ms730x18wcn8hgqqpsdz9b00g985qv1j","2024",,,,,,,
"chemistry-12","11-carbonyl-compounds","Carbonyl Compounds","11-3-reactivity","11.3 Reactivity","m17e4x2x1w582m5pnrah8sq6g985q4ae","true","Federal Board","[""Acetaldehyde has one alkyl group on carbonyl carbon; acetone has two"",""Steric hindrance is greater in acetone, blocking nucleophile approach"",""Alkyl groups are electron-donating, reducing carbonyl electrophilicity in acetone"",""Acetaldehyde's carbonyl carbon is more exposed and electrophilic"",""Less steric and electronic hindrance makes acetaldehyde more reactive""]",,"false","3","Acetaldehyde is more reactive than acetone in nucleophilic addition reactions because it has a less hindered carbonyl carbon. Acetaldehyde (CH₃CHO) has only one alkyl group attached to the carbonyl carbon, while acetone (CH₃COCH₃) has two alkyl groups. Alkyl groups are electron-donating and create steric hindrance around the carbonyl carbon. The greater steric hindrance in acetone makes it more difficult for nucleophiles to approach and attack the carbonyl carbon. Additionally, the electron-donating effect of the two alkyl groups in acetone reduces the electrophilicity of the carbonyl carbon, making it less susceptible to nucleophilic attack. Therefore, acetaldehyde's less hindered and more electrophilic carbonyl carbon makes it more reactive toward nucleophilic addition.","B","short","22","annual","Why is Acetaldehyde more reactive than Acetone in nucleophilic addition reactions?","ms730x18wcn8hgqqpsdz9b00g985qv1j","2024",,,,,,,
"chemistry-12","11-carbonyl-compounds","Carbonyl Compounds","11-3-reactivity","11.3 Reactivity","m172hqqjrpegxk0a9tzf7bgk3d85qcp7","true","Federal Board","[""Enolate ion formation by deprotonation of α-hydrogen"",""Nucleophilic attack of enolate on carbonyl carbon of another acetone molecule"",""Formation of alkoxide intermediate"",""Protonation to give aldol product with OH group"",""Dehydration under heating to form α,β-unsaturated ketone (mesityl oxide)"",""Mild base catalyzes the reaction"",""Overall reaction combines two acetone molecules""]",,"false","3","Aldol condensation of acetone with mild base proceeds through the following mechanism:

**Step 1: Enolate Formation (Deprotonation)**
The mild base (e.g., NaOH or KOH) abstracts an α-hydrogen from acetone, forming an enolate ion:
CH₃-CO-CH₃ + OH⁻ → CH₃-CO-CH₂⁻ + H₂O

**Step 2: Nucleophilic Addition**
The enolate ion (nucleophile) attacks the carbonyl carbon of another acetone molecule:
CH₃-CO-CH₂⁻ + CH₃-CO-CH₃ → CH₃-CO-CH₂-CH(OH)-CO-CH₃
This forms an alkoxide intermediate.

**Step 3: Protonation**
The alkoxide ion is protonated by water:
CH₃-CO-CH₂-CH(OH)-CO-CH₃⁻ + H₂O → CH₃-CO-CH₂-CH(OH)-CO-CH₃ + OH⁻
This gives the aldol product (4-hydroxy-4-methylpentan-2-one).

**Step 4: Dehydration (Condensation)**
Under heating or with continued base, the aldol product loses water to form the α,β-unsaturated ketone:
CH₃-CO-CH₂-CH(OH)-CO-CH₃ → CH₃-CO-CH=C(CH₃)₂ + H₂O
The final product is mesityl oxide (4-methylpent-3-en-2-one).","B","short","28","annual","Acetone undergoes aldol condensation reaction with a mild base. Write down the mechanism of this reaction of acetone.","ms730x18wcn8hgqqpsdz9b00g985qv1j","2024",,,,,,,
"chemistry-12","11-carbonyl-compounds","Carbonyl Compounds","11-4-reactions-of-carboxylic-acids","11.4 Reactions and Acidity of Carboxylic Acids","m174ky8mrhh8mzp6kdp80cx0d185q9c7","true","Federal Board","[""$LiAlH_4$ is a strong reducing agent"",""Carboxylic acids are reduced to primary alcohols"",""The carboxyl group (-COOH) is converted to (-CH_2OH)"",""General reaction: $RCOOH \\rightarrow RCH_2OH$""]",,"false","1","Carboxylic acids are reduced to primary alcohols (alkanols) on reaction with $LiAlH_4$. The strong reducing agent $LiAlH_4$ reduces the carboxyl group (-COOH) to a hydroxyl group (-CH_2OH), converting $RCOOH$ to $RCH_2OH$.","MCQ","mcq","14","annual","Carboxylic acids are reduced to which product on reaction with $LiAlH_4$?","ms766ksye0wh50ykmrtxwm6qmd85p8v1","2025","C","Carboxylic acids are reduced to primary alcohols (alkanols) on reaction with $LiAlH_4$. The strong reducing agent $LiAlH_4$ reduces the carboxyl group (-COOH) to a hydroxyl group (-CH_2OH), converting $RCOOH$ to $RCH_2OH$.","[{""key"":""A"",""text"":""Tertiary alcohols""},{""key"":""B"",""text"":""Esters""},{""key"":""C"",""text"":""Primary alcohols""},{""key"":""D"",""text"":""Secondary alcohols""}]",,,,
"chemistry-12","11-carbonyl-compounds","Carbonyl Compounds","11-4-reactions-of-carboxylic-acids","11.4 Reactions and Acidity of Carboxylic Acids","m1764k1xdw9j1zehr3dbe7020585ps2c","false","Federal Board","[""Correct identification of but-2-yne as the alkyne substrate"",""Ozonolysis mechanism: ozone addition to triple bond forming molozonide"",""Oxidative workup step (H₂O₂ or similar oxidizing agent) converting aldehydes to carboxylic acids"",""Balanced equation showing 1 mole alkyne producing 2 moles acetic acid (CH₃COOH)"",""Recognition that symmetrical alkyne is required to produce two identical acetic acid molecules""]",,"false","3","Ozonolysis of but-2-yne (CH₃-C≡C-CH₃) followed by oxidative workup produces two molecules of acetic acid. The reaction proceeds through formation of a molozonide intermediate, which rearranges to an ozonide and is subsequently oxidized by hydrogen peroxide or another oxidizing agent to yield the carboxylic acid products.

**Chemical Equation:**

$$CH_3-C\equiv C-CH_3 + O_3 \xrightarrow{1. \text{O}_3} \text{molozonide} \xrightarrow{2. H_2O_2} 2 CH_3COOH$$

Or in complete form:

$$CH_3-C\equiv C-CH_3 + O_3 + H_2O_2 \rightarrow 2 CH_3COOH + O_2$$

The symmetrical alkyne (but-2-yne) is essential because it produces identical carboxylic acid fragments upon cleavage of the triple bond. The ozone adds across the triple bond, and oxidative workup converts the carbonyl intermediates to carboxylic acids.","B","short","18","annual","Provide the chemical equation to illustrate how ozonolysis of an alkyne can be used to prepare two molecules of acetic acid.","ms766ksye0wh50ykmrtxwm6qmd85p8v1","2025",,,,,,,
"chemistry-12","11-carbonyl-compounds","Carbonyl Compounds","11-4-reactions-of-carboxylic-acids","11.4 Reactions and Acidity of Carboxylic Acids","m17f7wybkb0wf5v2q235azh0mx85pf86","true","Federal Board","[""Acyl chlorides undergo nucleophilic acyl substitution with carboxylic acids to form anhydrides and HCl"",""Esters are reduced by LiAlH₄ (strong reducing agent) to produce primary alcohols from both acyl and alkyl portions"",""Grignard reagents add to nitriles forming imine intermediates that hydrolyze to ketones"",""Correct identification of functional group transformations and reaction mechanisms"",""Proper balancing of equations with all products identified""]",,"false","3","a. $CH_3COCl + CH_3COOH \rightarrow CH_3CO-O-COCH_3 + HCl$ (acetic anhydride formation)

b. $CH_3COOC_2H_5 + LiAlH_4 \rightarrow CH_3CH_2OH + C_2H_5OH$ (ester reduction to primary alcohols)

c. $CH_3MgBr + CH_3CN \rightarrow CH_3C(=NMgBr)CH_3 \rightarrow CH_3COCH_3$ (Grignard addition to nitrile, forming ketone after hydrolysis)","B","short","27","annual","Complete the given chemical equations:
a. $CH_3COCl + CH_3COOH \rightarrow$
b. $CH_3COOC_2H_5 + LiAlH_4 \rightarrow$
c. $CH_3MgBr + CH_3CN \rightarrow$","ms766ksye0wh50ykmrtxwm6qmd85p8v1","2025",,,,,,,
"chemistry-12","11-carbonyl-compounds","Carbonyl Compounds","11-4-reactions-of-carboxylic-acids","11.4 Reactions and Acidity of Carboxylic Acids","m17a63ys9d63t2jwvs11rzzecn85pv5y","true","Federal Board","[""Definition of Grignard reagent as R-MgX compound prepared from alkyl halide and magnesium in dry ether"",""Propanoic acid synthesis: ethyl Grignard + CO₂ followed by acidification"",""2-Propanol synthesis: methyl Grignard + acetaldehyde followed by acidification"",""Ethane synthesis: ethyl Grignard + methyl iodide (Wurtz-type coupling)"",""Grignard reagent acts as strong nucleophile in carbon-carbon bond formation""]",,"false","7","Grignard's reagent is an organomagnesium compound of the general formula R-MgX (where R is an alkyl or aryl group and X is a halogen), prepared by reacting an alkyl halide with magnesium metal in dry ether. It acts as a strong nucleophile and is highly versatile in organic synthesis for forming carbon-carbon bonds and producing various organic compounds through nucleophilic addition and substitution reactions.

**Synthesis of Propanoic Acid:**
Step 1: Prepare ethyl Grignard reagent: $\mathrm{C_2H_5Br + Mg \xrightarrow{dry\ ether} C_2H_5MgBr}$
Step 2: React with carbon dioxide: $\mathrm{C_2H_5MgBr + CO_2 \rightarrow C_2H_5MgCO_2Br}$
Step 3: Acidify with dilute HCl: $\mathrm{C_2H_5MgCO_2Br + HCl \rightarrow C_2H_5COOH + MgBrCl}$
Propanoic acid is obtained.

**Synthesis of 2-Propanol:**
Step 1: Prepare methyl Grignard reagent: $\mathrm{CH_3Br + Mg \xrightarrow{dry\ ether} CH_3MgBr}$
Step 2: React with acetaldehyde: $\mathrm{CH_3MgBr + CH_3CHO \rightarrow CH_3CH(OMgBr)CH_3}$
Step 3: Acidify with dilute HCl: $\mathrm{CH_3CH(OMgBr)CH_3 + HCl \rightarrow CH_3CH(OH)CH_3 + MgBrCl}$
2-Propanol is obtained.

**Synthesis of Ethane:**
Step 1: Prepare ethyl Grignard reagent: $\mathrm{C_2H_5Br + Mg \xrightarrow{dry\ ether} C_2H_5MgBr}$
Step 2: React with alkyl halide (methyl iodide): $\mathrm{C_2H_5MgBr + CH_3I \rightarrow C_2H_5-CH_3 + MgBrI}$
Ethane is obtained through carbon-carbon bond formation.","C","long","1","annual","What is Grignard's reagent? Outline the step by step synthesis of Propanoic Acid, 2-Propanol and Ethane using suitable Grignard reagent.","ms766ksye0wh50ykmrtxwm6qmd85p8v1","2025",,,,,,,
"chemistry-12","11-carbonyl-compounds","Carbonyl Compounds","11-4-reactions-of-carboxylic-acids","11.4 Reactions and Acidity of Carboxylic Acids","m17dcvv8jdp6vnc73ttn1phfg585qew5","false","Federal Board","[""Oxidation with $K_2Cr_2O_7/H_2SO_4$ does not typically produce alkenes from alcohols"",""Primary alcohols oxidize to aldehydes/carboxylic acids; secondary to ketones"",""Alkenes form via dehydration (elimination reaction), not chromic acid oxidation"",""The provided notes do not contain relevant information on alcohol oxidation reactions"",""Answer requires the multiple choice options to determine the correct response""]",,"false","1","The question asks which alcohol gives an alkene with $K_2Cr_2O_7/H_2SO_4$. However, the provided notes contain only information about acid-base strength and carboxylic acid reactions, with no content on alcohol oxidation or alkene formation. Based on FBISE chemistry principles: secondary alcohols typically undergo oxidation to ketones (not alkenes), while primary alcohols form aldehydes then carboxylic acids. Alkenes form via dehydration (elimination), not oxidation with $K_2Cr_2O_7/H_2SO_4$. Without the answer options or relevant notes, a definitive answer cannot be provided from the given material.","MCQ","unclassified","10","annual","Which of the following alcohols on reaction with $K_2Cr_2O_7/H_2SO_4$ will give an **alkene**?","ms766ksye0wh50ykmrtxwm6qmd85p8v1","2022",,"The question asks which alcohol gives an alkene with $K_2Cr_2O_7/H_2SO_4$. However, the provided notes contain only information about acid-base strength and carboxylic acid reactions, with no content on alcohol oxidation or alkene formation. Based on FBISE chemistry principles: secondary alcohols typically undergo oxidation to ketones (not alkenes), while primary alcohols form aldehydes then carboxylic acids. Alkenes form via dehydration (elimination), not oxidation with $K_2Cr_2O_7/H_2SO_4$. Without the answer options or relevant notes, a definitive answer cannot be provided from the given material.","[{""key"":""A"",""text"":""$CH_3-CH_2-OH$""},{""key"":""B"",""text"":""Isopropanol""},{""key"":""C"",""text"":""tert-Butanol""},{""key"":""D"",""text"":""2-Methyl-2-butanol""}]",,,,
"chemistry-12","11-carbonyl-compounds","Carbonyl Compounds","11-4-reactions-of-carboxylic-acids","11.4 Reactions and Acidity of Carboxylic Acids","m179g36nkqr2vfg65m6cdj7ntn85p8d8","false","Federal Board","[""Identifies the product as formaldehyde ($HCHO$) or methanal"",""Recognizes that two molecules of formaldehyde are formed (one from each carbon)"",""Understands that $HIO_4$ is an oxidizing agent that cleaves vicinal diols"",""Shows knowledge that the C-C bond is broken between the two carbons bearing -OH groups"",""Correctly represents the oxidation of primary alcohols to aldehydes""]",,"false","1","Oxidative cleavage of ethane-1,2-diol (glycol) with $HIO_4$ gives two molecules of formaldehyde ($HCHO$). The periodic acid oxidizes the vicinal diol, cleaving the C-C bond between the two hydroxyl-bearing carbons and producing aldehyde groups at each carbon.","MCQ","unclassified","11","annual","Oxidative cleavage of ethane-1,2-diol (glycol) with $HIO_4$ gives:","ms766ksye0wh50ykmrtxwm6qmd85p8v1","2022","A","Oxidative cleavage of ethane-1,2-diol (glycol) with $HIO_4$ gives two molecules of formaldehyde ($HCHO$). The periodic acid oxidizes the vicinal diol, cleaving the C-C bond between the two hydroxyl-bearing carbons and producing aldehyde groups at each carbon.","[{""key"":""A"",""text"":""Formaldehyde""},{""key"":""B"",""text"":""Acetaldehyde""},{""key"":""C"",""text"":""Methanol""},{""key"":""D"",""text"":""Ethanol""}]",,,,
"chemistry-12","11-carbonyl-compounds","Carbonyl Compounds","11-4-reactions-of-carboxylic-acids","11.4 Reactions and Acidity of Carboxylic Acids","m176dczxp1pq1k7dxrn5rkndvx85pgyt","true","Federal Board","[""Acetic acid reacts with ammonia to form ethanamide (primary amide)"",""Strong heating causes dehydration of ethanamide"",""Ethanenitrile (CH₃CN) is the final product formed"",""Water is eliminated during the dehydration process"",""This is a two-step process: amide formation followed by thermal dehydration""]",,"false","1","When acetic acid is reacted with ammonia and the resulting compound is strongly heated, **ethanenitrile (acetonitrile, CH₃CN)** is formed. The reaction proceeds in two stages: first, acetic acid reacts with ammonia to form ethanamide (CH₃CONH₂), and upon strong heating, ethanamide undergoes dehydration to produce ethanenitrile and water.","MCQ","mcq","13","annual","Acetic acid is reacted with $NH_3$ and the resulting compound is strongly heated. Identify the compound formed.","ms766ksye0wh50ykmrtxwm6qmd85p8v1","2022","D","When acetic acid is reacted with ammonia and the resulting compound is strongly heated, **ethanenitrile (acetonitrile, CH₃CN)** is formed. The reaction proceeds in two stages: first, acetic acid reacts with ammonia to form ethanamide (CH₃CONH₂), and upon strong heating, ethanamide undergoes dehydration to produce ethanenitrile and water.","[{""key"":""A"",""text"":""$CH_3-NH_2$""},{""key"":""B"",""text"":""$CH_3-CONH_2$""},{""key"":""C"",""text"":""$CH_3-CHO$""},{""key"":""D"",""text"":""$CH_3-C\\equiv N$""}]",,,,
"chemistry-12","11-carbonyl-compounds","Carbonyl Compounds","11-4-reactions-of-carboxylic-acids","11.4 Reactions and Acidity of Carboxylic Acids","m173g2tb6pa1a2kh8495x4w8yn85pg95","true","Federal Board","[""CH₃MgCl acts as a nucleophile attacking the carbonyl carbon"",""With CH₃CHO (aldehyde), produces secondary alcohol (2-propanol) after hydrolysis"",""With HCHO (formaldehyde), produces primary alcohol (ethanol) after hydrolysis"",""Grignard reagent forms alkoxide intermediate (R-OMgCl) which is hydrolyzed with dilute acid to yield alcohol"",""The type of alcohol formed depends on the carbonyl compound: formaldehyde gives primary, aldehyde gives secondary""]",,"false","3","CH₃MgCl is a strong nucleophile and reacts with carbonyl compounds. (a) With CH₃CHO: CH₃MgCl + CH₃CHO → CH₃CH(OMgCl)CH₃, followed by hydrolysis to give CH₃CH(OH)CH₃ (2-propanol, a secondary alcohol). (b) With HCHO: CH₃MgCl + HCHO → CH₃CH₂OMgCl, followed by hydrolysis to give CH₃CH₂OH (ethanol, a primary alcohol).","B","short","10","annual","Write down the reactions of $CH_3MgCl$ with:
a. $CH_3CHO$
b. Formaldehyde ($HCHO$)","ms766ksye0wh50ykmrtxwm6qmd85p8v1","2022",,,,,,,
"chemistry-12","11-carbonyl-compounds","Carbonyl Compounds","11-4-reactions-of-carboxylic-acids","11.4 Reactions and Acidity of Carboxylic Acids","m179aqpf9nm4wwmf58qtzw6vw985p550","true","Federal Board","[""Clemmensen reduction converts carbonyl to methylene group, producing ethane"",""2,4-DNPH forms yellow/orange precipitate (condensation reaction producing hydrazone)"",""Ethanol forms acetal under acidic conditions via nucleophilic addition mechanism"",""All three are characteristic reactions of aldehydes"",""Correct structural formulas and reaction conditions must be shown""]",,"false","3","**a. Zn/Hg-HCl (Clemmensen Reduction):**
$CH_3CHO + Zn/Hg-HCl \rightarrow CH_3CH_3$ (Ethane)
The carbonyl group is reduced to a methylene group, converting acetaldehyde to ethane.

**b. 2,4-DNPH (2,4-Dinitrophenylhydrazine):**
$CH_3CHO + 2,4-DNPH \rightarrow CH_3CH=N-NHC_6H_3(NO_2)_2$ (Yellow/orange precipitate)
A condensation reaction forms a 2,4-dinitrophenylhydrazone derivative, used as a qualitative test for aldehydes.

**c. C₂H₅OH (Ethanol):**
$CH_3CHO + C_2H_5OH \rightleftharpoons CH_3CH(OC_2H_5)_2$ (Acetal, with acid catalyst)
Acetaldehyde reacts with excess ethanol under acidic conditions to form a diethyl acetal through nucleophilic addition.","B","short","14","annual","Write down the reactions of **Acetaldehyde** with:
a. Zn/Hg-HCl
b. 2,4-DNPH
c. C₂H₅OH","ms766ksye0wh50ykmrtxwm6qmd85p8v1","2022",,,,,,,
"chemistry-12","11-carbonyl-compounds","Carbonyl Compounds","11-4-reactions-of-carboxylic-acids","11.4 Reactions and Acidity of Carboxylic Acids","m17dvjkx2w20v7j98kvfns3swh85pga6","true","Federal Board","[""Reduction of $CH_3COOH$ to $CH_3CH_2OH$ using LiAlH$_4$ or BH$_3$ reduces the carbonyl carbon to a primary alcohol"",""Conversion to amide involves formation of acyl chloride intermediate using SOCl$_2$ or PCl$_5$, followed by nucleophilic acyl substitution with NH$_3$"",""Both reactions involve modification of the carboxyl group (-COOH) functional group"",""Reduction is a redox reaction; amide formation is a nucleophilic acyl substitution reaction"",""Appropriate reagents and conditions must be specified for each conversion pathway""]",,"false","3","a. **Conversion to $CH_3CH_2OH$ (Ethanol):** $CH_3COOH$ is reduced using a reducing agent such as LiAlH$_4$ (lithium aluminium hydride) or BH$_3$ (borane). The carboxylic acid is converted to a primary alcohol through reduction of the carbonyl group.

b. **Conversion to $CH_3CONH_2$ (Ethanamide):** $CH_3COOH$ is first converted to an acyl chloride ($CH_3COCl$) using SOCl$_2$ or PCl$_5$, then treated with ammonia (NH$_3$) to form the primary amide. Alternatively, the carboxylic acid can be directly converted to the amide through reaction with ammonia under heating with a dehydrating agent.","B","short","16","annual","How can $CH_3COOH$ be converted into:
a. $CH_3CH_2OH$
b. $CH_3CONH_2$","ms766ksye0wh50ykmrtxwm6qmd85p8v1","2022",,,,,,,
"chemistry-12","11-carbonyl-compounds","Carbonyl Compounds","11-4-reactions-of-carboxylic-acids","11.4 Reactions and Acidity of Carboxylic Acids","m179r0h2sgerqz61fwhn4wre3585p60g","true","Federal Board","[""Correctly identifies addition reactions across C=C double bond"",""Applies Markovnikov's rule for Br₂ and Cl₂+H₂O reactions"",""Recognizes epoxidation mechanism for peroxybenzoic acid"",""Writes correct structural formulas for all three products"",""Identifies reaction mechanisms (anti addition, hydration, syn addition)""]",,"false","3","1-Butene ($CH_3CH_2CH=CH_2$) undergoes addition reactions with electrophilic reagents:

**a) Br₂/CCl₄:** Addition of bromine across the double bond gives **1,2-dibrombutane**: $CH_3CH_2CHBrCH_2Br$. The reaction follows Markovnikov's rule with anti addition mechanism.

**b) Cl₂ + H₂O:** Hydrolysis produces **1-chloro-2-butanol** as the major product: $CH_3CH_2CHClCH_2OH$ (Markovnikov addition of HOCl).

**c) Peroxybenzoic acid:** Epoxidation occurs to form **1,2-epoxybutane** (butene oxide): $CH_3CH_2-O-CH-CH_2$ (cyclic ether). This is a concerted syn addition mechanism forming a three-membered ring.","B","short","8","annual","Give chemical reactions to predict the products of reaction between 1-Butene and:
a. $Br_2 / CCl_4$
b. $Cl_2 + H_2O$
c. $C_6H_5-C(=O)-O-O-H$ (Peroxybenzoic acid)","ms766ksye0wh50ykmrtxwm6qmd85p8v1","2022",,,,,,,
"chemistry-12","11-carbonyl-compounds","Carbonyl Compounds","11-4-reactions-of-carboxylic-acids","11.4 Reactions and Acidity of Carboxylic Acids","m1737688kbg63kej9maakc4rcs85q7yd","false","Federal Board","[""Grignard reagent reacts with carbon dioxide (CO₂)"",""Formation of carboxylate salt intermediate (RCOOMgX)"",""Aqueous acid workup produces carboxylic acid (RCOOH)"",""General reaction: RMgX + CO₂ → RCOOH""]",,"false","1","Carboxylic acids can be prepared by the reactions of Grignard reagent with carbon dioxide (CO₂). The Grignard reagent (RMgX) attacks the electrophilic carbon of CO₂, followed by aqueous acid workup to yield the carboxylic acid (RCOOH).","MCQ","unclassified","4","annual","Carboxylic acids can be prepared by the reactions of Grignard reagent with:","ms766ksye0wh50ykmrtxwm6qmd85p8v1","2023","A","Carboxylic acids can be prepared by the reactions of Grignard reagent with carbon dioxide (CO₂). The Grignard reagent (RMgX) attacks the electrophilic carbon of CO₂, followed by aqueous acid workup to yield the carboxylic acid (RCOOH).","[{""key"":""A"",""text"":""Oxygen""},{""key"":""B"",""text"":""Nitrogen""},{""key"":""C"",""text"":""Carbon dioxide""},{""key"":""D"",""text"":""Formaldehyde""}]",,,,
"chemistry-12","11-carbonyl-compounds","Carbonyl Compounds","11-4-reactions-of-carboxylic-acids","11.4 Reactions and Acidity of Carboxylic Acids","m1781pttzj9qdthperk3xxdzkd85q75t","true","Federal Board","[""Identifies product as acetone/propanone"",""Recognizes 2-propanol as a secondary alcohol"",""States that secondary alcohols oxidize to ketones"",""Shows correct structural formula or equation for oxidation"",""Mentions appropriate oxidizing agent (e.g., K₂Cr₂O₇/H⁺ or KMnO₄/H⁺)""]",,"false","1","Oxidation of 2-propanol gives acetone (propanone). 2-propanol is a secondary alcohol, and secondary alcohols are oxidized to ketones. The oxidation can be represented as: $(CH_3)_2CHOH \rightarrow (CH_3)_2C=O$ using oxidizing agents such as acidified potassium dichromate or acidified potassium permanganate.","MCQ","mcq","11","annual","Oxidation of 2-propanol gives:","ms766ksye0wh50ykmrtxwm6qmd85p8v1","2023","C","Oxidation of 2-propanol gives acetone (propanone). 2-propanol is a secondary alcohol, and secondary alcohols are oxidized to ketones. The oxidation can be represented as: $(CH_3)_2CHOH \rightarrow (CH_3)_2C=O$ using oxidizing agents such as acidified potassium dichromate or acidified potassium permanganate.","[{""key"":""A"",""text"":""Acetaldehyde""},{""key"":""B"",""text"":""Formaldehyde""},{""key"":""C"",""text"":""Acetone""},{""key"":""D"",""text"":""Acetic acid""}]",,,,
"chemistry-12","11-carbonyl-compounds","Carbonyl Compounds","11-4-reactions-of-carboxylic-acids","11.4 Reactions and Acidity of Carboxylic Acids","m17694q144ftg5e8jf48hd5c3585q4bq","true","Federal Board","[""Produces hydrogen gas ($H_2$) as a product"",""Forms sodium alkoxide (salt) as the organic product"",""Shows alcohols possess acidic character due to -OH group"",""Reaction: $2R-OH + 2Na \\rightarrow 2R-ONa + H_2$"",""Demonstrates relative acidity of alcohols compared to water""]",,"false","1","Reaction of alcohols with sodium metal produces hydrogen gas and sodium alkoxide. The reaction is: $2R-OH + 2Na \rightarrow 2R-ONa + H_2\uparrow$. This demonstrates that alcohols are weakly acidic compounds, as they donate a proton to the more reactive sodium metal.","MCQ","mcq","13","annual","Reaction of alcohols with sodium metal gives:","ms766ksye0wh50ykmrtxwm6qmd85p8v1","2023","B","Reaction of alcohols with sodium metal produces hydrogen gas and sodium alkoxide. The reaction is: $2R-OH + 2Na \rightarrow 2R-ONa + H_2\uparrow$. This demonstrates that alcohols are weakly acidic compounds, as they donate a proton to the more reactive sodium metal.","[{""key"":""A"",""text"":""Helium gas""},{""key"":""B"",""text"":""Hydrogen gas""},{""key"":""C"",""text"":""Carbon dioxide""},{""key"":""D"",""text"":""Carbon monoxide""}]",,,,
"chemistry-12","11-carbonyl-compounds","Carbonyl Compounds","11-4-reactions-of-carboxylic-acids","11.4 Reactions and Acidity of Carboxylic Acids","m17aj56jx1ac7gtm1fe1638h7x85q5aw","true","Federal Board","[""Nucleophilic attack by OH⁻ on the electrophilic carbonyl carbon of formaldehyde to form an intermediate"",""Hydride ion (H⁻) transfer from one formaldehyde molecule to another, oxidizing one to formate and reducing one to methanol"",""Formation of methanol (CH₃OH) and sodium formate (HCOONa) as final products"",""Recognition that this is a disproportionation reaction where formaldehyde acts as both oxidizing and reducing agent"",""Correct representation of the overall equation: 2HCHO + NaOH → CH₃OH + HCOONa""]",,"false","3","When two molecules of formaldehyde react in the presence of NaOH, a condensation reaction occurs known as the Cannizzaro reaction. The mechanism involves nucleophilic attack by the hydroxide ion on the carbonyl carbon of formaldehyde, followed by hydride transfer and proton abstraction, resulting in the formation of methanol and sodium formate (or formic acid upon acidification).","B","short","3","annual","Write mechanism of the reaction when two molecules of formaldehyde react with each other in the presence of NaOH.","ms766ksye0wh50ykmrtxwm6qmd85p8v1","2023",,,,,,,
"chemistry-12","11-carbonyl-compounds","Carbonyl Compounds","11-4-reactions-of-carboxylic-acids","11.4 Reactions and Acidity of Carboxylic Acids","m17cb93wgbkmd08yn1y7aja09d85pean","true","Federal Board","[""Esterification is condensation reaction between carboxylic acid and alcohol forming ester and water"",""Step 1: Protonation of carbonyl oxygen by acid catalyst to form electrophilic carbocation"",""Step 2: Nucleophilic attack by methanol on electrophilic carbonyl carbon"",""Step 3: Dehydration through protonation and elimination of water molecule"",""Step 4: Deprotonation to form ester product and regenerate acid catalyst""]",,"false","7","**Esterification** is the formation of an ester through the condensation reaction between a carboxylic acid (or acyl chloride) and an alcohol, with the elimination of water (or hydrogen chloride). For the acid-catalyzed reaction between methanol and acetic acid:

**Mechanism:**

**Step 1 (Protonation):** The carbonyl oxygen of acetic acid is protonated by the acid catalyst, forming a resonance-stabilized carbocation intermediate:
$$\mathrm{CH_3COOH} + \mathrm{H^+} \rightarrow \mathrm{CH_3C(OH)_2^+} \leftrightarrow \mathrm{CH_3C^+=OH}$$

**Step 2 (Nucleophilic Attack):** Methanol acts as a nucleophile and attacks the electrophilic carbonyl carbon:
$$\mathrm{CH_3C^+=OH} + \mathrm{CH_3OH} \rightarrow \mathrm{CH_3C(OH)(OCH_3)^+}$$

**Step 3 (Dehydration):** The hydroxyl group is protonated and water is eliminated, regenerating the carbocation:
$$\mathrm{CH_3C(OH)(OCH_3)^+} \rightarrow \mathrm{CH_3C^+=OCH_3} + \mathrm{H_2O}$$

**Step 4 (Deprotonation):** The carbocation is deprotonated to form the ester product and regenerate the acid catalyst:
$$\mathrm{CH_3C^+=OCH_3} + \mathrm{H_2O} \rightarrow \mathrm{CH_3COOCH_3} + \mathrm{H^+}$$

**Overall reaction:** $\mathrm{CH_3COOH} + \mathrm{CH_3OH} \rightleftharpoons \mathrm{CH_3COOCH_3} + \mathrm{H_2O}$ (methyl ethanoate)","C","long","3","annual","What is **esterification**? Write mechanism for the acid catalyzed reaction between methanol and acetic acid.","ms766ksye0wh50ykmrtxwm6qmd85p8v1","2023",,,,,,,
"chemistry-12","11-carbonyl-compounds","Carbonyl Compounds","11-4-reactions-of-carboxylic-acids","11.4 Reactions and Acidity of Carboxylic Acids","m17cv7nt7w1pxhrdasfmjqrb9585qwym","true","Federal Board","[""Identifies the ester functional group as the product"",""Recognizes the $-\\mathrm{COO}R$ structure (carbonyl bonded to oxygen-alkyl)"",""Understands this forms from alcohol and carboxylic acid/acyl chloride reaction"",""Notes the presence of both C=O and C-O bonds in the ester group""]",,"false","1","When an alcohol reacts with a carboxylic acid (or more commonly with an acyl chloride derived from it), an ester is formed. The functional group present in the ester is the ester group, characterized by the structure $-\mathrm{COO}R$, where the carbonyl carbon is bonded to an oxygen atom that is further bonded to an alkyl group.","MCQ","mcq","7","annual","Identify the functional group in the compound formed by the reaction of an alcohol with a carboxylic acid:","ms766ksye0wh50ykmrtxwm6qmd85p8v1","2024","A","When an alcohol reacts with a carboxylic acid (or more commonly with an acyl chloride derived from it), an ester is formed. The functional group present in the ester is the ester group, characterized by the structure $-\mathrm{COO}R$, where the carbonyl carbon is bonded to an oxygen atom that is further bonded to an alkyl group.","[{""key"":""A"",""text"":""$-C(=O)OR$""},{""key"":""B"",""text"":""$-C(=O)-$""},{""key"":""C"",""text"":""$-C(=O)H$""},{""key"":""D"",""text"":""$-C(=O)OC(=O)-$""}]",,,,
"chemistry-12","11-carbonyl-compounds","Carbonyl Compounds","11-4-reactions-of-carboxylic-acids","11.4 Reactions and Acidity of Carboxylic Acids","m1757tzk9wngzr7q5sj8we42xx85qwsg","true","Federal Board","[""Identifies hydrolysis/reaction with water as the method"",""Recognizes that all acid derivatives undergo this conversion"",""Understands the mechanism involves nucleophilic acyl substitution"",""Knows the product is the corresponding carboxylic acid"",""Applies concept of acid derivative interconversion""]",,"false","1","All acid derivatives (such as esters, amides, acid chlorides, and anhydrides) can be converted back into their corresponding carboxylic acids by hydrolysis reaction with water. This process involves nucleophilic acyl substitution where water attacks the carbonyl carbon, breaking the C-X bond and regenerating the carboxylic acid functional group.","MCQ","unclassified","14","annual","All the acid derivatives can be converted back into corresponding carboxylic acid by their reaction with:","ms766ksye0wh50ykmrtxwm6qmd85p8v1","2024",,"All acid derivatives (such as esters, amides, acid chlorides, and anhydrides) can be converted back into their corresponding carboxylic acids by hydrolysis reaction with water. This process involves nucleophilic acyl substitution where water attacks the carbonyl carbon, breaking the C-X bond and regenerating the carboxylic acid functional group.","[{""key"":""A"",""text"":""$NH_3$""},{""key"":""B"",""text"":""$CH_3CH_2OH$""},{""key"":""C"",""text"":""$LiAlH_4$""},{""key"":""D"",""text"":""$H_2O$""}]",,,,
"chemistry-12","11-carbonyl-compounds","Carbonyl Compounds","11-4-reactions-of-carboxylic-acids","11.4 Reactions and Acidity of Carboxylic Acids","m17a5hk0dr8t3997yez391pav185ppph","true","Federal Board","[""Correctly identifies acetic anhydride as an acetylating agent undergoing nucleophilic acyl substitution"",""Hydrolysis reaction produces two moles of acetic acid from one mole of anhydride"",""Ammonolysis produces acetamide and ammonium acetate salt"",""Esterification produces ethyl acetate and acetic acid"",""All reactions show proper chemical equations with correct stoichiometry and products""]",,"false","3","Acetic anhydride $(CH_3CO)_2O$ undergoes nucleophilic acyl substitution reactions with nucleophiles:

**a) With $H_2O$ (Hydrolysis):**
$(CH_3CO)_2O + H_2O \rightarrow 2CH_3COOH$

**b) With $NH_3$ (Ammonolysis):**
$(CH_3CO)_2O + 2NH_3 \rightarrow CH_3CONH_2 + CH_3COONH_4$

**c) With $C_2H_5OH$ (Esterification):**
$(CH_3CO)_2O + C_2H_5OH \rightarrow CH_3COOC_2H_5 + CH_3COOH$

In each case, the anhydride acts as an acetylating agent, transferring the acetyl group to the nucleophile while forming a carboxylic acid or its salt as a byproduct.","B","short","6","annual","Write down the reactions of Acetic anhydride with:
a. $H_2O$
b. $NH_3$
c. $C_2H_5OH$","ms766ksye0wh50ykmrtxwm6qmd85p8v1","2024",,,,,,,
"chemistry-12","11-carbonyl-compounds","Carbonyl Compounds","11-4-reactions-of-carboxylic-acids","11.4 Reactions and Acidity of Carboxylic Acids","m17fc1szy8gwan40dm3eqw6m2h85qdr9","true","Federal Board","[""Grignard reagent acts as nucleophile attacking carbonyl carbon"",""Acetone reaction produces secondary alcohol after hydrolysis"",""CO₂ reaction produces carboxylic acid after hydrolysis"",""Both reactions require aqueous acid workup to protonate the alkoxide/carboxylate intermediate"",""Correct identification of products with proper IUPAC naming""]",,"false","3","Grignard reagent $CH_3-CH_2-Mg-Br$ (ethylmagnesium bromide) is a strong nucleophile and reacts with carbonyl compounds:

**a. With Acetone ($CH_3-CO-CH_3$):**
$CH_3-CH_2-Mg-Br + CH_3-CO-CH_3 \rightarrow CH_3-CH_2-C(OMgBr)(CH_3)_2$

Followed by hydrolysis with dilute acid:
$CH_3-CH_2-C(OMgBr)(CH_3)_2 + H_2O \rightarrow CH_3-CH_2-C(OH)(CH_3)_2 + Mg(OH)Br$

Product: **2-methylbutan-2-ol** (secondary alcohol)

**b. With Carbon Dioxide ($CO_2$):**
$CH_3-CH_2-Mg-Br + CO_2 \rightarrow CH_3-CH_2-CO_2MgBr$

Followed by hydrolysis with dilute acid:
$CH_3-CH_2-CO_2MgBr + H_2O \rightarrow CH_3-CH_2-COOH + Mg(OH)Br$

Product: **Propanoic acid** (carboxylic acid)","B","short","20","annual","Write down the reactions of $CH_3-CH_2-Mg-Br$ with: a. Acetone b. $CO_2$.","ms766ksye0wh50ykmrtxwm6qmd85p8v1","2024",,,,,,,
"chemistry-12","11-carbonyl-compounds","Carbonyl Compounds","11-4-reactions-of-carboxylic-acids","11.4 Reactions and Acidity of Carboxylic Acids","m175njnr8cvdmd0q4fj29dss3185phqy","true","Federal Board","[""Identifies two valid reactions where O-H bond breaks (esterification and substitution/dehydration)"",""Writes correct chemical equations showing O-H bond cleavage"",""States reactivity order: tertiary > secondary > primary alcohols"",""Explains reactivity order based on carbocation stability"",""Recognizes role of carbocation intermediate in determining reactivity""]",,"false","3","Two reactions in which the O-H bond of alcohol is broken are: (1) **Esterification**: Alcohols react with carboxylic acids in the presence of concentrated H₂SO₄ to form esters, where the O-H bond breaks and water is eliminated: $R-OH + R'COOH \rightleftharpoons R'COOR + H_2O$. (2) **Substitution/Dehydration**: Alcohols undergo nucleophilic substitution with HX (halogenation) or elimination under acidic conditions, breaking the O-H bond: $R-OH + HX \rightarrow R-X + H_2O$. **Reactivity Order**: Primary alcohols are least reactive, secondary alcohols are moderately reactive, and tertiary alcohols are most reactive in these reactions. This is because tertiary alcohols form the most stable carbocation intermediate, facilitating O-H bond cleavage.","B","short","23","annual","Write down two reactions in which O-H bond of alcohol is broken. What is reactivity order of different alcohols in these reactions?","ms766ksye0wh50ykmrtxwm6qmd85p8v1","2024",,,,,,,
"chemistry-12","11-carbonyl-compounds","Carbonyl Compounds","11-4-reactions-of-carboxylic-acids","11.4 Reactions and Acidity of Carboxylic Acids","m17e3r1hxtznf3tyz47cvx264x85qc9v","true","Federal Board","[""Acetyl chloride prepared from carboxylic acid using SOCl₂ or PCl₅"",""Reaction with acetic acid produces acetic anhydride via nucleophilic acyl substitution"",""Reaction with ethanol produces ethyl ethanoate (ester) at room temperature"",""Reaction with ammonia produces ethanamide and requires two moles of NH₃ (one for substitution, one for neutralization)"",""All reactions are nucleophilic acyl substitutions with HCl as byproduct""]",,"false","6","**Preparation of Acetyl Chloride from Carboxylic Acid:**

Acetyl chloride is prepared by reacting acetic acid with thionyl chloride (SOCl₂) or phosphorus pentachloride (PCl₅):
$$\mathrm{CH_3COOH} + \mathrm{SOCl_2} \rightarrow \mathrm{CH_3COCl} + \mathrm{SO_2} + \mathrm{HCl}$$

**Reactions of Acetyl Chloride ($\mathrm{CH_3COCl}$):**

**a) With Acetic Acid:**
$$\mathrm{CH_3COCl} + \mathrm{CH_3COOH} \rightarrow \mathrm{CH_3CO-O-COCH_3} + \mathrm{HCl}$$
This produces acetic anhydride (ethanoic anhydride) and hydrogen chloride. The reaction occurs at room temperature as acetic acid acts as a nucleophile attacking the electrophilic carbonyl carbon.

**b) With Ethanol:**
$$\mathrm{CH_3COCl} + \mathrm{C_2H_5OH} \rightarrow \mathrm{CH_3COOC_2H_5} + \mathrm{HCl}$$
This is a nucleophilic acyl substitution producing ethyl ethanoate (ester) and hydrogen chloride. The reaction is vigorous at room temperature with no catalyst required.

**c) With Ammonia:**
$$\mathrm{CH_3COCl} + 2\mathrm{NH_3} \rightarrow \mathrm{CH_3CONH_2} + \mathrm{NH_4Cl}$$
This produces ethanamide (primary amide) and ammonium chloride. Two moles of ammonia are required: one acts as nucleophile and one neutralizes the HCl produced.","C","long","5","annual","How can Acetyl Chloride be prepared from carboxylic acid? Write down the reactions of $CH_3-C(=O)-Cl$ with:
a. Acetic acid
b. Ethanol
c. $NH_3$","ms766ksye0wh50ykmrtxwm6qmd85p8v1","2024",,,,,,,
"chemistry-12","11-carbonyl-compounds","Carbonyl Compounds","11-4-reactions-of-carboxylic-acids","11.4 Reactions and Acidity of Carboxylic Acids","m171bgh60y7jdag8k5bav4r1th85p22q","true","Federal Board","[""Correct order: Carboxylic acid > Phenol > Alcohol with appropriate $pK_a$ values ($\\approx 4.7$, $\\approx 10$, $\\approx 15-16$ respectively)"",""Carboxylic acids strongest due to resonance stabilization of carboxylate ion and electron-withdrawing effect of carbonyl group"",""Phenols moderately acidic due to resonance delocalization of negative charge into aromatic ring"",""Alcohols weakest acids as alkoxide ion lacks resonance stabilization and is highly unstable"",""Lower $pK_a$ indicates stronger acid; conjugate base stability inversely related to acid strength""]",,"false","7","The order of acidic strength is: **Carboxylic acid > Phenol > Alcohol**. Carboxylic acids are the strongest with $pK_a \approx 4.7$, phenols are moderately acidic with $pK_a \approx 10$, and alcohols are extremely weak acids with $pK_a \approx 15-16$. This order reflects the stability of their conjugate bases: the carboxylate ion ($RCOO^-$) is highly stabilized by resonance and inductive effects; the phenoxide ion ($C_6H_5O^-$) is stabilized by resonance delocalization into the aromatic ring; and the alkoxide ion ($RO^-$) lacks such stabilization, making it highly unstable and basic.","C","long","8","annual","What is the order of acidic strength of phenol, alcohol and carboxylic acid? Justify your answer by giving $pK_a$ values, and stability of their conjugate bases.","ms766ksye0wh50ykmrtxwm6qmd85p8v1","2024",,,,,,,
"chemistry-12","11-carbonyl-compounds","Carbonyl Compounds","11-4-reactions-of-carboxylic-acids","11.4 Reactions and Acidity of Carboxylic Acids","m17c5na823c184k8qabaxkvenh8dypb5",,,,,"false",,,"MCQ","mcq","xi",,"Why are carboxylic acids more acidic than phenols and alcohols?","ms766ksye0wh50ykmrtxwm6qmd85p8v1",,,,"[{""key"":""A"",""text"":""Carboxylic acids have a lower molecular weight.""},{""key"":""B"",""text"":""Carboxylic acids are better at forming hydrogen bonds.""},{""key"":""C"",""text"":""The carboxylate anion is resonance-stabilized.""},{""key"":""D"",""text"":""Carboxylic acids have a higher boiling point.""}]","xd72dyczys645fkfpp55jkdcph8dy774","Multiple Choice Questions (MCQs)","exercise","{""blockIndex"":2,""chapterNumber"":11,""page"":197,""subjectSlug"":""chemistry-12""}"
"chemistry-12","11-carbonyl-compounds","Carbonyl Compounds","11-4-reactions-of-carboxylic-acids","11.4 Reactions and Acidity of Carboxylic Acids","m17c7m534jy52k3kj984pkx6y18dynee",,,,,"false",,,,"short","xi",,"Carboxylic acids are generally more acidic than phenols and alcohols.","ms766ksye0wh50ykmrtxwm6qmd85p8v1",,,,,"xd77eqya08975qpf1k1hk58fph8dyywq","Short Answer Questions","exercise","{""blockIndex"":7,""chapterNumber"":11,""page"":197,""subjectSlug"":""chemistry-12""}"
"chemistry-12","11-carbonyl-compounds","Carbonyl Compounds","11-4-reactions-of-carboxylic-acids","11.4 Reactions and Acidity of Carboxylic Acids","m17exdvwm476bwtjs8rsvp3fn98dy811",,,,,"false",,,,"long","ii",,"Explain the relative acidities of carboxylic acids, phenols, and alcohols. Provide examples and discuss how substituents can affect acidity.","ms766ksye0wh50ykmrtxwm6qmd85p8v1",,,,,"xd70sdhbdv3vy23ckh2vgdd0g58dzb2h","Long Answer Questions","exercise","{""blockIndex"":9,""chapterNumber"":11,""page"":197,""subjectSlug"":""chemistry-12""}"
"chemistry-12","11-carbonyl-compounds","Carbonyl Compounds","11-4-reactions-of-carboxylic-acids","11.4 Reactions and Acidity of Carboxylic Acids","m17dpsx64em7e21r5qv3dt4bw98dydc6",,,,,"false",,,,"long","vi",,"Given three compounds: ethanoyl chloride, chloromethane, and chlorobenzene, predict which one hydrolyzes the fastest and explain your reasoning with reference to bond polarity and resonance.
## UNIT 12 ✓","ms766ksye0wh50ykmrtxwm6qmd85p8v1",,,,,"xd70sdhbdv3vy23ckh2vgdd0g58dzb2h","Long Answer Questions","exercise","{""blockIndex"":9,""chapterNumber"":11,""page"":197,""subjectSlug"":""chemistry-12""}"
"chemistry-12","11-carbonyl-compounds","Carbonyl Compounds","11-5-reaction-of-acyl-chlorides","11.5 Reactions of Acyl Chlorides","m17f7wybkb0wf5v2q235azh0mx85pf86","true","Federal Board","[""Acyl chlorides undergo nucleophilic acyl substitution with carboxylic acids to form anhydrides and HCl"",""Esters are reduced by LiAlH₄ (strong reducing agent) to produce primary alcohols from both acyl and alkyl portions"",""Grignard reagents add to nitriles forming imine intermediates that hydrolyze to ketones"",""Correct identification of functional group transformations and reaction mechanisms"",""Proper balancing of equations with all products identified""]",,"false","3","a. $CH_3COCl + CH_3COOH \rightarrow CH_3CO-O-COCH_3 + HCl$ (acetic anhydride formation)

b. $CH_3COOC_2H_5 + LiAlH_4 \rightarrow CH_3CH_2OH + C_2H_5OH$ (ester reduction to primary alcohols)

c. $CH_3MgBr + CH_3CN \rightarrow CH_3C(=NMgBr)CH_3 \rightarrow CH_3COCH_3$ (Grignard addition to nitrile, forming ketone after hydrolysis)","B","short","27","annual","Complete the given chemical equations:
a. $CH_3COCl + CH_3COOH \rightarrow$
b. $CH_3COOC_2H_5 + LiAlH_4 \rightarrow$
c. $CH_3MgBr + CH_3CN \rightarrow$","ms7dce3rc8kaf73158vcvgsb9985qdke","2025",,,,,,,
"chemistry-12","11-carbonyl-compounds","Carbonyl Compounds","11-5-reaction-of-acyl-chlorides","11.5 Reactions of Acyl Chlorides","m171xsw48vvrdx0dgnjcywht1n85pnzj",,"Federal Board","[""Reaction with water produces carboxylic acid (acetic acid)"",""Reaction with alcohol produces ester (ethyl ethanoate) and carboxylic acid"",""Reaction with ammonia produces primary amide (ethanamide) and ammonium salt"",""All reactions are nucleophilic acyl substitution occurring at room temperature"",""Acetic anhydride is highly reactive due to electrophilic carbonyl carbon""]",,"false","3","Acetic anhydride (ethanoic anhydride) undergoes nucleophilic acyl substitution reactions:

**a. With Water:** $(CH_3CO)_2O + H_2O \rightarrow 2CH_3COOH$ (Acetic acid is formed)

**b. With Ethanol:** $(CH_3CO)_2O + C_2H_5OH \rightarrow CH_3COOC_2H_5 + CH_3COOH$ (Ethyl ethanoate and acetic acid are formed)

**c. With Ammonia:** $(CH_3CO)_2O + 2NH_3 \rightarrow CH_3CONH_2 + CH_3COONH_4$ (Ethanamide and ammonium ethanoate are formed)

All reactions occur readily at room temperature. Acetic anhydride is highly reactive due to the electron-withdrawing carbonyl groups making the carbonyl carbon electrophilic, facilitating nucleophilic acyl substitution.","B","short","15","annual","Write down the reactions of **Acetic anhydride** with:
a. $H_2O$
b. $C_2H_5OH$
c. $NH_3$","ms7dce3rc8kaf73158vcvgsb9985qdke","2022",,,,,,,
"chemistry-12","11-carbonyl-compounds","Carbonyl Compounds","11-5-reaction-of-acyl-chlorides","11.5 Reactions of Acyl Chlorides","m17a0ba4x68ebphs08nppmh08n85ptjx","true","Federal Board","[""Hofmann degradation of acetamide produces primary amine with loss of carbonyl group"",""Acetic anhydride formation from acetyl chloride requires nucleophilic acyl substitution with acetate source"",""Dry distillation of calcium acetate involves thermal decomposition to ketone and salt"",""Correct chemical equations with proper reactants, products, and conditions"",""Understanding of carboxylic acid derivative transformations""]",,"false","3","a. **Acetamide into Ethylamine:** Acetamide ($\mathrm{CH_3CONH_2}$) undergoes Hofmann degradation when treated with bromine in alkaline solution, producing ethylamine ($\mathrm{C_2H_5NH_2}$) and carbon dioxide. $\mathrm{CH_3CONH_2 + Br_2 + 4NaOH \rightarrow C_2H_5NH_2 + Na_2CO_3 + 2NaBr + 2H_2O}$

b. **Acetyl chloride into Acetic anhydride:** Two molecules of acetyl chloride ($\mathrm{CH_3COCl}$) react with sodium acetate to form acetic anhydride ($\mathrm{(CH_3CO)_2O}$). $\mathrm{2CH_3COCl + 2CH_3COONa \rightarrow (CH_3CO)_2O + 2NaCl}$ Alternatively, acetyl chloride reacts with acetic acid: $\mathrm{CH_3COCl + CH_3COOH \rightarrow (CH_3CO)_2O + HCl}$

c. **Calcium acetate into Acetone:** Calcium acetate ($\mathrm{(CH_3COO)_2Ca}$) undergoes dry distillation (heating without solvent) to produce acetone ($\mathrm{CH_3COCH_3}$) and calcium carbonate. $\mathrm{(CH_3COO)_2Ca \xrightarrow{\Delta} CH_3COCH_3 + CaCO_3}$","B","short","14","annual","Write down the reactions for following conversions:
a. Acetamide into Ethyl amine
b. Acetyl chloride into acetic anhydride
c. Calcium acetate into acetone","ms7dce3rc8kaf73158vcvgsb9985qdke","2022",,,,,,,
"chemistry-12","11-carbonyl-compounds","Carbonyl Compounds","11-5-reaction-of-acyl-chlorides","11.5 Reactions of Acyl Chlorides","m1757tzk9wngzr7q5sj8we42xx85qwsg","true","Federal Board","[""Identifies hydrolysis/reaction with water as the method"",""Recognizes that all acid derivatives undergo this conversion"",""Understands the mechanism involves nucleophilic acyl substitution"",""Knows the product is the corresponding carboxylic acid"",""Applies concept of acid derivative interconversion""]",,"false","1","All acid derivatives (such as esters, amides, acid chlorides, and anhydrides) can be converted back into their corresponding carboxylic acids by hydrolysis reaction with water. This process involves nucleophilic acyl substitution where water attacks the carbonyl carbon, breaking the C-X bond and regenerating the carboxylic acid functional group.","MCQ","unclassified","14","annual","All the acid derivatives can be converted back into corresponding carboxylic acid by their reaction with:","ms7dce3rc8kaf73158vcvgsb9985qdke","2024",,"All acid derivatives (such as esters, amides, acid chlorides, and anhydrides) can be converted back into their corresponding carboxylic acids by hydrolysis reaction with water. This process involves nucleophilic acyl substitution where water attacks the carbonyl carbon, breaking the C-X bond and regenerating the carboxylic acid functional group.","[{""key"":""A"",""text"":""$NH_3$""},{""key"":""B"",""text"":""$CH_3CH_2OH$""},{""key"":""C"",""text"":""$LiAlH_4$""},{""key"":""D"",""text"":""$H_2O$""}]",,,,
"chemistry-12","11-carbonyl-compounds","Carbonyl Compounds","11-5-reaction-of-acyl-chlorides","11.5 Reactions of Acyl Chlorides","m17e3r1hxtznf3tyz47cvx264x85qc9v","true","Federal Board","[""Acetyl chloride prepared from carboxylic acid using SOCl₂ or PCl₅"",""Reaction with acetic acid produces acetic anhydride via nucleophilic acyl substitution"",""Reaction with ethanol produces ethyl ethanoate (ester) at room temperature"",""Reaction with ammonia produces ethanamide and requires two moles of NH₃ (one for substitution, one for neutralization)"",""All reactions are nucleophilic acyl substitutions with HCl as byproduct""]",,"false","6","**Preparation of Acetyl Chloride from Carboxylic Acid:**

Acetyl chloride is prepared by reacting acetic acid with thionyl chloride (SOCl₂) or phosphorus pentachloride (PCl₅):
$$\mathrm{CH_3COOH} + \mathrm{SOCl_2} \rightarrow \mathrm{CH_3COCl} + \mathrm{SO_2} + \mathrm{HCl}$$

**Reactions of Acetyl Chloride ($\mathrm{CH_3COCl}$):**

**a) With Acetic Acid:**
$$\mathrm{CH_3COCl} + \mathrm{CH_3COOH} \rightarrow \mathrm{CH_3CO-O-COCH_3} + \mathrm{HCl}$$
This produces acetic anhydride (ethanoic anhydride) and hydrogen chloride. The reaction occurs at room temperature as acetic acid acts as a nucleophile attacking the electrophilic carbonyl carbon.

**b) With Ethanol:**
$$\mathrm{CH_3COCl} + \mathrm{C_2H_5OH} \rightarrow \mathrm{CH_3COOC_2H_5} + \mathrm{HCl}$$
This is a nucleophilic acyl substitution producing ethyl ethanoate (ester) and hydrogen chloride. The reaction is vigorous at room temperature with no catalyst required.

**c) With Ammonia:**
$$\mathrm{CH_3COCl} + 2\mathrm{NH_3} \rightarrow \mathrm{CH_3CONH_2} + \mathrm{NH_4Cl}$$
This produces ethanamide (primary amide) and ammonium chloride. Two moles of ammonia are required: one acts as nucleophile and one neutralizes the HCl produced.","C","long","5","annual","How can Acetyl Chloride be prepared from carboxylic acid? Write down the reactions of $CH_3-C(=O)-Cl$ with:
a. Acetic acid
b. Ethanol
c. $NH_3$","ms7dce3rc8kaf73158vcvgsb9985qdke","2024",,,,,,,
"chemistry-12","11-carbonyl-compounds","Carbonyl Compounds","11-5-reaction-of-acyl-chlorides","11.5 Reactions of Acyl Chlorides","m17b2qe2w9vk4v4mj1k2vv74hd8dzxph",,,,,"false",,,"MCQ","mcq","v",,"What happens when benzoyl chloride reacts with water?","ms7dce3rc8kaf73158vcvgsb9985qdke",,,,"[{""key"":""A"",""text"":""Benzoic acid and HCl are formed.""},{""key"":""B"",""text"":""Benzene and water are formed.""},{""key"":""C"",""text"":""Phenol and water are formed.""},{""key"":""D"",""text"":""Benzoate and water are formed.""}]","xd72dyczys645fkfpp55jkdcph8dy774","Multiple Choice Questions (MCQs)","exercise","{""blockIndex"":1,""chapterNumber"":11,""page"":197,""subjectSlug"":""chemistry-12""}"
"chemistry-12","11-carbonyl-compounds","Carbonyl Compounds","11-5-reaction-of-acyl-chlorides","11.5 Reactions of Acyl Chlorides","m173rgy71f3th17fgyqp7zxgms8dyfh6",,,,,"false",,,"MCQ","mcq","vi",,"The mechanism by which acyl chlorides react with alcohols is:","ms7dce3rc8kaf73158vcvgsb9985qdke",,,,"[{""key"":""A"",""text"":""Addition""},{""key"":""B"",""text"":""Elimination""},{""key"":""C"",""text"":""Addition-elimination""},{""key"":""D"",""text"":""Substitution""}]","xd72dyczys645fkfpp55jkdcph8dy774","Multiple Choice Questions (MCQs)","exercise","{""blockIndex"":2,""chapterNumber"":11,""page"":197,""subjectSlug"":""chemistry-12""}"
"chemistry-12","11-carbonyl-compounds","Carbonyl Compounds","11-5-reaction-of-acyl-chlorides","11.5 Reactions of Acyl Chlorides","m1744341h5xe6227eavjxmqxdh8dzcr3",,,,,"false",,,"MCQ","mcq","vii",,"Which of the following acyl chlorides is expected to hydrolyze most readily?","ms7dce3rc8kaf73158vcvgsb9985qdke",,,,"[{""key"":""A"",""text"":""Methyl chloride""},{""key"":""B"",""text"":""Acetyl chloride""},{""key"":""C"",""text"":""Phenyl chloride""},{""key"":""D"",""text"":""Benzyl chloride""}]","xd72dyczys645fkfpp55jkdcph8dy774","Multiple Choice Questions (MCQs)","exercise","{""blockIndex"":2,""chapterNumber"":11,""page"":197,""subjectSlug"":""chemistry-12""}"
"chemistry-12","11-carbonyl-compounds","Carbonyl Compounds","11-5-reaction-of-acyl-chlorides","11.5 Reactions of Acyl Chlorides","m176cc3a1rn0yqxzb1tbwp8t118dz1t6",,,,,"false",,,"MCQ","mcq","x",,"The addition-elimination reaction mechanism of acyl chlorides involves:","ms7dce3rc8kaf73158vcvgsb9985qdke",,,,"[{""key"":""A"",""text"":""Nucleophilic attack on the carbonyl carbon.""},{""key"":""B"",""text"":""Addition of HCl to the carbonyl group.""},{""key"":""C"",""text"":""Electrophilic substitution on the benzene ring.""},{""key"":""D"",""text"":""Radical addition to the carbonyl group.""}]","xd72dyczys645fkfpp55jkdcph8dy774","Multiple Choice Questions (MCQs)","exercise","{""blockIndex"":2,""chapterNumber"":11,""page"":197,""subjectSlug"":""chemistry-12""}"
"chemistry-12","11-carbonyl-compounds","Carbonyl Compounds","11-5-reaction-of-acyl-chlorides","11.5 Reactions of Acyl Chlorides","m171ktfs2m3qwxk04dg38cas1s8dznr0",,,,,"false",,,"MCQ","mcq","xiii",,"Which of the following statements about the addition-elimination mechanism of acyl chlorides is correct?","ms7dce3rc8kaf73158vcvgsb9985qdke",,,,"[{""key"":""A"",""text"":""The nucleophile attacks the carbonyl carbon, forming a tetrahedral intermediate.""},{""key"":""B"",""text"":""The nucleophile attacks the chlorine atom directly.""},{""key"":""C"",""text"":""The reaction involves a free radical intermediate.""},{""key"":""D"",""text"":""The acyl chloride first forms a carbocation intermediate.""}]","xd72dyczys645fkfpp55jkdcph8dy774","Multiple Choice Questions (MCQs)","exercise","{""blockIndex"":4,""chapterNumber"":11,""page"":197,""subjectSlug"":""chemistry-12""}"
"chemistry-12","11-carbonyl-compounds","Carbonyl Compounds","11-5-reaction-of-acyl-chlorides","11.5 Reactions of Acyl Chlorides","m178pjv3q336vznkze54k361rd8dzm2f",,,,,"false",,,,"short","iv",,"Describe the mechanism of acyl chloride hydrolysis with water.","ms7dce3rc8kaf73158vcvgsb9985qdke",,,,,"xd77eqya08975qpf1k1hk58fph8dyywq","Short Answer Questions","exercise","{""blockIndex"":7,""chapterNumber"":11,""page"":197,""subjectSlug"":""chemistry-12""}"
"chemistry-12","11-carbonyl-compounds","Carbonyl Compounds","11-5-reaction-of-acyl-chlorides","11.5 Reactions of Acyl Chlorides","m17eykqbd1wwt8mcv57qmynt458dz666",,,,,"false",,,,"short","v",,"What is the difference in reactivity between acyl chlorides and alkyl chlorides?","ms7dce3rc8kaf73158vcvgsb9985qdke",,,,,"xd77eqya08975qpf1k1hk58fph8dyywq","Short Answer Questions","exercise","{""blockIndex"":7,""chapterNumber"":11,""page"":197,""subjectSlug"":""chemistry-12""}"
"chemistry-12","11-carbonyl-compounds","Carbonyl Compounds","11-5-reaction-of-acyl-chlorides","11.5 Reactions of Acyl Chlorides","m17czzfnccpegqg2gkbv24depd8dycsg",,,,,"false",,,,"short","vii",,"What product results from the reaction of acyl chlorides with phenol?","ms7dce3rc8kaf73158vcvgsb9985qdke",,,,,"xd77eqya08975qpf1k1hk58fph8dyywq","Short Answer Questions","exercise","{""blockIndex"":7,""chapterNumber"":11,""page"":197,""subjectSlug"":""chemistry-12""}"
"chemistry-12","11-carbonyl-compounds","Carbonyl Compounds","11-5-reaction-of-acyl-chlorides","11.5 Reactions of Acyl Chlorides","m17f9qs83sn8jy76xydrdwycqs8dy54q",,,,,"false",,,,"short","ix",,"Carboxylic acids can be converted to acyl chlorides using $\mathrm{PCl}_{3}, \mathrm{PCl}_{5}$ or $\mathrm{SOCl}_{2}$.","ms7dce3rc8kaf73158vcvgsb9985qdke",,,,,"xd77eqya08975qpf1k1hk58fph8dyywq","Short Answer Questions","exercise","{""blockIndex"":7,""chapterNumber"":11,""page"":197,""subjectSlug"":""chemistry-12""}"
"chemistry-12","11-carbonyl-compounds","Carbonyl Compounds","11-5-reaction-of-acyl-chlorides","11.5 Reactions of Acyl Chlorides","m174s6dpcq76xmzygv7102a9r58dz88d",,,,,"false",,,,"long","iii",,"Compare the reactivity and hydrolysis of acyl chlorides with alkyl and aryl chlorides. Explain the factors that affect their reactivity.","ms7dce3rc8kaf73158vcvgsb9985qdke",,,,,"xd70sdhbdv3vy23ckh2vgdd0g58dzb2h","Long Answer Questions","exercise","{""blockIndex"":9,""chapterNumber"":11,""page"":197,""subjectSlug"":""chemistry-12""}"
"chemistry-12","11-carbonyl-compounds","Carbonyl Compounds","11-5-reaction-of-acyl-chlorides","11.5 Reactions of Acyl Chlorides","m17abkjhr9a397mqpbr4qqxpbh8dyfk7",,,,,"false",,,,"long","iv",,"Esters can be formed from alcohols and acyl chlorides, exemplified by the formation of phenyl benzoate. Write the balanced chemical equation for the formation of phenyl benzoate from benzoyl chloride and phenol.","ms7dce3rc8kaf73158vcvgsb9985qdke",,,,,"xd70sdhbdv3vy23ckh2vgdd0g58dzb2h","Long Answer Questions","exercise","{""blockIndex"":9,""chapterNumber"":11,""page"":197,""subjectSlug"":""chemistry-12""}"
"chemistry-12","11-carbonyl-compounds","Carbonyl Compounds","11-5-reaction-of-acyl-chlorides","11.5 Reactions of Acyl Chlorides","m172qg5wp4vemh7tpmj52hq55x8dynsk",,,,,"false",,,,"long","v",,"Acyl chlorides hydrolyze rapidly in water, while aryl chlorides are resistant. Analyze the electronic structures of these compounds to explain this contrast in reactivity.","ms7dce3rc8kaf73158vcvgsb9985qdke",,,,,"xd70sdhbdv3vy23ckh2vgdd0g58dzb2h","Long Answer Questions","exercise","{""blockIndex"":9,""chapterNumber"":11,""page"":197,""subjectSlug"":""chemistry-12""}"