subjectSlug,chapterSlug,chapterTitle,topicSlug,topicTitle,_id,correctKey,correctKeyVerified,examBoard,explanation,keyPoints,lastAttempt,locked,marks,modelAnswer,options,partType,questionKind,questionNumber,session,stem,topicId,year,exerciseId,exerciseTitle,origin
"maths-12","04-differential-equations","Differential Equations","exercise-4-1","4.1 Order and Degree of Differential Equations","m17dyja7kw3sz9v4dsw1ave3fx85p0n8","D","true","Federal Board","The order of the differential equation $\frac{d^{2} y}{d x^{2}}-\left(\frac{d y}{d x}\right)^{2}+y=3 x$ is **2**, as the highest order derivative present is $\frac{d^{2} y}{d x^{2}}$. The degree is **1**, as the power of the highest order derivative $\frac{d^{2} y}{d x^{2}}$ is 1 (the equation is polynomial in its derivatives).","[""Order is determined by the highest order derivative present in the equation"",""The highest order derivative here is $\\frac{d^{2} y}{d x^{2}}$, so order = 2"",""Degree is the power of the highest order derivative when the equation is polynomial in derivatives"",""The power of $\\frac{d^{2} y}{d x^{2}}$ is 1, so degree = 1"",""Answer: Order = 2, Degree = 1""]",,"false","1","The order of the differential equation $\frac{d^{2} y}{d x^{2}}-\left(\frac{d y}{d x}\right)^{2}+y=3 x$ is **2**, as the highest order derivative present is $\frac{d^{2} y}{d x^{2}}$. The degree is **1**, as the power of the highest order derivative $\frac{d^{2} y}{d x^{2}}$ is 1 (the equation is polynomial in its derivatives).","[{""key"":""A"",""text"":""1,2""},{""key"":""B"",""text"":""2,1""},{""key"":""C"",""text"":""2,2""},{""key"":""D"",""text"":""2,3""}]","MCQ","mcq","15","annual","If $\frac{d^{2} y}{d x^{2}}-\left(\frac{d y}{d x}\right)^{2}+y=3 x$ is a differential equation, then its order and degree respectively are:","ms7bs23ec0rja2m0d76qhs76b585prg2","2025",,,
"maths-12","04-differential-equations","Differential Equations","exercise-4-1","4.1 Order and Degree of Differential Equations","m173ajh2y051adt1ssj9cbzrex85p9y9","D","true","Federal Board","To solve the inequality $2y + 5 > 4y - 3$, we rearrange by collecting like terms: $2y - 4y > -3 - 5$, which gives $-2y > -8$. Dividing both sides by $-2$ (and reversing the inequality sign): $y < 4$. Therefore, the solution set is $\{y : y < 4\}$ or in interval notation $(-\infty, 4)$.","[""Correctly rearrange inequality to collect variable terms on one side and constants on the other"",""Apply the rule that dividing by a negative number reverses the inequality sign"",""Express final answer in set-builder notation or interval notation"",""Verify solution by testing a value (e.g., $y = 0$ satisfies $5 > -3$ ✓; $y = 5$ does not satisfy $15 > 17$ ✗)""]",,"false","1","To solve the inequality $2y + 5 > 4y - 3$, we rearrange by collecting like terms: $2y - 4y > -3 - 5$, which gives $-2y > -8$. Dividing both sides by $-2$ (and reversing the inequality sign): $y < 4$. Therefore, the solution set is $\{y : y < 4\}$ or in interval notation $(-\infty, 4)$.","[{""key"":""A"",""text"":""$y > -4$""},{""key"":""B"",""text"":""$y > 8$""},{""key"":""C"",""text"":""$y < -4$""},{""key"":""D"",""text"":""$y < 4$""}]","MCQ","mcq","13","annual","The solution set of $2y + 5 > 4y - 3$ is:","ms7bs23ec0rja2m0d76qhs76b585prg2","2022",,,
"maths-12","04-differential-equations","Differential Equations","exercise-4-1","4.1 Order and Degree of Differential Equations","m178rrfj8x5me5yeaq2pq23nzs85qdk7",,"true","Federal Board","Given $a_1 = -1$ and $a_n = n + a_{n-1}$, we find $a_2 = 2 + a_1 = 2 + (-1) = 1$. Therefore, $S_2 = a_1 + a_2 = -1 + 1 = 0$.","[""Correctly substitutes $a_1 = -1$ into the recurrence relation"",""Accurately calculates $a_2$ using $a_2 = 2 + a_1$"",""Correctly computes the sum $S_2 = a_1 + a_2$"",""Arrives at final answer $S_2 = 0$""]",,"false","1","Given $a_1 = -1$ and $a_n = n + a_{n-1}$, we find $a_2 = 2 + a_1 = 2 + (-1) = 1$. Therefore, $S_2 = a_1 + a_2 = -1 + 1 = 0$.","[{""key"":""A"",""text"":""0""},{""key"":""B"",""text"":""1""},{""key"":""C"",""text"":""-1""},{""key"":""D"",""text"":""2""}]","MCQ","unclassified","9","annual","If $a_1 = -1$ in a sequence with general term $a_n = n + a_{n-1}$, then the sum of the first two terms $S_2$ is:","ms7bs23ec0rja2m0d76qhs76b585prg2","2022",,,
"maths-12","04-differential-equations","Differential Equations","exercise-4-1","4.1 Order and Degree of Differential Equations","m174btezenrd13zzgwah7v0q7h8c6fwh",,,,,,,"false",,"# **Background and Explanation**

The **order** of a differential equation is the order of the highest derivative present in the equation. The **degree** is the power of the highest order derivative, provided the differential equation is expressed as a polynomial in its derivatives (meaning no fractional powers or radicals involving the derivatives).

---

# **Solution**

## Part (i)
Equation: $(1-x) y^{\prime \prime}-4 x y^{\prime}+5 y=\cos x$
The highest derivative present is $y^{\prime \prime}$ (the second derivative). The power of $y^{\prime \prime}$ is 1.
- **Order** $= 2$
- **Degree** $= 1$

## Part (ii)
Equation: $y y^{\prime}+2 y=1+x^{2}$
The highest derivative present is $y^{\prime}$ (the first derivative). The power of $y^{\prime}$ is 1.
- **Order** $= 1$
- **Degree** $= 1$

## Part (iii)
Equation: $\left(y^{\prime \prime}\right)^{3}-3 y^{\prime}+2 y=x$
The highest derivative present is $y^{\prime \prime}$ (the second derivative). The power of this highest derivative is 3.
- **Order** $= 2$
- **Degree** $= 3$

## Part (iv)
Equation: $\left(y^{\prime}\right)^{2}-y y^{\prime \prime}+2=0$
The highest derivative present is $y^{\prime \prime}$ (the second derivative). Even though $y^{\prime}$ is squared, we only look at the power of the highest order derivative, which is 1.
- **Order** $= 2$
- **Degree** $= 1$

## Part (v)
Equation: $y \frac{d^{2} y}{d x^{2}}+\left(\frac{d y}{d x}\right)^{3}=0$
The highest derivative present is $\frac{d^{2} y}{d x^{2}}$ (the second derivative). Its power is 1.
- **Order** $= 2$
- **Degree** $= 1$

## Part (vi)
Equation: $\frac{d y}{d x}=\sqrt{1+\left(\frac{d^{2} y}{d x^{2}}\right)^{2}}$
To find the degree, we must first remove the radical to make the equation a polynomial in derivatives. Square both sides:
$$ \left(\frac{d y}{d x}\right)^{2}=1+\left(\frac{d^{2} y}{d x^{2}}\right)^{2} $$
The highest derivative is $\frac{d^{2} y}{d x^{2}}$ (the second derivative). Its power in this form is 2.
- **Order** $= 2$
- **Degree** $= 2$

## Part (vii)
Equation: $x^{3} \frac{d^{4} y}{d x^{4}}-x^{2} \frac{d^{2} y}{d x^{2}}+4\left(\frac{d y}{d x}\right)^{5}+4 x y-3 y=0$
The highest derivative present is $\frac{d^{4} y}{d x^{4}}$ (the fourth derivative). Its power is 1.
- **Order** $= 4$
- **Degree** $= 1$

---

# **Key Formulas or Methods Used**

- **Order:** Identified by the term $\frac{d^n y}{dx^n}$ where $n$ is the largest integer in the equation.
- **Degree:** The exponent of the highest order derivative after the equation is cleared of radicals and fractions involving derivatives.
- **Polynomial Form:** A differential equation must be a polynomial in terms of its derivatives ($y', y'', \dots$) to define a degree.

---

# **Summary of Steps**

1.  Identify the highest order derivative present in the equation to determine the **Order**.
2.  Check if the equation contains radicals or fractional powers involving the derivatives.
3.  If radicals exist, rationalize the equation (e.g., by squaring) to express it as a polynomial in derivatives.
4.  Identify the exponent of the highest order derivative to determine the **Degree**.",,,"unclassified","1",,"Find the order and degree of each of the following differential equations:

(i) $(1-x) y^{\prime \prime}-4 x y^{\prime}+5 y=\cos x$

(ii) $y y^{\prime}+2 y=1+x^{2}$

(iii) $\left(y^{\prime \prime}\right)^{3}-3 y^{\prime}+2 y=x$

(iv) $\left(y^{\prime}\right)^{2}-y y^{\prime \prime}+2=0$

(v) $y \frac{d^{2} y}{d x^{2}}+\left(\frac{d y}{d x}\right)^{3}=0$

(vi) $\frac{d y}{d x}=\sqrt{1+\left(\frac{d^{2} y}{d x^{2}}\right)^{2}}$

(vii) $x^{3} \frac{d^{4} y}{d x^{4}}-x^{2} \frac{d^{2} y}{d x^{2}}+4\left(\frac{d y}{d x}\right)^{5}+4 x y-3 y=0$

---","ms7bs23ec0rja2m0d76qhs76b585prg2",,"xd7c6swne5dy36ms7am9nxh4ds8c7vsk","Exercise 4.1","exercise"
"maths-12","04-differential-equations","Differential Equations","exercise-4-1","4.1 Order and Degree of Differential Equations","m17dtvsjk30jstwpzakv4gsep18c7ycy",,,,,,,"false",,"# **Background and Explanation**

To eliminate arbitrary constants, we differentiate the given equation with respect to the independent variable ($x$). The number of times we differentiate usually corresponds to the number of arbitrary constants present. We then use substitution or further differentiation to form a differential equation that no longer contains those constants.

---

# **Solution**

## Part (i)
Given the equation:
$$y=a e^{x}+b e^{-x}+c$$

Differentiate with respect to $x$:
$$y^{\prime}=a e^{x}+b e^{-x} \cdot(-1)+0$$
$$y^{\prime}=a e^{x}-b e^{-x}$$

Differentiate again with respect to $x$:
$$y^{\prime \prime}=a e^{x}-b e^{-x} \cdot(-1)$$
$$y^{\prime \prime}=a e^{x}+b e^{-x}$$

From equation (1), we know that $y-c=a e^{x}+b e^{-x}$. However, to fully eliminate the constants without needing to solve for $c$, we differentiate equation (3) once more:
$$y^{\prime \prime \prime}=a e^{x}-b e^{-x}$$

By comparing this result to equation (2), we can see that $y^{\prime \prime \prime} = y^{\prime}$.
$$y^{\prime \prime \prime}-y^{\prime}=0$$

## Part (ii)
Given the equation:
$$y=\cos (x+b)$$

Differentiate with respect to $x$:
$$y^{\prime}=-\sin (x+b) \cdot 1$$

Differentiate again with respect to $x$:
$$y^{\prime \prime}=-\cos (x+b)$$

Using equation (1), we substitute $y$ back into the equation:
$$y^{\prime \prime}=-y$$
$$y^{\prime \prime}+y=0$$

## Part (iii)
Given the equation:
$$y=m x+c$$

Differentiate with respect to $x$:
$$y^{\prime}=m+0$$
$$y^{\prime}=m$$

Differentiate again with respect to $x$ to eliminate the remaining constant $m$:
$$y^{\prime \prime}=0$$

## Part (iv)
Given the equation:
$$y=b x^{2}+2 a x$$

Differentiate with respect to $x$:
$$y^{\prime}=b(2 x)+2 a \cdot 1$$
$$y^{\prime}=2 b x+2 a$$

Differentiate again with respect to $x$:
$$y^{\prime \prime}=2 b \cdot(1)+0$$
$$y^{\prime \prime}=2 b$$

Differentiate a third time to eliminate the final constant $b$:
$$y^{\prime \prime \prime}=0$$

---

# **Key Formulas or Methods Used**

*   **Power Rule:** $\frac{d}{dx}(x^n) = nx^{n-1}$
*   **Exponential Derivative:** $\frac{d}{dx}(e^{ax}) = a e^{ax}$
*   **Trigonometric Derivatives:** $\frac{d}{dx}(\cos x) = -\sin x$ and $\frac{d}{dx}(\sin x) = \cos x$
*   **Elimination Method:** Differentiating an equation $n$ times to eliminate $n$ arbitrary constants.

---

# **Summary of Steps**

1.  **Identify Constants:** Count the number of arbitrary constants in the equation.
2.  **Differentiate:** Perform successive differentiation with respect to $x$.
3.  **Substitute:** Look for opportunities to substitute the original function $y$ or its lower-order derivatives back into the higher-order derivative equations.
4.  **Final Form:** Arrange the resulting terms into a differential equation where no arbitrary constants ($a, b, c, m$, etc.) remain.",,,"unclassified","2",,"Eliminate the arbitrary constants from the following equations:

(i) $y=a e^{x}+b e^{-x}+c$

(ii) $y=\cos (x+b)$

(iii) $y=m x+c$

(iv) $y=b x^{2}+2 a x$

---","ms7bs23ec0rja2m0d76qhs76b585prg2",,"xd7c6swne5dy36ms7am9nxh4ds8c7vsk","Exercise 4.1","exercise"
"maths-12","04-differential-equations","Differential Equations","exercise-4-1","4.1 Order and Degree of Differential Equations","m172c7htm0vzxa1e2jbbsqb95h8c60m6",,,,,,,"false",,"# **Background and Explanation**

To verify if a function is a solution to a differential equation, we find the necessary derivatives of the given function and substitute both the function and its derivatives into the differential equation. If the substitution results in an identity (where the left-hand side equals the right-hand side), the function is a valid solution.

---

# **Solution**

## Part (i)
**Given Equation:** $2 y^{\prime}+y=0$ (Eq. 1)
**Proposed Solution:** $y=e^{-\frac{x}{2}}$

First, we differentiate $y$ with respect to $x$ using the chain rule:
$$
\begin{aligned}
y^{\prime} & =e^{-\frac{x}{2}} \cdot \frac{d}{d x}\left(\frac{-x}{2}\right) \\
& =e^{-\frac{x}{2}} \cdot\left(\frac{-1}{2}\right) \\
y^{\prime} & =\frac{-1}{2} e^{-\frac{x}{2}}
\end{aligned}
$$

Now, substitute the values of $y$ and $y^{\prime}$ into Eq. 1:
$$
\begin{aligned}
2\left(\frac{-1}{2} e^{-\frac{x}{2}}\right)+e^{-\frac{x}{2}} & =0 \\
-e^{-\frac{x}{2}}+e^{-\frac{x}{2}} & =0 \\
0 & =0
\end{aligned}
$$
The equation is satisfied. Hence, $y=e^{-\frac{x}{2}}$ is a solution.

---

## Part (ii)
**Given Equation:** $\frac{d y}{d x}-2 y=e^{3 x}$ (Eq. 1)
**Proposed Solution:** $y=e^{3 x}+10 e^{2 x}$

Differentiate $y$ with respect to $x$:
$$
\begin{aligned}
\frac{d y}{d x} & =e^{3 x} \cdot 3+10 e^{2 x} \cdot 2 \\
\frac{d y}{d x} & =3 e^{3 x}+20 e^{2 x}
\end{aligned}
$$

Substitute $y$ and $\frac{d y}{d x}$ into Eq. 1:
$$
\begin{aligned}
(3 e^{3 x}+20 e^{2 x})-2(e^{3 x}+10 e^{2 x}) & =e^{3 x} \\
3 e^{3 x}+20 e^{2 x}-2 e^{3 x}-20 e^{2 x} & =e^{3 x} \\
e^{3 x} & =e^{3 x} \\
\text{L.H.S} & = \text{R.H.S}
\end{aligned}
$$
The equation is satisfied. Hence, $y=e^{3 x}+10 e^{2 x}$ is a solution.

---

## Part (iii)
**Given Equation:** $y^{\prime}=25+y^{2}$ (Eq. 1)
**Proposed Solution:** $y=5 \tan 5 x$

Differentiate $y$ with respect to $x$:
$$
\begin{aligned}
y^{\prime} & =5 \sec ^{2} 5 x \cdot \frac{d}{d x}(5 x) \\
y^{\prime} & =5 \sec ^{2} 5 x \cdot (5) \\
y^{\prime} & =25 \sec ^{2} 5 x
\end{aligned}
$$

Substitute $y$ and $y^{\prime}$ into Eq. 1:
$$
\begin{aligned}
25 \sec ^{2} 5 x & =25+(5 \tan 5 x)^{2} \\
25 \sec ^{2} 5 x & =25+25 \tan ^{2} 5 x \\
25 \sec ^{2} 5 x & =25(1+\tan ^{2} 5 x)
\end{aligned}
$$
Using the trigonometric identity $1 + \tan^2 \theta = \sec^2 \theta$:
$$
\begin{aligned}
25 \sec ^{2} 5 x & =25 \sec ^{2} 5 x \\
\text{L.H.S} & = \text{R.H.S}
\end{aligned}
$$
The equation is satisfied. Hence, $y=5 \tan 5 x$ is a solution.

---

## Part (iv)
**Given Equation:** $y^{\prime}+y=\sin x$ (Eq. 1)
**Proposed Solution:** $y=\frac{1}{2} \sin x-\frac{1}{2} \cos x+10 e^{-x}$

Differentiate $y$ with respect to $x$:
$$
\begin{aligned}
y^{\prime} & =\frac{1}{2} \cos x - \frac{1}{2}(-\sin x) + 10 e^{-x} \cdot(-1) \\
y^{\prime} & =\frac{1}{2} \cos x + \frac{1}{2} \sin x - 10 e^{-x}
\end{aligned}
$$

Substitute $y$ and $y^{\prime}$ into Eq. 1:
$$
\begin{aligned}
(\frac{1}{2} \cos x + \frac{1}{2} \sin x - 10 e^{-x}) + (\frac{1}{2} \sin x - \frac{1}{2} \cos x + 10 e^{-x}) & = \sin x \\
\left(\frac{1}{2} + \frac{1}{2}\right) \sin x + \left(\frac{1}{2} - \frac{1}{2}\right) \cos x + (-10 + 10)e^{-x} & = \sin x \\
\sin x & = \sin x \\
\text{L.H.S} & = \text{R.H.S}
\end{aligned}
$$
The equation is satisfied. Hence, $y=\frac{1}{2} \sin x-\frac{1}{2} \cos x+10 e^{-x}$ is a solution.

---

## Part (v)
**Given Equation:** $x^{3} d y-2 d x=0 \implies x^{3} \frac{dy}{dx} = 2$ (Eq. 1)
**Proposed Solution:** $y=\frac{-1}{x^{2}}+6 = -x^{-2} + 6$

Differentiate $y$ with respect to $x$:
$$
\begin{aligned}
\frac{d y}{d x} & = -(-2 x^{-3}) + 0 \\
\frac{d y}{d x} & = 2x^{-3} \\
\frac{d y}{d x} & = \frac{2}{x^{3}}
\end{aligned}
$$

Substitute $\frac{dy}{dx}$ into Eq. 1:
$$
\begin{aligned}
x^{3}\left(\frac{2}{x^{3}}\right) & = 2 \\
2 & = 2
\end{aligned}
$$
The equation is satisfied. Hence, $y=\frac{-1}{x^{2}}+6$ is a solution.

---

## Part (vi)
**Given Equation:** $y^{\prime}-\frac{1}{x} y=1$ (Eq. 1)
**Proposed Solution:** $y=x \ln x, \quad x>0$

Differentiate $y$ with respect to $x$ using the product rule:
$$
\begin{aligned}
y^{\prime} & = \frac{d}{dx}(x) \cdot \ln x + x \cdot \frac{d}{dx}(\ln x) \\
y^{\prime} & = 1 \cdot \ln x + x \cdot \frac{1}{x} \\
y^{\prime} & = \ln x + 1
\end{aligned}
$$

Substitute $y$ and $y^{\prime}$ into Eq. 1:
$$
\begin{aligned}
(\ln x + 1) - \frac{1}{x}(x \ln x) & = 1 \\
\ln x + 1 - \ln x & = 1 \\
1 & = 1
\end{aligned}
$$
The equation is satisfied. Hence, $y=x \ln x$ is a solution.

---

# **Key Formulas or Methods Used**

- **Chain Rule:** $\frac{d}{dx}[f(g(x))] = f'(g(x)) \cdot g'(x)$
- **Product Rule:** $\frac{d}{dx}[uv] = u \frac{dv}{dx} + v \frac{du}{dx}$
- **Power Rule:** $\frac{d}{dx}[x^n] = nx^{n-1}$
- **Trigonometric Derivatives:** $\frac{d}{dx}(\tan x) = \sec^2 x$, $\frac{d}{dx}(\sin x) = \cos x$, $\frac{d}{dx}(\cos x) = -\sin x$
- **Exponential/Log Derivatives:** $\frac{d}{dx}(e^{ax}) = ae^{ax}$, $\frac{d}{dx}(\ln x) = \frac{1}{x}$
- **Trigonometric Identity:** $1 + \tan^2 \theta = \sec^2 \theta$

---

# **Summary of Steps**

1.  **Differentiate:** Find the first derivative of the proposed solution $y$ with respect to $x$.
2.  **Substitute:** Plug the expression for $y$ and its derivative $y'$ into the given differential equation.
3.  **Simplify:** Perform algebraic simplification and apply trigonometric identities where necessary.
4.  **Verify:** Check if the resulting statement is an identity (e.g., $0=0$ or $1=1$). If it is, the function is a solution.",,,"unclassified","3",,"Verify that the indicated function is a solution of the given differential equation:

(i) $2 y^{\prime}+y=0 ; \quad y=e^{-\frac{x}{2}}$

(ii) $\frac{d y}{d x}-2 y=e^{3 x} ; \quad y=e^{3 x}+10 e^{2 x}$

(iii) $y^{\prime}=25+y^{2} ; \quad y=5 \tan 5 x$

(iv) $y^{\prime}+y=\sin x ; \quad y=\frac{1}{2} \sin x-\frac{1}{2} \cos x+10 e^{-x}$

(v) $x^{3} d y-2 d x=0 ; \quad y=\frac{-1}{x^{2}}+6$

(vi) $y^{\prime}-\frac{1}{x} y=1 ; \quad y=x \ln x, \quad x>0$

---","ms7bs23ec0rja2m0d76qhs76b585prg2",,"xd7c6swne5dy36ms7am9nxh4ds8c7vsk","Exercise 4.1","exercise"
"maths-12","04-differential-equations","Differential Equations","exercise-4-1","4.1 Order and Degree of Differential Equations","m17120g0trea5wkxttzhk2aakh8c6d14",,,,,,,"false",,"# **Background and Explanation**

The **order** of a differential equation is the order of the highest derivative present in the equation. The **degree** is the power of the highest order derivative, provided the differential equation is a polynomial in its derivatives.

---

# **Solution**

To find the order and degree, we first need to rewrite the given differential equation in a standard form involving derivatives.

Given:
$$d y-\sin x d x=0$$

**Step 1: Rearrange the equation**
Move the term involving $dx$ to the right side:
$$d y = \sin x d x$$

**Step 2: Express as a derivative**
Divide both sides by $dx$ to obtain the derivative $\frac{dy}{dx}$:
$$\frac{d y}{d x}=\sin x$$

**Step 3: Determine the Order**
The highest order derivative present in this equation is $\frac{dy}{dx}$, which is a first-order derivative.
$$\Rightarrow \text{Order} = 1$$

**Step 4: Determine the Degree**
The highest order derivative $\left(\frac{dy}{dx}\right)$ is raised to the power of $1$. Since the equation is a polynomial in terms of its derivative, the degree is defined.
$$\Rightarrow \text{Degree} = 1$$

---

# **Key Formulas or Methods Used**

*   **Order:** The highest derivative $\frac{d^n y}{dx^n}$ appearing in the equation.
*   **Degree:** The power of the highest order derivative after the equation is cleared of fractions and radicals (relative to the derivatives).

---

# **Summary of Steps**

1.  Rearrange the differential form $dy - \sin x dx = 0$ into the derivative form $\frac{dy}{dx} = \sin x$.
2.  Identify the highest derivative present to find the order (1).
3.  Identify the exponent of that highest derivative to find the degree (1).",,,"unclassified","4",,"Find the order and degree, if defined, for the differential equation:
$$d y-\sin x d x=0$$

---","ms7bs23ec0rja2m0d76qhs76b585prg2",,"xd7c6swne5dy36ms7am9nxh4ds8c7vsk","Exercise 4.1","exercise"
"maths-12","04-differential-equations","Differential Equations","exercise-4-1","4.1 Order and Degree of Differential Equations","m179wang0nvkat6r5vm9s0rg3h8c7jry",,,,,,,"false",,"# **Background and Explanation**

To verify that a given function is a solution to a differential equation, we must calculate the derivatives of the function required by the equation and substitute them back into it. If the substitution results in an identity (where the left-hand side equals the right-hand side), the function is a valid solution.

---

# **Solution**

Given the function:
$$y = a \cos x + b \sin x$$

And the differential equation to verify:
$$\frac{d^{2} y}{d x^{2}}+y=0$$

### Step 1: Find the first derivative
Differentiate the function $y$ with respect to $x$:
$$\frac{d y}{d x} = \frac{d}{dx}(a \cos x + b \sin x)$$
$$\frac{d y}{d x} = a(-\sin x) + b(\cos x)$$
$$\frac{d y}{d x} = -a \sin x + b \cos x$$

### Step 2: Find the second derivative
Differentiate $\frac{dy}{dx}$ again with respect to $x$ to find $\frac{d^2y}{dx^2}$:
$$\frac{d^{2} y}{d x^{2}} = \frac{d}{dx}(-a \sin x + b \cos x)$$
$$\frac{d^{2} y}{d x^{2}} = -a(\cos x) + b(-\sin x)$$
$$\frac{d^{2} y}{d x^{2}} = -a \cos x - b \sin x$$

### Step 3: Substitute into the differential equation
Now, substitute the values of $y$ and $\frac{d^{2} y}{d x^{2}}$ into the left-hand side (LHS) of equation (1):
$$\text{LHS} = \frac{d^{2} y}{d x^{2}} + y$$
$$\text{LHS} = (-a \cos x - b \sin x) + (a \cos x + b \sin x)$$

Group the like terms:
$$\text{LHS} = (-a \cos x + a \cos x) + (-b \sin x + b \sin x)$$
$$\text{LHS} = 0 + 0$$
$$0 = 0$$

Since the LHS equals the RHS, the function $y=a \cos x+b \sin x$ is indeed a solution of the differential equation $\frac{d^{2} y}{d x^{2}}+y=0$.

---

# **Key Formulas or Methods Used**

*   **Derivative of Sine:** $\frac{d}{dx}(\sin x) = \cos x$
*   **Derivative of Cosine:** $\frac{d}{dx}(\cos x) = -\sin x$
*   **Verification Method:** Direct substitution of the function's derivatives into the differential equation.

---

# **Summary of Steps**

1.  Write down the given function $y$ and the differential equation.
2.  Compute the first derivative $\frac{dy}{dx}$ using standard trigonometric derivative rules.
3.  Compute the second derivative $\frac{d^2y}{dx^2}$ by differentiating the first derivative.
4.  Substitute the expressions for $y$ and $\frac{d^2y}{dx^2}$ into the differential equation.
5.  Simplify the expression to show that $0 = 0$, confirming the solution.",,,"unclassified","5",,"Verify that the function $y=a \cos x+b \sin x$, where $a, b \in R$, is a solution of the differential equation:

$$\frac{d^{2} y}{d x^{2}}+y=0$$

---","ms7bs23ec0rja2m0d76qhs76b585prg2",,"xd7c6swne5dy36ms7am9nxh4ds8c7vsk","Exercise 4.1","exercise"
"maths-12","04-differential-equations","Differential Equations","exercise-4-1","4.1 Order and Degree of Differential Equations","m17f70r48jkm4sd1eee8n9j15h8c6pkx",,,,,,,"false",,"# **Background and Explanation**

To verify if a function is a solution to a differential equation, we calculate its derivatives and substitute them into the equation to see if it holds true. This problem also explores the **Principle of Superposition**, which states that for linear homogeneous differential equations, any linear combination of solutions is also a solution.

---

# **Solution**

The given differential equation is:
$$x^{2} y^{\prime \prime}-4 x y^{\prime}+6 y=0$$

## Verification of $y_1$ and $y_2$

**Case I: $y_{1}=x^{2}$**
First, we find the first and second derivatives:
$$y_{1}^{\prime}=2 x$$
$$y_{1}^{\prime \prime}=2$$

Now, we substitute $y_1$, $y_1'$, and $y_1''$ into equation (1):
$$x^{2}(2)-4 x(2 x)+6(x^{2}) = 0$$
$$2 x^{2}-8 x^{2}+6 x^{2} = 0$$
$$0 = 0$$
Since the equation holds true, $y_{1}=x^{2}$ is a solution.

**Case II: $y_{2}=x^{3}$**
First, we find the derivatives:
$$y_{2}^{\prime}=3 x^{2}$$
$$y_{2}^{\prime \prime}=6 x$$

Substitute $y_2$, $y_2'$, and $y_2''$ into equation (1):
$$x^{2}(6 x)-4 x\left(3 x^{2}\right)+6\left(x^{3}\right) = 0$$
$$6 x^{3}-12 x^{3}+6 x^{3} = 0$$
$$0 = 0$$
Since the equation holds true, $y_{2}=x^{3}$ is a solution.

---

## Part (i)

**Checking $y = c_{1} y_{1}$:**
Let $y = c_{1} x^{2}$. The derivatives are:
$$y^{\prime}=2 c_{1} x$$
$$y^{\prime \prime}=2 c_{1}$$

Substituting these into equation (1):
$$x^{2}\left(2 c_{1}\right)-4 x\left(2 c_{1} x\right)+6(c_{1} x^{2}) = 0$$
$$2 c_{1} x^{2}-8 c_{1} x^{2}+6 c_{1} x^{2} = 0$$
$$0 = 0$$
Thus, $y=c_{1} y_{1}$ is also a solution.

**Checking $y = c_{2} y_{2}$:**
Let $y = c_{2} x^{3}$. The derivatives are:
$$y^{\prime}=3 c_{2} x^{2}$$
$$y^{\prime \prime}=6 c_{2} x$$

Substituting these into equation (1):
$$x^{2}\left(6 c_{2} x\right)-4 x\left(3 c_{2} x^{2}\right)+6\left(c_{2} x^{3}\right) = 0$$
$$6 c_{2} x^{3}-12 c_{2} x^{3}+6 c_{2} x^{3} = 0$$
$$0 = 0$$
Thus, $y=c_{2} y_{2}$ is also a solution.

---

## Part (ii)

**Checking $y = y_{1} + y_{2}$:**
Let $y = x^{2} + x^{3}$. We find the derivatives:
$$y^{\prime}=2 x+3 x^{2}$$
$$y^{\prime \prime}=2+6 x$$

Substituting $y$, $y'$, and $y''$ into equation (1):
$$x^{2}(2+6 x)-4 x\left(2 x+3 x^{2}\right)+6\left(x^{2}+x^{3}\right) = 0$$
Distribute the terms:
$$2 x^{2}+6 x^{3}-8 x^{2}-12 x^{3}+6 x^{2}+6 x^{3} = 0$$
Group the $x^2$ and $x^3$ terms together:
$$(2 x^{2}-8 x^{2}+6 x^{2}) + (6 x^{3}-12 x^{3}+6 x^{3}) = 0$$
$$0 + 0 = 0$$
$$0 = 0$$
Hence, $y=y_{1}+y_{2}$ is also a solution of equation (1).

---

# **Key Formulas or Methods Used**

*   **Power Rule for Differentiation:** $\frac{d}{dx}(x^n) = nx^{n-1}$
*   **Verification by Substitution:** Plugging a function and its derivatives into an ODE to check for equality.
*   **Principle of Superposition:** For a linear homogeneous equation, if $y_1$ and $y_2$ are solutions, then $c_1 y_1 + c_2 y_2$ is also a solution.

---

# **Summary of Steps**

1.  Calculate the first and second derivatives for $y_1 = x^2$ and $y_2 = x^3$.
2.  Substitute these into the differential equation to confirm they satisfy it.
3.  Multiply each solution by a constant ($c_1, c_2$) and repeat the substitution to show they remain solutions.
4.  Add the two solutions together ($y_1 + y_2$), find the new derivatives, and substitute them into the equation to verify the sum is also a solution.",,,"unclassified","6",,"Show that $y_{1}=x^{2}$ and $y_{2}=x^{3}$ are both solutions of the differential equation:
$$x^{2} y^{\prime \prime}-4 x y^{\prime}+6 y=0$$

(i) Are $c_{1} y_{1}$ and $c_{2} y_{2}$ also solutions?
(ii) Check if $y_{1}+y_{2}$ is also a solution.

---","ms7bs23ec0rja2m0d76qhs76b585prg2",,"xd7c6swne5dy36ms7am9nxh4ds8c7vsk","Exercise 4.1","exercise"
"maths-12","04-differential-equations","Differential Equations","exercise-4-2","4.2 Separation of Variables","m173d39gd2nwb7s9cxrs8w9wjd85qp5v","A","true","Federal Board","Given the differential equation $\frac{1}{x}\frac{dy}{dx} = 2$, we rearrange to get $\frac{dy}{dx} = 2x$. Integrating both sides with respect to $x$: $y = \int 2x \, dx = x^2 + C$, where $C$ is the constant of integration. Therefore, the solution is $y(x) = x^2 + C$.","[""Rearrange the differential equation to isolate $\\frac{dy}{dx}$"",""Integrate both sides with respect to $x$ using the power rule"",""Apply the constant of integration $C$ to the indefinite integral"",""Verify solution by differentiation: $\\frac{d}{dx}(x^2 + C) = 2x$, confirming $\\frac{1}{x}\\frac{dy}{dx} = 2$""]",,"false","1","Given the differential equation $\frac{1}{x}\frac{dy}{dx} = 2$, we rearrange to get $\frac{dy}{dx} = 2x$. Integrating both sides with respect to $x$: $y = \int 2x \, dx = x^2 + C$, where $C$ is the constant of integration. Therefore, the solution is $y(x) = x^2 + C$.","[{""key"":""A"",""text"":""$x^{2}+c$""},{""key"":""B"",""text"":""$\\frac{x^{2}}{2}+c$""},{""key"":""C"",""text"":""$2 x^{2}+c$""},{""key"":""D"",""text"":""$-x^{2}+c$""}]","MCQ","mcq","16","annual","If $\frac{1}{x} \frac{dy}{dx} = 2$, then the solution $y(x)$ of the differential equation is:","ms7bdfj01g53mt1se5c0f6x6ph85p2af","2025",,,
"maths-12","04-differential-equations","Differential Equations","exercise-4-2","4.2 Separation of Variables","m1702cjrnr8acgt94gdxpmc2en85pxgs",,,"Federal Board",,"[""Correctly identifies the differential equation type (first-order linear or separable)"",""Properly rearranges and simplifies the equation to standard form"",""Applies appropriate integration technique (substitution, integrating factor, or separation of variables)"",""Correctly evaluates integrals on both sides"",""Expresses final answer in correct implicit or explicit form with arbitrary constant""]",,"false","4","Rearrange the differential equation to standard form: $\frac{dy}{dx} + \frac{4xy}{4y+2} = x$. This is a first-order linear differential equation. Rewrite as $\frac{dy}{dx} + \frac{2xy}{2y+1} = x$. Using substitution or recognizing the pattern, multiply through by an integrating factor and solve by separation of variables or integration techniques to obtain the solution in implicit form.",,"B","short","8","annual","Solve the differential equation $\frac{dy}{dx} + \frac{4xy}{4y + 2} = x$.","ms7bdfj01g53mt1se5c0f6x6ph85p2af","2022",,,
"maths-12","04-differential-equations","Differential Equations","exercise-4-2","4.2 Separation of Variables","m170v0vf14ccwr2sy63dcg9yn585qddp",,"true","Federal Board",,"[""Rearranges the given differential equation to separate variables correctly"",""Integrates both sides to obtain $y^2 + y = \\frac{x^2}{2} + C$"",""Applies the initial condition $(2,1)$ to find the constant of integration $C = 0$"",""States the final equation of the curve in simplified form""]",,"false","4","Rearranging the differential equation: $\frac{dy}{dx} = x - \frac{2xy}{2y+1}$. Rewriting: $\frac{dy}{dx} = \frac{x(2y+1) - 2xy}{2y+1} = \frac{x}{2y+1}$. This gives $(2y+1)dy = x\,dx$. Integrating both sides: $y^2 + y = \frac{x^2}{2} + C$. Using the initial condition $(2,1)$: $1 + 1 = 2 + C$, so $C = 0$. Therefore, the equation of the curve is $y^2 + y = \frac{x^2}{2}$ or $2y^2 + 2y = x^2$.",,"B","short","9","annual","Find the equation of the curve for which $\frac{dy}{dx}+\frac{2xy}{2y+1}=x$. The curve passes through the point $(2,1)$","ms7bdfj01g53mt1se5c0f6x6ph85p2af","2023",,,
"maths-12","04-differential-equations","Differential Equations","exercise-4-2","4.2 Separation of Variables","m17fbmknqdndbve64vw67brmq98c7t6y",,,,,,,"false",,"# **Background and Explanation**

This is a first-order ordinary differential equation that can be solved using the method of separation of variables. To find the general solution, we rearrange the equation to isolate the variables $y$ and $x$ on opposite sides and then integrate both sides.

---

# **Solution**

To solve the differential equation, we follow these steps:

**1. Separate the variables**
First, we rewrite the equation to separate the $dy$ and $dx$ terms. We also use the property of exponents $\frac{1}{e^a} = e^{-a}$ to simplify the expression:
$$
\begin{aligned}
\frac{d y}{d x} & =\frac{-1}{e^{3 x}} \\
d y & =\frac{-1}{e^{3 x}} d x \\
d y & =-e^{-3 x} d x
\end{aligned}
$$

**2. Integrate both sides**
Now, we apply the integral sign to both sides of the equation:
$$
\int d y = -\int e^{-3 x} d x
$$

**3. Evaluate the integrals**
The integral of $1$ with respect to $y$ is $y$. For the right side, we use the rule $\int e^{ax} dx = \frac{1}{a}e^{ax} + C$:
$$
y = \frac{-e^{-3 x}}{-3} + c_{1}
$$
Simplifying the signs, we get:
$$
y = \frac{1}{3}e^{-3x} + c_1
$$

**4. Final simplification**
To clear the fraction, we multiply the entire equation by $3$:
$$
3 y = e^{-3 x} + 3 c_{1}
$$
Since $3c_1$ is just another constant, we can replace it with a single constant $c$:
$$
3 y = e^{-3 x} + c \quad (\text{where } c = 3 c_{1})
$$

---

# **Key Formulas or Methods Used**

*   **Separation of Variables:** A method to solve differential equations by moving all terms involving $y$ to one side and all terms involving $x$ to the other.
*   **Exponential Rule of Integration:** $\int e^{ax} dx = \frac{1}{a}e^{ax} + C$.
*   **Exponent Property:** $\frac{1}{x^n} = x^{-n}$.

---

# **Summary of Steps**

1.  Rewrite the fraction $\frac{1}{e^{3x}}$ as $e^{-3x}$.
2.  Move $dx$ to the right side to separate the variables.
3.  Integrate both sides, remembering to divide by the coefficient of $x$ (which is $-3$).
4.  Multiply by $3$ and simplify the constant of integration to reach the final general solution.",,,"unclassified","1",,"Solve the following differential equation:
$$\frac{d y}{d x}=-\frac{1}{e^{3 x}}$$

---","ms7bdfj01g53mt1se5c0f6x6ph85p2af",,"xd72g6tyeywaj5h3j4y1hc6g398c6z8f","Exercise 4.2","exercise"
"maths-12","04-differential-equations","Differential Equations","exercise-4-2","4.2 Separation of Variables","m170pyape2571xea475fchbyy58c76b6",,,,,,,"false",,"# **Background and Explanation**

This is a first-order separable differential equation where we can isolate $dy$ and $dx$ on opposite sides before integrating. The solution requires **integration by parts** to handle the $\int x e^{-x} \, dx$ term, since it involves a product of algebraic and exponential functions.

---

# **Solution**

## Step 1: Separate the variables

We begin by rearranging the equation to separate $y$ and $x$ terms:

$$2 \frac{d y}{d x} = 4 x e^{-x}$$

Multiply both sides by $dx$ and divide by 2:

$$2 \, dy = 4 x e^{-x} \, dx$$

$$dy = 2 x e^{-x} \, dx$$

## Step 2: Integrate both sides

Now we integrate both sides to find the general solution:

$$\int dy = 2 \int x e^{-x} \, dx$$

The left side integrates directly to $y$. For the right side, we use **integration by parts** (formula: $\int u \, dv = uv - \int v \, du$).

Let $u = x$ and $dv = e^{-x} \, dx$. Then:
- $du = dx$
- $v = \int e^{-x} \, dx = -e^{-x}$

Applying integration by parts:

$$\int x e^{-x} \, dx = x(-e^{-x}) - \int (-e^{-x}) \, dx = -x e^{-x} + \int e^{-x} \, dx$$

$$= -x e^{-x} - e^{-x} + C$$

## Step 3: Find the general solution

Substituting back into our equation:

$$y = 2\left[-x e^{-x} - e^{-x}\right] + c$$

$$y = -2x e^{-x} - 2e^{-x} + c$$

Factor out $-2e^{-x}$:

$$y = -2e^{-x}(x+1) + c$$

## Step 4: Apply the initial condition

We are given $y(0) = 2$, which means when $x = 0$, $y = 2$.

Substitute into equation (1):

$$2 = -2e^{-0}(0+1) + c$$

$$2 = -2(1)(1) + c$$

$$2 = -2 + c$$

$$c = 4$$

## Step 5: Write the particular solution

Substituting $c = 4$ back into equation (1):

$$y = -2e^{-x}(x+1) + 4$$

This can also be written as:
$$y + 2e^{-x}(x+1) - 4 = 0$$

Or equivalently:
$$y = 4 - 2(x+1)e^{-x}$$

---

# **Key Formulas or Methods Used**

- **Separation of variables**: Rearranging $\frac{dy}{dx} = f(x)g(y)$ into $dy = f(x)\,dx$ (when $g(y)$ is constant or separable)
- **Integration by parts**: $\displaystyle \int u \, dv = uv - \int v \, du$
- **Exponential integration**: $\displaystyle \int e^{-x} \, dx = -e^{-x} + C$
- **Initial value problem**: Using $y(x_0) = y_0$ to determine the constant of integration $c$

---

# **Summary of Steps**

1. **Separate variables**: Divide by 2 to get $dy = 2x e^{-x} \, dx$
2. **Integrate**: Write $y = 2\int x e^{-x} \, dx$ and apply integration by parts with $u=x$, $dv=e^{-x}dx$
3. **General solution**: Obtain $y = -2e^{-x}(x+1) + c$
4. **Find constant**: Substitute $x=0, y=2$ to get $c = 4$
5. **Final answer**: $y = 4 - 2(x+1)e^{-x}$ or $y = -2e^{-x}(x+1) + 4$",,,"unclassified","10",,"Solve the differential equation:

$$2 \frac{d y}{d x}=4 x e^{-x} \quad ; \quad y(0)=2$$

---","ms7bdfj01g53mt1se5c0f6x6ph85p2af",,"xd72g6tyeywaj5h3j4y1hc6g398c6z8f","Exercise 4.2","exercise"
"maths-12","04-differential-equations","Differential Equations","exercise-4-2","4.2 Separation of Variables","m172azgnd5ktac2qz6fv18082x8c7f4y",,,,,,,"false",,"# **Background and Explanation**

This is a **first-order separable ordinary differential equation**. The method of **separation of variables** is used: rearrange so all $y$-terms are on one side and all $x$-terms on the other, integrate both sides, then apply the initial condition to determine the constant of integration and obtain the **particular solution**.

**Relevant SLOs:** Separable variable equations (M-12-A-82), Initial Value Problems (M-12-A-81).

---

# **Solution**

## Step 1 — Separate the Variables

Rearrange the equation:

$$\frac{d y}{d x} = -\left(\frac{1+x}{x}\right) y$$

Divide both sides by $y$ and multiply by $dx$:

$$\frac{d y}{y} = -\left(\frac{1+x}{x}\right) d x$$

## Step 2 — Decompose the Fraction

Split the right-hand side:

$$\frac{1+x}{x} = \frac{1}{x} + 1$$

So:

$$\frac{d y}{y} = -\left(\frac{1}{x}+1\right) d x$$

## Step 3 — Integrate Both Sides

$$\int \frac{d y}{y} = -\int \left(\frac{1}{x}+1\right) d x$$

$$\ln y = -\ln x - x + c$$

## Step 4 — Combine Logarithms

Using $\ln a + \ln b = \ln(ab)$:

$$\ln y + \ln x = -x + c$$

$$\ln (x y) = -x + c$$

## Step 5 — Apply the Initial Condition

Substitute $x = 1,\ y = 1$ into equation (2):

$$\ln (1 \cdot 1) = -1 + c$$

$$0 = -1 + c \implies c = 1$$

## Step 6 — State the Particular Solution

Substitute $c = 1$ back into equation (2):

$$\boxed{\ln (x y) = 1 - x}$$

This can also be written as:

$$\ln (x y) + x = 1$$

---

# **Key Formulas and Methods**

| Concept | Formula / Rule |
|---|---|
| Separation of variables | $\frac{dy}{g(y)} = f(x)\,dx$ |
| Integral of $1/y$ | $\int \frac{dy}{y} = \ln|y| + C$ |
| Integral of $1/x$ | $\int \frac{dx}{x} = \ln|x| + C$ |
| Log product rule | $\ln a + \ln b = \ln(ab)$ |
| IVP | Substitute given $(x_0, y_0)$ to find $c$ |

---

# **Summary of Steps**

1. **Separate variables**: $\dfrac{dy}{y} = -\left(\dfrac{1}{x}+1\right)dx$
2. **Integrate both sides**: $\ln y = -\ln x - x + c$
3. **Combine logarithms**: $\ln(xy) = -x + c$
4. **Apply initial condition** $y(1)=1$: find $c = 1$
5. **Particular solution**: $\ln(xy) = 1 - x$",,,"unclassified","11",,"Solve the differential equation:

$$\frac{d y}{d x}+\left(\frac{1+x}{x}\right) y=0$$

subject to the initial condition $y(1)=1$.

---","ms7bdfj01g53mt1se5c0f6x6ph85p2af",,"xd72g6tyeywaj5h3j4y1hc6g398c6z8f","Exercise 4.2","exercise"
"maths-12","04-differential-equations","Differential Equations","exercise-4-2","4.2 Separation of Variables","m171829t02cvk4rnajy3shv5n98c6x7z",,,,,,,"false",,"# **Background and Explanation**

This is a first-order ordinary differential equation that can be solved using the **method of separation of variables**. The goal is to rearrange the equation so that all terms involving $y$ appear on one side and all terms involving $x$ appear on the other side, allowing us to integrate both sides independently.

---

# **Solution**

## Step 1: Separate the variables

Starting with the given equation:
$$\frac{d y}{d x}+y \tan 2 x = 0$$

Rearrange to isolate the derivative:
$$\frac{d y}{d x} = -y \tan 2 x$$

Divide both sides by $y$ (assuming $y \neq 0$) and multiply by $dx$ to separate the variables:
$$\frac{d y}{y} = -\tan 2 x \, d x$$

## Step 2: Integrate both sides

Integrate the left side with respect to $y$ and the right side with respect to $x$:
$$\int \frac{d y}{y} = -\int \tan 2 x \, d x$$

Rewrite $\tan 2x$ as $\frac{\sin 2x}{\cos 2x}$:
$$\int \frac{d y}{y} = -\int \frac{\sin 2 x}{\cos 2 x} d x$$

To integrate the right side, we use the substitution method. Notice that the derivative of $\cos 2x$ is $-2\sin 2x$. We manipulate the integrand to match this form:
$$\int \frac{d y}{y} = \frac{1}{2} \int \frac{-2 \sin 2 x}{\cos 2 x} d x$$

Now the numerator is the derivative of the denominator, so the integral becomes:
$$\ln y = \frac{1}{2} \ln (\cos 2 x)+\ln c$$

Here, $\ln c$ is the constant of integration (written in logarithmic form for easier combination).

## Step 3: Solve for $y$

Apply logarithm properties to combine terms. First, use $k\ln a = \ln(a^k)$:
$$\ln y = \ln (\cos 2 x)^{1 / 2}+\ln c$$

Then use $\ln a + \ln b = \ln(ab)$:
$$\ln y = \ln \left(c(\cos 2 x)^{1 / 2}\right)$$

Exponentiate both sides to eliminate the logarithm:
$$y = c \sqrt{\cos 2 x}$$

## Step 4: Apply the initial condition

We are given $y(0)=2$, which means when $x=0$, $y=2$. Substitute these values into equation (1):

$$2 = c \sqrt{\cos 0}$$

Since $\cos 0 = 1$:
$$2 = c \sqrt{1}$$
$$2 = c \cdot 1$$
$$2 = c$$

*(Note: The original solution writes $2=d$ here, but this is equivalent to finding $c=2$ for the constant of integration.)*

## Step 5: Write the final solution

Substitute $c=2$ back into equation (1):

$$y = 2 \sqrt{\cos 2 x}$$

---

# **Key Formulas or Methods Used**

- **Separation of variables**: $\frac{dy}{y} = f(x)\,dx$
- **Integral of $\frac{1}{y}$**: $\int \frac{1}{y}\,dy = \ln|y| + C$
- **Integration of tangent**: $\int \tan(ax)\,dx = -\frac{1}{a}\ln|\cos(ax)| + C$ (derived here using substitution)
- **Logarithm properties**:
  - $k\ln a = \ln(a^k)$
  - $\ln a + \ln b = \ln(ab)$
- **Exponentiation**: $e^{\ln y} = y$

---

# **Summary of Steps**

1. **Rearrange** the differential equation to separate variables: $\frac{dy}{y} = -\tan 2x \, dx$
2. **Integrate** both sides, using substitution ($u = \cos 2x$) on the right side to get $\ln y = \frac{1}{2}\ln(\cos 2x) + \ln c$
3. **Simplify** using logarithm properties and exponentiate to obtain the general solution: $y = c\sqrt{\cos 2x}$
4. **Substitute** the initial condition $y(0)=2$ to find the constant: $c = 2$
5. **Write** the particular solution: $y = 2\sqrt{\cos 2x}$",,,"unclassified","12",,"Solve the differential equation:

$$\frac{d y}{d x}+y \tan 2 x=0$$

subject to the initial condition $y(0)=2$.

---","ms7bdfj01g53mt1se5c0f6x6ph85p2af",,"xd72g6tyeywaj5h3j4y1hc6g398c6z8f","Exercise 4.2","exercise"
"maths-12","04-differential-equations","Differential Equations","exercise-4-2","4.2 Separation of Variables","m1796sm245nxr17gzmh0ptqw6n8c77cd",,,,,,,"false",,"# **Background and Explanation**

This is a first-order **separable differential equation**. The solution method involves rearranging the equation so that all terms involving $y$ are on one side and all terms involving $x$ are on the other, then integrating both sides. This requires the standard arctangent integration formula.

---

# **Solution**

We begin with the given differential equation and initial condition:
$$\frac{dy}{dx} = y^2 + 4 \quad ; \quad y(0) = -2$$

## Step 1: Separate the variables

To separate the variables, divide both sides by $(y^2 + 4)$ and multiply by $dx$:
$$\frac{dy}{y^2 + 4} = dx$$

## Step 2: Integrate both sides

Recognizing that $4 = 2^2$, we rewrite and integrate:
$$\int \frac{dy}{(y)^2 + (2)^2} = \int dx$$

Using the integration formula $\displaystyle\int \frac{dy}{y^2 + a^2} = \frac{1}{a}\tan^{-1}\!\left(\frac{y}{a}\right) + C$:
$$\frac{1}{2} \tan^{-1}\!\left(\frac{y}{2}\right) = x + c \quad (1)$$

## Step 3: Apply the initial condition

We are given $y(0) = -2$, which means when $x = 0$, $y = -2$. Substituting into equation (1):

$$
\begin{aligned}
\frac{1}{2} \tan^{-1}\!\left(\frac{-2}{2}\right) &= 0 + c \\
\frac{1}{2} \tan^{-1}(-1) &= c \\
\frac{1}{2}\left(-\frac{\pi}{4}\right) &= c \\
c &= -\frac{\pi}{8}
\end{aligned}
$$

> **Note:** $\tan^{-1}(-1) = -\dfrac{\pi}{4}$ (the principal value, since $\tan\!\left(-\dfrac{\pi}{4}\right) = -1$).

## Step 4: Write the particular solution

Substituting $c = -\dfrac{\pi}{8}$ back into equation (1), we obtain the implicit solution:

$$\boxed{\frac{1}{2} \tan^{-1}\!\left(\frac{y}{2}\right) = x - \frac{\pi}{8}}$$

This can also be written explicitly by solving for $y$:
$$y = 2\tan\!\left(2x - \frac{\pi}{4}\right)$$

---

# **Key Formulas or Methods Used**

- **Separation of variables**: For $\dfrac{dy}{dx} = f(x)g(y)$, rearrange to $\dfrac{dy}{g(y)} = f(x)\,dx$
- **Arctangent integral**: $\displaystyle \int \frac{dy}{y^2 + a^2} = \frac{1}{a}\tan^{-1}\!\left(\frac{y}{a}\right) + C$
- **Principal value**: $\tan^{-1}(-1) = -\dfrac{\pi}{4}$
- **Initial value condition**: Substitute given $(x_0, y_0)$ to solve for the constant of integration $c$

---

# **Summary of Steps**

1. **Separate variables**: Rearrange to get $\dfrac{dy}{y^2+4} = dx$
2. **Integrate**: Use the arctangent formula to obtain $\dfrac{1}{2}\tan^{-1}\!\left(\dfrac{y}{2}\right) = x + c$
3. **Find constant**: Substitute $x=0$ and $y=-2$ to calculate $c = -\dfrac{\pi}{8}$
4. **Final solution**: $\dfrac{1}{2}\tan^{-1}\!\left(\dfrac{y}{2}\right) = x - \dfrac{\pi}{8}$, or equivalently $y = 2\tan\!\left(2x - \dfrac{\pi}{4}\right)$",,,"unclassified","13",,"Solve the differential equation:
$$\frac{dy}{dx} = y^2 + 4$$
subject to the initial condition $y(0) = -2$.

---","ms7bdfj01g53mt1se5c0f6x6ph85p2af",,"xd72g6tyeywaj5h3j4y1hc6g398c6z8f","Exercise 4.2","exercise"
"maths-12","04-differential-equations","Differential Equations","exercise-4-2","4.2 Separation of Variables","m17f0pkxartetd70w5e1yv3zv98c6x5y",,,,,,,"false",,"# **Background and Explanation**

This is a **separable differential equation**, where we can rearrange the equation to isolate all $y$ terms on one side with $dy$ and all $x$ terms on the other side with $dx$. Once separated, we integrate both sides and use the initial condition to determine the constant of integration.

---

# **Solution**

## Step 1: Separate the variables

Starting with the given equation:
$$(1-x) \, dy + \frac{1}{y} \, dx = 0$$

Rearrange to isolate the differential terms:
$$(1-x) \, dy = -\frac{1}{y} \, dx$$

Multiply both sides by $y$ and divide by $(1-x)$ to separate variables:
$$y \, dy = \frac{-1}{1-x} \, dx$$

## Step 2: Integrate both sides

Integrate the left side with respect to $y$ and the right side with respect to $x$:

$$\int y \, dy = \int \frac{-1}{1-x} \, dx$$

Evaluating the integrals:
- Left side: $\int y \, dy = \frac{y^2}{2}$
- Right side: $\int \frac{-1}{1-x} \, dx = \ln(1-x)$ (since the derivative of $\ln(1-x)$ is $\frac{-1}{1-x}$)

Thus:
$$\frac{y^2}{2} = \ln(1-x) + c$$

where $c$ is the constant of integration.

## Step 3: Apply the initial condition

Given $y(0) = 2$, substitute $x = 0$ and $y = 2$ into equation (1):

$$\frac{(2)^2}{2} = \ln(1-0) + c$$

Simplify:
$$\frac{4}{2} = \ln(1) + c$$

$$2 = 0 + c$$

Therefore:
$$c = 2$$

## Step 4: Write the final solution

Substitute $c = 2$ back into equation (1):

$$\frac{y^2}{2} = \ln(1-x) + 2$$

This can also be written as:
$$y^2 = 2\ln(1-x) + 4$$

or
$$y = \sqrt{2\ln(1-x) + 4}$$

(Note: We take the positive root since $y(0) = 2 > 0$)

---

# **Key Formulas or Methods Used**

- **Separation of variables**: Rearranging $M(x)N(y) \, dx + P(x)Q(y) \, dy = 0$ into the form $f(y) \, dy = g(x) \, dx$
- **Power rule for integration**: $\int y \, dy = \frac{y^2}{2}$
- **Logarithmic integration**: $\int \frac{-1}{1-x} \, dx = \ln(1-x) + C$ (valid for $x < 1$)
- **Initial value condition**: Substituting $y(x_0) = y_0$ to solve for the constant of integration

---

# **Summary of Steps**

1. **Rearrange** the equation to separate variables: $y \, dy = \frac{-1}{1-x} \, dx$
2. **Integrate** both sides: $\frac{y^2}{2} = \ln(1-x) + c$
3. **Substitute** the initial condition $y(0) = 2$ to find $c = 2$
4. **Write** the particular solution: $\frac{y^2}{2} = \ln(1-x) + 2$",,,"unclassified","14",,"Solve the differential equation:

$$(1-x) \, dy + y^{-1} \, dx = 0; \quad y(0) = 2$$

---","ms7bdfj01g53mt1se5c0f6x6ph85p2af",,"xd72g6tyeywaj5h3j4y1hc6g398c6z8f","Exercise 4.2","exercise"
"maths-12","04-differential-equations","Differential Equations","exercise-4-2","4.2 Separation of Variables","m17der5agbxe3ye1h6hwyh1rr98c6cny",,,,,,,"false",,"# **Background and Explanation**

This problem involves a **separable differential equation**, where we can rearrange the equation so that all terms involving $y$ are on one side and all terms involving $x$ are on the other. Once separated, we integrate both sides independently and use the initial condition to determine the constant of integration.

---

# **Solution**

First, expand the left-hand side to prepare for integration:

$$2(y-1) \, dy = (2y - 2) \, dy$$

Now our equation is:

$$(2y - 2) \, dy = \left(3x^{2}+4x+2\right) dx$$

**Integrate both sides:**

$$\int (2y - 2) \, dy = \int \left(3x^{2}+4x+2\right) dx$$

Apply the linearity property of integrals to break this into simpler integrals:

$$2\int y \, dy - 2\int 1 \, dy = 3\int x^{2} \, dx + 4\int x \, dx + 2\int 1 \, dx$$

**Evaluate each integral:**

$$2 \cdot \frac{y^{2}}{2} - 2y = 3 \cdot \frac{x^{3}}{3} + 4 \cdot \frac{x^{2}}{2} + 2x + c$$

Simplify by cancelling coefficients (the 2s on the left, and the 3 and 4 on the right with their respective denominators):

$$y^{2} - 2y = x^{3} + 2x^{2} + 2x + c$$

**Apply the initial condition** $y(0) = -1$:

When $x = 0$, we have $y = -1$. Substitute these values into equation (1):

$$(-1)^{2} - 2(-1) = (0)^{3} + 2(0)^{2} + 2(0) + c$$

Simplify:

$$1 + 2 = 0 + 0 + 0 + c$$

$$3 = c$$

**Substitute $c = 3$ back into equation (1):**

$$y^{2} - 2y = x^{3} + 2x^{2} + 2x + 3$$

This is the particular solution to the differential equation satisfying the given initial condition.

---

# **Key Formulas or Methods Used**

- **Separation of variables**: Rearranging a differential equation so that each variable appears on only one side
- **Power rule for integration**: $\int x^{n} \, dx = \frac{x^{n+1}}{n+1} + C$ for $n \neq -1$
- **Linearity of integration**: $\int [af(x) + bg(x)] \, dx = a\int f(x) \, dx + b\int g(x) \, dx$
- **Initial value problems**: Using a given point $(x_0, y_0)$ to solve for the constant of integration

---

# **Summary of Steps**

1. **Expand and separate**: Rewrite $2(y-1)dy$ as $(2y-2)dy$ to match the separated form
2. **Integrate both sides**: Compute $\int(2y-2)dy = \int(3x^2+4x+2)dx$ to obtain $y^2 - 2y = x^3 + 2x^2 + 2x + c$
3. **Apply initial condition**: Substitute $x=0$ and $y=-1$ to get $1 + 2 = c$, so $c = 3$
4. **State final answer**: Substitute $c=3$ to get the particular solution $y^2 - 2y = x^3 + 2x^2 + 2x + 3$",,,"unclassified","15",,"Solve the differential equation:

$$2(y-1) \, dy = \left(3x^{2}+4x+2\right) dx$$

with the initial condition $y(0) = -1$.

---","ms7bdfj01g53mt1se5c0f6x6ph85p2af",,"xd72g6tyeywaj5h3j4y1hc6g398c6z8f","Exercise 4.2","exercise"
"maths-12","04-differential-equations","Differential Equations","exercise-4-2","4.2 Separation of Variables","m174qghmqczhvq1ha6xnmcev2n8c7v8v",,,,,,,"false",,"# **Background and Explanation**

This is a first-order ordinary differential equation (ODE) that can be solved using the **separation of variables** method. This technique involves rearranging the equation so that all terms involving $y$ are on one side and all terms involving $x$ are on the other before integrating.

---

# **Solution**

To solve the equation, we follow these steps:

## Step 1: Separate the variables
We begin by moving all $y$ terms to the left side and all $x$ terms to the right side.

Starting with:
$$x \frac{d y}{d x} = 4 y$$

Multiply both sides by $dx$:
$$x d y = 4 y d x$$

Divide both sides by $y$ and $x$ to isolate the variables:
$$\frac{d y}{y} = \frac{4}{x} d x$$

## Step 2: Integrate both sides
Now that the variables are separated, we apply the integral to both sides of the equation:

$$\int \frac{d y}{y} = 4 \int \frac{1}{x} d x$$

Performing the integration gives us:
$$\ln y = 4 \ln x + \ln c$$

*Note: We use $\ln c$ as the constant of integration to make the subsequent algebraic simplification easier.*

## Step 3: Simplify using logarithmic properties
We can use the power rule of logarithms ($n \ln a = \ln a^n$) to rewrite the right side:
$$\ln y = \ln x^{4} + \ln c$$

Next, use the product rule of logarithms ($\ln a + \ln b = \ln(ab)$):
$$\ln y = \ln \left(c x^{4}\right)$$

## Step 4: Solve for $y$
By taking the exponential of both sides (or simply removing the natural logs), we find the general solution:
$$y = c x^{4}$$

---

# **Key Formulas or Methods Used**

*   **Separation of Variables:** Rearranging $\frac{dy}{dx} = f(x)g(y)$ into $\frac{1}{g(y)} dy = f(x) dx$.
*   **Logarithmic Integration:** $\int \frac{1}{u} du = \ln |u| + C$.
*   **Logarithm Power Rule:** $n \ln(x) = \ln(x^n)$.
*   **Logarithm Product Rule:** $\ln(a) + \ln(b) = \ln(ab)$.

---

# **Summary of Steps**

1.  Rearrange the differential equation to group $y$ terms with $dy$ and $x$ terms with $dx$.
2.  Integrate both sides of the equation.
3.  Add a constant of integration (expressed as $\ln c$ for convenience).
4.  Apply logarithmic identities to combine terms on the right side.
5.  Exponentiate both sides to solve for the explicit function $y(x)$.",,,"unclassified","2",,"Solve the following first-order differential equation:

$$x \frac{d y}{d x}=4 y$$

---","ms7bdfj01g53mt1se5c0f6x6ph85p2af",,"xd72g6tyeywaj5h3j4y1hc6g398c6z8f","Exercise 4.2","exercise"
"maths-12","04-differential-equations","Differential Equations","exercise-4-2","4.2 Separation of Variables","m175vsdm4jhg8s624z0hdv4s4s8c74dq",,,,,,,"false",,"# **Background and Explanation**

This is a first-order separable differential equation. To solve it, we rearrange the equation to isolate all terms containing $y$ on one side and all terms containing $x$ on the other, then integrate both sides with respect to their variables.

---

# **Solution**

## Step 1: Separate the variables
To solve the equation, we first move the $y$ terms to the left side and the $x$ terms to the right side:

$$
\begin{aligned}
\frac{d y}{d x} & =\frac{y^{3}}{x^{2}} \\
d y & =\frac{y^{3}}{x^{2}} d x \\
\frac{d y}{y^{3}} & =\frac{1}{x^{2}} d x
\end{aligned}
$$

## Step 2: Integrate both sides
Next, we integrate both sides of the equation. To make the integration easier, we rewrite the fractions using negative exponents:

$$
\begin{aligned}
\int \frac{d y}{y^{3}} & =\int \frac{1}{x^{2}} d x \\
\int y^{-3} d y & =\int x^{-2} d x
\end{aligned}
$$

Applying the power rule for integration, $\int u^n du = \frac{u^{n+1}}{n+1} + C$:

$$
\begin{aligned}
\frac{y^{-3+1}}{-3+1} & =\frac{x^{-2+1}}{-2+1}+c_{1} \\
\frac{y^{-2}}{-2} & =\frac{x^{-1}}{-1}+c_{1}
\end{aligned}
$$

## Step 3: Simplify the expression
We simplify the fractions to make the equation more readable:

$$\frac{1}{-2 y^{2}} = \frac{-1}{x}+c_{1}$$

To isolate the $y$ term, we multiply the entire equation by $-2$:

$$
\begin{aligned}
\frac{1}{y^{2}} & =\frac{2}{x}-2 c_{1}
\end{aligned}
$$

Finally, since $c_1$ is an arbitrary constant, we can replace the term $-2c_1$ with a single constant $c$ to represent the general solution:

$$\frac{1}{y^{2}}=\frac{2}{x}+c \quad (\text{where } c = -2c_1)$$

---

# **Key Formulas or Methods Used**

*   **Separation of Variables:** A method used to solve differential equations by grouping variables on opposite sides of the equals sign.
*   **Power Rule for Integration:** $\int x^n dx = \frac{x^{n+1}}{n+1} + C$ (for $n \neq -1$).
*   **Constant Manipulation:** Combining multiple constants or coefficients into a single arbitrary constant $c$.

---

# **Summary of Steps**

1.  Rearrange the differential equation to separate the $y$ and $x$ variables.
2.  Rewrite the terms as powers (e.g., $y^{-3}$) to prepare for integration.
3.  Integrate both sides using the power rule and add a constant of integration $c_1$.
4.  Multiply by $-2$ to simplify the coefficients.
5.  Define a new constant $c$ to provide the final general solution.",,,"unclassified","3",,"Find the general solution to the differential equation:

$$\frac{d y}{d x}=\frac{y^{3}}{x^{2}}$$

---","ms7bdfj01g53mt1se5c0f6x6ph85p2af",,"xd72g6tyeywaj5h3j4y1hc6g398c6z8f","Exercise 4.2","exercise"
"maths-12","04-differential-equations","Differential Equations","exercise-4-2","4.2 Separation of Variables","m172dtvp062yz91rg4nm33p9qx8c7q1t",,,,,,,"false",,"# **Background and Explanation**

This problem involves a **separable differential equation**. To solve it, we use the properties of exponents to split the function into a product of two separate functions—one containing only $x$ and the other containing only $y$—allowing us to integrate each side independently.

---

# **Solution**

Given the differential equation:
$$\frac{d y}{d x}=e^{2 x+3 y}$$

First, we use the algebraic property of exponents ($e^{a+b} = e^a \cdot e^b$) to separate the terms on the right side:
$$\frac{d y}{d x}=e^{2 x} \cdot e^{3 y}$$

Next, we perform **separation of variables**. We move all terms involving $y$ to the left side and all terms involving $x$ to the right side:
$$\frac{d y}{e^{3 y}}=e^{2 x} d x$$

To make integration easier, we rewrite the left side using a negative exponent:
$$e^{-3 y} d y = e^{2 x} d x$$

Now, we integrate both sides of the equation:
$$\int e^{-3 y} d y = \int e^{2 x} d x$$

Using the integration rule $\int e^{ax} dx = \frac{1}{a}e^{ax} + C$, we get:
$$\frac{e^{-3 y}}{-3} = \frac{e^{2 x}}{2}+c_{1}$$

This can be rewritten as:
$$\frac{-1}{3 e^{3 y}} = \frac{e^{2 x}}{2}+c_{1}$$

To simplify the form of the general solution, we multiply both sides of the equation by $-3$:
$$\frac{1}{e^{3 y}} = \frac{-3}{2} e^{2 x} - 3 c_{1}$$

Finally, we can define a new constant $c = -3c_1$ to represent the arbitrary constant of integration:
$$\frac{1}{e^{3 y}} = -\frac{3}{2} e^{2 x} + c$$

---

# **Key Formulas or Methods Used**

*   **Exponent Rules:** $e^{a+b} = e^a \cdot e^b$ and $\frac{1}{e^a} = e^{-a}$
*   **Separation of Variables:** A method for solving differential equations by grouping variables.
*   **Exponential Integration Rule:** $\int e^{ax} dx = \frac{1}{a}e^{ax} + C$

---

# **Summary of Steps**

1.  Use exponent laws to separate the $e^{2x+3y}$ term into $e^{2x} \cdot e^{3y}$.
2.  Rearrange the equation so that $y$ terms and $dy$ are on one side, and $x$ terms and $dx$ are on the other.
3.  Integrate both sides with respect to their respective variables.
4.  Simplify the resulting algebraic expression and combine constants.",,,"unclassified","4",,"Solve the following first-order differential equation:

$$\frac{d y}{d x}=e^{2 x+3 y}$$

---","ms7bdfj01g53mt1se5c0f6x6ph85p2af",,"xd72g6tyeywaj5h3j4y1hc6g398c6z8f","Exercise 4.2","exercise"
"maths-12","04-differential-equations","Differential Equations","exercise-4-2","4.2 Separation of Variables","m170pdy99mgdnbr926pbnk9xds8c7ykx",,,,,,,"false",,"# **Background and Explanation**

This is a **separable differential equation**, where we can rearrange the equation to isolate all $y$ terms on one side and all $x$ terms on the other. The key challenge here is integrating the rational function $\frac{x^2}{1+x}$, which requires polynomial long division or algebraic manipulation to simplify before integration.

---

# **Solution**

## Step 1: Separate the variables

We begin by dividing both sides by $y^2$ and multiplying by $dx$ to separate the variables:

$$\frac{d y}{y^{2}}=\frac{x^{2}}{1+x} d x$$

## Step 2: Simplify the rational function

To integrate $\frac{x^2}{1+x}$, we perform polynomial division. Notice that:

$$x^2 = (x-1)(x+1) + 1 = x^2 - 1 + 1$$

Therefore:

$$\frac{x^2}{1+x} = \frac{(x-1)(1+x) + 1}{1+x} = x - 1 + \frac{1}{1+x}$$

## Step 3: Integrate both sides

Now we integrate both sides of the separated equation:

$$\int \frac{1}{y^{2}} d y=\int\left(x-1+\frac{1}{1+x}\right) d x$$

Breaking this into individual integrals:

$$\int y^{-2} d y = \int x \, d x - \int 1 \, d x + \int \frac{1}{1+x} d x$$

## Step 4: Evaluate the integrals

**Left side:**
$$\int y^{-2} d y = \frac{y^{-2+1}}{-2+1} = \frac{y^{-1}}{-1} = -\frac{1}{y}$$

**Right side:**
$$\int x \, d x - \int 1 \, d x + \int \frac{1}{1+x} d x = \frac{x^{2}}{2} - x + \ln (1+x) + c_{1}$$

Note: We assume $x > -1$ so that $\ln(1+x)$ is defined. If $x < -1$, we would write $\ln|1+x|$.

## Step 5: Combine and solve for $y$

Equating both sides:

$$-\frac{1}{y} = \frac{x^{2}}{2} - x + \ln (1+x) + c_{1}$$

Multiply both sides by $-1$:

$$\frac{1}{y} = -\frac{x^{2}}{2} + x - \ln (1+x) - c_{1}$$

Redefining the constant $c = -c_{1}$ (since an arbitrary constant remains arbitrary regardless of sign):

$$\frac{1}{y} = -\frac{x^{2}}{2} + x - \ln (1+x) + c$$

Or equivalently:

$$y = \frac{1}{-\frac{x^{2}}{2} + x - \ln (1+x) + c}$$

---

# **Key Formulas or Methods Used**

- **Separation of variables**: $\frac{dy}{dx} = f(x)g(y) \implies \frac{dy}{g(y)} = f(x)dx$
- **Polynomial long division**: $\frac{x^2}{x+1} = x - 1 + \frac{1}{x+1}$
- **Power rule for integration**: $\int x^n dx = \frac{x^{n+1}}{n+1} + C$ (for $n \neq -1$)
- **Logarithmic integration**: $\int \frac{1}{u} du = \ln|u| + C$
- **Constant absorption**: $-c_1$ can be rewritten as $+c$ where $c$ is an arbitrary constant

---

# **Summary of Steps**

1. **Separate variables**: Rearrange to get $\frac{dy}{y^2} = \frac{x^2}{1+x}dx$
2. **Simplify**: Use polynomial division to write $\frac{x^2}{1+x} = x - 1 + \frac{1}{1+x}$
3. **Integrate**: Compute $\int y^{-2}dy = \int (x - 1 + \frac{1}{1+x})dx$
4. **Evaluate**: Obtain $-\frac{1}{y} = \frac{x^2}{2} - x + \ln(1+x) + c_1$
5. **Solve**: Multiply by $-1$ and redefine constants to get $\frac{1}{y} = -\frac{x^2}{2} + x - \ln(1+x) + c$",,,"unclassified","5",,"Solve the differential equation:

$$\frac{d y}{d x}=\frac{x^{2} y^{2}}{1+x}$$

---","ms7bdfj01g53mt1se5c0f6x6ph85p2af",,"xd72g6tyeywaj5h3j4y1hc6g398c6z8f","Exercise 4.2","exercise"
"maths-12","04-differential-equations","Differential Equations","exercise-4-2","4.2 Separation of Variables","m1782mpwbc4m0bjnj6m973q16x8c6jec",,,,,,,"false",,"# **Background and Explanation**

This problem involves solving a first-order ordinary differential equation using the **method of separation of variables**, where we rearrange the equation so that all terms involving $y$ are on one side and all terms involving $x$ are on the other side before integrating.

---

# **Solution**

We begin with the given differential equation:

$$2y(x+1)\,dy = x\,dx$$

## Step 1: Separate the variables

To separate the variables, we divide both sides by $(x+1)$ to isolate terms involving $y$ on the left and terms involving $x$ on the right:

$$2y\,dy = \frac{x}{x+1}\,dx$$

## Step 2: Integrate both sides

Now we integrate both sides of the equation:

$$2\int y\,dy = \int \frac{x}{x+1}\,dx$$

## Step 3: Evaluate the left-hand side

Using the power rule for integration:

$$2 \cdot \frac{y^{1+1}}{1+1} = 2 \cdot \frac{y^2}{2} = y^2$$

## Step 4: Evaluate the right-hand side

For the integral $\int \frac{x}{x+1}\,dx$, we use algebraic manipulation to simplify the integrand. We rewrite the numerator by adding and subtracting 1:

$$\frac{x}{x+1} = \frac{x+1-1}{x+1} = \frac{x+1}{x+1} - \frac{1}{x+1} = 1 - \frac{1}{x+1}$$

Therefore:

$$\int \frac{x}{x+1}\,dx = \int \left(1 - \frac{1}{x+1}\right)dx = \int 1\,dx - \int \frac{1}{x+1}\,dx$$

Evaluating these standard integrals:

$$= x - \ln(x+1) + c$$

where $c$ is the constant of integration.

## Step 5: Combine results

Equating both sides, we obtain the general solution:

$$y^2 = x - \ln(x+1) + c$$

This can also be expressed as:

$$y = \pm\sqrt{x - \ln(x+1) + c}$$

---

# **Key Formulas or Methods Used**

- **Separation of variables**: Rearranging differential equations so that each variable appears on only one side of the equation
- **Power rule for integration**: $\int y^n\,dy = \frac{y^{n+1}}{n+1} + C$ (for $n \neq -1$)
- **Algebraic manipulation**: $\frac{x}{x+1} = 1 - \frac{1}{x+1}$ (adding and subtracting technique)
- **Logarithmic integration**: $\int \frac{1}{x+a}\,dx = \ln|x+a| + C$

---

# **Summary of Steps**

1. **Separate variables**: Divide by $(x+1)$ to get $2y\,dy = \frac{x}{x+1}\,dx$
2. **Integrate both sides**: $2\int y\,dy = \int \frac{x}{x+1}\,dx$
3. **Simplify left side**: $2 \cdot \frac{y^2}{2} = y^2$
4. **Rewrite integrand**: Express $\frac{x}{x+1}$ as $1 - \frac{1}{x+1}$
5. **Integrate right side**: $\int \left(1 - \frac{1}{x+1}\right)dx = x - \ln(x+1) + c$
6. **State final answer**: $y^2 = x - \ln(x+1) + c$",,,"unclassified","6",,"Solve the differential equation:

$$2y(x+1)\,dy = x\,dx$$

---","ms7bdfj01g53mt1se5c0f6x6ph85p2af",,"xd72g6tyeywaj5h3j4y1hc6g398c6z8f","Exercise 4.2","exercise"
"maths-12","04-differential-equations","Differential Equations","exercise-4-2","4.2 Separation of Variables","m17avcq71ye09erq4xsed1f9cs8c66sp",,,,,,,"false",,"# **Background and Explanation**

This is a first-order ordinary differential equation that can be solved using **separation of variables**. The equation is separable because we can rearrange terms to isolate all $y$ expressions on one side with $dy$ and all $x$ expressions on the other side with $dx$.

---

# **Solution**

Starting with the given equation:

$$\frac{d y}{d x}+y^{2} \sin x=0$$

Rearrange to isolate the derivative:

$$\frac{d y}{d x} = -y^{2} \sin x$$

Separate the variables by dividing both sides by $y^2$ (where $y \neq 0$) and multiplying by $dx$:

$$\frac{d y}{y^{2}} = -\sin x \, d x$$

Rewrite $\frac{1}{y^2}$ as $y^{-2}$ to prepare for integration:

$$y^{-2} \, d y = -\sin x \, d x$$

Integrate both sides:

$$\int y^{-2} \, d y = \int -\sin x \, d x$$

Evaluate the left side using the power rule:

$$\frac{y^{-2+1}}{-2+1} = \frac{y^{-1}}{-1} = -\frac{1}{y}$$

Evaluate the right side:

$$\int -\sin x \, d x = \cos x + C$$

Equating both results:

$$-\frac{1}{y} = \cos x + C$$

Multiply both sides by $-1$:

$$\frac{1}{y} = -\cos x - C$$

Absorb the negative sign into the constant (letting $c = -C$):

$$\frac{1}{y} = -\cos x + c$$

*Alternative approach (as shown in the original derivation):*
Starting from $\frac{d y}{y^{2}} = -\sin x \, d x$, multiply both sides by $-1$ to obtain $-\frac{d y}{y^{2}} = \sin x \, d x$, then integrate:

$$-\int y^{-2} \, d y = \int \sin x \, d x$$

$$-\left(\frac{y^{-1}}{-1}\right) = -\cos x + c$$

$$\frac{1}{y} = -\cos x + c$$

---

# **Key Formulas or Methods Used**

- **Separation of variables**: Rearranging $\frac{dy}{dx} = f(x)g(y)$ into $\frac{dy}{g(y)} = f(x)dx$
- **Power rule for integration**: $\int y^n \, dy = \frac{y^{n+1}}{n+1}$ for $n \neq -1$
- **Trigonometric integration**: $\int \sin x \, dx = -\cos x + C$

---

# **Summary of Steps**

1. Rearrange the equation to isolate $\frac{dy}{dx}$ on one side
2. Separate variables: divide by $y^2$ and multiply by $dx$ to get $\frac{dy}{y^2} = -\sin x \, dx$
3. Integrate both sides: $\int y^{-2} \, dy = \int -\sin x \, dx$
4. Evaluate to obtain $-\frac{1}{y} = \cos x + C$
5. Solve for the dependent variable: $\frac{1}{y} = -\cos x + c$ (general solution)",,,"unclassified","7",,"Solve the differential equation:

$$\frac{d y}{d x}+y^{2} \sin x=0$$

---","ms7bdfj01g53mt1se5c0f6x6ph85p2af",,"xd72g6tyeywaj5h3j4y1hc6g398c6z8f","Exercise 4.2","exercise"
"maths-12","04-differential-equations","Differential Equations","exercise-4-2","4.2 Separation of Variables","m17ckc80e4cg5gx27z0qsr9ab98c6kah",,,,,,,"false",,"# **Background and Explanation**

This is a first-order ordinary differential equation that can be solved using the **method of separation of variables**. The goal is to algebraically rearrange the equation so that all terms involving $x$ and $dx$ appear on one side, while all terms involving $y$ and $dy$ appear on the other side, allowing us to integrate both sides independently.

---

# **Solution**

Begin with the given differential equation:

$$(\sin x+\cos x) d x=\cot y \cos x d y$$

To separate the variables, divide both sides by $\cos x$ (assuming $\cos x \neq 0$):

$$\left(\frac{\sin x+\cos x}{\cos x}\right) d x=\cot y d y$$

Now integrate both sides of the equation:

$$\int \frac{\sin x+\cos x}{\cos x} d x=\int \cot y d y$$

Decompose the fraction on the left side by splitting the numerator:

$$\int\left(\frac{\sin x}{\cos x}+\frac{\cos x}{\cos x}\right) d x=\int \cot y d y$$

Simplify the terms inside the integral. Note that $\frac{\sin x}{\cos x} = \tan x$ and $\frac{\cos x}{\cos x} = 1$:

$$\int \tan x d x+\int 1 d x=\int \cot y d y$$

Evaluate each integral using standard formulas:
- $\int \tan x \, dx = \ln (\sec x)$
- $\int 1 \, dx = x$
- $\int \cot y \, dy = \ln (\sin y)$

Applying these results and adding the constant of integration $c$:

$$\ln (\sec x)+x =\ln (\sin y)+c$$

This is the **general solution** to the differential equation. If an initial condition were provided (such as $y(x_0) = y_0$), you could substitute these values to solve for the specific constant $c$ and obtain the particular solution.

*(Note: The solution can also be expressed in explicit form by exponentiating: $\sin y = \sec x \cdot e^{x-c}$, or equivalently $y = \arcsin\left(\frac{e^x}{K\cos x}\right)$ where $K = e^c$.)*

---

# **Key Formulas or Methods Used**

- **Separation of variables**: Rearranging $M(x)dx = N(y)dy$ form
- **Algebraic decomposition**: $\frac{\sin x + \cos x}{\cos x} = \tan x + 1$
- **Integral of tangent**: $\int \tan x \, dx = \ln(\sec x) + C$ (or $-\ln|\cos x| + C$)
- **Integral of cotangent**: $\int \cot y \, dy = \ln(\sin y) + C$ (or $\ln|\sin y| + C$)
- **Constant of integration**: Added as $+c$ (or $+C$) when performing indefinite integration

---

# **Summary of Steps**

1. **Separate variables**: Divide both sides by $\cos x$ to isolate $x$-terms on the left and $y$-terms on the right
2. **Simplify**: Break $\frac{\sin x+\cos x}{\cos x}$ into $\tan x + 1$
3. **Set up integrals**: Write $\int (\tan x + 1) \, dx = \int \cot y \, dy$
4. **Integrate**: Apply standard integral formulas to get $\ln(\sec x) + x = \ln(\sin y) + c$
5. **General solution**: The implicit equation $\ln(\sec x) + x = \ln(\sin y) + c$ represents the family of all solutions; substitute initial values if given to find the specific constant $c$",,,"unclassified","8",,"Solve the differential equation:

$$(\sin x+\cos x) d x=\cot y \cos x d y$$

---","ms7bdfj01g53mt1se5c0f6x6ph85p2af",,"xd72g6tyeywaj5h3j4y1hc6g398c6z8f","Exercise 4.2","exercise"
"maths-12","04-differential-equations","Differential Equations","exercise-4-2","4.2 Separation of Variables","m177hhm6sntyt8hjysmedxq1nd8c63n8",,,,,,,"false",,"# **Background and Explanation**

This problem requires solving a first-order ordinary differential equation using separation of variables. After finding the general solution, we apply the initial condition to determine the constant of integration and obtain the particular solution.

---

# **Solution**

We begin with the differential equation and initial condition:

$$\frac{d y}{d x} = \cos x, \quad y(0)=1$$

**Step 1: Separate the variables**

Multiply both sides by $dx$ to separate the variables:

$$dy = \cos x \, dx$$

**Step 2: Integrate both sides**

Integrating both sides of the equation:

$$\int dy = \int \cos x \, dx$$

This yields the general solution:

$$y = \sin x + c$$

where $c$ is the constant of integration.

**Step 3: Apply the initial condition**

We are given that $y(0) = 1$, which means when $x = 0$, $y = 1$. Substituting these values into equation (1):

$$1 = \sin(0) + c$$

Since $\sin(0) = 0$:

$$1 = 0 + c$$

Therefore:

$$c = 1$$

**Step 4: Write the particular solution**

Substituting $c = 1$ back into equation (1), we obtain the final solution:

$$y = \sin x + 1$$

---

# **Key Formulas or Methods Used**

- **Separation of variables**: Rearranging $\frac{dy}{dx} = f(x)$ into $dy = f(x)\,dx$ to isolate $y$ and $x$
- **Integration of cosine**: $\int \cos x \, dx = \sin x + C$
- **Initial value problem method**: Using the condition $y(x_0) = y_0$ to solve for the specific value of the integration constant

---

# **Summary of Steps**

1. Separate variables: $dy = \cos x \, dx$
2. Integrate both sides to obtain the general solution: $y = \sin x + c$
3. Substitute the initial condition $(x=0, y=1)$ to find the constant: $c = 1$
4. Write the final particular solution: $y = \sin x + 1$",,,"unclassified","9",,"Solve the differential equation:

$$\frac{d y}{d x}=\cos x$$

subject to the initial condition $y(0)=1$.

---","ms7bdfj01g53mt1se5c0f6x6ph85p2af",,"xd72g6tyeywaj5h3j4y1hc6g398c6z8f","Exercise 4.2","exercise"
"maths-12","04-differential-equations","Differential Equations","exercise-4-3","4.3 Homogeneous Differential Equations","m17fs0zfr2w6vtkgghwpejnxpn85psk9",,"true","Federal Board",,"[""Identified degree of homogeneous function as 3 by checking sum of exponents in each term"",""Calculated partial derivatives $\\frac{\\partial f}{\\partial x}$ and $\\frac{\\partial f}{\\partial y}$ correctly"",""Applied Euler's theorem formula: $x\\frac{\\partial f}{\\partial x} + y\\frac{\\partial f}{\\partial y} = nf(x, y)$"",""Simplified left side to obtain $3f(x, y)$, confirming the theorem with $n = 3$""]",,"false","4","**a. Degree of Homogeneous Function:**

The degree of the homogeneous function $f(x, y) = 3x^3 + 7x^2y + xy^2 + 5y^3$ is **3**. Each term has total degree 3 (the sum of exponents of $x$ and $y$ equals 3).

**b. Verification of Euler's Theorem:**

Euler's theorem states that if $f(x, y)$ is a homogeneous function of degree $n$, then:
$$x\frac{\partial f}{\partial x} + y\frac{\partial f}{\partial y} = nf(x, y)$$

For $f(x, y) = 3x^3 + 7x^2y + xy^2 + 5y^3$:

$\frac{\partial f}{\partial x} = 9x^2 + 14xy + y^2$

$\frac{\partial f}{\partial y} = 7x^2 + 2xy + 15y^2$

Calculating the left side:
$$x\frac{\partial f}{\partial x} + y\frac{\partial f}{\partial y} = x(9x^2 + 14xy + y^2) + y(7x^2 + 2xy + 15y^2)$$
$$= 9x^3 + 14x^2y + xy^2 + 7x^2y + 2xy^2 + 15y^3$$
$$= 9x^3 + 21x^2y + 3xy^2 + 15y^3 = 3(3x^3 + 7x^2y + xy^2 + 5y^3) = 3f(x, y)$$

Since $n = 3$, Euler's theorem is **verified**.",,"B","short","2","annual","If $f(x, y)=3 x^{3}+7 x^{2} y+x y^{2}+5 y^{3}$, then find:
**a.** Degree of homogeneous function
**b.** Verify Euler's theorem for $f(x, y)$","ms7bzfyjh7f8mj0ne3dse6swb185qkpg","2025",,,
"maths-12","04-differential-equations","Differential Equations","exercise-4-3","4.3 Homogeneous Differential Equations","m17046tm13dtt85b5nmv2bfc5d8c6p7v",,,,,,,"false",,"# **Background and Explanation**

A function $f(x, y)$ is said to be **homogeneous of degree $n$** if replacing $x$ with $tx$ and $y$ with $ty$ results in $f(tx, ty) = t^n f(x, y)$ for some constant $n$ and scalar $t > 0$. This property is commonly used in economics (production functions) and differential equations (solving homogeneous equations).

---

# **Solution**

To verify homogeneity, we substitute $tx$ for $x$ and $ty$ for $y$ into the function and check if we can factor out a common power of $t$.

Starting with the given function:
$$f(x, y) = 6xy^3 - x^2y^2$$

Now evaluate $f(tx, ty)$ by substituting $x \to tx$ and $y \to ty$:

$$
\begin{aligned}
f(tx, ty) &= 6(tx)(ty)^3 - (tx)^2(ty)^2 \\
&= 6(tx)(t^3y^3) - (t^2x^2)(t^2y^2) \quad \text{(applying power rules: } (ty)^3 = t^3y^3 \text{ and } (tx)^2 = t^2x^2\text{)} \\
&= 6t^4xy^3 - t^4x^2y^2 \quad \text{(multiplying powers of } t\text{: } t^1 \cdot t^3 = t^4 \text{ and } t^2 \cdot t^2 = t^4\text{)} \\
&= t^4(6xy^3 - x^2y^2) \quad \text{(factoring out the common factor } t^4\text{)} \\
&= t^4f(x, y) \quad \text{(recognizing that } 6xy^3 - x^2y^2 = f(x, y)\text{)}
\end{aligned}
$$

Since $f(tx, ty) = t^4f(x, y)$, the function satisfies the definition of a homogeneous function with degree $n = 4$.

**Conclusion:** $f(x, y)$ is a homogeneous function of degree $4$.

---

# **Key Formulas or Methods Used**

- **Definition of Homogeneous Function:** $f(tx, ty) = t^n f(x, y)$ where $n$ is the degree of homogeneity
- **Power Rules for Exponents:** $(ab)^n = a^n b^n$ and $a^m \cdot a^n = a^{m+n}$
- **Factoring:** Extracting common factors (in this case, $t^4$) from polynomial expressions

---

# **Summary of Steps**

1. **Substitute** $tx$ for $x$ and $ty$ for $y$ in the original function $f(x, y)$
2. **Expand** the powers using the rule $(tx)^n = t^n x^n$ for each term
3. **Collect** powers of $t$ in each term (multiplying exponents when bases are the same)
4. **Factor** out the common power of $t$ from all terms in the expression
5. **Identify** the degree $n$ from the exponent of the factored $t$, confirming the result equals $t^n f(x, y)$",,,"unclassified","1",,"Determine whether the function $f(x, y) = 6xy^3 - x^2y^2$ is a homogeneous function. If it is homogeneous, find its degree.

---","ms7bzfyjh7f8mj0ne3dse6swb185qkpg",,"xd782794es5ezjjxrkwn2p9vrn8c6jw3","Exercise 4.3","exercise"
"maths-12","04-differential-equations","Differential Equations","exercise-4-3","4.3 Homogeneous Differential Equations","m1752jtqj2bxffdghwesd6ztxh8c68nn",,,,,,,"false",,"# **Background and Explanation**

This is a **homogeneous differential equation** because both the numerator and denominator are homogeneous functions of the same degree (degree 1). Such equations can be solved using the substitution $y = ux$, which transforms the equation into a separable form.

---

# **Solution**

## Step 1: Substitution for Homogeneous Equation

Given:

$$\frac{dy}{dx} = \frac{x+3y}{3x+y}$$

Since this is a homogeneous differential equation, we use the substitution:

$$y = ux$$

Differentiating both sides with respect to $x$ using the product rule:

$$\frac{dy}{dx} = u + x\frac{du}{dx}$$

## Step 2: Transform and Simplify

Substituting $y = ux$ and $\frac{dy}{dx} = u + x\frac{du}{dx}$ into equation (1):

$$x\frac{du}{dx} + u = \frac{x + 3ux}{3x + ux}$$

Factor out $x$ from the right-hand side:

$$x\frac{du}{dx} + u = \frac{x(1 + 3u)}{x(3 + u)} = \frac{1 + 3u}{3 + u}$$

Isolate $x\frac{du}{dx}$:

$$x\frac{du}{dx} = \frac{1 + 3u}{3 + u} - u = \frac{1 + 3u - u(3 + u)}{3 + u}$$

Simplify the numerator:

$$x\frac{du}{dx} = \frac{1 + 3u - 3u - u^2}{3 + u} = \frac{1 - u^2}{3 + u}$$

## Step 3: Separate Variables

Rearranging to separate variables $u$ and $x$:

$$\frac{3 + u}{1 - u^2} du = \frac{1}{x} dx$$

Factor the denominator $1 - u^2 = (1+u)(1-u)$:

$$\frac{3 + u}{(1+u)(1-u)} du = \frac{1}{x} dx$$

## Step 4: Partial Fraction Decomposition

We decompose the left side:

$$\frac{3+u}{(1+u)(1-u)} = \frac{A}{1+u} + \frac{B}{1-u}$$

Multiplying both sides by $(1+u)(1-u)$:

$$3 + u = A(1-u) + B(1+u)$$

**Finding $A$:** Set $u = -1$ (making $1+u = 0$):
$$3 + (-1) = A(1-(-1)) + B(0)$$
$$2 = 2A \Rightarrow A = 1$$

**Finding $B$:** Set $u = 1$ (making $1-u = 0$):
$$3 + 1 = A(0) + B(1+1)$$
$$4 = 2B \Rightarrow B = 2$$

Substituting back into equation (3):

$$\frac{3+u}{(1+u)(1-u)} = \frac{1}{1+u} + \frac{2}{1-u}$$

## Step 5: Integration

Equation (2) becomes:

$$\int \left(\frac{1}{1+u} + \frac{2}{1-u}\right) du = \int \frac{1}{x} dx$$

Integrating term by term (note: $\int \frac{2}{1-u} du = -2\ln|1-u|$):

$$\ln|1+u| - 2\ln|1-u| = \ln|x| + \ln|c|$$

Combine logarithms on both sides:

$$\ln\left|\frac{1+u}{(1-u)^2}\right| = \ln|cx|$$

Removing logarithms:

$$\frac{1+u}{(1-u)^2} = cx$$

## Step 6: Back-Substitution

Substitute $u = \frac{y}{x}$ back into the equation:

$$\frac{1 + \frac{y}{x}}{\left(1 - \frac{y}{x}\right)^2} = cx$$

Simplify the complex fraction by multiplying numerator and denominator by $x$ and $x^2$ respectively:

$$\frac{\frac{x+y}{x}}{\left(\frac{x-y}{x}\right)^2} = cx$$

$$\frac{x+y}{x} \cdot \frac{x^2}{(x-y)^2} = cx$$

$$\frac{(x+y)x}{(x-y)^2} = cx$$

Divide both sides by $x$ (assuming $x \neq 0$):

$$\frac{x+y}{(x-y)^2} = c$$

Or equivalently:

$$(x+y) = c(x-y)^2$$

---

# **Key Formulas or Methods Used**

- **Homogeneous Equation Substitution:** $y = ux \implies \frac{dy}{dx} = u + x\frac{du}{dx}$
- **Partial Fraction Decomposition:** $\frac{3+u}{(1+u)(1-u)} = \frac{1}{1+u} + \frac{2}{1-u}$
- **Logarithmic Integration:** $\int \frac{1}{ax+b}dx = \frac{1}{a}\ln|ax+b| + C$
- **Logarithm Properties:** $\ln a - \ln b = \ln\left(\frac{a}{b}\right)$ and $k\ln a = \ln(a^k)$

---

# **Summary of Steps**

1. **Identify** the equation as homogeneous (degree 1 in numerator and denominator).
2. **Substitute** $y = ux$ and $\frac{dy}{dx} = u + x\frac{du}{dx}$.
3. **Simplify** to obtain $x\frac{du}{dx} = \frac{1-u^2}{3+u}$.
4. **Separate variables:** $\frac{3+u}{1-u^2}du = \frac{1}{x}dx$.
5. **Decompose** using partial fractions: $\frac{1}{1+u} + \frac{2}{1-u}$.
6. **Integrate** both sides to get $\ln|1+u| - 2\ln|1-u| = \ln|cx|$.
7. **Simplify** logarithmically to $\frac{1+u}{(1-u)^2} = cx$.
8. **Substitute back** $u = \frac{y}{x}$ and simplify to final form $\frac{x+y}{(x-y)^2} = c$.",,,"unclassified","10",,"Solve the differential equation:

$$\frac{dy}{dx} = \frac{x+3y}{3x+y}$$

---","ms7bzfyjh7f8mj0ne3dse6swb185qkpg",,"xd782794es5ezjjxrkwn2p9vrn8c6jw3","Exercise 4.3","exercise"
"maths-12","04-differential-equations","Differential Equations","exercise-4-3","4.3 Homogeneous Differential Equations","m176q4zxsf25ey56xmyzjgvcc98c6d64",,,,,,,"false",,"# **Background and Explanation**

This is a **homogeneous differential equation**, meaning $\frac{dy}{dx}$ can be expressed purely as a function of the ratio $\frac{y}{x}$. Such equations are solved using the substitution $y = ux$, which transforms them into separable equations through the product rule.

---

# **Solution**

Start with the given differential equation:

$$\left[y+x \cot \left(\frac{y}{x}\right)\right] d x-x d y=0$$

Rearrange to isolate the differential terms:

$$\left[y+x \cot \left(\frac{y}{x}\right)\right] d x = x d y$$

Divide both sides by $x$ to obtain the derivative form $\frac{dy}{dx}$:

$$
\begin{align*}
\frac{y}{x} + \frac{x \cot \left(\frac{y}{x}\right)}{x} &= \frac{d y}{d x} \\
\frac{d y}{d x} &= \frac{y}{x} + \cot \left(\frac{y}{x}\right)
\end{align*}
$$

Equation (1) confirms this is a homogeneous differential equation. Apply the standard substitution:

$$u = \frac{y}{x} \quad \Rightarrow \quad y = ux$$

Differentiate $y = ux$ with respect to $x$ using the product rule:

$$
\begin{aligned}
\frac{d y}{d x} &= \frac{d u}{d x} \cdot x + u \cdot 1 \\
\frac{d y}{d x} &= x \frac{d u}{d x} + u
\end{aligned}
$$

Substitute this expression into equation (1):

$$
\begin{aligned}
x \frac{d u}{d x} + u &= u + \cot u \\
x \frac{d u}{d x} &= u + \cot u - u \\
x \frac{d u}{d x} &= \cot u
\end{aligned}
$$

Separate the variables by moving all $u$ terms to the left and $x$ terms to the right. Recall that $\frac{1}{\cot u} = \tan u$:

$$
\begin{aligned}
\frac{d u}{\cot u} &= \frac{d x}{x} \\
\tan u \, d u &= \frac{d x}{x}
\end{aligned}
$$

Integrate both sides:

$$
\begin{align*}
\int \tan u \, d u &= \int \frac{d x}{x} \\
\ln (\sec u) &= \ln x + \ln c \\
\ln (\sec u) &= \ln (c x) \\
\sec u &= c x
\end{align*}
$$

Substitute back $u = \frac{y}{x}$ into equation (2) to obtain the general solution:

$$\sec \left(\frac{y}{x}\right) = c x$$

---

# **Key Formulas or Methods Used**

- **Homogeneous substitution**: $u = \frac{y}{x}$ or equivalently $y = ux$
- **Product rule for differentiation**: $\frac{d}{dx}(ux) = u + x\frac{du}{dx}$
- **Trigonometric identity**: $\frac{1}{\cot u} = \tan u$
- **Integration of tangent**: $\int \tan u \, du = \ln|\sec u| + C$ (or $-\ln|\cos u| + C$)
- **Logarithm properties**: $\ln a + \ln b = \ln(ab)$ and $e^{\ln x} = x$
- **Separation of variables technique**

---

# **Summary of Steps**

1. **Rearrange** the equation to express $\frac{dy}{dx}$ explicitly on one side
2. **Identify** the equation as homogeneous (right-hand side is a function of $\frac{y}{x}$ only)
3. **Substitute** $u = \frac{y}{x}$ and apply $\frac{dy}{dx} = u + x\frac{du}{dx}$
4. **Simplify** the resulting equation by canceling terms to isolate $x\frac{du}{dx}$
5. **Separate variables**: $\tan u \, du = \frac{dx}{x}$
6. **Integrate** both sides to obtain $\ln|\sec u| = \ln|cx|$
7. **Exponentiate** to remove logarithms, then substitute back $u = \frac{y}{x}$ for the final solution $\sec\left(\frac{y}{x}\right) = cx$",,,"unclassified","11",,"Solve the differential equation:

$$\left[y+x \cot \left(\frac{y}{x}\right)\right] d x-x d y=0$$

---","ms7bzfyjh7f8mj0ne3dse6swb185qkpg",,"xd782794es5ezjjxrkwn2p9vrn8c6jw3","Exercise 4.3","exercise"
"maths-12","04-differential-equations","Differential Equations","exercise-4-3","4.3 Homogeneous Differential Equations","m170wzj4qvpgkc470x88ks9cxx8c7713",,,,,,,"false",,"# **Background and Explanation**

This is a **homogeneous differential equation**, where $\frac{dy}{dx}$ can be expressed as a function of the ratio $\frac{y}{x}$. Such equations are typically solved using the substitution $y = ux$, which transforms the equation into a separable form.

---

# **Solution**

First, rewrite the differential equation in standard form by dividing both sides by $xy^2$:

$$
\frac{d y}{d x} =\frac{y^{3}-x^{3}}{x y^{2}}
$$

Notice that the right-hand side can be written as a function of $\frac{y}{x}$ alone, confirming this is a homogeneous equation.

**Step 1: Substitution**

Let $y = ux$, where $u$ is a function of $x$. Differentiating with respect to $x$ using the product rule:

$$
\frac{d y}{d x} = u + x \frac{d u}{d x}
$$

**Step 2: Transform the equation**

Substitute $y = ux$ and $\frac{dy}{dx} = u + x\frac{du}{dx}$ into equation (1):

$$
x \frac{d u}{d x} + u = \frac{(ux)^{3} - x^{3}}{x(ux)^{2}}
$$

Simplify the right-hand side by factoring out $x^3$ in the numerator and calculating the denominator ($x \cdot u^2x^2 = u^2x^3$):

$$
x \frac{d u}{d x} + u = \frac{x^{3}(u^{3} - 1)}{x^{3}u^{2}} = \frac{u^{3} - 1}{u^{2}}
$$

**Step 3: Separate variables**

Subtract $u$ from both sides and combine terms:

$$
x \frac{d u}{d x} = \frac{u^{3} - 1}{u^{2}} - u = \frac{u^{3} - 1 - u^{3}}{u^{2}} = -\frac{1}{u^{2}}
$$

Rearrange to separate the variables $u$ and $x$:

$$
u^{2} \, d u = -\frac{d x}{x}
$$

**Step 4: Integrate both sides**

$$
\int u^{2} \, d u = -\int \frac{1}{x} \, d x
$$

$$
\frac{u^{3}}{3} = -\ln|x| + c
$$

Rearranging to group the constant:

$$
\frac{u^{3}}{3} + \ln|x| = c
$$

**Step 5: Back-substitute $u = \frac{y}{x}$**

Since $y = ux$, we have $u = \frac{y}{x}$. Substituting into equation (2):

$$
\frac{1}{3}\left(\frac{y}{x}\right)^{3} + \ln|x| = c
$$

$$
\frac{y^{3}}{3x^{3}} + \ln|x| = c
$$

**Step 6: Apply the initial condition**

Given $y(1) = 2$, substitute $x = 1$ and $y = 2$ into equation (3):

$$
\frac{2^{3}}{3(1)^{3}} + \ln(1) = c
$$

$$
\frac{8}{3} + 0 = c
$$

$$
c = \frac{8}{3}
$$

**Step 7: Final solution**

Substitute $c = \frac{8}{3}$ back into equation (3):

$$
\frac{y^{3}}{3x^{3}} + \ln|x| = \frac{8}{3}
$$

Multiply through by 3 to clear the fraction:

$$
\frac{y^{3}}{x^{3}} + 3\ln|x| = 8
$$

This can also be written as:

$$
y^{3} = x^{3}(8 - 3\ln|x|)
$$

---

# **Key Formulas or Methods Used**

- **Homogeneous equation identification**: $\frac{dy}{dx} = f\left(\frac{y}{x}\right)$
- **Substitution for homogeneous equations**: $y = ux \implies \frac{dy}{dx} = u + x\frac{du}{dx}$
- **Variable separation**: Rearranging to form $f(u)\,du = g(x)\,dx$
- **Power rule integration**: $\int u^n \, du = \frac{u^{n+1}}{n+1}$ for $n \neq -1$
- **Logarithmic integration**: $\int \frac{1}{x} \, dx = \ln|x| + C$

---

# **Summary of Steps**

1. Rewrite as $\frac{dy}{dx} = \frac{y^3-x^3}{xy^2}$ and verify homogeneity
2. Substitute $y = ux$ and $\frac{dy}{dx} = u + x\frac{du}{dx}$
3. Simplify to obtain $x\frac{du}{dx} = -\frac{1}{u^2}$
4. Separate variables: $u^2 \, du = -\frac{dx}{x}$
5. Integrate to get $\frac{u^3}{3} + \ln|x| = c$
6. Substitute back $u = \frac{y}{x}$ yielding $\frac{y^3}{3x^3} + \ln|x| = c$
7. Apply $y(1)=2$ to find $c = \frac{8}{3}$
8. Present final answer: $\frac{y^3}{x^3} + 3\ln|x| = 8$ or $y^3 = x^3(8 - 3\ln|x|)$",,,"unclassified","12",,"Solve the differential equation:

$$x y^{2} \frac{d y}{d x}=y^{3}-x^{3}$$

subject to the initial condition $y(1)=2$.

---","ms7bzfyjh7f8mj0ne3dse6swb185qkpg",,"xd782794es5ezjjxrkwn2p9vrn8c6jw3","Exercise 4.3","exercise"
"maths-12","04-differential-equations","Differential Equations","exercise-4-3","4.3 Homogeneous Differential Equations","m179ft1a525q3jbsdy3tppwvmx8c6kqt",,,,,,,"false",,"# **Background and Explanation**

This is a **homogeneous differential equation**, where every term in the numerator and denominator has the same degree (degree 2 in this case). Such equations are solved using the substitution $y = ux$ to transform them into separable differential equations.

---

# **Solution**

First, rewrite the differential equation in standard form $\frac{dy}{dx} = f(x,y)$:

$$\frac{dy}{dx} = \frac{x^2 + 2y^2}{xy}$$

## Identifying the Equation Type

This is a homogeneous differential equation because the function $f(x,y) = \frac{x^2 + 2y^2}{xy}$ can be expressed as a function of $\frac{y}{x}$ alone. We solve this using the substitution $y = ux$.

## Substitution and Differentiation

Let $y = ux$, where $u$ is a function of $x$. Differentiating with respect to $x$ using the product rule:

$$\frac{dy}{dx} = x\frac{du}{dx} + u$$

Substituting into equation (1):

$$x\frac{du}{dx} + u = \frac{x^2 + 2(ux)^2}{x(ux)}$$

Simplify the right-hand side by factoring out $x^2$:

$$x\frac{du}{dx} + u = \frac{x^2(1 + 2u^2)}{ux^2} = \frac{1 + 2u^2}{u}$$

## Separation of Variables

Isolate the derivative term:

$$x\frac{du}{dx} = \frac{1 + 2u^2}{u} - u = \frac{1 + 2u^2 - u^2}{u} = \frac{1 + u^2}{u}$$

Separate the variables by moving all $u$ terms to the left and $x$ terms to the right:

$$\frac{u}{1+u^2} \, du = \frac{dx}{x}$$

## Integration

Integrate both sides:

$$\int \frac{u}{1+u^2} \, du = \int \frac{dx}{x}$$

Notice that the numerator on the left is half the derivative of the denominator. Multiply and divide by 2:

$$\frac{1}{2} \int \frac{2u}{1+u^2} \, du = \int \frac{dx}{x}$$

This yields:

$$\frac{1}{2} \ln(1+u^2) = \ln x + \ln c$$

where $\ln c$ is the constant of integration. Using logarithm properties to combine terms:

$$\ln(1+u^2)^{1/2} = \ln(cx)$$

Exponentiating both sides to remove the logarithms:

$$(1+u^2)^{1/2} = cx$$

## Back-Substitution

Since $y = ux$, we have $u = \frac{y}{x}$. Substituting back into equation (2):

$$\left(1 + \frac{y^2}{x^2}\right)^{1/2} = cx$$

Combine the terms inside the parentheses:

$$\left(\frac{x^2 + y^2}{x^2}\right)^{1/2} = cx$$

Simplify the left side:

$$\frac{\sqrt{x^2 + y^2}}{x} = cx$$

Multiply both sides by $x$:

$$\sqrt{x^2 + y^2} = cx^2$$

## Applying the Initial Condition

Given $y(1) = 1$, substitute $x = 1$ and $y = 1$ into equation (3):

$$\sqrt{1^2 + 1^2} = c(1)^2$$

$$\sqrt{2} = c$$

## Final Solution

Substitute $c = \sqrt{2}$ back into equation (3):

$$\sqrt{x^2 + y^2} = \sqrt{2}x^2$$

This can also be written as $x^2 + y^2 = 2x^4$ or $y^2 = x^2(2x^2 - 1)$.

---

# **Key Formulas or Methods Used**

- **Homogeneous Differential Equation**: Identified by $\frac{dy}{dx} = f\left(\frac{y}{x}\right)$, solved using substitution $y = ux$
- **Product Rule**: $\frac{d}{dx}(ux) = x\frac{du}{dx} + u$
- **Separation of Variables**: Rearranging to form $\frac{u}{1+u^2}du = \frac{dx}{x}$
- **Integration Formula**: $\int \frac{f'(x)}{f(x)}dx = \ln|f(x)| + C$
- **Logarithm Properties**: $a\ln b = \ln(b^a)$ and $\ln a + \ln b = \ln(ab)$

---

# **Summary of Steps**

1. Rewrite as $\frac{dy}{dx} = \frac{x^2 + 2y^2}{xy}$ and identify as homogeneous
2. Substitute $y = ux$ and differentiate: $\frac{dy}{dx} = x\frac{du}{dx} + u$
3. Substitute into the equation and simplify to $x\frac{du}{dx} = \frac{1+u^2}{u}$
4. Separate variables: $\frac{u}{1+u^2}du = \frac{dx}{x}$
5. Integrate both sides: $\frac{1}{2}\ln(1+u^2) = \ln x + \ln c$
6. Simplify to $(1+u^2)^{1/2} = cx$
7. Substitute back $u = \frac{y}{x}$ to obtain $\sqrt{x^2+y^2} = cx^2$
8. Apply $y(1)=1$ to find $c = \sqrt{2}$
9. State final solution: $\sqrt{x^2+y^2} = \sqrt{2}x^2$",,,"unclassified","13",,"Solve the differential equation:

$$(x^2 + 2y^2) \, dx = xy \, dy$$

subject to the initial condition $y(1) = 1$.

---","ms7bzfyjh7f8mj0ne3dse6swb185qkpg",,"xd782794es5ezjjxrkwn2p9vrn8c6jw3","Exercise 4.3","exercise"
"maths-12","04-differential-equations","Differential Equations","exercise-4-3","4.3 Homogeneous Differential Equations","m1797af3bqeq3zpy4wq0q9gf718c7x6t",,,,,,,"false",,"# **Background and Explanation**

This problem involves a **homogeneous differential equation**, where the right-hand side can be expressed purely as a function of the ratio $\frac{y}{x}$. The standard technique is to use the substitution $y = ux$, which transforms the equation into a separable form in terms of $u$ and $x$.

---

# **Solution**

## Step 1: Rewrite and identify the equation type

Starting with the given equation:
$$2 x^{2} \frac{d y}{d x}=3 x y+y^{2}$$

Divide both sides by $2x^2$ to isolate $\frac{dy}{dx}$:
$$
\frac{d y}{d x} =\frac{3 x y+y^{2}}{2 x^{2}}
$$

The right-hand side is a homogeneous function of degree zero (each term has the same degree when counting $x$ and $y$), confirming this is a **homogeneous differential equation**.

## Step 2: Apply the substitution $y = ux$

Let $y = ux$, where $u$ is a function of $x$. Differentiating with respect to $x$ using the product rule:
$$
\frac{d y}{d x} = x \frac{d u}{d x} + u
$$

Substitute $y = ux$ and $\frac{dy}{dx} = x\frac{du}{dx} + u$ into equation (1):
$$
\begin{aligned}
x \frac{d u}{d x} + u &= \frac{3 x(u x) + (u x)^{2}}{2 x^{2}} \\
&= \frac{3 u x^{2} + u^{2} x^{2}}{2 x^{2}} \\
&= \frac{x^{2}(3u + u^2)}{2x^2} \\
&= \frac{3u + u^2}{2}
\end{aligned}
$$

## Step 3: Separate the variables

Isolate the derivative term:
$$
\begin{aligned}
x \frac{d u}{d x} &= \frac{3u + u^2}{2} - u \\
&= \frac{3u + u^2 - 2u}{2} \\
&= \frac{u + u^2}{2} \\
&= \frac{u(1+u)}{2}
\end{aligned}
$$

Separate variables by moving all $u$ terms to the left and $x$ terms to the right:
$$
\frac{d u}{u(1+u)} = \frac{d x}{2 x}
$$

## Step 4: Partial fraction decomposition

To integrate the left side, decompose $\frac{1}{u(1+u)}$:
$$
\frac{1}{u(1+u)} = \frac{A}{u} + \frac{B}{1+u}
$$

Multiply both sides by $u(1+u)$:
$$
1 = A(1+u) + B u
$$

Solve for constants $A$ and $B$:
- Put $u = 0$ in (4): $1 = A(1+0) + 0 \Rightarrow A = 1$
- Put $u = -1$ in (4): $1 = A(0) + B(-1) \Rightarrow B = -1$

Thus:
$$
\frac{1}{u(1+u)} = \frac{1}{u} - \frac{1}{1+u}
$$

## Step 5: Integrate both sides

Substitute the partial fractions back into the separated equation:
$$
\int\left(\frac{1}{u} - \frac{1}{1+u}\right) d u = \frac{1}{2} \int \frac{1}{x} d x
$$

Perform the integration:
$$
\ln|u| - \ln|1+u| = \frac{1}{2} \ln|x| + \ln|c|
$$

Combine logarithms on both sides:
$$
\ln\left|\frac{u}{1+u}\right| = \ln\left|c x^{1/2}\right|
$$

Exponentiate to remove the logarithms:
$$
\frac{u}{1+u} = c \sqrt{x}
$$

## Step 6: Back-substitute $u = \frac{y}{x}$

Recall that $u = \frac{y}{x}$. Substitute into equation (5):
$$
\frac{\frac{y}{x}}{1 + \frac{y}{x}} = c \sqrt{x}
$$

Simplify the complex fraction by multiplying numerator and denominator by $x$:
$$
\frac{y}{x + y} = c \sqrt{x}
$$

## Step 7: Apply the initial condition

Use $y(1) = -2$ (i.e., when $x = 1$, $y = -2$):
$$
\begin{aligned}
\frac{-2}{1 + (-2)} &= c(1)^{1/2} \\
\frac{-2}{-1} &= c \\
2 &= c
\end{aligned}
$$

## Step 8: Write the final solution

Substitute $c = 2$ back into equation (6):
$$
\frac{y}{x+y} = 2 \sqrt{x}
$$

To eliminate the square root, square both sides:
$$
\left(\frac{y}{x+y}\right)^{2} = 4x
$$

Alternatively, solving explicitly for $y$ gives $y = \frac{2x^{3/2}}{1-2\sqrt{x}}$, though the implicit form above is typically sufficient.

---

# **Key Formulas or Methods Used**

- **Homogeneous substitution**: $y = ux$ and $\frac{dy}{dx} = x\frac{du}{dx} + u$
- **Partial fraction decomposition**: $\frac{1}{u(1+u)} = \frac{1}{u} - \frac{1}{1+u}$
- **Logarithmic integration**: $\int \frac{1}{u}du = \ln|u|$
- **Logarithm properties**: $\ln a - \ln b = \ln\left(\frac{a}{b}\right)$ and $k\ln a = \ln(a^k)$
- **Variable separation**: Moving all terms involving $u$ to one side and $x$ to the other

---

# **Summary of Steps**

1. Rewrite the equation as $\frac{dy}{dx} = \frac{3xy+y^2}{2x^2}$ and verify it is homogeneous.
2. Substitute $y = ux$ and $\frac{dy}{dx} = x\frac{du}{dx} + u$ to transform the equation.
3. Simplify to obtain $x\frac{du}{dx} = \frac{u(1+u)}{2}$.
4. Separate variables: $\frac{du}{u(1+u)} = \frac{dx}{2x}$.
5. Apply partial fractions: $\frac{1}{u(1+u)} = \frac{1}{u} - \frac{1}{1+u}$.
6. Integrate to get $\ln\left|\frac{u}{1+u}\right| = \ln|c\sqrt{x}|$, then exponentiate to $\frac{u}{1+u} = c\sqrt{x}$.
7. Substitute back $u = \frac{y}{x}$ to obtain $\frac{y}{x+y} = c\sqrt{x}$.
8. Use the initial condition $y(1) = -2$ to find $c = 2$.
9. State the final solution: $\frac{y}{x+y} = 2\sqrt{x}$ or $\left(\frac{y}{x+y}\right)^2 = 4x$.",,,"unclassified","14",,"Solve the differential equation:

$$2 x^{2} \frac{d y}{d x}=3 x y+y^{2}$$

subject to the initial condition $y(1)=-2$.

---","ms7bzfyjh7f8mj0ne3dse6swb185qkpg",,"xd782794es5ezjjxrkwn2p9vrn8c6jw3","Exercise 4.3","exercise"
"maths-12","04-differential-equations","Differential Equations","exercise-4-3","4.3 Homogeneous Differential Equations","m171qm9xh5d1185245vhch5czh8c7yda",,,,,,,"false",,"# **Background and Explanation**

This is a **first-order homogeneous differential equation**, identifiable by the fact that all terms have the same degree (degree 1). Such equations are solved using the substitution $y = ux$ (where $u = \frac{y}{x}$), which transforms them into separable equations in terms of $u$ and $x$.

---

# **Solution**

## Rearranging to Standard Form

Starting with the given equation:

$$\left(x+y e^{y / x}\right) \mathrm{dx}-x e^{y / x} d y = 0$$

Rearrange to isolate the differential terms:

$$\left(x+y e^{y / x}\right) d x = x e^{y / x} d y$$

Divide both sides by $dx$ and rearrange to express $\frac{dy}{dx}$:

$$\Rightarrow \quad \frac{d y}{d x}=\frac{x+y e^{y / x}}{x e^{y / x}}$$

## Substitution for Homogeneous Equation

Equation (1) is homogeneous. Apply the standard substitution:

$$y=u x \quad \Rightarrow \quad \frac{y}{x}=u$$

Differentiate $y = ux$ with respect to $x$ using the product rule:

$$\frac{d y}{d x}=x \frac{d u}{d x}+u$$

## Transforming the Equation

Substitute into equation (1):

$$x \frac{d u}{d x}+u = \frac{x+u x \cdot e^{u}}{x e^{u}}$$

Simplify the right-hand side by factoring out $x$:

$$x \frac{d u}{d x}+u = \frac{x(1+u e^{u})}{x e^{u}} = \frac{1+u e^{u}}{e^{u}} = \frac{1}{e^{u}} + u$$

Subtract $u$ from both sides to isolate the derivative term:

$$x \frac{d u}{d x} = \frac{1}{e^{u}} = e^{-u}$$

## Separation of Variables

Rearrange to separate variables $u$ and $x$:

$$e^{u} d u = \frac{d x}{x}$$

## Integration

Integrate both sides:

$$\int e^{u} d u = \int \frac{d x}{x}$$

$$e^{u} = \ln |x| + c$$

Substitute back $u = \frac{y}{x}$:

$$e^{\frac{y}{x}} = \ln x + c$$

*(Note: Since the initial condition is given at $x=1 > 0$, we write $\ln x$ for the domain $x > 0$)*

## Applying the Initial Condition

Given $y(1)=0$, substitute $x=1$ and $y=0$ into equation (2):

$$e^{\frac{0}{1}} = \ln 1 + c$$

$$e^{0} = 0 + c$$

$$1 = c$$

## Final Solution

Substitute $c=1$ back into equation (2):

$$e^{\frac{y}{x}}=\ln x+1$$

This can also be expressed explicitly for $y$ as:

$$y = x \ln(\ln x + 1)$$

---

# **Key Formulas or Methods Used**

- **Homogeneous equation test**: $f(tx, ty) = t^n f(x,y)$ for some degree $n$
- **Substitution method**: $y = ux$ where $u = \frac{y}{x}$
- **Product rule differentiation**: $\frac{d}{dx}(ux) = x\frac{du}{dx} + u$
- **Variable separation**: Rearranging to form $f(u)du = g(x)dx$
- **Standard integrals**: $\int e^u du = e^u$ and $\int \frac{1}{x}dx = \ln|x|$

---

# **Summary of Steps**

1. Rearrange the equation to express $\frac{dy}{dx}$ explicitly as $\frac{x+y e^{y/x}}{x e^{y/x}}$
2. Identify the equation as homogeneous and substitute $y = ux$
3. Differentiate to get $\frac{dy}{dx} = x\frac{du}{dx} + u$
4. Substitute and simplify to obtain $x\frac{du}{dx} = e^{-u}$
5. Separate variables: $e^u du = \frac{dx}{x}$
6. Integrate both sides to get $e^u = \ln x + c$
7. Back-substitute $u = \frac{y}{x}$ to get $e^{y/x} = \ln x + c$
8. Apply initial condition $y(1)=0$ to determine $c=1$
9. State final solution: $e^{y/x} = \ln x + 1$ or $y = x\ln(\ln x + 1)$",,,"unclassified","15",,"Solve the differential equation:

$$\left(x+y e^{\frac{y}{x}}\right) d x-x e^{\frac{y}{x}} d y=0$$

subject to the initial condition $y(1)=0$.

---","ms7bzfyjh7f8mj0ne3dse6swb185qkpg",,"xd782794es5ezjjxrkwn2p9vrn8c6jw3","Exercise 4.3","exercise"
"maths-12","04-differential-equations","Differential Equations","exercise-4-3","4.3 Homogeneous Differential Equations","m171wazt1yjrkffqmefadpqhj18c6xts",,,,,,,"false",,"# **Background and Explanation**

A function $f(x, y)$ is **homogeneous of degree $n$** if scaling both variables by a factor $t$ results in the function being scaled by $t^n$, i.e., $f(tx, ty) = t^n f(x, y)$ for some constant $n$. This property requires all terms in the function to have the same total degree.

---

# **Solution**

To test for homogeneity, we substitute $x \to tx$ and $y \to ty$ into the function and check if the result can be written as $t^n f(x, y)$ for some constant $n$.

Starting with the given function:
$$f(x, y) = x^{2} - y$$

Replace $x$ by $tx$ and $y$ by $ty$:
$$
\begin{aligned}
f(tx, ty) &= (tx)^{2} - (ty) \\
&= t^{2}x^{2} - ty \\
&= t^{2}\left(x^{2} - \frac{y}{t}\right)
\end{aligned}
$$

For the function to be homogeneous of degree 2, we would need $f(tx, ty) = t^{2}f(x, y) = t^{2}(x^{2} - y) = t^{2}x^{2} - t^{2}y$. However, comparing this with our result:
$$t^{2}x^{2} - ty \neq t^{2}x^{2} - t^{2}y$$

Since the second term contains $ty$ (degree 1 in $t$) rather than $t^{2}y$ (degree 2 in $t$), we cannot factor out a consistent power of $t$ from all terms. Therefore:
$$f(tx, ty) \neq t^{n}f(x, y) \quad \text{for any constant } n$$

**Conclusion:** $f(x, y)$ is **not** a homogeneous function.

---

# **Key Formulas or Methods Used**

- **Definition of homogeneous function:** $f(tx, ty) = t^{n}f(x, y)$ for some degree $n$
- **Degree of a term:** The sum of the exponents of variables in that term (e.g., $x^2$ has degree 2, $y$ has degree 1)
- **Substitution method:** Replacing variables with scaled versions $(tx, ty)$ to test functional properties

---

# **Summary of Steps**

1. **State the function:** Begin with $f(x, y) = x^{2} - y$.
2. **Apply scaling:** Substitute $x \to tx$ and $y \to ty$ to obtain $f(tx, ty) = (tx)^2 - ty$.
3. **Simplify:** Expand to get $t^{2}x^{2} - ty$.
4. **Analyze degrees:** Observe that the first term scales as $t^2$ while the second scales as $t^1$.
5. **Conclude:** Since different terms scale with different powers of $t$, the function cannot be written as $t^n f(x,y)$, proving it is not homogeneous.",,,"unclassified","2",,"Determine whether the function $f(x, y) = x^{2} - y$ is a homogeneous function. If it is homogeneous, identify its degree; if not, show why the homogeneity condition fails.

---","ms7bzfyjh7f8mj0ne3dse6swb185qkpg",,"xd782794es5ezjjxrkwn2p9vrn8c6jw3","Exercise 4.3","exercise"
"maths-12","04-differential-equations","Differential Equations","exercise-4-3","4.3 Homogeneous Differential Equations","m17cms88eahyc8ez2r7q79emnx8c7wwy",,,,,,,"false",,"# **Background and Explanation**

A function $f(x, y)$ is said to be **homogeneous of degree $n$** if replacing $x$ with $tx$ and $y$ with $ty$ yields $f(tx, ty) = t^n f(x, y)$ for some constant $n$. This property is essential for solving homogeneous differential equations using substitutions like $y = vx$.

---

# **Solution**

To test for homogeneity, we substitute $x \to tx$ and $y \to ty$ into the function and simplify to see if we can factor out $t^n$.

Starting with the given function:
$$f(x, y)=\frac{2 y^{3}}{x^{2} y}-7$$

Replace $x$ by $tx$ and $y$ by $ty$:

$$
\begin{aligned}
f(t x, t y) & =\frac{2(t y)^{3}}{(t x)^{2} \cdot t y}-7 \\[6pt]
& =\frac{2\left(t^{3} y^{3}\right)}{t^{2} x^{2} \cdot t y}-7 \\[6pt]
& =\frac{2 t^{3} y^{3}}{t^{3} x^{2} y}-7 \\[6pt]
& =\frac{t^{3}}{t^{3}} \cdot \frac{2 y^{3}}{x^{2} y}-7 \\[6pt]
& =1 \cdot\left(\frac{2 y^{3}}{x^{2} y}-7\right) \\[6pt]
& =t^{0} \cdot f(x, y)
\end{aligned}
$$

Since $f(tx, ty) = t^0 f(x, y)$, we conclude that **$f(x, y)$ is a homogeneous function of degree 0**.

*(Note: The function can also be simplified to $f(x,y) = \frac{2y^2}{x^2} - 7$ before testing, which makes the degree-0 property apparent as both terms yield $t^0$ factors upon substitution.)*

---

# **Key Formulas or Methods Used**

- **Definition of Homogeneous Function**: $f(tx, ty) = t^n f(x, y)$ where $n$ is the degree of homogeneity
- **Substitution Method**: Replacing variables with scaled versions $tx$ and $ty$ to test for scaling behavior
- **Exponent Rules**: $(ab)^n = a^n b^n$ and $t^m \cdot t^n = t^{m+n}$

---

# **Summary of Steps**

1. **Substitute** $x \to tx$ and $y \to ty$ into the function $f(x,y)$
2. **Expand** the powers using $(tx)^n = t^n x^n$ and $(ty)^n = t^n y^n$
3. **Collect** all powers of $t$ in the numerator and denominator
4. **Simplify** the powers of $t$ (here, $t^3/t^3 = t^0 = 1$)
5. **Factor** out $t^n$ and identify $n$ as the degree of homogeneity (here, $n=0$)",,,"unclassified","3",,"Determine whether the function $f(x, y)=\frac{2 y^{3}}{x^{2} y}-7$ is homogeneous. If it is, find its degree.

---","ms7bzfyjh7f8mj0ne3dse6swb185qkpg",,"xd782794es5ezjjxrkwn2p9vrn8c6jw3","Exercise 4.3","exercise"
"maths-12","04-differential-equations","Differential Equations","exercise-4-3","4.3 Homogeneous Differential Equations","m177agaw6yghzya2cspm84trt98c76d8",,,,,,,"false",,"# **Background and Explanation**

This is a **homogeneous differential equation**, where the substitution $y = ux$ (or $y = vx$) transforms it into a separable equation. A function is homogeneous of degree zero if it can be expressed as a function of the ratio $\frac{y}{x}$.

---

# **Solution**

First, we rearrange the given equation to express $\frac{dy}{dx}$:

$$
\begin{align*}
(x-y) \, dx + x \, dy &= 0 \\
x \, dy &= -(x-y) \, dx \\
\frac{dy}{dx} &= \frac{-(x-y)}{x} \\
\frac{dy}{dx} &= \frac{-x + y}{x}
\end{align*}
$$

Since the right-hand side can be written as $\frac{y}{x} - 1$, this confirms the equation is **homogeneous** (function of $\frac{y}{x}$).

**Substitution:** Let $y = ux$, where $u$ is a function of $x$.

Differentiating with respect to $x$ using the product rule:

$$\frac{dy}{dx} = x\frac{du}{dx} + u$$

Substituting into equation (1):

$$
\begin{align*}
x\frac{du}{dx} + u &= \frac{-x + ux}{x} \\
x\frac{du}{dx} + u &= \frac{x(-1 + u)}{x} \\
x\frac{du}{dx} + u &= -1 + u
\end{align*}
$$

Subtracting $u$ from both sides:

$$
\begin{align*}
x\frac{du}{dx} &= -1 \\
x \, du &= -dx \\
du &= -\frac{dx}{x}
\end{align*}
$$

**Integrating both sides:**

$$
\begin{align*}
\int du &= \int -\frac{1}{x} \, dx \\
u &= -\ln|x| + C
\end{align*}
$$

Rearranging and substituting back $u = \frac{y}{x}$:

$$
\begin{align*}
u + \ln|x| &= C \\
\frac{y}{x} + \ln|x| &= C
\end{align*}
$$

Multiplying through by $x$ gives the general solution:

$$y = x(C - \ln|x|)$$

Or equivalently: $\ln|x| + \frac{y}{x} = C$

---

# **Key Formulas or Methods Used**

- **Homogeneous equation test:** $\frac{dy}{dx} = F\left(\frac{y}{x}\right)$
- **Substitution for homogeneous equations:** $y = ux \implies \frac{dy}{dx} = x\frac{du}{dx} + u$
- **Separation of variables:** $\frac{dy}{dx} = f(x)g(y) \implies \int \frac{dy}{g(y)} = \int f(x) \, dx$
- **Basic integration:** $\int \frac{1}{x} \, dx = \ln|x| + C$

---

# **Summary of Steps**

1. **Rearrange** the equation to isolate $\frac{dy}{dx} = \frac{y-x}{x}$ and verify it's homogeneous
2. **Substitute** $y = ux$ and differentiate to get $\frac{dy}{dx} = x\frac{du}{dx} + u$
3. **Simplify** the resulting equation to obtain $x\frac{du}{dx} = -1$
4. **Separate variables:** $du = -\frac{dx}{x}$
5. **Integrate** both sides to get $u = -\ln|x| + C$
6. **Back-substitute** $u = \frac{y}{x}$ to obtain the final solution $\frac{y}{x} + \ln|x| = C$",,,"unclassified","4",,"Solve the differential equation:

$$(x-y) \, dx + x \, dy = 0$$

---","ms7bzfyjh7f8mj0ne3dse6swb185qkpg",,"xd782794es5ezjjxrkwn2p9vrn8c6jw3","Exercise 4.3","exercise"
"maths-12","04-differential-equations","Differential Equations","exercise-4-3","4.3 Homogeneous Differential Equations","m17azfy0e9cm51hrdqvdqt53798c7zbr",,,,,,,"false",,"# **Background and Explanation**

This is a **homogeneous first-order differential equation**, identifiable because it can be expressed in the form $\frac{dy}{dx} = f\left(\frac{y}{x}\right)$. Such equations are solved using the substitution $y = ux$, which transforms the equation into a separable form that can be integrated directly.

---

# **Solution**

## Step 1: Express in standard derivative form

Starting with the given equation:
$$y \, dx - (y-x) \, dy = 0$$

Rearrange to isolate $\frac{dy}{dx}$:
$$y \, dx = (y-x) \, dy$$

$$\Rightarrow \frac{dy}{dx} = \frac{y}{y-x}$$

## Step 2: Verify homogeneity and substitute

Equation (1) is homogeneous since the right-hand side can be written as $\frac{(y/x)}{(y/x) - 1}$, which is purely a function of $\frac{y}{x}$.

Apply the standard substitution:
$$y = ux$$

Differentiate with respect to $x$ using the product rule:
$$\frac{dy}{dx} = x\frac{du}{dx} + u$$

## Step 3: Transform the differential equation

Substitute into equation (1):
$$x\frac{du}{dx} + u = \frac{ux}{ux - x} = \frac{ux}{x(u-1)} = \frac{u}{u-1}$$

Isolate the derivative term:
$$x\frac{du}{dx} = \frac{u}{u-1} - u = \frac{u - u(u-1)}{u-1} = \frac{u - u^2 + u}{u-1} = \frac{2u - u^2}{u-1}$$

Factor the numerator:
$$x\frac{du}{dx} = \frac{-(u^2 - 2u)}{u-1}$$

## Step 4: Separate variables

Rearrange to separate $u$ and $x$ terms:
$$\frac{u-1}{u^2 - 2u} \, du = -\frac{dx}{x}$$

## Step 5: Integrate both sides

Notice that the numerator $(u-1)$ is related to the derivative of the denominator $(u^2-2u)$, since $d(u^2-2u) = (2u-2)\,du = 2(u-1)\,du$.

Therefore:
$$\int \frac{u-1}{u^2-2u} \, du = \frac{1}{2}\int \frac{2u-2}{u^2-2u} \, du = \frac{1}{2}\ln|u^2-2u|$$

Integrating both sides:
$$\frac{1}{2}\ln(u^2-2u) = -\ln|x| + \ln c$$

(Here $\ln c$ represents the arbitrary constant of integration, and we assume $u^2-2u > 0$ for the logarithm.)

## Step 6: Solve for the algebraic relationship

Multiply both sides by 2:
$$\ln(u^2-2u) = -2\ln|x| + 2\ln c = \ln\left(\frac{c^2}{x^2}\right)$$

Exponentiate both sides:
$$u^2 - 2u = \frac{c^2}{x^2}$$

Alternatively, working with the form given in the derivation:
$$\frac{1}{2}\ln(u^2-2u) = \ln\left(\frac{c}{x}\right)$$

$$\Rightarrow \ln\sqrt{u^2-2u} = \ln\left(\frac{c}{x}\right)$$

$$\Rightarrow \sqrt{u^2-2u} = \frac{c}{x}$$

## Step 7: Back-substitute $u = \frac{y}{x}$

Recall that $u = \frac{y}{x}$. Substitute into equation (2):

$$\sqrt{\left(\frac{y}{x}\right)^2 - 2\left(\frac{y}{x}\right)} = \frac{c}{x}$$

$$\sqrt{\frac{y^2}{x^2} - \frac{2y}{x}} = \frac{c}{x}$$

Combine terms under the radical:
$$\sqrt{\frac{y^2 - 2xy}{x^2}} = \frac{c}{x}$$

$$\frac{\sqrt{y^2 - 2xy}}{|x|} = \frac{c}{x}$$

Assuming $x > 0$ (or absorbing the sign into the arbitrary constant $c$):
$$\sqrt{y^2 - 2xy} = c$$

This can also be written as:
$$\sqrt{y(y-2x)} = c$$

Or, squaring both sides:
$$y^2 - 2xy = C \quad \text{(where $C = c^2$ is an arbitrary positive constant)}$$

---

# **Key Formulas or Methods Used**

- **Homogeneous DE Test**: $\frac{dy}{dx} = f\left(\frac{y}{x}\right)$
- **Substitution for Homogeneous Equations**: $y = ux \Rightarrow \frac{dy}{dx} = u + x\frac{du}{dx}$
- **Separation of Variables**: $\frac{u-1}{u^2-2u}\,du = -\frac{dx}{x}$
- **Logarithmic Integration**: $\int \frac{f'(x)}{f(x)}\,dx = \ln|f(x)| + C$
- **Algebraic Manipulation**: Recognizing that $2(u-1)$ is the derivative of $u^2-2u$ to facilitate integration

---

# **Summary of Steps**

1. **Rearrange** the given equation to standard form: $\frac{dy}{dx} = \frac{y}{y-x}$
2. **Identify** as homogeneous and substitute $y = ux$ with $\frac{dy}{dx} = u + x\frac{du}{dx}$
3. **Simplify** to obtain: $x\frac{du}{dx} = \frac{2u-u^2}{u-1}$
4. **Separate variables**: $\frac{u-1}{u^2-2u}\,du = -\frac{dx}{x}$
5. **Integrate** both sides using the logarithmic rule to get: $\frac{1}{2}\ln(u^2-2u) = -\ln x + \ln c$
6. **Exponentiate** to eliminate logarithms: $\sqrt{u^2-2u} = \frac{c}{x}$
7. **Substitute back** $u = \frac{y}{x}$ and simplify to obtain the general solution: $\sqrt{y(y-2x)} = c$ or $y^2 - 2xy = C$",,,"unclassified","5",,"Solve the differential equation:

$$y \, dx - (y-x) \, dy = 0$$

---","ms7bzfyjh7f8mj0ne3dse6swb185qkpg",,"xd782794es5ezjjxrkwn2p9vrn8c6jw3","Exercise 4.3","exercise"
"maths-12","04-differential-equations","Differential Equations","exercise-4-3","4.3 Homogeneous Differential Equations","m173xr5mbyzq2jryean2ta23z18c6xt7",,,,,,,"false",,"# **Background and Explanation**

This is a **homogeneous differential equation** because the right-hand side can be expressed as a function of $\frac{y}{x}$ alone. Such equations are solved using the substitution $y = ux$, which transforms the equation into a separable form.

---

# **Solution**

## Step 1: Identify the Type of Equation

The given differential equation is:

$$\frac{dy}{dx} = \frac{y-x}{x+y}$$

This is a homogeneous differential equation since both numerator and denominator are homogeneous functions of degree 1.

## Step 2: Apply the Substitution

Put $y = ux$, where $u$ is a function of $x$.

Differentiating with respect to $x$ using the product rule:

$$\frac{dy}{dx} = x\frac{du}{dx} + u$$

## Step 3: Transform the Equation

Substituting $y = ux$ and $\frac{dy}{dx} = x\frac{du}{dx} + u$ into equation (1):

$$x\frac{du}{dx} + u = \frac{ux - x}{x + ux}$$

Factor out $x$ from numerator and denominator on the right-hand side:

$$x\frac{du}{dx} + u = \frac{x(u-1)}{x(1+u)} = \frac{u-1}{1+u}$$

## Step 4: Separate the Variables

Rearranging to isolate $\frac{du}{dx}$:

$$x\frac{du}{dx} = \frac{u-1}{1+u} - u$$

Combine the terms on the right-hand side:

$$x\frac{du}{dx} = \frac{u-1 - u(1+u)}{1+u} = \frac{u-1-u-u^2}{1+u} = \frac{-(1+u^2)}{1+u}$$

Separating the variables:

$$\frac{1+u}{1+u^2}du = -\frac{dx}{x}$$

## Step 5: Integrate Both Sides

$$\int \frac{1+u}{1+u^2}du = -\int \frac{dx}{x}$$

Split the left-hand side integral:

$$\int \left(\frac{1}{1+u^2} + \frac{u}{1+u^2}\right)du = -\int \frac{dx}{x}$$

$$\int \frac{1}{1+u^2}du + \int \frac{u}{1+u^2}du = -\int \frac{dx}{x}$$

Evaluating each integral:
- $\int \frac{1}{1+u^2}du = \tan^{-1}u$
- $\int \frac{u}{1+u^2}du = \frac{1}{2}\ln(1+u^2)$ (using the form $\frac{1}{2}\int \frac{2u}{1+u^2}du$)
- $\int \frac{dx}{x} = \ln|x|$

Therefore:

$$\tan^{-1}u + \frac{1}{2}\ln(1+u^2) = -\ln x + c$$

Rearranging:

$$\tan^{-1}u + \frac{1}{2}\ln(1+u^2) + \ln x = c$$

## Step 6: Back-Substitute $u = \frac{y}{x}$

Since $y = ux$, we have $u = \frac{y}{x}$. Substituting into equation (2):

$$\tan^{-1}\left(\frac{y}{x}\right) + \frac{1}{2}\ln\left(1+\frac{y^2}{x^2}\right) + \ln x = c$$

Simplifying the logarithmic term:

$$\tan^{-1}\left(\frac{y}{x}\right) + \frac{1}{2}\ln\left(\frac{x^2+y^2}{x^2}\right) + \ln x = c$$

**Note:** This can be further simplified to $\tan^{-1}\left(\frac{y}{x}\right) + \frac{1}{2}\ln(x^2+y^2) = c$ since $\frac{1}{2}\ln\left(\frac{x^2+y^2}{x^2}\right) + \ln x = \frac{1}{2}\ln(x^2+y^2) - \ln x + \ln x$.

---

# **Key Formulas or Methods Used**

- **Homogeneous substitution:** $y = ux \implies \frac{dy}{dx} = u + x\frac{du}{dx}$
- **Separation of variables:** Rearranging to form $f(u)du = g(x)dx$
- **Standard integral:** $\int \frac{1}{1+u^2}du = \tan^{-1}u$
- **Logarithmic integral:** $\int \frac{f'(u)}{f(u)}du = \ln|f(u)|$ (applied to $\int \frac{u}{1+u^2}du$)

---

# **Summary of Steps**

1. **Identify** the equation as homogeneous since $\frac{y-x}{x+y}$ can be written as a function of $\frac{y}{x}$
2. **Substitute** $y = ux$ and $\frac{dy}{dx} = u + x\frac{du}{dx}$ into the original equation
3. **Simplify** to obtain $x\frac{du}{dx} = \frac{-(1+u^2)}{1+u}$
4. **Separate variables** to get $\frac{1+u}{1+u^2}du = -\frac{dx}{x}$
5. **Integrate** both sides to obtain $\tan^{-1}u + \frac{1}{2}\ln(1+u^2) + \ln x = c$
6. **Substitute back** $u = \frac{y}{x}$ to get the final solution in terms of $x$ and $y$",,,"unclassified","6",,"Solve the differential equation:

$$\frac{dy}{dx} = \frac{y-x}{x+y}$$

---","ms7bzfyjh7f8mj0ne3dse6swb185qkpg",,"xd782794es5ezjjxrkwn2p9vrn8c6jw3","Exercise 4.3","exercise"
"maths-12","04-differential-equations","Differential Equations","exercise-4-3","4.3 Homogeneous Differential Equations","m17afb1rzr8knsdw3sc5dcv7g58c7q8x",,,,,,,"false",,"# **Background and Explanation**

This is a **homogeneous differential equation** because the right-hand side can be expressed purely as a function of the ratio $\frac{y}{x}$. To solve such equations, we use the substitution $y = ux$, which transforms the equation into a separable form that can be solved by direct integration.

---

# **Solution**

## Step 1: Identify the equation type and substitute

The given differential equation is:

$$\frac{dy}{dx} = \frac{y^{2} + yx}{x^{2}}$$

This is a homogeneous differential equation. We make the substitution:

$$y = ux$$

where $u$ is a function of $x$. Differentiating both sides with respect to $x$ using the product rule:

$$\frac{dy}{dx} = \frac{du}{dx} \cdot x + u \cdot 1 = x\frac{du}{dx} + u$$

## Step 2: Transform the differential equation

Substituting $y = ux$ and $\frac{dy}{dx} = x\frac{du}{dx} + u$ into equation (1):

$$x\frac{du}{dx} + u = \frac{(ux)^{2} + (ux) \cdot x}{x^{2}}$$

Simplifying the right-hand side:

$$x\frac{du}{dx} + u = \frac{u^{2}x^{2} + ux^{2}}{x^{2}} = \frac{x^{2}(u^{2} + u)}{x^{2}} = u^{2} + u$$

## Step 3: Separate the variables

Subtracting $u$ from both sides:

$$x\frac{du}{dx} = u^{2} + u - u = u^{2}$$

Rearranging to separate variables:

$$x\,du = u^{2}\,dx$$

$$\frac{du}{u^{2}} = \frac{dx}{x}$$

## Step 4: Integrate both sides

Integrating both sides:

$$\int u^{-2}\,du = \int \frac{dx}{x}$$

Applying the power rule on the left and the logarithmic rule on the right:

$$\frac{u^{-2+1}}{-2+1} = \ln x + c$$

$$\frac{u^{-1}}{-1} = \ln x + c$$

$$-\frac{1}{u} = \ln x + c$$

## Step 5: Back-substitute to find the final solution

Recall that $y = ux$, which means $u = \frac{y}{x}$. Substituting this into equation (2):

$$-\frac{1}{\frac{y}{x}} = \ln x + c$$

Simplifying:

$$\boxed{-\frac{x}{y} = \ln x + c}$$

Alternatively, solving for $y$ explicitly:

$$y = \frac{-x}{\ln x + c}$$

---

# **Key Formulas or Methods Used**

- **Homogeneous substitution**: $y = ux$ to convert $f(y/x)$ into a function of $u$
- **Product rule for differentiation**: $\frac{d}{dx}(ux) = u + x\frac{du}{dx}$
- **Separation of variables**: Rearranging to the form $f(u)\,du = g(x)\,dx$
- **Power rule for integration**: $\int u^{n}\,du = \frac{u^{n+1}}{n+1}$ (for $n \neq -1$)
- **Logarithmic integration**: $\int \frac{1}{x}\,dx = \ln|x|$

---

# **Summary of Steps**

1. **Verify homogeneity**: Confirm the equation can be written as $\frac{dy}{dx} = f\left(\frac{y}{x}\right)$
2. **Substitute**: Let $y = ux$, giving $\frac{dy}{dx} = u + x\frac{du}{dx}$
3. **Simplify**: Substitute into the original equation and cancel terms to get $x\frac{du}{dx} = u^{2}$
4. **Separate variables**: Rearrange to $\frac{du}{u^{2}} = \frac{dx}{x}$
5. **Integrate**: Evaluate $\int u^{-2}\,du = \int \frac{dx}{x}$ to get $-\frac{1}{u} = \ln x + c$
6. **Back-substitute**: Replace $u$ with $\frac{y}{x}$ to obtain the final solution $-\frac{x}{y} = \ln x + c$",,,"unclassified","7",,"Solve the differential equation:

$$\frac{dy}{dx} = \frac{y^{2} + yx}{x^{2}}$$

---","ms7bzfyjh7f8mj0ne3dse6swb185qkpg",,"xd782794es5ezjjxrkwn2p9vrn8c6jw3","Exercise 4.3","exercise"
"maths-12","04-differential-equations","Differential Equations","exercise-4-3","4.3 Homogeneous Differential Equations","m17eafmxhf0tam5pjm1860byd58c7egh",,,,,,,"false",,"# **Background and Explanation**

This is a **homogeneous differential equation**, where $\frac{dy}{dx}$ can be expressed as a function of $\frac{y}{x}$ alone. For such equations, we use the substitution $y = ux$ (where $u$ is a function of $x$) to transform it into a separable equation.

---

# **Solution**

## Step 1: Identify the equation type

Given:
$$\frac{dy}{dx} = \frac{y}{x+\sqrt{xy}}$$

This is a homogeneous differential equation because both numerator and denominator are homogeneous functions of the same degree.

## Step 2: Apply the substitution

Let $y = ux$, where $u$ is a function of $x$.

Differentiating with respect to $x$ using the product rule:
$$\frac{dy}{dx} = x\frac{du}{dx} + u$$

## Step 3: Substitute into the original equation

Substituting $y = ux$ and $\frac{dy}{dx} = x\frac{du}{dx} + u$ into equation (1):

$$x\frac{du}{dx} + u = \frac{ux}{x+\sqrt{x \cdot ux}}$$

Simplify the denominator on the right side:
$$x\frac{du}{dx} + u = \frac{ux}{x+\sqrt{ux^2}} = \frac{ux}{x(1+\sqrt{u})} = \frac{u}{1+\sqrt{u}}$$

## Step 4: Separate variables

Rearranging to isolate $x\frac{du}{dx}$:
$$x\frac{du}{dx} = \frac{u}{1+\sqrt{u}} - u$$

Combine the terms on the right side with a common denominator:
$$x\frac{du}{dx} = \frac{u - u(1+\sqrt{u})}{1+\sqrt{u}} = \frac{u - u - u\sqrt{u}}{1+\sqrt{u}} = \frac{-u^{3/2}}{1+\sqrt{u}}$$

Separating variables:
$$\frac{1+\sqrt{u}}{u^{3/2}}du = -\frac{dx}{x}$$

## Step 5: Simplify and integrate

Split the left side:
$$\left(\frac{1}{u^{3/2}} + \frac{u^{1/2}}{u^{3/2}}\right)du = -\frac{dx}{x}$$

Simplify exponents:
$$\left(u^{-3/2} + \frac{1}{u}\right)du = -\frac{dx}{x}$$

Integrate both sides:
$$\int u^{-3/2}du + \int \frac{1}{u}du = -\int \frac{dx}{x}$$

Compute the integrals:
$$\frac{u^{-1/2}}{-1/2} + \ln|u| = -\ln|x| + c$$

Simplify:
$$-2u^{-1/2} + \ln|u| = -\ln|x| + c$$

Rearrange:
$$-2\frac{1}{\sqrt{u}} + \ln|u| + \ln|x| = c$$

Combine logarithms:
$$-2\frac{1}{\sqrt{u}} + \ln|ux| = c$$

## Step 6: Back-substitute

Since $y = ux$, we have $u = \frac{y}{x}$. Substituting into equation (2):

$$-2\frac{1}{\sqrt{\frac{y}{x}}} + \ln\left|\frac{y}{x} \cdot x\right| = c$$

Simplify:
$$-2\sqrt{\frac{x}{y}} + \ln|y| = c$$

Therefore, the general solution is:
$$\ln y - 2\sqrt{\frac{x}{y}} = c$$

Or equivalently:
$$\ln y = 2\sqrt{\frac{x}{y}} + c$$

---

# **Key Formulas or Methods Used**

- **Homogeneous substitution**: $y = ux \Rightarrow \frac{dy}{dx} = x\frac{du}{dx} + u$
- **Power rule for integration**: $\int u^n du = \frac{u^{n+1}}{n+1}$ for $n \neq -1$
- **Logarithmic integration**: $\int \frac{1}{u}du = \ln|u|$
- **Logarithm properties**: $\ln a + \ln b = \ln(ab)$ and $\frac{1}{\sqrt{a/b}} = \sqrt{b/a}$

---

# **Summary of Steps**

1. **Identify** the equation as homogeneous and substitute $y = ux$
2. **Differentiate** to get $\frac{dy}{dx} = x\frac{du}{dx} + u$
3. **Substitute** into the original equation and simplify the algebraic expression
4. **Separate** variables to get $\frac{1+\sqrt{u}}{u^{3/2}}du = -\frac{dx}{x}$
5. **Split** the left side into $u^{-3/2} + u^{-1}$ and integrate both sides
6. **Simplify** the integrated result to $-2u^{-1/2} + \ln|ux| = c$
7. **Back-substitute** $u = \frac{y}{x}$ to obtain the final solution $\ln y - 2\sqrt{\frac{x}{y}} = c$",,,"unclassified","8",,"Solve the differential equation:

$$\frac{dy}{dx} = \frac{y}{x+\sqrt{xy}}$$

---","ms7bzfyjh7f8mj0ne3dse6swb185qkpg",,"xd782794es5ezjjxrkwn2p9vrn8c6jw3","Exercise 4.3","exercise"
"maths-12","04-differential-equations","Differential Equations","exercise-4-3","4.3 Homogeneous Differential Equations","m171phqcb38hbgfd2dtfc6mnad8c7ef4",,,,,,,"false",,"# **Background and Explanation**

This is a **homogeneous differential equation**, where the function $f(x,y)$ satisfies $f(tx, ty) = f(x,y)$. Such equations are solved using the substitution $y = ux$ (or $y = vx$), which transforms the equation into a separable form in terms of $u$ and $x$.

---

# **Solution**

## Step 1: Identify the equation type

Given:
$$\frac{d y}{d x}=\frac{3 x^{3}+y^{3}}{x y^{2}}$$

This is a homogeneous differential equation because every term in the numerator and denominator has the same degree (degree 3).

## Step 2: Apply the substitution

Let $y = ux$, where $u$ is a function of $x$.

Differentiating with respect to $x$ using the product rule:
$$\frac{d y}{d x} = \frac{d u}{d x} \cdot x + u \cdot 1 = x \frac{d u}{d x} + u$$

## Step 3: Transform the equation

Substitute $y = ux$ and $\frac{dy}{dx} = x\frac{du}{dx} + u$ into equation (1):

$$x \frac{d u}{d x} + u = \frac{3 x^{3} + (ux)^{3}}{x \cdot (ux)^{2}}$$

Simplify the right-hand side:
$$x \frac{d u}{d x} + u = \frac{3 x^{3} + u^{3} x^{3}}{x \cdot u^{2} x^{2}} = \frac{x^{3}(3 + u^{3})}{u^{2} x^{3}}$$

Cancel $x^3$ from numerator and denominator:
$$x \frac{d u}{d x} + u = \frac{3 + u^{3}}{u^{2}}$$

## Step 4: Separate variables

Isolate $x \frac{du}{dx}$:
$$x \frac{d u}{d x} = \frac{3 + u^{3}}{u^{2}} - u$$

Combine the terms on the right-hand side with common denominator $u^2$:
$$x \frac{d u}{d x} = \frac{3 + u^{3} - u^{3}}{u^{2}} = \frac{3}{u^{2}}$$

Rearrange to separate variables:
$$u^{2} \, d u = \frac{3 \, d x}{x}$$

## Step 5: Integrate both sides

$$\int u^{2} \, d u = 3 \int \frac{1}{x} \, d x$$

Perform the integration:
$$\frac{u^{3}}{3} = 3 \ln |x| + c_{1}$$

Multiply both sides by 3:
$$u^{3} = 9 \ln |x| + 3c_{1}$$

Let $c = 3c_{1}$ (combining constants):
$$u^{3} = 9 \ln |x| + c$$

## Step 6: Back-substitute to original variables

Recall that $u = \frac{y}{x}$. Substituting into equation (2):

$$\left(\frac{y}{x}\right)^{3} = 9 \ln |x| + c$$

Therefore, the general solution is:
$$\frac{y^{3}}{x^{3}} = 9 \ln |x| + c$$

Or equivalently:
$$y^{3} = x^{3}(9 \ln |x| + c)$$

---

# **Key Formulas or Methods Used**

- **Homogeneous equation test**: $f(tx, ty) = t^n f(x,y)$ for some degree $n$
- **Substitution method**: $y = ux \implies \frac{dy}{dx} = x\frac{du}{dx} + u$
- **Power rule for integration**: $\int u^n \, du = \frac{u^{n+1}}{n+1} + C$ (for $n \neq -1$)
- **Logarithmic integration**: $\int \frac{1}{x} \, dx = \ln |x| + C$
- **Separation of variables**: Rearranging to form $f(u)\,du = g(x)\,dx$

---

# **Summary of Steps**

1. **Verify homogeneity**: Confirm that $\frac{dy}{dx} = \frac{3x^3 + y^3}{xy^2}$ is homogeneous (all terms degree 3).
2. **Substitute**: Let $y = ux$, so $\frac{dy}{dx} = x\frac{du}{dx} + u$.
3. **Simplify**: Substitute into the original equation and cancel powers of $x$ to get $x\frac{du}{dx} + u = \frac{3+u^3}{u^2}$.
4. **Isolate**: Rearrange to $x\frac{du}{dx} = \frac{3}{u^2}$.
5. **Separate variables**: Write as $u^2 \, du = \frac{3}{x} \, dx$.
6. **Integrate**: Obtain $\frac{u^3}{3} = 3\ln|x| + c_1$, which simplifies to $u^3 = 9\ln|x| + c$.
7. **Back-substitute**: Replace $u = \frac{y}{x}$ to get the final solution $\frac{y^3}{x^3} = 9\ln|x| + c$.",,,"unclassified","9",,"Solve the differential equation:

$$\frac{d y}{d x}=\frac{3 x^{3}+y^{3}}{x y^{2}}$$

---","ms7bzfyjh7f8mj0ne3dse6swb185qkpg",,"xd782794es5ezjjxrkwn2p9vrn8c6jw3","Exercise 4.3","exercise"
"maths-12","04-differential-equations","Differential Equations","exercise-4-4","4.4 Applications of Differential Equations","m17chbhdw57h41phxjp9gbpf2s85q60n",,,"Federal Board",,"[""Correctly applied general term formula $a_n = a_1r^{n-1}$ for both given terms"",""Found common ratio by dividing $a_6$ by $a_2$ to get $r^4 = \\frac{1}{4}$"",""Determined first term $a_1$ from the relationship $a_1r = 3$"",""Calculated $a_{16}$ using the general term formula with correct substitution"",""Simplified final answer to $\\frac{3\\sqrt{2}}{256}$ or equivalent form""]",,"false","4","Given: $a_2 = 3$ and $a_6 = \frac{3}{4}$ in a GP. Using the general term formula $a_n = a_1 \cdot r^{n-1}$, we have $a_2 = a_1r = 3$ and $a_6 = a_1r^5 = \frac{3}{4}$. Dividing: $\frac{a_6}{a_2} = \frac{a_1r^5}{a_1r} = r^4 = \frac{3/4}{3} = \frac{1}{4}$, so $r = \frac{1}{\sqrt{2}}$ (taking positive root). From $a_1r = 3$: $a_1 = \frac{3}{r} = 3\sqrt{2}$. Therefore, $a_{16} = a_1r^{15} = 3\sqrt{2} \cdot (\frac{1}{\sqrt{2}})^{15} = 3\sqrt{2} \cdot \frac{1}{2^{7.5}} = \frac{3}{128\sqrt{2}} = \frac{3\sqrt{2}}{256}$.",,"B","short","9","annual","If $2^{\text{nd}}$ and $6^{\text{th}}$ terms of a GP are 3 and $\frac{3}{4}$ respectively, find its $16^{\text{th}}$ term.","ms760p19m743mpsccb168zva1185p8th","2024",,,
"maths-12","04-differential-equations","Differential Equations","exercise-4-4","4.4 Applications of Differential Equations","m179pkg6937t1jhe3yc98npfad8c6rn0",,,,,,,"false",,"# **Background and Explanation**

This problem is based on the Malthusian growth model, which uses a first-order differential equation. It assumes that the rate of growth is directly proportional to the current population, leading to an exponential growth pattern over time.

---

# **Solution**

## Step 1: Set up the Differential Equation
Based on the problem statement, the rate of change of population $P$ with respect to time $t$ is proportional to $P$:
$$\frac{d P}{d t} \propto P$$
$$\frac{d P}{d t} = k P$$

To solve this, we use the method of separation of variables:
$$\frac{d P}{P} = k \, dt$$

## Step 2: Integrate to find the General Solution
Integrating both sides of the equation:
$$\int \frac{d P}{P} = k \int d t$$
$$\ln P = k t + c$$

To isolate $P$, we take the exponential of both sides:
$$P = e^{k t + c}$$
$$P = e^c \cdot e^{kt}$$
Let $e^c$ be represented by a constant $C$:
$$P = C e^{kt}$$

## Step 3: Find the Initial Constant ($C$)
We are given that at ""present"" ($t = 0$), the population is 20 million:
$$20 = C e^{k(0)}$$
$$20 = C e^{0}$$
$$20 = C$$

Substituting $C$ back into equation (1), we get:
$$P = 20 e^{kt}$$

## Step 4: Find the Growth Constant ($k$)
We are given that after 4 years ($t = 4$), the population is 25 million ($P = 25$):
$$25 = 20 e^{k(4)}$$
$$\frac{25}{20} = e^{4k}$$
$$\frac{5}{4} = e^{4k}$$
$$1.25 = e^{4k}$$

Taking the natural logarithm ($\ln$) on both sides to solve for $k$:
$$\ln(1.25) = \ln(e^{4k})$$
$$\ln(1.25) = 4k \cdot \ln e$$
Since $\ln e = 1$:
$$0.2232 \approx 4k$$
$$k = \frac{0.2232}{4}$$
$$k = 0.0558$$

Substituting $k$ back into equation (2):
$$P = 20 e^{0.0558t}$$

## Step 5: Calculate Population after 12 Years
To find the population when $t = 12$, we substitute the value into equation (3):
$$P = 20 e^{(0.0558)(12)}$$
$$P = 20 e^{0.6696}$$

Using the value $e^{0.6696} \approx 1.9534$:
$$P = 20(1.9534)$$
$$P = 39.068 \text{ million}$$

Rounding to two decimal places, the population is **39.06 million**.

---

# **Key Formulas or Methods Used**

*   **Malthusian Growth Model:** $\frac{dP}{dt} = kP$
*   **Separation of Variables:** A technique to solve differential equations by grouping like variables.
*   **Exponential Growth Equation:** $P(t) = P_0 e^{kt}$
*   **Logarithmic Properties:** $\ln(e^x) = x$

---

# **Summary of Steps**

1.  **Model the Equation:** Translate the proportionality statement into a differential equation $\frac{dP}{dt} = kP$.
2.  **Solve the DE:** Integrate the equation to find the general exponential form $P = Ce^{kt}$.
3.  **Apply Initial Conditions:** Use the population at $t=0$ to find the constant $C$.
4.  **Determine Growth Rate:** Use the population at $t=4$ to solve for the growth constant $k$.
5.  **Predict Future Value:** Substitute $t=12$ into the specific growth equation to find the final population.",,,"unclassified","1",,"Thomas Malthus in 1798 proved that the increase in population of a country or a city at a certain time is proportional to the total population of the country at that time:
$$\frac{d P}{d t} \propto P$$

If at present the population of city $A$ is 20 million and after 4 years, it is expected to be 25 million, what would be the population of the city after 12 years?

---","ms760p19m743mpsccb168zva1185p8th",,"xd773jf4ar5m90wvgkckjssyqx8c69v2","Exercise 4.4","exercise"
"maths-12","04-differential-equations","Differential Equations","exercise-4-4","4.4 Applications of Differential Equations","m17dtd2rp92y5wrd9n6s8hrebn8c68rs",,,,,,,"false",,"# **Background and Explanation**

This problem is solved using **Newton's Law of Cooling**, which states that the rate of change of the temperature of an object is proportional to the difference between its own temperature and the ambient (surrounding) temperature. This relationship is expressed as a first-order separable differential equation.

---

# **Solution**

According to Newton's Law of Cooling:

$$ \frac{d T}{d t}=-k\left(T-T_{r}\right) $$

Where:
- $T$ is the temperature of the pizza at any time $t$.
- $T_{r}$ is the room temperature.
- $t$ is the time elapsed.
- $k$ is the cooling constant.

## Step 1: Set up and solve the differential equation
Given that the room temperature $T_r = 20^{\circ} \mathrm{C}$, we substitute this into equation (1):

$$ \frac{d T}{d t} = -k(T-20) $$

We separate the variables to prepare for integration:

$$ \frac{d T}{T-20} = -k dt $$

Now, integrate both sides:

$$ \int \frac{1}{T-20} dT = -k \int dt $$
$$ \ln (T-20) = -kt + A $$

## Step 2: Find the integration constant $A$
We use the initial condition. At $t=0$ (the moment the pizza is removed from the oven), the temperature $T=150^{\circ} \mathrm{C}$:

$$ \ln (150-20) = -k(0) + A $$
$$ \ln 130 = 0 + A $$
$$ A = \ln(130) $$

Substitute $A$ back into equation (2):

$$ \ln (T-20) = -kt + \ln(130) $$
$$ \ln (T-20) - \ln 130 = -kt $$

Using the property of logarithms $\ln(a) - \ln(b) = \ln(\frac{a}{b})$:

$$ \ln \left(\frac{T-20}{130}\right) = -kt $$

## Step 3: Find the cooling constant $k$
We are given that at $t=4$ minutes, the temperature $T=90^{\circ} \mathrm{C}$. Substitute these values into equation (3):

$$ \ln \left(\frac{90-20}{130}\right) = -k(4) $$
$$ \ln \left(\frac{70}{130}\right) = -4k $$
$$ \ln \left(\frac{7}{13}\right) = -4k $$

Based on the provided data calculations:
$$ -0.619 \approx -4k $$
$$ k = \frac{0.619}{4} $$
$$ k = 0.155 $$

Now our specific equation for this pizza is:
$$ \ln \left(\frac{T-20}{130}\right) = -(0.155)t $$

## Step 4: Calculate the time for $T = 40^{\circ} \mathrm{C}$
To find how long it takes to reach $40^{\circ} \mathrm{C}$, we set $T=40$ and solve for $t$:

$$ \ln \left(\frac{40-20}{130}\right) = -(0.155)t $$
$$ \ln \left(\frac{20}{130}\right) = -(0.155)t $$
$$ \ln \left(\frac{2}{13}\right) = -0.155t $$

Using the calculated value for the natural log:
$$ -1.872 = -0.155t $$
$$ t = \frac{1.872}{0.155} $$
$$ t = 12.07 $$
$$ t \approx 12 \text{ minutes} $$

---

# **Key Formulas or Methods Used**

*   **Newton's Law of Cooling:** $\frac{dT}{dt} = -k(T - T_r)$
*   **Separation of Variables:** A method for solving differential equations by grouping all $T$ terms on one side and $t$ terms on the other.
*   **Logarithmic Integration:** $\int \frac{1}{u} du = \ln|u| + C$
*   **Logarithm Properties:** $\ln(a) - \ln(b) = \ln(\frac{a}{b})$

---

# **Summary of Steps**

1.  Substitute the room temperature ($20^{\circ} \mathrm{C}$) into the Newton's Law of Cooling formula.
2.  Solve the differential equation using integration to get the general logarithmic form.
3.  Use the initial temperature ($150^{\circ} \mathrm{C}$ at $t=0$) to find the constant $A$.
4.  Use the second temperature reading ($90^{\circ} \mathrm{C}$ at $t=4$) to calculate the cooling constant $k$.
5.  Plug the target temperature ($40^{\circ} \mathrm{C}$) into the resulting equation and solve for the time $t$.",,,"unclassified","2",,"Ayesha was preparing a pizza in a baking oven. She observed that the temperature of the cooked pizza was $150^{\circ} \mathrm{C}$. Four minutes after removing it from the oven, the temperature of the pizza was $90^{\circ} \mathrm{C}$. How long will it take to cool off to a temperature of $40^{\circ} \mathrm{C}$ if the room temperature is $20^{\circ} \mathrm{C}$?

---","ms760p19m743mpsccb168zva1185p8th",,"xd773jf4ar5m90wvgkckjssyqx8c69v2","Exercise 4.4","exercise"
"maths-12","04-differential-equations","Differential Equations","exercise-4-4","4.4 Applications of Differential Equations","m172azp79m2k2j0mdzjsgphqah8c66re",,,,,,,"false",,"# **Background and Explanation**

This problem is a classic example of exponential growth. When the rate of change of a variable is proportional to the variable itself, it is modeled by a first-order differential equation, leading to a solution where the population grows exponentially over time.

---

# **Solution**

Let $P$ be the population of bacteria at any time $t$. According to the problem, the rate of growth $\frac{dP}{dt}$ is proportional to $P$.

$$
\begin{aligned}
\frac{d P}{d t} & \propto P \\
\frac{d P}{d t} & = k P
\end{aligned}
$$

To solve this, we use the method of separation of variables:

$$
\frac{d P}{P} = k \, dt
$$

Integrating both sides:

$$
\begin{aligned}
\int \frac{d P}{P} & = k \int d t \\
\ln P & = k t + c \\
P & = e^{k t + c}
\end{aligned}
$$

### Finding the constant $c$
We are given that the initial population ($t=0$) is 20. Substituting $t=0$ and $P=20$ into equation (1):

$$
\begin{aligned}
20 & = e^{k(0) + c} \\
20 & = e^{0 + c} \\
20 & = e^{c} \\
\ln 20 & = c
\end{aligned}
$$

Substituting $e^c = 20$ back into equation (1):

$$
\begin{aligned}
P & = e^{kt} \cdot e^{c} \\
P & = e^{kt} \cdot 20 \\
P & = 20 e^{kt}
\end{aligned}
$$

### Finding the growth constant $k$
The problem states that the population becomes four times its initial size in two days.
When $t = 2$, $P = 4 \times 20 = 80$. Substituting these values into equation (2):

$$
\begin{aligned}
80 & = 20 e^{k(2)} \\
\frac{80}{20} & = e^{2k} \\
4 & = e^{2k} \\
\ln 4 & = 2k \\
k & = \frac{1}{2} \ln 4 \\
k & = \ln(4^{1/2}) \\
k & = \ln 2
\end{aligned}
$$

Now, substitute $k = \ln 2$ back into equation (2) to get the general growth equation:

$$
\begin{aligned}
P & = 20 e^{(\ln 2)t} \\
P & = 20 e^{t \ln 2}
\end{aligned}
$$

### Calculating the population after 10 days
To find the population when $t = 10$, we substitute $t = 10$ into equation (3):

$$
\begin{aligned}
P & = 20 e^{10 \ln 2} \\
& = 20 e^{\ln 2^{10}} \\
& = 20(2^{10}) \\
& = 20(1024) \\
P & = 20480
\end{aligned}
$$

The population of bacteria after ten days will be **20,480**.

---

# **Key Formulas or Methods Used**

*   **Differential Equation for Growth:** $\frac{dP}{dt} = kP$
*   **Separation of Variables:** Moving all $P$ terms to one side and $t$ terms to the other before integrating.
*   **Exponential Form:** $P = P_0 e^{kt}$
*   **Logarithmic Properties:**
    *   $\ln(a^b) = b \ln a$
    *   $e^{\ln x} = x$

---

# **Summary of Steps**

1.  **Set up the differential equation** based on the proportionality statement.
2.  **Solve the differential equation** using integration to find the general expression for $P$.
3.  **Apply the initial condition** ($t=0, P=20$) to find the integration constant.
4.  **Use the second condition** ($t=2, P=80$) to solve for the growth rate constant $k$.
5.  **Substitute the target time** ($t=10$) into the specific growth equation to find the final population.",,,"unclassified","3",,"In a culture, the rate of growth of bacteria is proportional to the population present. If the population of bacteria becomes four times its initial size in two days, what will the population be after ten days if the initial population was 20?

---","ms760p19m743mpsccb168zva1185p8th",,"xd773jf4ar5m90wvgkckjssyqx8c69v2","Exercise 4.4","exercise"
"maths-12","04-differential-equations","Differential Equations","exercise-4-4","4.4 Applications of Differential Equations","m173g5pv53eyn1ck4rsq3q0jcx8c6m38",,,,,,,"false",,"# **Background and Explanation**

This problem is modeled using a first-order linear differential equation representing exponential decay. The rate of change of the quantity is proportional to the quantity itself, leading to the standard decay formula $A(t) = A_0 e^{-kt}$.

---

# **Solution**

Let $A$ be the amount of radioactive substance present at any time $t$.

## Step 1: Set up the Differential Equation
According to the problem, the rate of disintegration is proportional to the amount present:

$$
\frac{d A}{d t} \propto A
$$

To turn this into an equation, we introduce a decay constant $k$:

$$
\frac{d A}{d t} = -k A
$$

*(Note: The negative sign represents the decay or decrease of the substance over time.)*

## Step 2: Solve the Differential Equation
We use the method of separation of variables:

$$
\frac{d A}{A} = -k \, dt
$$

Integrating both sides:

$$
\int \frac{d A}{A} = -k \int dt
$$

$$
\ln A = -kt + c
$$

Converting from logarithmic to exponential form:

$$
A = e^{-kt + c}
$$

## Step 3: Find the Constant of Integration
We are given that at $t = 0$, the initial amount $A = 50$ grams. Substituting these values into equation (1):

$$
\begin{aligned}
50 &= e^{-k(0) + c} \\
50 &= e^{c} \\
\ln 50 &= c
\end{aligned}
$$

Substitute $c$ back into equation (1):

$$
\begin{aligned}
A &= e^{-kt + \ln 50} \\
A &= e^{-kt} \cdot e^{\ln 50} \\
A &= 50 e^{-kt}
\end{aligned}
$$

## Step 4: Determine the Decay Constant ($k$)
The half-life is $1000$ years, meaning at $t = 1000$, the amount $A$ becomes half of the initial amount ($A = \frac{50}{2} = 25$). Substituting this into equation (2):

$$
\begin{aligned}
25 &= 50 e^{-k(1000)} \\
\frac{25}{50} &= e^{-1000k} \\
\frac{1}{2} &= e^{-1000k}
\end{aligned}
$$

Taking the natural logarithm ($\ln$) of both sides:

$$
\begin{aligned}
\ln \left(\frac{1}{2}\right) &= \ln e^{-1000k} \\
\ln 1 - \ln 2 &= -1000k \cdot \ln e \\
0 - \ln 2 &= -1000k \cdot (1) \\
\ln 2 &= 1000k \\
k &= \frac{\ln 2}{1000}
\end{aligned}
$$

Substituting $k$ back into equation (2) gives the general model for this substance:

$$
A = 50 e^{-\left(\frac{\ln 2}{1000}\right)t}
$$

## Step 5: Calculate the Amount after 800 Years
To find the amount present after $t = 800$ years, substitute $t = 800$ into equation (3):

$$
A = 50 \cdot e^{-\left(\frac{\ln 2}{1000}\right)(800)}
$$

Simplify the exponent:

$$
\begin{aligned}
A &= 50 \cdot e^{-\frac{800}{1000} \ln 2} \\
A &= 50 \cdot e^{-0.8 \ln 2}
\end{aligned}
$$

Using the values $\ln 2 \approx 0.6931$:

$$
\begin{aligned}
A &= 50 \cdot e^{-(0.8)(0.6931)} \\
A &= 50 \cdot e^{-0.5545} \\
A &= 50 \cdot (0.5744) \\
A &\approx 28.72 \text{ grams}
\end{aligned}
$$

---

# **Key Formulas or Methods Used**

*   **Law of Radioactive Decay:** $\frac{dA}{dt} = -kA$
*   **Separation of Variables:** Method for solving first-order differential equations.
*   **Exponential Growth/Decay Formula:** $A = A_0 e^{-kt}$
*   **Half-life Relation:** $k = \frac{\ln 2}{T_{1/2}}$

---

# **Summary of Steps**

1.  **Model the problem** using the differential equation $\frac{dA}{dt} = -kA$.
2.  **Solve the equation** to find the general form $A = e^{-kt+c}$.
3.  **Apply initial conditions** ($t=0, A=50$) to find the specific equation $A = 50e^{-kt}$.
4.  **Use the half-life** ($t=1000, A=25$) to solve for the decay constant $k$.
5.  **Substitute the target time** ($t=800$) into the final equation to calculate the remaining mass.",,,"unclassified","4",,"Most radioactive substances disintegrate at a rate proportional to the amount present. If the initial amount of a radioactive substance is $50$ grams and its half-life is $1000$ years, find the amount of substance present after $800$ years.

---","ms760p19m743mpsccb168zva1185p8th",,"xd773jf4ar5m90wvgkckjssyqx8c69v2","Exercise 4.4","exercise"
"maths-12","04-differential-equations","Differential Equations","exercise-4-4","4.4 Applications of Differential Equations","m179dcd7jdmmzrhwxjz0jj1c058c702d",,,,,,,"false",,"# **Background and Explanation**

This problem is solved using **Newton's Law of Cooling**, which states that the rate of change of the temperature of an object is proportional to the difference between its own temperature and the ambient (surrounding) temperature. We use a first-order differential equation to model this relationship and solve for the unknown time.

---

# **Solution**

According to Newton's Law of Cooling:

$$
\frac{d T}{d t}=-k(T-T_s)
$$

Where:
- $T$ is the temperature of the thermometer at any time $t$.
- $T_s$ is the surrounding temperature (in this case, the temperature of the ice).
- $k$ is the cooling constant.

Given the surrounding temperature $T_s = 30^{\circ} \mathrm{F}$:

$$
\begin{aligned}
\frac{d T}{d t} & =-k(T-30) \\
\frac{d T}{T-30} & =-k d t
\end{aligned}
$$

### Step 1: Integrate the Differential Equation
Integrating both sides to find the general solution:

$$
\begin{align*}
\int \frac{d T}{T-30} & =-k \int d t \\
\ln (T-30) & =-k t+A
\end{align*}
$$

### Step 2: Find the Constant of Integration ($A$)
We use the initial condition: at $t=0$, the thermometer is at room temperature, so $T=80$.

$$
\begin{aligned}
\ln (80-30) & =-k(0)+A \\
\ln 50 & =0+A \\
A & = \ln (50)
\end{aligned}
$$

Substitute $A$ back into equation (1):

$$
\begin{align*}
\ln (T-30) & =-k t+\ln 50 \\
\ln (T-30)-\ln 50 & =-k t \\
\ln \left(\frac{T-30}{50}\right) & =-k t
\end{align*}
$$

### Step 3: Find the Cooling Constant ($k$)
We are given that after one minute ($t=1$), the temperature $T=40$. Substitute these values into equation (2):

$$
\begin{aligned}
\ln \left(\frac{40-30}{50}\right) & =-k(1) \\
\ln \left(\frac{10}{50}\right) & =-k \\
\ln \left(\frac{1}{5}\right) & =-k \\
\ln 1-\ln 5 & =-k \\
0-\ln 5 & =-k \\
-\ln 5 & =-k \\
k & = \ln 5 \approx 1.6094
\end{aligned}
$$

Substitute the value of $k$ back into equation (2):

$$
\ln \left(\frac{T-30}{50}\right)=-(1.6094) t
$$

### Step 4: Calculate the time for $T=70^{\circ} \mathrm{F}$
Now we find $t$ when $T=70$. Using equation (3):

$$
\begin{aligned}
\ln \left(\frac{70-30}{50}\right) & =-(1.6094) t \\
\ln \left(\frac{40}{50}\right) & =-(1.6094) t \\
\ln(0.8) & =-(1.6094) t \\
-0.2231 & =-(1.6094) t \\
t & =\frac{0.2231}{1.6094} \\
t & \approx 0.1386 \text{ minutes}
\end{aligned}
$$

To convert this into seconds:
$$
\begin{aligned}
t & \approx 0.14 \text{ minutes} \\
t & = (0.14 \times 60) \text{ seconds} \\
t & \approx 8.3 \text{ seconds}
\end{aligned}
$$

---

# **Key Formulas or Methods Used**

- **Newton's Law of Cooling:** $\frac{dT}{dt} = -k(T - T_s)$
- **Separation of Variables:** A method for solving ordinary differential equations.
- **Logarithmic Properties:** $\ln(a) - \ln(b) = \ln(\frac{a}{b})$ and $\ln(1) = 0$.

---

# **Summary of Steps**

1.  Set up the differential equation using the surrounding temperature ($30^{\circ} \mathrm{F}$).
2.  Separate the variables and integrate to get the logarithmic form of the equation.
3.  Use the initial temperature ($80^{\circ} \mathrm{F}$ at $t=0$) to solve for the integration constant $A$.
4.  Use the known temperature at $t=1$ minute to solve for the cooling constant $k$.
5.  Plug the target temperature ($70^{\circ} \mathrm{F}$) into the equation and solve for the final time $t$.",,,"unclassified","5",,"A thermometer showing room temperature of $80^{\circ} \mathrm{F}$ is placed on a block of ice with a temperature of $30^{\circ} \mathrm{F}$. After one minute the temperature of thermometer is $40^{\circ} \mathrm{F}$. How long will it take for the thermometer to have a temperature of $70^{\circ} \mathrm{F}$?

---","ms760p19m743mpsccb168zva1185p8th",,"xd773jf4ar5m90wvgkckjssyqx8c69v2","Exercise 4.4","exercise"
"maths-12","04-differential-equations","Differential Equations","exercise-4-4","4.4 Applications of Differential Equations","m178k6e3r342w0cre2j502pcch8c7mz8",,,,,,,"false",,"# **Background and Explanation**

This problem uses Newton's Second Law to model motion under gravity. By expressing acceleration as the first derivative of velocity ($a = \frac{dv}{dt}$) and velocity as the first derivative of displacement ($v = \frac{dS}{dt}$), we can use integration to find the equations of motion.

---

# **Solution**

## Part (a): Developing the Differential Equation
Since the ball is thrown upward and we are neglecting air resistance, the only acceleration acting on the ball is gravity ($g$), which acts in the opposite direction of the initial motion.

$$ \text{Acceleration } (a) = -g $$

Since acceleration is the rate of change of velocity over time:
$$ \frac{dv}{dt} = -g $$

To find the velocity function, we separate the variables and integrate both sides:
$$ dv = -g \, dt $$
$$ \int dv = -g \int dt $$
$$ v = -gt + A $$

We use the initial condition to find the constant $A$. At $t=0$, the initial velocity $v=40 \text{ m/s}$:
$$ 40 = -g(0) + A $$
$$ 40 = 0 + A \implies A = 40 $$

Substituting $A$ back into equation (1), we get the velocity equation:
$$ v = -gt + 40 $$

## Part (b): Velocity after 1 second
To find the velocity after 1 second, we substitute $t=1$ and $g=9.8 \text{ m/s}^2$ into equation (2):

$$ v = -(9.8)(1) + 40 $$
$$ v = -9.8 + 40 $$
$$ v = 30.2 \text{ m/sec} $$

## Part (c): Maximum Height Attained
To find the height, we first need the displacement equation. We know that velocity is the rate of change of displacement ($S$):
$$ v = \frac{dS}{dt} = -gt + 40 $$
$$ dS = (-gt + 40) \, dt $$

Integrating both sides:
$$ \int dS = \int (-gt + 40) \, dt $$
$$ S = -g \frac{t^{2}}{2} + 40t + B $$

At $t=0$, the displacement $S=0$, so:
$$ 0 = -g \frac{0^2}{2} + 40(0) + B \implies B = 0 $$

The displacement equation is:
$$ S = -g \frac{t^{2}}{2} + 40t $$

At the **maximum height**, the velocity of the ball becomes zero ($v=0$). Using equation (2):
$$ 0 = -gt + 40 $$
$$ -gt = -40 $$
$$ t = \frac{40}{g} = \frac{40}{9.8} $$
$$ t \approx 4.08 \text{ sec} $$

Now, substitute $t=4.08$ and $g=9.8$ into the displacement equation (4) to find the maximum height:
$$ S = -9.8 \frac{(4.08)^2}{2} + 40(4.08) $$
$$ S = -(4.9)(16.6464) + 163.2 $$
$$ S = -81.56 + 163.2 $$
$$ S = 81.64 \text{ m} $$

**Hence, the maximum height is $81.6 \text{ m}$.**

---

# **Key Formulas or Methods Used**

*   **Definition of Acceleration:** $a = \frac{dv}{dt}$
*   **Definition of Velocity:** $v = \frac{dS}{dt}$
*   **Integration Rule:** $\int t^n dt = \frac{t^{n+1}}{n+1}$
*   **Initial Value Problem:** Using $t=0$ conditions to solve for constants of integration ($A$ and $B$).
*   **Physics Principle:** At maximum height, instantaneous velocity $v = 0$.

---

# **Summary of Steps**

1.  Define the differential equation $\frac{dv}{dt} = -g$ based on gravity.
2.  Integrate the acceleration to find the velocity function $v(t)$, using the initial velocity $40 \text{ m/s}$ to solve for the constant.
3.  Calculate $v(1)$ by plugging $t=1$ into the velocity function.
4.  Integrate the velocity function to find the displacement function $S(t)$.
5.  Determine the time $t$ when $v=0$ (the moment the ball reaches its peak).
6.  Substitute that time into $S(t)$ to find the maximum height.",,,"unclassified","6",,"A ball is thrown upward with a velocity of $40 \text{ m/s}$.

1. Develop a differential equation representing the flow phenomenon.
2. Find the velocity of the ball after $1$ second.
3. Find the maximum height attained by the ball.

(Neglect air resistance and assume $g = 9.8 \text{ m/s}^2$)

---","ms760p19m743mpsccb168zva1185p8th",,"xd773jf4ar5m90wvgkckjssyqx8c69v2","Exercise 4.4","exercise"