subjectSlug,chapterSlug,chapterTitle,topicSlug,topicTitle,_id,correctKeyVerified,examBoard,explanation,keyPoints,lastAttempt,locked,marks,modelAnswer,options,partType,questionKind,questionNumber,session,stem,topicId,year,correctKey
"computer-11","01-computer-systems","Computer Systems","1-1-data-representation-in-a-digital-computer","1.1 Data Representation in a Digital Computer","m178vvyqpfg3rgz6f4gj6b3wf185qgcg","true","Federal Board","Computer-Aided Design (CAD) software is used to process complex calculations and design complicated machines. CAD systems enable engineers and designers to create precise digital models, perform simulations, and optimize designs before physical manufacturing.","[""CAD software processes complex mathematical calculations for design optimization"",""Enables creation of detailed 3D models of complicated machines"",""Allows simulation and testing of designs before manufacturing"",""Improves accuracy and reduces design errors in complex machinery""]",,"false","1","Computer-Aided Design (CAD) software is used to process complex calculations and design complicated machines. CAD systems enable engineers and designers to create precise digital models, perform simulations, and optimize designs before physical manufacturing.","[{""key"":""A"",""text"":""Mini computer""},{""key"":""B"",""text"":""Micro computer""},{""key"":""C"",""text"":""Personal computer""},{""key"":""D"",""text"":""Super computer""}]","MCQ","unclassified","2","annual","Which of the following is used to process complex calculations and designing of complicated machines?","ms73cdtkq708crtrgffkpjn1td85px0q","2022",
"computer-11","01-computer-systems","Computer Systems","1-1-data-representation-in-a-digital-computer","1.1 Data Representation in a Digital Computer","m174q9tvbhna1x6cv36f4p6ghd85pndd","true","Federal Board","The question asks about optical disks that can store more than 100 GB of data. However, the provided notes contain content about Digital Logic and Logic Gates, which is unrelated to optical storage media. Based on standard FBISE computer science curriculum, Blu-ray disks can store more than 100 GB of data (typically 25 GB, 50 GB, or up to 128 GB depending on the format), making them capable of exceeding 100 GB storage capacity.","[""Blu-ray disks are optical disks capable of storing more than 100 GB of data"",""Standard DVDs store approximately 4.7-8.5 GB (below 100 GB threshold)"",""CDs store approximately 700 MB to 900 MB (well below 100 GB threshold)"",""Blu-ray technology uses shorter wavelength laser (405 nm) allowing higher data density than DVD or CD""]",,"false","1","The question asks about optical disks that can store more than 100 GB of data. However, the provided notes contain content about Digital Logic and Logic Gates, which is unrelated to optical storage media. Based on standard FBISE computer science curriculum, Blu-ray disks can store more than 100 GB of data (typically 25 GB, 50 GB, or up to 128 GB depending on the format), making them capable of exceeding 100 GB storage capacity.","[{""key"":""A"",""text"":""Blu-ray disk""},{""key"":""B"",""text"":""Digital video disk""},{""key"":""C"",""text"":""Compact disk""},{""key"":""D"",""text"":""Floppy disk""}]","MCQ","unclassified","3","annual","Which of the following types of optical disks can store more than $100\text{ GB}$ of data?","ms73cdtkq708crtrgffkpjn1td85px0q","2022",
"computer-11","01-computer-systems","Computer Systems","1-1-data-representation-in-a-digital-computer","1.1 Data Representation in a Digital Computer","m17c73qewrpbcdh3k3n9w4nteh85ppae","true","Federal Board","Dynamic Random Access Memory (DRAM) is a type of memory that needs frequent power refreshing to retain its charge. Unlike Static RAM (SRAM), DRAM stores data in capacitors that lose their charge over time, requiring periodic refresh cycles to maintain data integrity.","[""Identifies DRAM (Dynamic Random Access Memory) as the correct answer"",""Explains that DRAM uses capacitors to store charge"",""States that frequent refresh cycles are needed to prevent data loss"",""Contrasts with SRAM which does not require refreshing"",""Notes that refresh is necessary because capacitors naturally discharge""]",,"false","1","Dynamic Random Access Memory (DRAM) is a type of memory that needs frequent power refreshing to retain its charge. Unlike Static RAM (SRAM), DRAM stores data in capacitors that lose their charge over time, requiring periodic refresh cycles to maintain data integrity.","[{""key"":""A"",""text"":""Programmable ROM""},{""key"":""B"",""text"":""Magneto resistive RAM""},{""key"":""C"",""text"":""Dynamic RAM""},{""key"":""D"",""text"":""Static RAM""}]","MCQ","mcq","4","annual","A type of memory that needs frequent power refreshing to retain its charge is called:","ms73cdtkq708crtrgffkpjn1td85px0q","2022","A"
"computer-11","01-computer-systems","Computer Systems","1-1-data-representation-in-a-digital-computer","1.1 Data Representation in a Digital Computer","m170w1hzgmj8mscsvemaa3dg2185p4j6","true","Federal Board","The part of computer system that can hold data temporarily during processing is called **Memory** or **RAM (Random Access Memory)**. Memory stores data and instructions that the CPU needs during program execution. It provides fast, temporary storage that is cleared when the computer is powered off.","[""Identifies memory/RAM as temporary storage component"",""Explains it holds data during processing/execution"",""Mentions it is volatile (cleared on power-off)"",""Distinguishes from permanent storage devices""]",,"false","1","The part of computer system that can hold data temporarily during processing is called **Memory** or **RAM (Random Access Memory)**. Memory stores data and instructions that the CPU needs during program execution. It provides fast, temporary storage that is cleared when the computer is powered off.","[{""key"":""A"",""text"":""Register""},{""key"":""B"",""text"":""ROM""},{""key"":""C"",""text"":""Optical disk""},{""key"":""D"",""text"":""Hard disk""}]","MCQ","mcq","5","annual","The part of computer system that can hold data temporarily during processing is called:","ms73cdtkq708crtrgffkpjn1td85px0q","2022","A"
"computer-11","01-computer-systems","Computer Systems","1-1-data-representation-in-a-digital-computer","1.1 Data Representation in a Digital Computer","m17ay1w2dcdm1kmfq1ym1xg9g185qt41","true","Federal Board","The Instruction Register (IR) holds program instructions that are fetched from the memory for execution. The IR stores the current instruction being executed, allowing the CPU to decode and execute it.","[""Instruction Register (IR) is the correct register"",""IR stores instructions fetched from memory"",""IR holds instructions during the fetch-execute cycle"",""Instructions are decoded from IR for execution""]",,"false","1","The Instruction Register (IR) holds program instructions that are fetched from the memory for execution. The IR stores the current instruction being executed, allowing the CPU to decode and execute it.","[{""key"":""A"",""text"":""Memory Address Register""},{""key"":""B"",""text"":""Memory Buffer Register""},{""key"":""C"",""text"":""Program Counter Register""},{""key"":""D"",""text"":""Instruction Register""}]","MCQ","mcq","6","annual","Which of the following registers holds program instructions that are fetched from the memory for execution?","ms73cdtkq708crtrgffkpjn1td85px0q","2022","D"
"computer-11","01-computer-systems","Computer Systems","1-1-data-representation-in-a-digital-computer","1.1 Data Representation in a Digital Computer","m17074r4p7qqwf3zdrtet4bxgs85qbrx","true","Federal Board","The expansion card required to run multimedia applications on a computer is a **Sound Card** (or Audio Card) or **Graphics Card** (Video Card). A sound card processes and outputs audio, while a graphics card handles video rendering and display output, both essential for multimedia applications.","[""Sound Card/Audio Card processes and outputs audio signals for multimedia"",""Graphics Card/Video Card handles video rendering and display output"",""These expansion cards enhance multimedia capabilities beyond basic system functions"",""Multimedia applications require both audio and visual processing components""]",,"false","1","The expansion card required to run multimedia applications on a computer is a **Sound Card** (or Audio Card) or **Graphics Card** (Video Card). A sound card processes and outputs audio, while a graphics card handles video rendering and display output, both essential for multimedia applications.","[{""key"":""A"",""text"":""Gigabit card""},{""key"":""B"",""text"":""Network interface card""},{""key"":""C"",""text"":""Video graphic card""},{""key"":""D"",""text"":""Modem card""}]","MCQ","mcq","7","annual","The expansion card which is required to run multimedia applications on a computer is:","ms73cdtkq708crtrgffkpjn1td85px0q","2022","A"
"computer-11","01-computer-systems","Computer Systems","1-1-data-representation-in-a-digital-computer","1.1 Data Representation in a Digital Computer","m170q3j3myag33pkrtdp90mjf185ps4d","true","Federal Board","An interface or connection point through which peripheral devices connect to the computer is called a **Port** (or **I/O Port**). Ports serve as communication channels between the computer and external devices such as printers, keyboards, mice, and monitors. Common types include USB ports, serial ports, parallel ports, and audio ports.","[""Correctly identifies 'Port' or 'I/O Port' as the answer"",""Explains that ports are connection points for peripheral devices"",""Mentions examples of peripheral devices (printers, keyboards, monitors, etc.)"",""Distinguishes ports as communication interfaces between computer and external devices""]",,"false","1","An interface or connection point through which peripheral devices connect to the computer is called a **Port** (or **I/O Port**). Ports serve as communication channels between the computer and external devices such as printers, keyboards, mice, and monitors. Common types include USB ports, serial ports, parallel ports, and audio ports.","[{""key"":""A"",""text"":""Expansion slots""},{""key"":""B"",""text"":""Port""},{""key"":""C"",""text"":""Modem""},{""key"":""D"",""text"":""System Bus""}]","MCQ","mcq","8","annual","An interface or connection point through which peripheral devices connect to the computer is called:","ms73cdtkq708crtrgffkpjn1td85px0q","2022","A"
"computer-11","01-computer-systems","Computer Systems","1-1-data-representation-in-a-digital-computer","1.1 Data Representation in a Digital Computer","m17fsq7dctcq2adazkw3t1deys85pywn","true","Federal Board",,"[""Identifies non-volatile nature as an advantage (data persistence without power)"",""Identifies fast access speed as an advantage (superior performance)"",""Identifies limited write/erase cycles as a disadvantage (durability concern)"",""Explains practical implications of each point"",""Uses appropriate technical terminology""]",,"false","3","**Advantages of Flash Memory:**
1. **Non-volatile storage** - Data is retained even when power is switched off, making it ideal for portable devices and long-term data retention.
2. **Fast access speed** - Flash memory provides rapid read and write operations compared to mechanical storage devices like hard drives, enabling quick data retrieval.

**Disadvantage of Flash Memory:**
1. **Limited write cycles** - Flash memory has a finite number of write/erase cycles (typically 10,000-100,000), after which cells may fail, reducing the device's lifespan.",,"B","short","4","annual","Write down two advantages and one disadvantage of **flash memory**.","ms73cdtkq708crtrgffkpjn1td85px0q","2022",
"computer-11","01-computer-systems","Computer Systems","1-1-data-representation-in-a-digital-computer","1.1 Data Representation in a Digital Computer","m17fb9q07sppb3jmqxwx1aa67185pd80","true","Federal Board",,"[""Sequential Access Memory requires reading data in order from beginning to desired location"",""Direct Access Memory allows instant access to any memory address without sequential reading"",""SAM is slower but economical for large data storage like magnetic tapes"",""DAM is faster and used for immediate access in RAM and cache systems"",""Access time in DAM is independent of data location while SAM access time depends on position""]",,"false","3","Sequential Access Memory (SAM) stores and retrieves data in a predetermined order, requiring the system to read through all preceding data to access a specific location, making it slower but cost-effective for bulk data storage. Direct Access Memory (DAM) allows random access to any memory location directly without reading intermediate data, enabling faster retrieval but typically at higher cost, commonly used in RAM and cache memory for immediate data access.",,"B","short","5","annual","Briefly explain **Sequential** and **Direct Access Memory**.","ms73cdtkq708crtrgffkpjn1td85px0q","2022",
"computer-11","01-computer-systems","Computer Systems","1-1-data-representation-in-a-digital-computer","1.1 Data Representation in a Digital Computer","m17dfjrkpkv9brb8f0zmnwa2rh85qkmb",,"Federal Board",,"[""Definition of CISC with emphasis on complex, multi-operation instructions"",""Definition of RISC with emphasis on simple, single-operation instructions"",""Correct example of CISC architecture (Intel x86 or similar)"",""Correct example of RISC architecture (ARM, MIPS, or similar)"",""Key distinction: CISC reduces instruction count; RISC prioritizes execution speed""]",,"false","3","CISC (Complex Instruction Set Computer) architecture uses a large set of complex instructions that can perform multiple operations in a single instruction, reducing the number of instructions needed. Example: Intel x86 processors. RISC (Reduced Instruction Set Computer) architecture uses a smaller set of simple, basic instructions that execute quickly, requiring more instructions to complete tasks. Example: ARM processors. RISC emphasizes speed through simpler hardware design, while CISC emphasizes code density through powerful instructions.",,"B","short","7","annual","Briefly describe **CISC** and **RISC** CPU architectures with one example each.","ms73cdtkq708crtrgffkpjn1td85px0q","2022",
"computer-11","01-computer-systems","Computer Systems","1-1-data-representation-in-a-digital-computer","1.1 Data Representation in a Digital Computer","m171s1j2xa14ve4y0t4n0np9sn85pnxe","true","Federal Board",,"[""Firewire port: high-speed data transfer for digital cameras and external storage devices"",""Serial port: sequential one-bit-at-a-time data transmission for modems and printers"",""USB port: universal connection standard for peripherals with data transfer and power supply capabilities"",""Each port serves specific communication and connectivity purposes in computer systems""]",,"false","3","a) **Firewire Port:** Used for high-speed data transfer between computers and external devices such as digital cameras, external hard drives, and video equipment. It provides fast serial communication with data rates up to 400 Mbps or higher.

b) **Serial Port:** Used for serial communication where data is transmitted one bit at a time sequentially. Commonly used for connecting modems, printers, and other peripheral devices to computers.

c) **USB Port:** A universal standard port used for connecting various peripheral devices including keyboards, mice, printers, external storage devices, and other accessories. It provides both data transfer and power supply to connected devices.",,"B","short","8","annual","Write down the purpose of the following ports:
a) Firewire port
b) Serial Port
c) USB Port","ms73cdtkq708crtrgffkpjn1td85px0q","2022",
"computer-11","01-computer-systems","Computer Systems","1-1-data-representation-in-a-digital-computer","1.1 Data Representation in a Digital Computer","m17f6spvwzxj5mpmkx1d033x4585qmk3",,"Federal Board",,"[""Notes provided do not contain information about motherboard components"",""Question requires hardware/motherboard architecture content"",""Digital Logic notes are not applicable to this motherboard question"",""Relevant course material on computer hardware components needed"",""Cannot generate valid FBISE model answer without appropriate source material""]",,"false","8","I cannot provide an accurate answer to this question based on the provided notes. The question asks about Motherboard components (BIOS, Ports, PCI Expansion Slot, and Cooling system), but the provided notes contain only information about Digital Logic and Logic Gates from section 1.3 of the Computer Science curriculum. To answer this question properly, I would need notes covering Computer Hardware or Motherboard architecture sections. Please provide the relevant notes on motherboard components to generate an appropriate model answer.",,"C","long","1","annual","Describe the following **Motherboard** components:
i) BIOS
ii) Ports
iii) PCI Expansion Slot
iv) Cooling system","ms73cdtkq708crtrgffkpjn1td85px0q","2022",
"computer-11","01-computer-systems","Computer Systems","1-1-data-representation-in-a-digital-computer","1.1 Data Representation in a Digital Computer","m175jxw277y622zq7z5091twzh85pvx8",,"Federal Board",,"[""SRAM uses flip-flops; DRAM uses capacitors requiring refresh"",""SRAM is faster; DRAM requires periodic refresh cycles"",""SRAM is expensive with lower density; DRAM is cheaper with higher capacity"",""OSI has 7 layers; TCP/IP has 4-5 layers"",""TCP/IP is practical internet standard; OSI is theoretical reference model""]",,"false","8","a) Three differences between Static RAM (SRAM) and Dynamic RAM (DRAM):

1. **Storage Method**: SRAM uses flip-flops to store each bit and retains data as long as power is supplied, while DRAM uses capacitors that require periodic refreshing to maintain data.
2. **Speed**: SRAM is faster than DRAM as it does not require refresh cycles.
3. **Cost and Density**: SRAM is more expensive and has lower storage density, while DRAM is cheaper and offers higher storage capacity in the same physical space.

b) **Comparison of TCP/IP Suite with OSI Model**:

The TCP/IP suite and OSI model are both network architecture frameworks but differ in structure and application:

**Similarities:**
- Both organize network communication into layers
- Both use a hierarchical approach to network protocols
- Both facilitate data transmission across networks

**Differences:**
- **Layers**: OSI has 7 layers while TCP/IP has 4-5 layers
- **Development**: OSI is a theoretical model developed by ISO, while TCP/IP is a practical suite of protocols used on the internet
- **Adoption**: TCP/IP is the de facto standard for internet communication; OSI is primarily used for reference and education
- **Layer Functions**: OSI separates presentation and session functions (layers 5-6), while TCP/IP combines these functions
- **Practical Use**: TCP/IP protocols (HTTP, FTP, SMTP) are actively used; OSI serves as a conceptual framework for understanding network communication

In summary, while OSI provides a comprehensive theoretical model for network communication, TCP/IP is the practical, widely-implemented suite that powers modern internet communication.",,"C","long","2","annual","a) Write down any three differences between **static** and **dynamic RAM**.
b) Compare the **TCP suite** with the **OSI model**.","ms73cdtkq708crtrgffkpjn1td85px0q","2022",
"computer-11","01-computer-systems","Computer Systems","1-1-data-representation-in-a-digital-computer","1.1 Data Representation in a Digital Computer","m17ayp4cjadvpsha73tp6x818585qtsb","true","Federal Board","The **Arithmetic Logic Unit (ALU)** is the part of the computer system responsible for performing arithmetic and logic operations. It executes calculations such as addition, subtraction, multiplication, and division, as well as logical operations like AND, OR, and NOT on binary data. The ALU is a core component of the CPU that processes all computational tasks.","[""Identifies ALU (Arithmetic Logic Unit) as the correct component"",""Mentions arithmetic operations (addition, subtraction, multiplication, division)"",""Mentions logic operations (AND, OR, NOT)"",""States it is part of the CPU"",""Explains it processes binary data/instructions""]",,"false","1","The **Arithmetic Logic Unit (ALU)** is the part of the computer system responsible for performing arithmetic and logic operations. It executes calculations such as addition, subtraction, multiplication, and division, as well as logical operations like AND, OR, and NOT on binary data. The ALU is a core component of the CPU that processes all computational tasks.","[{""key"":""A"",""text"":""Keyboard""},{""key"":""B"",""text"":""Mouse""},{""key"":""C"",""text"":""Central Processing Unit""},{""key"":""D"",""text"":""Monitor""}]","MCQ","mcq","1","annual","Which part of computer system is responsible to perform arithmetic and logic operations?","ms73cdtkq708crtrgffkpjn1td85px0q","2022","C"
"computer-11","01-computer-systems","Computer Systems","1-1-data-representation-in-a-digital-computer","1.1 Data Representation in a Digital Computer","m173g4ckkh7wb9h715v99skgwh85pfy8","false","Federal Board","One (1) terabyte is equal to 1,024 gigabytes (GB) or 1,099,511,627,776 bytes. In binary terms, 1 TB = 2^40 bytes. This is the standard unit of digital storage capacity used in computing systems.","[""1 TB = 1,024 GB (binary measurement)"",""1 TB = 2^40 bytes"",""1 TB = 1,099,511,627,776 bytes (exact conversion)"",""Used as standard unit for storage capacity in digital devices""]",,"false","1","One (1) terabyte is equal to 1,024 gigabytes (GB) or 1,099,511,627,776 bytes. In binary terms, 1 TB = 2^40 bytes. This is the standard unit of digital storage capacity used in computing systems.","[{""key"":""A"",""text"":""$1024^4$ bytes""},{""key"":""B"",""text"":""$1024^2$ bytes""},{""key"":""C"",""text"":""$1024^6$ bytes""},{""key"":""D"",""text"":""1024 bytes""}]","MCQ","unclassified","3","annual","One (1) terabyte is equal to:","ms73cdtkq708crtrgffkpjn1td85px0q","2022","A"
"computer-11","01-computer-systems","Computer Systems","1-1-data-representation-in-a-digital-computer","1.1 Data Representation in a Digital Computer","m175rcmgczgkdarmccdcz1xxyn85pycg","true","Federal Board","The **Power Supply Unit (PSU)** is responsible for converting Alternating Current (AC) to Direct Current (DC). The PSU contains a rectifier circuit that transforms the AC voltage from the wall outlet into DC voltage needed to power all computer components.","[""Power Supply Unit (PSU) converts AC to DC"",""Contains rectifier circuit for conversion"",""Provides DC voltage to all system components"",""Essential component of system unit""]",,"false","1","The **Power Supply Unit (PSU)** is responsible for converting Alternating Current (AC) to Direct Current (DC). The PSU contains a rectifier circuit that transforms the AC voltage from the wall outlet into DC voltage needed to power all computer components.","[{""key"":""A"",""text"":""Central Processing Unit""},{""key"":""B"",""text"":""Hard disk""},{""key"":""C"",""text"":""Power supply""},{""key"":""D"",""text"":""Motherboard""}]","MCQ","mcq","7","annual","Which of the following components of system unit is responsible to convert **Alternating Current** to **Direct Current**?","ms73cdtkq708crtrgffkpjn1td85px0q","2022","C"
"computer-11","01-computer-systems","Computer Systems","1-1-data-representation-in-a-digital-computer","1.1 Data Representation in a Digital Computer","m1763ge3dts07b3c8x063kx8ns85qhqr","false","Federal Board","The data type that can store up to 255 characters is **String** (or Text). In FBISE computer science, String data types are designed to hold sequences of characters, with a maximum capacity of 255 characters in standard implementations.","[""String data type stores text/character sequences"",""Maximum capacity is 255 characters"",""Used for storing names, addresses, and other textual data"",""Exceeding 255 characters requires Long String or alternative data types""]",,"false","1","The data type that can store up to 255 characters is **String** (or Text). In FBISE computer science, String data types are designed to hold sequences of characters, with a maximum capacity of 255 characters in standard implementations.","[{""key"":""A"",""text"":""Currency""},{""key"":""B"",""text"":""Date and time""},{""key"":""C"",""text"":""Memo""},{""key"":""D"",""text"":""Text""}]","MCQ","unclassified","15","annual","Which of the following data types can store up to 255 characters?","ms73cdtkq708crtrgffkpjn1td85px0q","2022",
"computer-11","01-computer-systems","Computer Systems","1-1-data-representation-in-a-digital-computer","1.1 Data Representation in a Digital Computer","m1776488e63gh6cf4dn6zbx2m585pez0","true","Federal Board",,"[""Mini computer: medium-sized, multi-user capability, time-sharing support, business/educational use"",""Micro computer: small personal computer, microprocessor-based, single-user, affordable and portable"",""Mini computers bridge gap between mainframes and microcomputers in terms of size and processing power"",""Microcomputers are most common type of computer used today for personal and professional tasks""]",,"false","3","A **Mini computer** is a medium-sized computer that is larger than a microcomputer but smaller than a mainframe. It can support multiple users simultaneously through time-sharing and is commonly used in small to medium-sized businesses and educational institutions for data processing and scientific calculations. A **Micro computer** is a small, personal computer built around a microprocessor, designed for individual users. It includes desktop computers, laptops, and tablets, offering affordable computing power for personal, educational, and business applications with single-user operation.",,"B","short","2","annual","Briefly explain the following types of computers: (a) **Mini computer** (b) **Micro computer**","ms73cdtkq708crtrgffkpjn1td85px0q","2022",
"computer-11","01-computer-systems","Computer Systems","1-1-data-representation-in-a-digital-computer","1.1 Data Representation in a Digital Computer","m17e1zb20r2y2gb4y7h9qrq4v585pxnr",,"Federal Board",,"[""Volatile memory loses data without power; non-volatile memory retains data permanently"",""Volatile memory (RAM) has faster access speed than non-volatile memory (ROM/SSD)"",""Volatile memory is costlier but offers larger capacity; non-volatile memory is economical with limited capacity"",""Volatile memory used for temporary storage during processing; non-volatile for permanent data storage"",""Examples: RAM vs ROM, or RAM vs Flash memory""]",,"false","3","Three key differences between volatile and non-volatile memory are: (1) **Data Retention**: Volatile memory loses all data when power is switched off, while non-volatile memory retains data permanently even without power supply. (2) **Speed**: Volatile memory (RAM) is faster for read/write operations compared to non-volatile memory (ROM, SSD). (3) **Cost and Capacity**: Volatile memory is more expensive per unit but offers larger capacities, whereas non-volatile memory is cheaper but typically has limited storage space in traditional systems.",,"B","short","3","annual","Write any three differences between **volatile** and **non-volatile** memory.","ms73cdtkq708crtrgffkpjn1td85px0q","2022",
"computer-11","01-computer-systems","Computer Systems","1-1-data-representation-in-a-digital-computer","1.1 Data Representation in a Digital Computer","m172pjtvv4np6tyd07sx2c5w8x85p0bd",,"Federal Board",,"[""Defines RAM as volatile memory allowing random access to any location with equal access time"",""Identifies SRAM uses flip-flops for storage while DRAM uses capacitors"",""Explains SRAM requires no refresh while DRAM needs periodic refreshing to retain data"",""Mentions RAM loses data when power is switched off (volatile nature)""]",,"false","3","RAM (Random Access Memory) is a type of volatile computer memory that allows data to be read from and written to any location in any order, with equal access time to all memory locations. It temporarily stores programs and data during computer operation and loses all contents when power is switched off.

**Two key differences between Static and Dynamic RAM:**

1. **Storage Mechanism:** Static RAM (SRAM) uses flip-flops (logic gates) to store each bit, while Dynamic RAM (DRAM) uses capacitors to store charge representing each bit.

2. **Refresh Requirement:** SRAM does not require periodic refreshing to maintain data, whereas DRAM requires constant refreshing (typically every few milliseconds) because capacitors lose their charge over time.",,"B","short","4","annual","What is **RAM**? Write two differences between **static** and **dynamic RAM**.","ms73cdtkq708crtrgffkpjn1td85px0q","2022",
"computer-11","01-computer-systems","Computer Systems","1-1-data-representation-in-a-digital-computer","1.1 Data Representation in a Digital Computer","m179t05ekp83nmz7a0rxx979as85phsp",,"Federal Board",,"[""Correctly names four special purpose registers (PC, IR, ACC, MAR, or similar)"",""Explains function of chosen register clearly"",""Describes how the register stores/manages data during instruction execution"",""Mentions role in CPU operation or program flow"",""Explains increment/update mechanism of the register""]",,"false","3","Four special purpose registers are: (1) Program Counter (PC), (2) Instruction Register (IR), (3) Accumulator (ACC), and (4) Memory Address Register (MAR). The **Program Counter** works by storing the memory address of the next instruction to be executed. During each fetch cycle, the CPU reads the instruction from the address stored in PC, and after execution, PC is automatically incremented to point to the next sequential instruction address, enabling sequential program flow control.",,"B","short","6","annual","Name four **special purpose registers** and explain working of any one of these.","ms73cdtkq708crtrgffkpjn1td85px0q","2022",
"computer-11","01-computer-systems","Computer Systems","1-1-data-representation-in-a-digital-computer","1.1 Data Representation in a Digital Computer","m1723rgfte8yypw4jmzqttjnc185pkar",,"Federal Board",,"[""Correctly identifies Data Bus and its function of carrying data/instructions"",""Correctly identifies Address Bus and its function of carrying memory addresses"",""Mentions parallel lines/bit width for Data Bus"",""Explains relationship between address bus width and addressable memory"",""Describes role in CPU-memory-I/O communication""]",,"false","3","Two types of system buses are: (1) **Data Bus** - carries actual data and instructions between CPU, memory, and I/O devices using multiple parallel lines (e.g., 32-bit or 64-bit). (2) **Address Bus** - carries memory addresses from CPU to identify specific memory locations or I/O devices, determining the maximum addressable memory. Both are essential for communication within a computer system.",,"B","short","7","annual","Briefly explain any two types of **system buses**.","ms73cdtkq708crtrgffkpjn1td85px0q","2022",
"computer-11","01-computer-systems","Computer Systems","1-1-data-representation-in-a-digital-computer","1.1 Data Representation in a Digital Computer","m1712msavk78m4wmjdf2zwf1vd85qkv4",,"Federal Board",,"[""PROM is user-programmable after manufacturing using a PROM programmer device"",""PROM uses fusible links and data is permanent once programmed"",""EPROM can be erased using ultraviolet (UV) light exposure"",""EPROM is erasable and reprogrammable multiple times"",""EPROM is more economical than PROM due to reusability capability""]",,"false","3","**a) PROM (Programmable Read-Only Memory):** PROM is a type of ROM that can be programmed by the user after manufacturing using a special device called a PROM programmer. Once programmed, the data becomes permanent and cannot be erased or modified. PROMs use fusible links that are burned to store data.

**b) EPROM (Erasable Programmable Read-Only Memory):** EPROM is an advanced form of PROM that can be erased and reprogrammed multiple times. Data is erased by exposing the chip to ultraviolet (UV) light through a quartz window on the chip. After erasing, the EPROM can be reprogrammed using a programmer device. This reusability makes EPROM more cost-effective than PROM for development and testing purposes.",,"B","short","11","annual","Describe the following types of **ROM**: a) **PROM** b) **EPROM**","ms73cdtkq708crtrgffkpjn1td85px0q","2022",
"computer-11","01-computer-systems","Computer Systems","1-1-data-representation-in-a-digital-computer","1.1 Data Representation in a Digital Computer","m170m4py5t35kkrwfercqr25zs85q94p","true","Federal Board",,"[""BIOS definition: firmware for hardware initialization and runtime services"",""Memory Slot: socket for RAM installation providing temporary data storage"",""Disk Controller: manages data transfer between motherboard and storage devices"",""Expansion Slot: connector for adding peripheral cards to extend motherboard functionality"",""All components work together to enable complete computer system operation""]",,"false","8","The motherboard contains several critical components that enable computer functionality. (a) **BIOS** (Basic Input/Output System) is firmware that initializes hardware during startup and provides runtime services for operating systems and programs. (b) **Memory Slot** is a socket on the motherboard where RAM modules are inserted to provide temporary storage for active programs and data. (c) **Disk Controller** is a circuit that manages data transfer between the motherboard and storage devices like hard drives or SSDs. (d) **Expansion Slot** is a connector that allows additional peripheral cards (graphics cards, sound cards, network cards) to be installed, extending the motherboard's capabilities and functionality.",,"C","long","1","annual","Describe the following **Motherboard** components: (a) **BIOS** (b) **Memory Slot** (c) **Disk controller** (d) **Expansion slot**","ms73cdtkq708crtrgffkpjn1td85px0q","2022",
"computer-11","01-computer-systems","Computer Systems","1-1-data-representation-in-a-digital-computer","1.1 Data Representation in a Digital Computer","m174fmhddwa2ptt6ch5tt3sjx585qh5p","true","Federal Board","Magnetic tape is an example of sequential access memory. In sequential access memory, data must be accessed in a specific order from the beginning, making it slower than random access memory. Tape storage requires reading through all preceding data to reach a desired location.","[""Identifies magnetic tape as sequential access memory"",""Explains that data must be accessed in order from the beginning"",""Contrasts with random access memory (faster access)"",""Mentions practical limitation of sequential access requiring reading preceding data""]",,"false","1","Magnetic tape is an example of sequential access memory. In sequential access memory, data must be accessed in a specific order from the beginning, making it slower than random access memory. Tape storage requires reading through all preceding data to reach a desired location.","[{""key"":""A"",""text"":""Flash Memory""},{""key"":""B"",""text"":""Hard Disk""},{""key"":""C"",""text"":""Magnetic Tape""},{""key"":""D"",""text"":""Blu-Ray Disk""}]","MCQ","mcq","4","annual","Which of the following is an example of sequential access memory?","ms73cdtkq708crtrgffkpjn1td85px0q","2024","A"
"computer-11","01-computer-systems","Computer Systems","1-1-data-representation-in-a-digital-computer","1.1 Data Representation in a Digital Computer","m17f8nps5cf67wbg4jwsc5h6xn85psa3","true","Federal Board","A memory word that is to be stored in or fetched from memory must first be transferred into the **Memory Data Register (MDR)**, also known as the Memory Buffer Register (MBR). The MDR acts as an intermediary buffer that holds data temporarily during memory operations, facilitating the transfer between the CPU and main memory.","[""Memory word must be transferred to Memory Data Register (MDR)"",""MDR is also called Memory Buffer Register (MBR)"",""MDR acts as a temporary buffer/intermediary between CPU and main memory"",""MDR holds data during both storage and fetch operations""]",,"false","1","A memory word that is to be stored in or fetched from memory must first be transferred into the **Memory Data Register (MDR)**, also known as the Memory Buffer Register (MBR). The MDR acts as an intermediary buffer that holds data temporarily during memory operations, facilitating the transfer between the CPU and main memory.","[{""key"":""A"",""text"":""Memory address register""},{""key"":""B"",""text"":""Data register""},{""key"":""C"",""text"":""Memory buffer register""},{""key"":""D"",""text"":""Accumulator register""}]","MCQ","mcq","6","annual","A memory word that is to be stored in or fetched from memory must first be transferred into:","ms73cdtkq708crtrgffkpjn1td85px0q","2024","A"
"computer-11","01-computer-systems","Computer Systems","1-1-data-representation-in-a-digital-computer","1.1 Data Representation in a Digital Computer","m17chcg67dmhjsad0213zjfhz985qzfq","true","Federal Board",,"[""SRAM uses flip-flop circuits for storage; DRAM uses capacitors requiring refresh cycles"",""SRAM has no refresh overhead; DRAM refresh operations cause access delays"",""SRAM access time is 1-10 ns; DRAM access time is 50-100 ns"",""SRAM provides direct immediate access; DRAM requires read-modify-write operations"",""SRAM is faster due to simpler storage mechanism and no refresh requirement""]",,"false","3","SRAM (Static RAM) is faster than DRAM (Dynamic RAM). First, SRAM uses a flip-flop circuit to store each bit, allowing direct and immediate access without refresh cycles, whereas DRAM requires periodic refreshing to maintain data, causing access delays. Second, SRAM has faster access times (typically 1-10 nanoseconds) compared to DRAM (typically 50-100 nanoseconds) because DRAM must perform read-modify-write operations during refresh cycles, adding latency to memory access.",,"B","short","3","annual","Which chip memory is faster: **SRAM** or **DRAM**? Give two reasons for your selection.","ms73cdtkq708crtrgffkpjn1td85px0q","2024",
"computer-11","01-computer-systems","Computer Systems","1-1-data-representation-in-a-digital-computer","1.1 Data Representation in a Digital Computer","m17c590efytt36jbzxk44xxpcx85p0gr","true","Federal Board",,"[""Volatile memory loses data without power; non-volatile memory retains data permanently"",""Example of volatile: RAM; Example of non-volatile: ROM or hard disk"",""Volatile memory is faster for temporary storage; non-volatile is slower but permanent"",""Volatile used during program execution; non-volatile used for system and file storage""]",,"false","3","**Comparison between Volatile and Non-Volatile Memory:**

**Point 1 - Data Retention:** Volatile memory loses all stored data when power is switched off, such as RAM (Random Access Memory), whereas non-volatile memory retains data permanently even without power supply, such as ROM (Read-Only Memory) or hard disk drives.

**Point 2 - Speed and Access:** Volatile memory offers faster read/write speeds and is used for temporary data storage during program execution, while non-volatile memory has slower access times but is used for permanent storage of operating systems and application files.",,"B","short","5","annual","Write two comparison points between **'volatile'** and **'non-volatile'** memories with one example each.","ms73cdtkq708crtrgffkpjn1td85px0q","2024",
"computer-11","01-computer-systems","Computer Systems","1-1-data-representation-in-a-digital-computer","1.1 Data Representation in a Digital Computer","m17322sh643e3wqspeskhbmeqs85q88p","true","Federal Board",,"[""Cache memory is faster than main RAM, improving system speed and performance"",""Cache reduces memory access latency by storing frequently used data near the CPU"",""Cache improves CPU efficiency by minimizing wait time for data retrieval from main memory"",""Cache acts as a buffer between the fast CPU and slower main memory"",""Using cache increases overall system throughput and responsiveness""]",,"false","3","Cache memory is used for three main reasons: (1) **Speed Enhancement**, Cache operates at much faster speeds than main memory (RAM), reducing access time and improving overall system performance. (2) **Reduced Memory Access Latency**, By storing frequently accessed data and instructions closer to the CPU, cache minimizes the time the processor spends waiting for data from slower main memory. (3) **Improved CPU Efficiency**, Cache reduces the number of slow memory accesses required, allowing the CPU to execute instructions more quickly and efficiently, thereby increasing throughput and system responsiveness.",,"B","short","6","annual","Why is **'Cache'** memory used? (Give three reasons.)","ms73cdtkq708crtrgffkpjn1td85px0q","2024",
"computer-11","01-computer-systems","Computer Systems","1-1-data-representation-in-a-digital-computer","1.1 Data Representation in a Digital Computer","m17eybk6j7hrnzzqjnq7z77jmx85qhx0",,"Federal Board",,"[""Zero-address instructions: 0 operands, stack-based operations (PUSH, POP, ADD)"",""One-address instructions: 1 operand, accumulator-based (LOAD, STORE, ADD with accumulator)"",""Two-address instructions: 2 operands, source and destination (MOV A,B or ADD A,B)"",""Understanding operand count relates to instruction set architecture design"",""Different types affect memory usage, instruction length, and execution efficiency""]",,"false","3","The table for instruction types based on operands is: Zero-address instructions have 0 operands and use a stack-based approach (example: PUSH, POP); One-address instructions have 1 operand and typically use an accumulator (example: LOAD A, ADD B); Two-address instructions have 2 operands where one serves as both source and destination (example: ADD A, B or MOV A, B). Each type represents different instruction set architectures with varying complexity and memory requirements.",,"B","short","7","annual","Complete the following table for the following types of instructions:

| Instruction Type | Number of operands | Example |
| :--- | :--- | :--- |
| Zero-address | | |
| One-address | | |
| Two-address | | |","ms73cdtkq708crtrgffkpjn1td85px0q","2024",
"computer-11","01-computer-systems","Computer Systems","1-1-data-representation-in-a-digital-computer","1.1 Data Representation in a Digital Computer","m17bb0daf5xcr3j2d2gy4mpq1185q90m",,"Federal Board",,"[""System bus definition: collection of wires connecting CPU, memory, and I/O devices"",""Data bus purpose: carries/transmits actual binary data between components"",""Data bus enables information flow between processor, memory, and peripherals"",""Data bus width determines data transfer capacity and system performance"",""Data bus is a component of the system bus architecture""]",,"false","3","A **system bus** is a collection of wires and pathways that connect the CPU, memory, and input/output devices, enabling communication between them. The **data bus** specifically carries the actual data being transferred between these components. Its purpose is to transmit binary data (0s and 1s) between the processor, memory, and peripherals, allowing information to flow through the computer system. The width of the data bus (measured in bits) determines how much data can be transferred simultaneously, directly affecting system performance.",,"B","short","9","annual","What is **system bus**? Write down the purpose of **data bus**.","ms73cdtkq708crtrgffkpjn1td85px0q","2024",
"computer-11","01-computer-systems","Computer Systems","1-1-data-representation-in-a-digital-computer","1.1 Data Representation in a Digital Computer","m17eva8sqgjyfcnxmx6snyz5k985q1w4","false","Federal Board",,"[""Definition: Expansion slot is a motherboard connector for adding expansion cards to enhance computer functionality"",""Purpose: Allows installation of additional hardware components without replacing the motherboard"",""PCIe identified as most efficient due to high-speed data transfer capabilities"",""PCIe advantages: supports multiple lane configurations (x1, x4, x8, x16) for different devices"",""PCIe is modern standard that replaced older technologies like PCI and AGP""]",,"false","3","An expansion slot is a connector on the motherboard that allows users to insert expansion cards (such as graphics cards, sound cards, or network cards) to add new functionality to a computer. The most efficient expansion slot is **PCIe (PCI Express)**, which offers high-speed data transfer rates, scalability through different lane configurations (x1, x4, x8, x16), and has become the industry standard for modern computers, replacing older standards like PCI and AGP.",,"B","short","11","annual","What is the purpose of an **expansion slot**? Identify the most efficient expansion slot as well.","ms73cdtkq708crtrgffkpjn1td85px0q","2024",
"computer-11","01-computer-systems","Computer Systems","1-1-data-representation-in-a-digital-computer","1.1 Data Representation in a Digital Computer","m17at1tcj5w1j93fppv7mqfef585qxwv",,"Federal Board",,"[""Supercomputers have multiple processors working in parallel; microcomputers have single/dual-core processors"",""Supercomputers measure processing speed in petaflops; microcomputers in gigahertz"",""Supercomputers are used for complex scientific calculations; microcomputers for personal/everyday computing tasks"",""Supercomputers cost millions and are institution-based; microcomputers are affordable consumer devices""]",,"false","3","A **Supercomputer** is a high-performance computing system designed for complex scientific calculations and massive data processing, featuring multiple processors working in parallel with processing speeds measured in petaflops. In contrast, a **Microcomputer** is a personal computing device with a single or dual-core processor designed for individual users, with processing speeds measured in gigahertz. **Three key differences:** (1) **Processing Power**: Supercomputers perform quadrillions of calculations per second, while microcomputers perform billions per second. (2) **Purpose and Application**: Supercomputers are used for weather forecasting, scientific research, and artificial intelligence, whereas microcomputers are used for everyday tasks like word processing and web browsing. (3) **Cost and Accessibility**: Supercomputers cost millions of dollars and are accessible only to research institutions and governments, while microcomputers are affordable consumer devices costing hundreds to thousands of rupees.",,"B","short","12","annual","How is a **Super computer** different from **Microcomputer**? Justify with three reasons.","ms73cdtkq708crtrgffkpjn1td85px0q","2024",
"computer-11","01-computer-systems","Computer Systems","1-1-data-representation-in-a-digital-computer","1.1 Data Representation in a Digital Computer","m175hbr9gcmd8r04yfjwm4n4zh85qr54",,"Federal Board",,"[""Clock Speed/Frequency: Higher GHz means more operations per second"",""Bus Width: Wider buses (32-bit, 64-bit) transfer more data simultaneously per cycle"",""Cache Memory: Larger cache reduces latency by storing frequently used data closer to CPU"",""Other valid factors: Number of cores, RAM capacity, instruction set efficiency""]",,"false","3","Three factors that affect the processing speed of a computer system are: (1) **Clock Speed (Frequency)** - measured in GHz, determines how many operations the CPU can execute per second; higher clock speed enables faster processing. (2) **Bus Width** - the number of bits (8-bit, 16-bit, 32-bit, 64-bit) that can be transmitted simultaneously; wider buses transfer more data per cycle, increasing speed. (3) **Cache Memory** - faster memory located on or near the CPU that stores frequently accessed data; larger cache reduces the need to access slower main memory, improving overall processing speed.",,"B","short","16","annual","Enlist three factors that affect the processing speed of a computer system.","ms73cdtkq708crtrgffkpjn1td85px0q","2024",
"computer-11","01-computer-systems","Computer Systems","1-1-data-representation-in-a-digital-computer","1.1 Data Representation in a Digital Computer","m170rpdxepz1jpafk8rcbkcvk985pg6w",,"Federal Board",,"[""Defines Control Unit as the component that fetches, decodes, and coordinates instruction execution"",""Identifies Instruction Register (IR) as the component that stores current instructions"",""Identifies Decoder as the component that interprets instructions and generates control signals"",""Identifies Control Signal Generator as the component that produces timing and control signals"",""Explains the role of each component in directing computer operations""]",,"false","3","The **Control Unit (CU)** is a component of the CPU that directs and coordinates all operations of the computer by fetching instructions from memory, decoding them, and sending control signals to other components to execute those instructions. The three main components of the Control Unit are: (1) **Instruction Register (IR)**, stores the current instruction being executed; (2) **Decoder**, interprets the instruction and generates appropriate control signals; and (3) **Control Signal Generator**, produces timing and control signals that direct the operation of other CPU components and memory.",,"B","short","23","annual","What is **control unit**? List down three main components of control unit.","ms73cdtkq708crtrgffkpjn1td85px0q","2024",
"computer-11","01-computer-systems","Computer Systems","1-1-data-representation-in-a-digital-computer","1.1 Data Representation in a Digital Computer","m173gwgv5ac51mns1hrwhhxnad85p3tf","true","Federal Board",,"[""BIOS is firmware (software stored on ROM hardware)"",""Initializes and performs POST (Power-On Self-Test) on hardware components"",""Loads the operating system from storage into RAM during boot process"",""Manages hardware-software communication and device drivers"",""Provides runtime services that optimize system performance and hardware resource management""]",,"false","3","BIOS (Basic Input/Output System) is **firmware**, which is a hybrid of hardware and software. It is a specialized software program stored permanently on a ROM chip on the motherboard. BIOS is helpful in computer performance as it initializes and tests hardware components during startup, loads the operating system into RAM, manages communication between the OS and hardware devices, and provides runtime services that enable the OS to control peripherals efficiently.",,"B","short","28","annual","Is **BIOS** hardware or software? How is it helpful in performance of the computer system?","ms73cdtkq708crtrgffkpjn1td85px0q","2024",
"computer-11","01-computer-systems","Computer Systems","1-1-data-representation-in-a-digital-computer","1.1 Data Representation in a Digital Computer","m179z6kdwdnhayddzpzzb58zzx85pb6q","true","Federal Board",,"[""Defines optical disk as laser-based storage device using pits and lands on reflective surface"",""Explains laser reading mechanism: pits scatter light (0), lands reflect light (1) to photodetector"",""Describes conversion of light signals to electrical signals for data retrieval"",""Identifies advantages: high storage capacity, durability, portability, and cost-effectiveness"",""Mentions practical applications in data storage and archival""]",,"false","5","An optical disk is a data storage device that uses laser technology to read and write data on a reflective surface coated with a special material. **Working Mechanism:** Data is stored as microscopic pits and lands on a spiral track on the disk's surface. A laser beam is directed onto the disk; when it hits a pit, the light is scattered (representing binary 0), and when it hits a land, the light is reflected back to a photodetector (representing binary 1). The photodetector converts these light signals into electrical signals, which are then processed as digital data. **Advantage:** Optical disks offer high storage capacity (700 MB to 50 GB depending on type), are durable with long lifespan (10-50 years), and are portable and cost-effective for data distribution and archival purposes.",,"C","long","3","annual","What is an **optical disk**? Describe its working mechanism with an advantage.","ms73cdtkq708crtrgffkpjn1td85px0q","2024",
"computer-11","01-computer-systems","Computer Systems","1-1-data-representation-in-a-digital-computer","1.1 Data Representation in a Digital Computer","m176pv0z3bdx67js4f98mjem4585q2t5",,"Federal Board",,"[""Register defined as high-speed CPU storage unit made of flip-flops for temporary data/instruction/address holding"",""Program Counter (PC) stores address of next instruction and automatically increments for program flow control"",""Instruction Register (IR) stores current instruction being executed and enables control unit decoding"",""PC and IR differ in function (address vs. instruction), update timing, and content type"",""Both are special-purpose registers with distinct roles in instruction fetch-execute cycle""]",,"false","5","A **register** is a small, high-speed storage unit within the CPU that temporarily holds data, instructions, or addresses during processing. Registers are made of flip-flops and provide the fastest access to data in a computer system.

**Differentiation between two special-purpose registers:**

**1. Program Counter (PC):**
The Program Counter stores the memory address of the next instruction to be executed. It automatically increments after each instruction fetch, guiding the CPU through the program sequence. The PC is essential for program flow control and ensures instructions are executed in the correct order.

**2. Instruction Register (IR):**
The Instruction Register holds the current instruction being executed. After an instruction is fetched from memory, it is stored in the IR where the control unit decodes it to determine what operation to perform. The IR remains unchanged until the next instruction is fetched.

**Key Differences:**
- **Function:** PC stores the *address* of the next instruction, while IR stores the *actual instruction* itself.
- **Update timing:** PC updates after instruction execution, whereas IR updates when a new instruction is fetched.
- **Purpose:** PC controls program sequence, while IR enables instruction decoding and execution.
- **Content type:** PC contains a memory address, while IR contains an instruction code with operation and operand information.",,"C","long","5","annual","What is **register**? Differentiate between any **TWO** examples of **Special-purpose registers**.","ms73cdtkq708crtrgffkpjn1td85px0q","2024",
"computer-11","01-computer-systems","Computer Systems","1-1-data-representation-in-a-digital-computer","1.1 Data Representation in a Digital Computer","m1707gk29bbz26ceym5a832b9585qf45",,"Federal Board",,"[""Pointing input devices control cursor movement and enable object selection on screen"",""Mouse: Uses optical/mechanical sensors for precise cursor control; applied in GUIs, gaming, and productivity software"",""Touchpad: Pressure-sensitive surface for cursor control; applied in laptops and portable computing environments"",""Both devices convert physical motion into digital signals interpreted by the operating system"",""Choice of device depends on precision requirements, portability needs, and computing context""]",,"false","5","Pointing input devices are hardware peripherals that allow users to control cursor movement and select objects on a computer screen by detecting physical motion or position. These devices translate hand movements into digital signals that the operating system interprets as cursor coordinates.

**Mouse:** A pointing device that detects movement through optical or mechanical sensors. Purpose: Enables precise cursor control and object selection through point-and-click operations. Applications: Used in graphical user interfaces (GUIs) for navigation, menu selection, and drag-and-drop operations in productivity software, gaming, and web browsing.

**Touchpad:** A flat, pressure-sensitive surface that detects finger position and movement. Purpose: Provides a compact alternative to mice for cursor control. Applications: Integrated into laptops and notebooks for portable computing; allows users to move the cursor and perform clicks without requiring external devices, making it ideal for mobile workstations and space-constrained environments.

Both devices convert physical motion into digital input, enabling intuitive human-computer interaction. The mouse offers greater precision for detailed work, while touchpads provide convenience and portability. Other pointing devices include trackballs, joysticks, and touchscreens, each serving specific user needs and computing contexts.",,"C","long","6","annual","What are **Pointing input devices**? Explain the purpose and application of any **TWO** devices.","ms73cdtkq708crtrgffkpjn1td85px0q","2024",
"computer-11","01-computer-systems","Computer Systems","1-1-data-representation-in-a-digital-computer","1.1 Data Representation in a Digital Computer","m176mpv5vvndznygac2k53kkhx85pawk","true","Federal Board",,"[""Definition of Port as a physical connection point for data and power transmission between computer and external devices"",""USB port functions: supports multiple peripheral types (keyboards, mice, printers, storage), provides data transfer and power supply, offers plug-and-play convenience"",""HDMI port functions: transmits high-definition digital audio and video signals to displays and entertainment devices"",""Both ports enhance system functionality and user experience by enabling device connectivity and expanding computer capabilities"",""Practical applications demonstrating how these ports are essential for modern computer system operations""]",,"false","5","A **Port** is a physical connection point on a computer that allows external devices to communicate with the system by transmitting data and power signals. **USB (Universal Serial Bus) ports** enable connection of peripherals like keyboards, mice, printers, and storage devices, providing both data transfer and power supply with plug-and-play functionality. **HDMI (High-Definition Multimedia Interface) ports** facilitate high-quality digital audio and video transmission to displays and entertainment systems, supporting modern multimedia applications. Together, these ports enhance computer usability by enabling seamless device connectivity, expanding functionality, and supporting diverse input/output requirements for modern computing tasks.",,"C","long","8","annual","What is a **Port**? How are **USB** and **HDMI** ports helpful for the working of computer system?","ms73cdtkq708crtrgffkpjn1td85px0q","2024",
"computer-11","01-computer-systems","Computer Systems","1-2-analog-and-digital-signals","1.2 Analog and Digital Signals","m171sz0ekbx6hj1s1b191gmsxn85pr3q","true","Federal Board",,"[""Identifies three valid differences between WiFi and WiMAX"",""Correctly states coverage range difference (WiFi: 30-100m vs WiMAX: up to 50km)"",""Correctly compares transmission speeds (WiFi: 11-54 Mbps vs WiMAX: 30-40+ Mbps)"",""Distinguishes frequency bands used (WiFi: unlicensed 2.4/5 GHz vs WiMAX: licensed bands)"",""Provides clear, structured comparison with specific technical details""]",,"false","3","WiFi and WiMAX are wireless technologies with key differences: (1) **Coverage Range**: WiFi has a limited range of 30-100 meters, while WiMAX provides coverage up to 50 kilometers. (2) **Speed**: WiFi typically offers speeds of 11-54 Mbps, whereas WiMAX delivers higher speeds of 30-40 Mbps or more. (3) **Frequency Bands**: WiFi operates in the 2.4 GHz and 5 GHz unlicensed bands, while WiMAX uses licensed frequency bands (2.3-3.8 GHz), requiring regulatory approval for deployment.",,"B","short","12","annual","Write down any three differences between **WiFi** and **WiMAX**.","ms70f4y1nf1g0dxr8sk3ymdr3n85pt11","2022",
"computer-11","01-computer-systems","Computer Systems","1-3-digital-logic-and-logic-gates","1.3 Digital Logic and Logic Gates","m1729f0mw816nnww8wqst22x0d85qjcv","true","Federal Board","The NOR gate produces a LOW output when at least one input is HIGH. A NOR gate is a combination of NOT and OR operations. It outputs HIGH only when all inputs are LOW, and outputs LOW when one or more inputs are HIGH.","[""NOR gate produces LOW output when at least one input is HIGH"",""NOR gate = NOT(OR operation)"",""NOR gate outputs HIGH only when all inputs are LOW"",""Truth table: (0,0)→1, (0,1)→0, (1,0)→0, (1,1)→0""]",,"false","1","The NOR gate produces a LOW output when at least one input is HIGH. A NOR gate is a combination of NOT and OR operations. It outputs HIGH only when all inputs are LOW, and outputs LOW when one or more inputs are HIGH.","[{""key"":""A"",""text"":""AND gate""},{""key"":""B"",""text"":""NAND gate""},{""key"":""C"",""text"":""NOR gate""},{""key"":""D"",""text"":""OR gate""}]","MCQ","mcq","1","annual","Which gate produces a **LOW** output when at least one input is **HIGH**?","ms7denbgqvmgaxh4j157vq2rk585q9fm","2025","C"
"computer-11","01-computer-systems","Computer Systems","1-3-digital-logic-and-logic-gates","1.3 Digital Logic and Logic Gates","m17c2e7ttvqe6zfjg0vrdpz56185qkx8",,"Federal Board",,"[""Truth table has 8 rows (2³ combinations for 3 variables)"",""First term X̄YZ is true only when X=0, Y=1, Z=1"",""Second term XȲZ is true only when X=1, Y=0, Z=1"",""F is the OR of two terms, so F=1 when either term is true"",""F=1 in exactly 2 rows (rows 4 and 6)"",""All other rows produce F=0""]",,"false","3","Truth table for F = X̄YZ + XȲZ:

| X | Y | Z | X̄YZ | XȲZ | F |
|---|---|---|------|------|---|
| 0 | 0 | 0 |  0   |  0   | 0 |
| 0 | 0 | 1 |  0   |  0   | 0 |
| 0 | 1 | 0 |  0   |  0   | 0 |
| 0 | 1 | 1 |  1   |  0   | 1 |
| 1 | 0 | 0 |  0   |  0   | 0 |
| 1 | 0 | 1 |  0   |  1   | 1 |
| 1 | 1 | 0 |  0   |  0   | 0 |
| 1 | 1 | 1 |  0   |  0   | 0 |

The function F = 1 only when:
- X = 0, Y = 1, Z = 1 (first term X̄YZ is true)
- X = 1, Y = 0, Z = 1 (second term XȲZ is true)",,"B","short","20","annual","Draw truth table for the Boolean function: $F = \bar{X}YZ + X\bar{Y}Z$","ms7denbgqvmgaxh4j157vq2rk585q9fm","2025",
"computer-11","01-computer-systems","Computer Systems","1-3-digital-logic-and-logic-gates","1.3 Digital Logic and Logic Gates","m171x59qpvgh0yp5jvgp6egc9585qmm7","true","Federal Board",,"[""K-map with 6 ones plotted for given minterms"",""Grouping adjacent 1s to form prime implicants"",""Three groups identified: BC, A¯B, and AB"",""Simplified to F = A + BC using Boolean algebra"",""Logic circuit uses one AND gate and one OR gate"",""Final expression is minimal and in Sum-of-Products form""]",,"false","5","**Step 1: Create the Karnaugh Map**

For three variables A, B, C, construct a 2×4 K-map:

```
     BC
     00  01  11  10
A 0  0   1   1   0
  1  1   1   1   1
```

Plotting the given minterms:
- F(0,0,1) = 1 → ¯A¯BC
- F(0,1,1) = 1 → ¯ABC
- F(1,0,0) = 1 → A¯B¯C
- F(1,0,1) = 1 → A¯BC
- F(1,1,0) = 1 → AB¯C
- F(1,1,1) = 1 → ABC

**Step 2: Group the 1s**

Form groups of adjacent 1s:
- Group 1: ¯ABC + ABC = BC (top-right, covers columns 01 and 11 in row 0)
- Group 2: A¯B¯C + A¯BC = A¯B (bottom-left, covers columns 00 and 10 in row 1)
- Group 3: AB¯C + ABC = AB (bottom-right, covers columns 10 and 11 in row 1)

**Step 3: Simplified Expression**

F = BC + A¯B + AB

Further simplification:
F = BC + A(¯B + B) = BC + A

**Final Answer: F = A + BC**

**Logic Circuit:**

```
    ┌─────┐
B ─┤     ├─┐
    │ AND ├─┤
C ─┤     ├─┤     ┌─────┐
    └─────┘ ├────┤     ├─── F
            │    │ OR  ├─── F = A + BC
A ──────────┤    │     │
            └────┤     ├─
                 └─────┘
```

The circuit consists of:
1. One AND gate (inputs B and C)
2. One OR gate (inputs A and output of AND gate)",,"C","long","3","annual","Simplify the Boolean Function $F$ using **Karnaugh Map**. Also draw the logic circuit for the simplified expression.
$F = \bar{A}\bar{B}C + \bar{A}BC + A\bar{B}\bar{C} + A\bar{B}C + AB\bar{C} + ABC$","ms7denbgqvmgaxh4j157vq2rk585q9fm","2025",
"computer-11","01-computer-systems","Computer Systems","1-4-software-development-life-cycle-sdlc","1.4 Software Development Life Cycle (SDLC)","m17cpm74apen86gxeqhv2afqt585p3xj","true","Federal Board","Schedule Feasibility is the type of feasibility study that assesses whether the proposed system can be completed within a given timeframe. It evaluates if the project can meet the deadline and determines the realistic time required for development, considering available resources and project complexity.","[""Schedule Feasibility specifically examines time constraints and project deadlines"",""It determines if the system can be completed within the given timeframe"",""It considers available resources, team capacity, and project complexity"",""Part of the Feasibility Study conducted during the Planning phase of SDLC""]",,"false","1","Schedule Feasibility is the type of feasibility study that assesses whether the proposed system can be completed within a given timeframe. It evaluates if the project can meet the deadline and determines the realistic time required for development, considering available resources and project complexity.","[{""key"":""A"",""text"":""Legal feasibility""},{""key"":""B"",""text"":""Schedule feasibility""},{""key"":""C"",""text"":""Economic feasibility""},{""key"":""D"",""text"":""Operational feasibility""}]","MCQ","mcq","8","annual","Which type of feasibility study in SDLC assesses whether the proposed system can be completed within a given timeframe?","ms75rn8ne87m7jjzssde5kjy2x85q7t5","2025","A"
"computer-11","01-computer-systems","Computer Systems","1-4-software-development-life-cycle-sdlc","1.4 Software Development Life Cycle (SDLC)","m17ccz2ry5q96nk4geg2kzdy7585p7vn",,"Federal Board",,"[""Difference 1: Black Box tests external functionality without code knowledge; White Box tests internal code logic and structure"",""Difference 2: Black Box focuses on inputs/outputs and user requirements; White Box focuses on code paths and logical errors"",""Difference 3: Black Box requires less technical expertise; White Box requires programming knowledge and code understanding""]",,"false","3","Black Box testing treats the software as an opaque system and tests functionality without examining internal code structure, focusing on inputs and outputs. White Box testing examines the internal code logic, structure, and paths to verify correct implementation. Black Box testing is performed by testers without programming knowledge, while White Box testing requires detailed code understanding. Black Box testing checks if the system meets user requirements, whereas White Box testing identifies logical errors and code coverage issues. Black Box testing is faster to execute, while White Box testing is more thorough but time-consuming.",,"B","short","8","annual","Write down three differences between **Black Box** and **White Box** testing methods.","ms75rn8ne87m7jjzssde5kjy2x85q7t5","2025",
"computer-11","01-computer-systems","Computer Systems","1-4-software-development-life-cycle-sdlc","1.4 Software Development Life Cycle (SDLC)","m17bgkg3tb3nknd0rt0tkjgnvd85qczc","false","Federal Board",,"[""Deployment phase transfers software from development to production environment for end-user access"",""Pilot deployment releases to small user group first to identify issues before full rollout"",""Parallel deployment runs new and old systems together simultaneously for comparison and validation"",""Pilot deployment is faster and less costly; parallel deployment is safer but requires more resources"",""Both methods reduce risk by allowing testing in real environments before complete system replacement""]",,"false","3","The **deployment phase** in SDLC is the stage where the developed software is released and installed in the production environment for end-users to use. It involves transferring the software from the development/testing environment to the live system.

**Pilot Deployment** involves releasing the software to a small group of users or a limited department first to test its performance in a real environment before full rollout. Issues are identified and resolved before wider deployment.

**Parallel Deployment** runs the new software alongside the existing system simultaneously. Both systems operate together, allowing users to compare results and ensure the new system works correctly before completely replacing the old system. This method is safer but more resource-intensive than pilot deployment.",,"B","short","27","annual","What is the **deployment phase** in SDLC? How does the **pilot deployment** method differ from the **parallel deployment** method?","ms75rn8ne87m7jjzssde5kjy2x85q7t5","2025",
"computer-11","01-computer-systems","Computer Systems","1-4-software-development-life-cycle-sdlc","1.4 Software Development Life Cycle (SDLC)","m178xs29a27jcn2y6jbzakes6985p8ws","true","Federal Board",,"[""Identifies linear/sequential nature of Waterfall vs. iterative nature of Agile"",""Explains rigidity of Waterfall vs. flexibility of Agile in handling changes"",""Distinguishes testing phases: post-development in Waterfall vs. continuous in Agile"",""Contrasts client involvement: initial/final in Waterfall vs. continuous in Agile"",""Differentiates delivery: complete product at end (Waterfall) vs. incremental releases (Agile)""]",,"false","5","**Five Key Differences Between Waterfall and Agile Models:**

1. **Approach**: Waterfall follows a linear, sequential approach where each phase must be completed before the next begins, while Agile uses an iterative approach with overlapping phases and continuous cycles.

2. **Flexibility**: Waterfall is rigid and difficult to accommodate changes once development starts, whereas Agile is highly flexible and welcomes changes throughout the development process.

3. **Testing**: In Waterfall, testing occurs after the entire development phase is complete, while in Agile, testing is continuous and integrated into each iteration or sprint.

4. **Client Involvement**: Waterfall requires client involvement primarily at the beginning and end of the project, whereas Agile involves continuous client feedback and collaboration throughout development.

5. **Delivery**: Waterfall delivers the complete product at the end of the project, while Agile delivers working software incrementally in small, functional releases after each sprint or iteration.",,"C","long","1","annual","Write down any five differences between **Waterfall** and **Agile** software development models.","ms75rn8ne87m7jjzssde5kjy2x85q7t5","2025",
"computer-11","01-computer-systems","Computer Systems","1-4-software-development-life-cycle-sdlc","1.4 Software Development Life Cycle (SDLC)","m176x9tjg07r3m3m3yzm8xpead85p3e9","true","Federal Board",,"[""Identifies two distinct types of system software correctly"",""Provides relevant real-world examples for each type"",""Explains the primary function/purpose of each type"",""Distinguishes between system software roles (management vs. maintenance)""]",,"false","3","System software comprises programs that manage computer hardware and provide a platform for application software. Two types are: (1) **Operating Systems** (e.g., Windows, Linux, macOS), manage hardware resources, file systems, and user interfaces; (2) **Utility Software** (e.g., antivirus programs, disk defragmenters, backup tools), perform maintenance and optimization tasks to keep the system running efficiently.",,"B","short","1","annual","Briefly explain any two types of **system software** with examples.","ms75rn8ne87m7jjzssde5kjy2x85q7t5","2022",
"computer-11","01-computer-systems","Computer Systems","1-4-software-development-life-cycle-sdlc","1.4 Software Development Life Cycle (SDLC)","m1744bagbq4je5wrt16mkee0m985qnbg",,"Federal Board",,"[""Hardware is physical/tangible; software is intangible/non-physical"",""Hardware examples: CPU, RAM, motherboard, hard drive, monitor"",""Software examples: operating systems, applications, programs, games"",""Hardware is permanent and requires physical replacement; software is easily modifiable and updatable"",""Software depends on hardware to run but hardware cannot function without software""]",,"false","3","**Difference 1:** Hardware is the physical, tangible components of a computer system, while software is the intangible set of instructions and programs. Example: A CPU or RAM is hardware; Microsoft Word or an operating system is software. **Difference 2:** Hardware is permanent and does not change unless physically replaced, while software can be easily modified, updated, or replaced without changing physical components. Example: A motherboard remains the same, but applications like Google Chrome can be updated or uninstalled instantly.",,"B","short","2","annual","Write down any two differences between **hardware** and **software** with examples.","ms75rn8ne87m7jjzssde5kjy2x85q7t5","2022",
"computer-11","01-computer-systems","Computer Systems","1-4-software-development-life-cycle-sdlc","1.4 Software Development Life Cycle (SDLC)","m172k7htg24b2mn5njeqkc7hyd85q83h",,"Federal Board",,"[""Manages and maintains organizational databases ensuring proper functioning"",""Ensures data integrity, security, and implements access controls"",""Performs backup, recovery, and disaster management procedures"",""Optimizes database performance and monitors system efficiency"",""Collaborates with development teams during SDLC phases to ensure database requirements are met""]",,"false","3","A Database Administrator (DBA) is a professional responsible for managing, maintaining, and securing an organization's databases. The DBA ensures data integrity, optimizes database performance, implements security protocols, manages backups and recovery procedures, and handles user access controls. DBAs play a critical role in the SDLC by ensuring databases are properly designed, implemented, and maintained throughout the software development process to support reliable data management and system operations.",,"B","short","6","annual","Identify the role of **Database Administrator (DBA)**.","ms75rn8ne87m7jjzssde5kjy2x85q7t5","2022",
"computer-11","01-computer-systems","Computer Systems","1-4-software-development-life-cycle-sdlc","1.4 Software Development Life Cycle (SDLC)","m171t16k8ww0srh533qvw66jxn85qes3","true","Federal Board","The intermediate form between hardware and software is **firmware**. Firmware is low-level software that controls hardware devices and acts as a bridge between the physical hardware components and higher-level application software. It provides the essential instructions that allow hardware to function and communicate with the operating system.","[""Firmware is the intermediate layer between hardware and software"",""Firmware provides low-level control of hardware devices"",""Firmware enables communication between hardware and operating system/applications"",""Examples include BIOS, device drivers, and microcontroller code"",""Firmware is typically stored in ROM or flash memory and is not easily modified by users""]",,"false","1","The intermediate form between hardware and software is **firmware**. Firmware is low-level software that controls hardware devices and acts as a bridge between the physical hardware components and higher-level application software. It provides the essential instructions that allow hardware to function and communicate with the operating system.","[{""key"":""A"",""text"":""Firmware""},{""key"":""B"",""text"":""Freeware""},{""key"":""C"",""text"":""Trial-ware""},{""key"":""D"",""text"":""Shareware""}]","MCQ","mcq","2","annual","The intermediate form between hardware and software is:","ms75rn8ne87m7jjzssde5kjy2x85q7t5","2022","A"
"computer-11","01-computer-systems","Computer Systems","1-4-software-development-life-cycle-sdlc","1.4 Software Development Life Cycle (SDLC)","m17c8zfdxh6dj9pt2hac9qmh8d85qdpy",,"Federal Board",,"[""Shareware requires payment after trial period; Freeware is permanently free"",""Shareware is proprietary with time-limited trial access; Freeware is proprietary but no payment required"",""Shareware encourages purchase for full features; Freeware allows indefinite use without licensing fees"",""Both maintain proprietary source code; neither is open-source"",""Shareware generates revenue through licensing; Freeware is distributed at no cost to users""]",,"false","3","Shareware and Freeware are both types of software distributed to users, but they differ fundamentally in licensing and usage rights. Shareware is proprietary software that users can try for a limited period (trial version) before purchasing a license; it requires payment for continued use after the trial expires. Freeware, conversely, is software that is distributed at no cost and remains free indefinitely; users have the right to use it without payment, though the source code typically remains proprietary and modifications may be restricted. In summary, shareware operates on a trial-then-purchase model, while freeware is permanently free but with limited user rights regarding modification and redistribution.",,"B","short","1","annual","Differentiate between **Shareware** and **Freeware**.","ms75rn8ne87m7jjzssde5kjy2x85q7t5","2022",
"computer-11","01-computer-systems","Computer Systems","1-4-software-development-life-cycle-sdlc","1.4 Software Development Life Cycle (SDLC)","m1735vkr0c1z0wsr28zah01t9185qk4e","true","Federal Board","Google Chrome is an example of a computational artifact, specifically a software program or application. It is a product created by humans using computational thinking and development processes to solve the problem of web browsing and provide users with a digital tool for accessing the internet.","[""Google Chrome is a computational artifact (software/program)"",""It is created by humans using computers and computational thinking"",""It serves as a practical tool/application for web browsing"",""It represents the output of the Software Development Life Cycle (SDLC)"",""It provides value to users by solving a real-world problem""]",,"false","1","Google Chrome is an example of a computational artifact, specifically a software program or application. It is a product created by humans using computational thinking and development processes to solve the problem of web browsing and provide users with a digital tool for accessing the internet.","[{""key"":""A"",""text"":""Open-Source software""},{""key"":""B"",""text"":""Freeware""},{""key"":""C"",""text"":""Shareware""},{""key"":""D"",""text"":""Licensed software""}]","MCQ","mcq","3","annual","Google Chrome is an example of:","ms75rn8ne87m7jjzssde5kjy2x85q7t5","2024","A"
"computer-11","01-computer-systems","Computer Systems","1-4-software-development-life-cycle-sdlc","1.4 Software Development Life Cycle (SDLC)","m1729dpvpz0fryensz538k5fh985prdf","false","Federal Board","In 2NF (Second Normal Form), **partial dependency** is removed. A partial dependency occurs when a non-key attribute depends on only part of a composite primary key rather than the entire key. By removing partial dependencies, 2NF ensures that all non-key attributes are fully dependent on the complete primary key.","[""Partial dependency is the dependency removed in 2NF"",""Partial dependency occurs when non-key attributes depend on part of a composite primary key"",""2NF requires all non-key attributes to be fully functionally dependent on the entire primary key"",""Removing partial dependencies prevents data anomalies and redundancy""]",,"false","1","In 2NF (Second Normal Form), **partial dependency** is removed. A partial dependency occurs when a non-key attribute depends on only part of a composite primary key rather than the entire key. By removing partial dependencies, 2NF ensures that all non-key attributes are fully dependent on the complete primary key.","[{""key"":""A"",""text"":""Multi valued""},{""key"":""B"",""text"":""Partial functional""},{""key"":""C"",""text"":""Fully functional""},{""key"":""D"",""text"":""Transitive""}]","MCQ","unclassified","13","annual","Which dependency is removed in **2NF**?","ms75rn8ne87m7jjzssde5kjy2x85q7t5","2024","B"
"computer-11","01-computer-systems","Computer Systems","1-4-software-development-life-cycle-sdlc","1.4 Software Development Life Cycle (SDLC)","m17dxh3tc8x2szken4mstek99d85phmd",,"Federal Board",,"[""Definition of open source software with emphasis on free source code availability and modification rights"",""Definition of licensed software highlighting proprietary nature and purchase requirement"",""Correct example of open source software (Linux, Apache, Firefox, etc.)"",""Correct example of licensed software (Windows, MS Office, Adobe products, etc.)"",""Clear distinction between the two in terms of accessibility, cost, and usage rights""]",,"false","3","**Open Source Software** is software whose source code is freely available for anyone to view, modify, and distribute under an open license. Example: Linux operating system. **Licensed Software** is proprietary software where the source code is kept confidential and users must purchase a license to use it legally. Example: Microsoft Windows. Open source promotes collaboration and transparency, while licensed software provides commercial support and controlled distribution.",,"B","short","1","annual","Differentiate between **opensource software** and **licensed software** with one example each.","ms75rn8ne87m7jjzssde5kjy2x85q7t5","2024",
"computer-11","01-computer-systems","Computer Systems","1-4-software-development-life-cycle-sdlc","1.4 Software Development Life Cycle (SDLC)","m173gwgv5ac51mns1hrwhhxnad85p3tf","true","Federal Board",,"[""BIOS is firmware (software stored on ROM hardware)"",""Initializes and performs POST (Power-On Self-Test) on hardware components"",""Loads the operating system from storage into RAM during boot process"",""Manages hardware-software communication and device drivers"",""Provides runtime services that optimize system performance and hardware resource management""]",,"false","3","BIOS (Basic Input/Output System) is **firmware**, which is a hybrid of hardware and software. It is a specialized software program stored permanently on a ROM chip on the motherboard. BIOS is helpful in computer performance as it initializes and tests hardware components during startup, loads the operating system into RAM, manages communication between the OS and hardware devices, and provides runtime services that enable the OS to control peripherals efficiently.",,"B","short","28","annual","Is **BIOS** hardware or software? How is it helpful in performance of the computer system?","ms75rn8ne87m7jjzssde5kjy2x85q7t5","2024",
"computer-11","01-computer-systems","Computer Systems","1-4-software-development-life-cycle-sdlc","1.4 Software Development Life Cycle (SDLC)","m1758gz6wryznt36mmm9jsx04185p3ph",,"Federal Board",,"[""Defines application software as software designed to perform specific user tasks and runs on system software"",""Identifies and explains Productivity Software with relevant example (e.g., Microsoft Word for document creation)"",""Identifies and explains Entertainment Software with relevant example (e.g., video games for leisure)"",""Distinguishes application software from system software"",""Provides clear, practical examples that demonstrate understanding of software functionality""]",,"false","5","**Application Software** is a type of software designed to perform specific tasks or functions for end-users. It runs on top of system software and directly helps users accomplish their work or entertainment goals.

**Type 1: Productivity Software**, Used to create, edit, and manage documents and data. Example: Microsoft Word is a word processor that allows users to write, format, and print documents for professional and personal use.

**Type 2: Entertainment Software**, Designed to provide entertainment and leisure activities. Example: Video games like PUBG or Fortnite allow users to engage in interactive gaming experiences for entertainment purposes.

Other common types include Educational Software (e.g., learning management systems), Communication Software (e.g., WhatsApp), and Utility Software (e.g., antivirus programs). Application software differs from system software, which manages hardware resources and provides a platform for applications to run.",,"C","long","1","annual","What is an **application software**? Explain any two types of application software with one example each.","ms75rn8ne87m7jjzssde5kjy2x85q7t5","2024",
"computer-11","01-computer-systems","Computer Systems","1-5-network-topology","1.5 Network Topology","m17dy9kb09j502km98mxb0an7x85q6h2","true","Federal Board","The key advantage of using a private cloud is enhanced security and control. Organizations maintain complete control over their infrastructure, data, and resources since the cloud environment is dedicated exclusively to them. This allows for better data privacy, compliance with regulatory requirements, and customization according to specific organizational needs. Additionally, private clouds offer improved performance and reliability as resources are not shared with other organizations.","[""Dedicated infrastructure exclusively for one organization"",""Enhanced security and data privacy"",""Greater control over resources and configurations"",""Better compliance with regulatory standards"",""Improved performance due to no resource sharing"",""Customization tailored to organizational requirements""]",,"false","1","The key advantage of using a private cloud is enhanced security and control. Organizations maintain complete control over their infrastructure, data, and resources since the cloud environment is dedicated exclusively to them. This allows for better data privacy, compliance with regulatory requirements, and customization according to specific organizational needs. Additionally, private clouds offer improved performance and reliability as resources are not shared with other organizations.","[{""key"":""A"",""text"":""Higher security and control over data""},{""key"":""B"",""text"":""Lower cost compared to public cloud""},{""key"":""C"",""text"":""Accessible to the public""},{""key"":""D"",""text"":""Reduced need for IT infrastructure""}]","MCQ","mcq","5","annual","The key advantage of using a **private cloud** is:","ms7dsfedjqa6esmtcq1r8jvvs585p445","2025","A"
"computer-11","01-computer-systems","Computer Systems","1-5-network-topology","1.5 Network Topology","m1717krj17zfk11357r7ww7twd85p65p","true","Federal Board",,"[""Bus topology uses single backbone cable; all devices share one medium"",""Mesh topology provides dedicated links between every pair of devices"",""Bus design is simple and economical but has poor fault tolerance"",""Mesh design is complex and expensive but offers high reliability"",""Bus scalability is limited due to bandwidth sharing and signal degradation"",""Mesh scalability is problematic due to exponential growth in connections"",""Bus has single point of failure (backbone); Mesh has multiple redundant paths"",""Mesh is suitable for critical networks; Bus for small, non-critical networks""]",,"false","3","Bus Topology: In bus topology, all devices are connected to a single central cable (backbone). Design is simple with linear arrangement. Scalability is limited as adding more devices increases traffic on the shared medium and degrades performance. Reliability is poor because failure of the backbone cable disconnects all devices, and a single device fault can disrupt the entire network.

Mesh Topology: In mesh topology, each device has dedicated point-to-point connections with every other device. Design is complex with multiple interconnections. Scalability is challenging as the number of connections grows exponentially (n(n-1)/2 for n devices), making it expensive. Reliability is excellent because multiple paths exist between devices; failure of one link does not disconnect the network.

Comparison Summary:
- Design: Bus is simple; Mesh is complex
- Scalability: Bus is limited; Mesh is difficult and costly
- Reliability: Bus is poor (single point of failure); Mesh is excellent (redundant paths)",,"B","short","16","annual","Compare **Bus** and **Mesh** network topologies with respect to design, scalability and reliability.","ms7dsfedjqa6esmtcq1r8jvvs585p445","2025",
"computer-11","01-computer-systems","Computer Systems","1-5-network-topology","1.5 Network Topology","m17264znhdacbs09tfz5zzrq8s85qrdr",,"Federal Board",,"[""Horizontal scalability adds more servers rather than upgrading existing ones"",""Cost-effective approach using commodity hardware"",""Enables zero-downtime scaling and continuous availability"",""Improves fault tolerance through distributed architecture"",""Better suited for cloud environments with elastic resource allocation"",""Prevents single point of failure""]",,"false","3","Horizontal scalability is more suitable for cloud-based applications for three main reasons: (1) **Cost-effectiveness**: Adding more commodity servers is generally cheaper than upgrading to more powerful hardware (vertical scaling), making it economical for growing demands. (2) **No downtime**: Horizontal scaling allows adding new servers without stopping the application, ensuring continuous service availability, whereas vertical scaling often requires system restart. (3) **Better fault tolerance and reliability**: Distributing load across multiple servers means if one server fails, others continue operating, preventing complete system failure and improving overall application resilience.",,"B","short","23","annual","Why is **horizontal scalability** considered more suitable for cloud-based applications? Give three reasons.","ms7dsfedjqa6esmtcq1r8jvvs585p445","2025",
"computer-11","01-computer-systems","Computer Systems","1-5-network-topology","1.5 Network Topology","m170q3j3myag33pkrtdp90mjf185ps4d","true","Federal Board","An interface or connection point through which peripheral devices connect to the computer is called a **Port** (or **I/O Port**). Ports serve as communication channels between the computer and external devices such as printers, keyboards, mice, and monitors. Common types include USB ports, serial ports, parallel ports, and audio ports.","[""Correctly identifies 'Port' or 'I/O Port' as the answer"",""Explains that ports are connection points for peripheral devices"",""Mentions examples of peripheral devices (printers, keyboards, monitors, etc.)"",""Distinguishes ports as communication interfaces between computer and external devices""]",,"false","1","An interface or connection point through which peripheral devices connect to the computer is called a **Port** (or **I/O Port**). Ports serve as communication channels between the computer and external devices such as printers, keyboards, mice, and monitors. Common types include USB ports, serial ports, parallel ports, and audio ports.","[{""key"":""A"",""text"":""Expansion slots""},{""key"":""B"",""text"":""Port""},{""key"":""C"",""text"":""Modem""},{""key"":""D"",""text"":""System Bus""}]","MCQ","mcq","8","annual","An interface or connection point through which peripheral devices connect to the computer is called:","ms7dsfedjqa6esmtcq1r8jvvs585p445","2022","A"
"computer-11","01-computer-systems","Computer Systems","1-5-network-topology","1.5 Network Topology","m17fwyfn81ahenwfctccq1xfvd85pwbp","true","Federal Board","TCP (Transmission Control Protocol) and UDP (User Datagram Protocol) are transport layer protocols, also known as Layer 4 of the OSI model. They operate at the Transport Layer, which is responsible for end-to-end communication, reliability, and data flow between applications on different hosts.","[""TCP and UDP operate at the Transport Layer (Layer 4 of OSI model)"",""Transport Layer is responsible for end-to-end communication between applications"",""TCP provides reliable, connection-oriented delivery"",""UDP provides unreliable, connectionless delivery"",""Both protocols use port numbers to identify services and applications""]",,"false","1","TCP (Transmission Control Protocol) and UDP (User Datagram Protocol) are transport layer protocols, also known as Layer 4 of the OSI model. They operate at the Transport Layer, which is responsible for end-to-end communication, reliability, and data flow between applications on different hosts.","[{""key"":""A"",""text"":""Session layer""},{""key"":""B"",""text"":""Application layer""},{""key"":""C"",""text"":""Network layer""},{""key"":""D"",""text"":""Transport layer""}]","MCQ","mcq","9","annual","**TCP** and **UDP** protocols are used at the following layer:","ms7dsfedjqa6esmtcq1r8jvvs585p445","2022","D"
"computer-11","01-computer-systems","Computer Systems","1-5-network-topology","1.5 Network Topology","m179vc5z7t1b759ss3vxwncdgh85qtav","false","Federal Board","Class C IP address is suitable for setting up a computer lab of 25 computers. Class C addresses provide a range of 254 usable host addresses (from 0 to 255, excluding network and broadcast addresses), which is more than sufficient for 25 computers. Class C addresses use the format 192.0.0.0 to 223.255.255.0 with a default subnet mask of 255.255.255.0, making them ideal for small to medium-sized networks like a computer lab.","[""Class C IP address is appropriate for 25 computers"",""Class C provides 254 usable host addresses"",""Class C range: 192.0.0.0 to 223.255.255.0"",""Default subnet mask for Class C: 255.255.255.0"",""Class C is suitable for small to medium-sized networks"",""25 computers require fewer addresses than Class C capacity""]",,"false","1","Class C IP address is suitable for setting up a computer lab of 25 computers. Class C addresses provide a range of 254 usable host addresses (from 0 to 255, excluding network and broadcast addresses), which is more than sufficient for 25 computers. Class C addresses use the format 192.0.0.0 to 223.255.255.0 with a default subnet mask of 255.255.255.0, making them ideal for small to medium-sized networks like a computer lab.","[{""key"":""A"",""text"":""Class A""},{""key"":""B"",""text"":""Class B""},{""key"":""C"",""text"":""Class C""},{""key"":""D"",""text"":""Class D""}]","MCQ","unclassified","10","annual","To setup a computer lab of $25$ computers, which class of **IP address** is suitable?","ms7dsfedjqa6esmtcq1r8jvvs585p445","2022","C"
"computer-11","01-computer-systems","Computer Systems","1-5-network-topology","1.5 Network Topology","m1748j6nwxb21qdskw5qjq4hh585q1mk","true","Federal Board","Medium Earth Orbit (MEO) satellite systems are located above Low Earth Orbit (LEO) and below Geostationary Earth Orbit (GEO). MEO satellites orbit at altitudes between approximately 2,000 km and 35,786 km above Earth's surface. Examples include GPS satellites and GLONASS satellites, which operate at altitudes around 20,200 km.","[""Medium Earth Orbit (MEO) is positioned between LEO and GEO"",""MEO altitude range: approximately 2,000 km to 35,786 km"",""GPS and GLONASS satellites are examples of MEO systems"",""MEO satellites provide a balance between coverage area and signal strength"",""MEO has moderate orbital period compared to LEO and GEO""]",,"false","1","Medium Earth Orbit (MEO) satellite systems are located above Low Earth Orbit (LEO) and below Geostationary Earth Orbit (GEO). MEO satellites orbit at altitudes between approximately 2,000 km and 35,786 km above Earth's surface. Examples include GPS satellites and GLONASS satellites, which operate at altitudes around 20,200 km.","[{""key"":""A"",""text"":""High Earth Orbit""},{""key"":""B"",""text"":""Medium Earth Orbit""},{""key"":""C"",""text"":""Low Earth Orbit""},{""key"":""D"",""text"":""Sun-Synchronous Orbit""}]","MCQ","mcq","11","annual","Which of the following satellite systems is located above **Low Earth Orbit** and below **Geostationary Earth Orbit**?","ms7dsfedjqa6esmtcq1r8jvvs585p445","2022","B"
"computer-11","01-computer-systems","Computer Systems","1-5-network-topology","1.5 Network Topology","m1748rggnv1dzsgbavpqg9cc1985p19b","true","Federal Board","A Radio Frequency (RF) communication system consists of two main components: (1) Transmitter - which converts information signals into RF signals and transmits them through an antenna, and (2) Receiver - which receives RF signals through an antenna and converts them back into the original information signals. These two components work together to enable wireless communication over distances.","[""Transmitter converts information into RF signals"",""Receiver converts RF signals back to information"",""Both use antennas for signal transmission and reception"",""Together they form a complete RF communication system"",""The transmitter sends and the receiver receives wireless signals""]",,"false","1","A Radio Frequency (RF) communication system consists of two main components: (1) Transmitter - which converts information signals into RF signals and transmits them through an antenna, and (2) Receiver - which receives RF signals through an antenna and converts them back into the original information signals. These two components work together to enable wireless communication over distances.","[{""key"":""A"",""text"":""Transmitter and receiver""},{""key"":""B"",""text"":""Transmitter and medium""},{""key"":""C"",""text"":""Transmitter and antenna""},{""key"":""D"",""text"":""Receiver and medium""}]","MCQ","mcq","12","annual","A **Radio Frequency (RF)** communication system consists of two components known as:","ms7dsfedjqa6esmtcq1r8jvvs585p445","2022","A"
"computer-11","01-computer-systems","Computer Systems","1-5-network-topology","1.5 Network Topology","m17785yrm76zrtazh20cxncp8585qc5r",,"Federal Board",,"[""Star topology uses a central hub/switch with dedicated connections from each computer"",""Failure of one computer does not affect others in the network"",""Easy to identify and troubleshoot network problems"",""Simple to add or remove computers without disrupting the entire network"",""Better performance as each computer has dedicated bandwidth to the hub"",""Suitable for institutional environments like college labs""]",,"false","3","The **Star Topology** is the best choice for setting up a college computer lab. In star topology, all computers are connected to a central hub or switch, with each computer having its own dedicated connection to the center.

**Reason 1: Easy Maintenance and Troubleshooting** - If one computer fails or needs repair, it can be disconnected without affecting other computers in the network. The central hub makes it easy to identify and isolate problems quickly, minimizing downtime in the lab.

**Reason 2: Scalability and Flexibility** - New computers can be easily added to the network by simply connecting them to the central hub without disrupting existing connections. This makes it simple to expand the lab as the college's needs grow, and individual computers can be upgraded or replaced independently.",,"B","short","10","annual","If a college wants to setup a computer lab, which **topology** is best and why? Support your answer with two reasons.","ms7dsfedjqa6esmtcq1r8jvvs585p445","2022",
"computer-11","01-computer-systems","Computer Systems","1-5-network-topology","1.5 Network Topology","m170h1p0d0vvbkmrk2gpkgmhmx85pffa","true","Federal Board",,"[""Data Link Layer uses Ethernet/PPP for node-to-node delivery and MAC addressing"",""Network Layer uses IP/ICMP for logical addressing and routing between networks"",""Session Layer uses NetBIOS/PPTP for establishing and managing application sessions"",""Data Link Layer performs error detection at frame level"",""Network Layer determines optimal paths for packet transmission"",""Session Layer handles dialogue control and session synchronization"",""MAC addresses are used at Data Link Layer"",""IP addresses are used at Network Layer"",""Session Layer manages communication between applications""]",,"false","3","i) Data Link Layer:
Protocol: Ethernet, PPP (Point-to-Point Protocol), Frame Relay
Purpose: To provide reliable node-to-node delivery of data frames, handle physical addressing using MAC addresses, perform error detection, and manage access to the physical medium through MAC (Media Access Control).

ii) Network Layer:
Protocol: IP (Internet Protocol), ICMP (Internet Control Message Protocol), IGMP (Internet Group Management Protocol)
Purpose: To provide logical addressing using IP addresses, perform routing of packets across networks, determine the best path for data transmission, and enable communication between different networks.

iii) Session Layer:
Protocol: NetBIOS, PPTP (Point-to-Point Tunneling Protocol), RPC (Remote Procedure Call), SSL/TLS (for session establishment)
Purpose: To establish, maintain, and terminate communication sessions between applications, manage dialogue control (half-duplex or full-duplex), perform session synchronization, and handle session recovery.",,"B","short","11","annual","Write down the protocol and its purpose used on the following layers of the OSI Model:
i) Data Link Layer
ii) Network Layer
iii) Session Layer","ms7dsfedjqa6esmtcq1r8jvvs585p445","2022",
"computer-11","01-computer-systems","Computer Systems","1-5-network-topology","1.5 Network Topology","m175jxw277y622zq7z5091twzh85pvx8",,"Federal Board",,"[""SRAM uses flip-flops; DRAM uses capacitors requiring refresh"",""SRAM is faster; DRAM requires periodic refresh cycles"",""SRAM is expensive with lower density; DRAM is cheaper with higher capacity"",""OSI has 7 layers; TCP/IP has 4-5 layers"",""TCP/IP is practical internet standard; OSI is theoretical reference model""]",,"false","8","a) Three differences between Static RAM (SRAM) and Dynamic RAM (DRAM):

1. **Storage Method**: SRAM uses flip-flops to store each bit and retains data as long as power is supplied, while DRAM uses capacitors that require periodic refreshing to maintain data.
2. **Speed**: SRAM is faster than DRAM as it does not require refresh cycles.
3. **Cost and Density**: SRAM is more expensive and has lower storage density, while DRAM is cheaper and offers higher storage capacity in the same physical space.

b) **Comparison of TCP/IP Suite with OSI Model**:

The TCP/IP suite and OSI model are both network architecture frameworks but differ in structure and application:

**Similarities:**
- Both organize network communication into layers
- Both use a hierarchical approach to network protocols
- Both facilitate data transmission across networks

**Differences:**
- **Layers**: OSI has 7 layers while TCP/IP has 4-5 layers
- **Development**: OSI is a theoretical model developed by ISO, while TCP/IP is a practical suite of protocols used on the internet
- **Adoption**: TCP/IP is the de facto standard for internet communication; OSI is primarily used for reference and education
- **Layer Functions**: OSI separates presentation and session functions (layers 5-6), while TCP/IP combines these functions
- **Practical Use**: TCP/IP protocols (HTTP, FTP, SMTP) are actively used; OSI serves as a conceptual framework for understanding network communication

In summary, while OSI provides a comprehensive theoretical model for network communication, TCP/IP is the practical, widely-implemented suite that powers modern internet communication.",,"C","long","2","annual","a) Write down any three differences between **static** and **dynamic RAM**.
b) Compare the **TCP suite** with the **OSI model**.","ms7dsfedjqa6esmtcq1r8jvvs585p445","2022",
"computer-11","01-computer-systems","Computer Systems","1-5-network-topology","1.5 Network Topology","m173v703411asvfjqtvbkw1wy185qarq","true","Federal Board","For a network of 5 computers, the Star topology is the most suitable. In star topology, all computers are connected to a central hub or switch. This configuration is ideal for small networks because it is easy to install, manage, and troubleshoot. If one computer fails, it does not affect other computers. Additionally, it provides better security and performance for a small number of devices like 5 computers.","[""Star topology connects all devices to a central hub or switch"",""Easy to install, manage, and maintain for small networks"",""Failure of one computer does not affect others"",""Better security and controlled access"",""Suitable for 5 computers in a small office or classroom setup"",""Central point of failure is the hub, but this is manageable for small networks""]",,"false","1","For a network of 5 computers, the Star topology is the most suitable. In star topology, all computers are connected to a central hub or switch. This configuration is ideal for small networks because it is easy to install, manage, and troubleshoot. If one computer fails, it does not affect other computers. Additionally, it provides better security and performance for a small number of devices like 5 computers.","[{""key"":""A"",""text"":""Tree topology""},{""key"":""B"",""text"":""Bus topology""},{""key"":""C"",""text"":""Ring topology""},{""key"":""D"",""text"":""Mesh topology""}]","MCQ","unclassified","4","annual","Which of the following topologies is the most suitable to make network of 5 computers?","ms7dsfedjqa6esmtcq1r8jvvs585p445","2022",
"computer-11","01-computer-systems","Computer Systems","1-5-network-topology","1.5 Network Topology","m17aj188wc0d8tdxjwbpcs4vr985p0bs","false","Federal Board","The Physical layer (Layer 1) of the OSI Model uses protocols such as Ethernet, PPP (Point-to-Point Protocol), HDLC (High-Level Data Link Control), and standards like IEEE 802.3 for wired connections, and IEEE 802.11 for wireless connections. Common examples include RS-232, USB, and Fiber Optic standards. The Physical layer deals with the actual transmission of raw bits over physical media.","[""Physical layer is Layer 1 of OSI Model"",""Ethernet is a primary Physical layer protocol"",""PPP (Point-to-Point Protocol) operates at Physical layer"",""IEEE 802.3 standard for wired networks"",""IEEE 802.11 standard for wireless networks"",""Physical layer handles transmission of raw bits"",""RS-232 and USB are Physical layer standards"",""HDLC is used for Physical layer communication""]",,"false","1","The Physical layer (Layer 1) of the OSI Model uses protocols such as Ethernet, PPP (Point-to-Point Protocol), HDLC (High-Level Data Link Control), and standards like IEEE 802.3 for wired connections, and IEEE 802.11 for wireless connections. Common examples include RS-232, USB, and Fiber Optic standards. The Physical layer deals with the actual transmission of raw bits over physical media.","[{""key"":""A"",""text"":""X.25 & Ethernet""},{""key"":""B"",""text"":""Point to point protocol""},{""key"":""C"",""text"":""Net BIOS""},{""key"":""D"",""text"":""TCP / IP""}]","MCQ","unclassified","9","annual","Physical layer of **OSI Model** uses which of the following protocol?","ms7dsfedjqa6esmtcq1r8jvvs585p445","2022","A"
"computer-11","01-computer-systems","Computer Systems","1-5-network-topology","1.5 Network Topology","m1747ssz07pndzpdqbmy9ek1en85pa4w","true","Federal Board","In a packet switching network, each packet contains: (1) Header information including source address, destination address, and packet number/sequence number, (2) Payload or data portion containing the actual message or information being transmitted, (3) Trailer or footer containing error-checking information such as checksum or CRC (Cyclic Redundancy Check) for error detection. The header helps route the packet to its destination, the payload carries the actual data, and the trailer ensures data integrity during transmission.","[""Header with source and destination addresses"",""Packet sequence/identification number"",""Payload containing actual data"",""Trailer with error-checking information (checksum/CRC)"",""These components enable proper routing and error detection in packet switching networks""]",,"false","1","In a packet switching network, each packet contains: (1) Header information including source address, destination address, and packet number/sequence number, (2) Payload or data portion containing the actual message or information being transmitted, (3) Trailer or footer containing error-checking information such as checksum or CRC (Cyclic Redundancy Check) for error detection. The header helps route the packet to its destination, the payload carries the actual data, and the trailer ensures data integrity during transmission.","[{""key"":""A"",""text"":""Protocol, sender address, sequence number""},{""key"":""B"",""text"":""Sender address, destination address, sequence number""},{""key"":""C"",""text"":""Protocol, sender address, destination address""},{""key"":""D"",""text"":""Protocol, sender address""}]","MCQ","mcq","10","annual","In packet switching network, each packet contains:","ms7dsfedjqa6esmtcq1r8jvvs585p445","2022","A"
"computer-11","01-computer-systems","Computer Systems","1-5-network-topology","1.5 Network Topology","m1723rgfte8yypw4jmzqttjnc185pkar",,"Federal Board",,"[""Correctly identifies Data Bus and its function of carrying data/instructions"",""Correctly identifies Address Bus and its function of carrying memory addresses"",""Mentions parallel lines/bit width for Data Bus"",""Explains relationship between address bus width and addressable memory"",""Describes role in CPU-memory-I/O communication""]",,"false","3","Two types of system buses are: (1) **Data Bus** - carries actual data and instructions between CPU, memory, and I/O devices using multiple parallel lines (e.g., 32-bit or 64-bit). (2) **Address Bus** - carries memory addresses from CPU to identify specific memory locations or I/O devices, determining the maximum addressable memory. Both are essential for communication within a computer system.",,"B","short","7","annual","Briefly explain any two types of **system buses**.","ms7dsfedjqa6esmtcq1r8jvvs585p445","2022",
"computer-11","01-computer-systems","Computer Systems","1-5-network-topology","1.5 Network Topology","m17824dhhg5914ey97hxgfqnjd85pexj",,"Federal Board",,"[""Correctly identifies OSI Model as seven-layer framework for network communication"",""Accurately lists all seven layers in correct order with proper names"",""Provides relevant protocols for each layer with at least 2-3 examples per layer"",""Identifies appropriate devices/hardware for each layer"",""Demonstrates understanding of layer hierarchy and functional relationships""]",,"false","8","The OSI (Open Systems Interconnection) Model is a conceptual framework consisting of seven layers that standardizes how different communication systems interact and exchange data over networks. Each layer provides specific functions and uses particular protocols and devices to enable end-to-end communication. The model follows a hierarchical structure where each layer serves the layer above it, ensuring organized and efficient data transmission from the physical medium to the application level.

**OSI Model - Seven Layers with Protocols and Devices:**

| Layer | Name | Protocols | Devices |
|---|---|---|---|
| 7 | Application | HTTP, HTTPS, FTP, SMTP, POP3, DNS, Telnet, SSH | Web browsers, Email clients, DNS servers |
| 6 | Presentation | SSL/TLS, JPEG, MPEG, ASCII | Encryption software, Compression tools |
| 5 | Session | NetBIOS, PPTP, RPC | Session management software |
| 4 | Transport | TCP, UDP, SCTP | Firewalls, Load balancers |
| 3 | Network | IP (IPv4, IPv6), ICMP, IGMP | Routers, Layer 3 switches |
| 2 | Data Link | Ethernet, PPP, Frame Relay, MAC | Switches, Bridges, Network Interface Cards (NICs) |
| 1 | Physical | RS-232, USB, Fiber Optics | Hubs, Cables, Modems, Repeaters |

The upper layers (5-7) handle software and user-related functions, while lower layers (1-3) manage hardware and network transmission. Understanding this model is essential for network troubleshooting and protocol design.",,"C","long","2","annual","What is **OSI Model**? Write down the protocols and devices used on each of the seven layers in a tabular format.","ms7dsfedjqa6esmtcq1r8jvvs585p445","2022",
"computer-11","01-computer-systems","Computer Systems","1-5-network-topology","1.5 Network Topology","m17av0enne1qnkrte16j6a1zq585pbev","false","Federal Board","The Session layer (Layer 5) of the OSI model uses protocols such as **NetBIOS**, **PPTP** (Point-to-Point Tunneling Protocol), **RPC** (Remote Procedure Call), and **SMTP** (Simple Mail Transfer Protocol) for establishing, maintaining, and terminating communication sessions between applications. Common session layer protocols include NetBIOS, PPTP, and RPC. These protocols manage dialogue control, synchronization, and session establishment between end-user applications.","[""Session layer is Layer 5 of the OSI model"",""NetBIOS is a primary session layer protocol"",""PPTP (Point-to-Point Tunneling Protocol) operates at session layer"",""RPC (Remote Procedure Call) is used for session management"",""Session layer protocols handle session establishment, maintenance, and termination"",""These protocols manage dialogue control and synchronization between applications""]",,"false","1","The Session layer (Layer 5) of the OSI model uses protocols such as **NetBIOS**, **PPTP** (Point-to-Point Tunneling Protocol), **RPC** (Remote Procedure Call), and **SMTP** (Simple Mail Transfer Protocol) for establishing, maintaining, and terminating communication sessions between applications. Common session layer protocols include NetBIOS, PPTP, and RPC. These protocols manage dialogue control, synchronization, and session establishment between end-user applications.","[{""key"":""A"",""text"":""X.25""},{""key"":""B"",""text"":""TCP""},{""key"":""C"",""text"":""NetBIOS""},{""key"":""D"",""text"":""HTTP""}]","MCQ","unclassified","8","annual","Which of the following protocols is used at the **Session layer** of the OSI model?","ms7dsfedjqa6esmtcq1r8jvvs585p445","2024","C"
"computer-11","01-computer-systems","Computer Systems","1-5-network-topology","1.5 Network Topology","m1733h9ze7d5naxng30v4dt7ds85qcj0","false","Federal Board","The IP address 172.168.12.110 is an example of Class B network. In Class B addresses, the first octet ranges from 128 to 191. Since the first octet is 172, which falls within this range, this address belongs to Class B. Class B addresses are used for medium-sized networks and have a default subnet mask of 255.255.0.0.","[""Class B IP addresses have first octet range from 128 to 191"",""172 falls within the Class B range"",""Class B uses default subnet mask 255.255.0.0"",""Class B is suitable for medium-sized networks"",""The remaining three octets (168.12.110) represent the host portion""]",,"false","1","The IP address 172.168.12.110 is an example of Class B network. In Class B addresses, the first octet ranges from 128 to 191. Since the first octet is 172, which falls within this range, this address belongs to Class B. Class B addresses are used for medium-sized networks and have a default subnet mask of 255.255.0.0.","[{""key"":""A"",""text"":""Class D""},{""key"":""B"",""text"":""Class A""},{""key"":""C"",""text"":""Class B""},{""key"":""D"",""text"":""Class C""}]","MCQ","unclassified","9","annual","The IP address $172.168.12.110$ is an example of following network class:","ms7dsfedjqa6esmtcq1r8jvvs585p445","2024",
"computer-11","01-computer-systems","Computer Systems","1-5-network-topology","1.5 Network Topology","m175pseczdqsszv052rxn9817h85p7td",,"Federal Board",,"[""Defines MAN as a network spanning larger area than LAN but smaller than WAN"",""Identifies geographical coverage (city/campus level, several to tens of kilometers)"",""States higher data transmission speeds compared to WANs"",""Mentions cost-effectiveness relative to WAN infrastructure"",""Distinguishes MAN from both LAN and WAN in terms of scale and performance""]",,"false","3","MAN (Metropolitan Area Network) is a computer network that spans a larger geographical area than a LAN but smaller than a WAN, typically covering a city or large campus. Its two main characteristics are: (1) It covers a larger geographical area, usually spanning several kilometers to tens of kilometers, and (2) It offers higher data transmission speeds compared to WANs while maintaining relatively lower costs than WAN infrastructure.",,"B","short","4","annual","What is **MAN**? Write down its two characteristics.","ms7dsfedjqa6esmtcq1r8jvvs585p445","2024",
"computer-11","01-computer-systems","Computer Systems","1-5-network-topology","1.5 Network Topology","m17b6qbcafhm0559nahs25dcg185psrc","true","Federal Board",,"[""Mesh: Every device connected to every other device; Bus: Single backbone cable with all devices connected to it"",""Mesh reliability: Multiple paths ensure network continues if one connection fails; Bus reliability: Single cable failure can disable entire network"",""Mesh expansion: Expensive and complex, requires many new connections; Bus expansion: Easy and economical, simply add devices to backbone"",""Mesh is suitable for critical networks; Bus is suitable for small to medium networks with limited budgets"",""Trade-off: Mesh prioritizes reliability over cost; Bus prioritizes cost-effectiveness over reliability""]",,"false","3","Mesh and Bus are two distinct network topologies with different characteristics. In Mesh topology, every device is directly connected to every other device, creating multiple paths for data transmission. In contrast, Bus topology uses a single central cable (backbone) to which all devices are connected via drop lines. Regarding reliability, Mesh topology is highly reliable because if one connection fails, alternative paths exist for data transmission, ensuring network continuity. Bus topology is less reliable as a single break in the main cable can disable the entire network. For expansion, Mesh topology requires significant additional cabling and connections when adding new devices, making it expensive and complex to expand. Bus topology allows easier expansion by simply connecting new devices to the main backbone cable, though this increases traffic on the shared medium. In summary, Mesh offers superior reliability and redundancy but is costly and difficult to expand, while Bus is economical and easy to expand but vulnerable to single points of failure.",,"B","short","17","annual","Compare **Mesh** and **Bus** network topologies in terms of architecture, reliability and expansion.","ms7dsfedjqa6esmtcq1r8jvvs585p445","2024",
"computer-11","01-computer-systems","Computer Systems","1-5-network-topology","1.5 Network Topology","m17f6tjf1m8dne44qy1tm0ptd985qaqn","true","Federal Board",,"[""Correctly identifies WML as Wireless Markup Language"",""States Feature 1: Optimized for low-bandwidth/limited bandwidth environments"",""States Feature 2: Designed for small screens/limited display capabilities"",""Explains how features relate to wireless device constraints"",""Uses appropriate technical terminology""]",,"false","3","WML stands for Wireless Markup Language. It is a markup language designed for creating content on wireless devices with limited bandwidth and small screens. The two key features of WML are: (1) It is optimized for low-bandwidth environments, allowing efficient data transmission over wireless networks, and (2) It supports limited formatting and navigation suited to small display screens of mobile and wireless devices.",,"B","short","19","annual","What is **WML**? Write down its two features.","ms7dsfedjqa6esmtcq1r8jvvs585p445","2024",
"computer-11","01-computer-systems","Computer Systems","1-5-network-topology","1.5 Network Topology","m17eg03d4dkmznsxmjjnpqhdv185qrj1",,"Federal Board",,"[""Client-Server has centralized server; P2P has distributed equal peers"",""Client-Server uses centralized resource management; P2P uses distributed management"",""Client-Server is costly to scale; P2P is more cost-effective and scalable"",""Client-Server has single point of failure; P2P is more reliable"",""Client-Server has better centralized security; P2P has distributed security challenges""]",,"false","3","Client-Server and Peer-to-Peer are two fundamental network architectures that differ in structure and functionality:

1. **Structure and Roles**: In Client-Server architecture, there is a centralized server that provides resources and services to multiple clients. In Peer-to-Peer (P2P) architecture, all computers (peers) have equal status and can act as both clients and servers simultaneously.

2. **Resource Management**: Client-Server uses centralized resource management where the server controls and manages all resources, data, and services. P2P uses distributed resource management where each peer maintains its own resources and shares them directly with other peers.

3. **Scalability and Cost**: Client-Server requires powerful, expensive servers to handle multiple client requests, making it costly to scale. P2P is more scalable as new peers can join without requiring additional central infrastructure, making it more cost-effective.

4. **Reliability and Failure**: Client-Server has a single point of failure; if the server goes down, the entire network becomes non-functional. P2P is more reliable as the network continues to function even if individual peers fail, since there is no central dependency.

5. **Security**: Client-Server provides centralized security control and monitoring. P2P has distributed security, making it harder to implement uniform security policies and more vulnerable to attacks.",,"B","short","22","annual","Differentiate between **Client-Server** and **Peer-to-Peer** network architectures. (Any three points)","ms7dsfedjqa6esmtcq1r8jvvs585p445","2024",
"computer-11","01-computer-systems","Computer Systems","1-5-network-topology","1.5 Network Topology","m170y614e4tnbp93fkp9fny2e585qs5t",,"Federal Board",,"[""OSI model standardizes communication into 7 layers for interoperability and troubleshooting"",""Transport layer manages end-to-end communication, flow control, and error checking"",""Transport layer uses TCP for reliable delivery and UDP for connectionless delivery"",""Application layer directly serves end-user applications and provides network services"",""Application layer protocols include HTTP, SMTP, FTP, DNS, and Telnet"",""Transport layer performs data segmentation and reassembly"",""Application layer handles user authentication and data presentation""]",,"false","5","The OSI (Open Systems Interconnection) model is a conceptual framework that standardizes communication functions into seven layers, enabling interoperability between different computer systems and networks. Its purpose is to provide a structured approach to network communication, facilitate troubleshooting, and allow different vendors' equipment to work together.

**Transport Layer (Layer 4):**
The Transport layer is responsible for end-to-end communication and data delivery between applications on different hosts. Its key functions include: establishing, maintaining, and terminating connections; providing reliable or unreliable data transfer; performing flow control and error checking; and managing data segmentation and reassembly. It uses protocols like TCP (Transmission Control Protocol) for reliable delivery and UDP (User Datagram Protocol) for faster, connectionless delivery.

**Application Layer (Layer 7):**
The Application layer is the topmost layer that directly interacts with end-users and applications. Its functions include: providing network services to user applications; enabling user access to network resources; and supporting application-level protocols. Common protocols include HTTP/HTTPS (web browsing), SMTP/POP3 (email), FTP (file transfer), DNS (domain name resolution), and Telnet (remote access). It handles user authentication, data encryption, and presentation of data to users.",,"C","long","4","annual","What is the purpose of **OSI model**? Explain the functions of **Transport layer** and **Application layer**.","ms7dsfedjqa6esmtcq1r8jvvs585p445","2024",
"computer-11","01-computer-systems","Computer Systems","1-5-network-topology","1.5 Network Topology","m17bjc68n2dsge7defrkwt5kj185q5xs",,"Federal Board",,"[""Database model is a logical framework defining data organization and access methods"",""Hierarchical model uses tree structure with one-to-many relationships"",""Network model uses graph structure with many-to-many relationships"",""Hierarchical model requires sequential traversal from root node"",""Network model provides flexible multiple access paths"",""Hierarchical model is simpler but less flexible"",""Network model handles complex relationships more efficiently"",""Hierarchical model may have data redundancy"",""Network model reduces redundancy through multiple links""]",,"false","5","A database model is a logical structure or framework that defines how data is organized, stored, and accessed in a database system. It provides rules and methods for representing relationships between data entities.

Differences between Hierarchical and Network Database Models:

1. **Structure**: Hierarchical model organizes data in a tree-like structure with parent-child relationships in a one-to-many format, while Network model allows multiple parent-child relationships (many-to-many), forming a graph-like structure.

2. **Data Relationships**: Hierarchical model supports only one-to-many relationships between parent and child nodes, whereas Network model supports many-to-many relationships, allowing a child node to have multiple parents.

3. **Data Access**: Hierarchical model requires traversing from root to access data in a sequential manner following the tree path, while Network model provides more flexible access paths through multiple pointers and links.

4. **Complexity**: Hierarchical model is simpler to understand and implement but less flexible for complex relationships, while Network model is more complex but handles complex data relationships more efficiently.

5. **Data Redundancy**: Hierarchical model may require data duplication to represent multiple relationships, whereas Network model reduces redundancy by allowing direct links between related records.",,"C","long","7","annual","What is **database model**? How is **Hierarchical database model** different from **Network database model**? Give at least four reasons.","ms7dsfedjqa6esmtcq1r8jvvs585p445","2024",
"computer-11","01-computer-systems","Computer Systems","1-6-cybersecurity","1.6 Cybersecurity","m17dy9kb09j502km98mxb0an7x85q6h2","true","Federal Board","The key advantage of using a private cloud is enhanced security and control. Organizations maintain complete control over their infrastructure, data, and resources since the cloud environment is dedicated exclusively to them. This allows for better data privacy, compliance with regulatory requirements, and customization according to specific organizational needs. Additionally, private clouds offer improved performance and reliability as resources are not shared with other organizations.","[""Dedicated infrastructure exclusively for one organization"",""Enhanced security and data privacy"",""Greater control over resources and configurations"",""Better compliance with regulatory standards"",""Improved performance due to no resource sharing"",""Customization tailored to organizational requirements""]",,"false","1","The key advantage of using a private cloud is enhanced security and control. Organizations maintain complete control over their infrastructure, data, and resources since the cloud environment is dedicated exclusively to them. This allows for better data privacy, compliance with regulatory requirements, and customization according to specific organizational needs. Additionally, private clouds offer improved performance and reliability as resources are not shared with other organizations.","[{""key"":""A"",""text"":""Higher security and control over data""},{""key"":""B"",""text"":""Lower cost compared to public cloud""},{""key"":""C"",""text"":""Accessible to the public""},{""key"":""D"",""text"":""Reduced need for IT infrastructure""}]","MCQ","mcq","5","annual","The key advantage of using a **private cloud** is:","ms7d2v2sbthb7pq8m202sqgne185ppam","2025","A"
"computer-11","01-computer-systems","Computer Systems","1-6-cybersecurity","1.6 Cybersecurity","m17crrwafe6brsq2cq2t94px7s85qp5y",,"Federal Board",,"[""Symmetric uses single shared key; Asymmetric uses public-private key pair"",""Symmetric is faster and more efficient; Asymmetric is slower but solves key distribution problem"",""Symmetric requires secure key exchange; Asymmetric allows public key distribution"",""Symmetric suitable for bulk data encryption; Asymmetric suitable for key exchange and digital signatures""]",,"false","3","Three comparisons between Symmetric and Asymmetric encryption are:

1. **Key Usage**: Symmetric encryption uses a single shared key for both encryption and decryption, while asymmetric encryption uses a pair of keys (public and private) where the public key encrypts and the private key decrypts.

2. **Speed and Efficiency**: Symmetric encryption is faster and more computationally efficient for processing large amounts of data, whereas asymmetric encryption is slower due to complex mathematical operations and is typically used for smaller data or key exchange.

3. **Key Distribution**: Symmetric encryption requires secure transmission of the shared key to all parties, which is challenging, while asymmetric encryption solves this problem by allowing the public key to be distributed openly without compromising security.",,"B","short","5","annual","Write down three comparisons between **Symmetric** and **Asymmetric encryption**.","ms7d2v2sbthb7pq8m202sqgne185ppam","2025",
"computer-11","01-computer-systems","Computer Systems","1-6-cybersecurity","1.6 Cybersecurity","m176w9jteghcxqqc9pw0dng4ss85pt7s","true","Federal Board",,"[""2FA requires two different verification methods instead of just one password"",""Significantly reduces risk of unauthorized access and account breaches"",""Even if password is compromised, the second factor provides protection"",""Common factors include: something you know (password/PIN), something you have (phone/security key), something you are (fingerprint/biometric)"",""Example: Password + OTP (One-Time Password) sent via SMS or authenticator app"",""Example: Password + Fingerprint authentication"",""Makes it exponentially harder for attackers to gain unauthorized access""]",,"false","3","Two-factor authentication (2FA) is important because it provides an additional layer of security beyond just a password. It requires users to provide two different types of verification before gaining access to an account or system. This significantly reduces the risk of unauthorized access even if a password is compromised, stolen, or guessed. 2FA makes it much harder for attackers to breach accounts because they would need to possess both factors, not just one. Example: A user logs into their email account by entering their username and password (first factor), then receives a one-time code (OTP) on their registered mobile phone via SMS or an authenticator app (second factor). They must enter this code to complete the login process. Other examples include using a fingerprint along with a password, or a security key with a PIN.",,"B","short","10","annual","Why is **two-factor authentication (2FA)** important? Also give example.","ms7d2v2sbthb7pq8m202sqgne185ppam","2025",
"computer-11","01-computer-systems","Computer Systems","1-6-cybersecurity","1.6 Cybersecurity","m179vc5z7t1b759ss3vxwncdgh85qtav","false","Federal Board","Class C IP address is suitable for setting up a computer lab of 25 computers. Class C addresses provide a range of 254 usable host addresses (from 0 to 255, excluding network and broadcast addresses), which is more than sufficient for 25 computers. Class C addresses use the format 192.0.0.0 to 223.255.255.0 with a default subnet mask of 255.255.255.0, making them ideal for small to medium-sized networks like a computer lab.","[""Class C IP address is appropriate for 25 computers"",""Class C provides 254 usable host addresses"",""Class C range: 192.0.0.0 to 223.255.255.0"",""Default subnet mask for Class C: 255.255.255.0"",""Class C is suitable for small to medium-sized networks"",""25 computers require fewer addresses than Class C capacity""]",,"false","1","Class C IP address is suitable for setting up a computer lab of 25 computers. Class C addresses provide a range of 254 usable host addresses (from 0 to 255, excluding network and broadcast addresses), which is more than sufficient for 25 computers. Class C addresses use the format 192.0.0.0 to 223.255.255.0 with a default subnet mask of 255.255.255.0, making them ideal for small to medium-sized networks like a computer lab.","[{""key"":""A"",""text"":""Class A""},{""key"":""B"",""text"":""Class B""},{""key"":""C"",""text"":""Class C""},{""key"":""D"",""text"":""Class D""}]","MCQ","unclassified","10","annual","To setup a computer lab of $25$ computers, which class of **IP address** is suitable?","ms7d2v2sbthb7pq8m202sqgne185ppam","2022","C"
"computer-11","01-computer-systems","Computer Systems","1-6-cybersecurity","1.6 Cybersecurity","m174qzrcfzr49xevh2g9e1wp0h85qmj7",,"Federal Board",,"[""Removes excess heat from CPU, GPU, and other components"",""Prevents thermal throttling and performance degradation"",""Avoids system crashes and data corruption"",""Extends hardware lifespan and durability"",""Maintains stable and consistent system performance"",""Prevents permanent damage to electronic components"",""Enables sustained heavy workloads and gaming"",""Essential for server reliability and efficiency""]",,"false","3","The cooling system in a computer is essential for maintaining optimal performance and longevity. It removes excess heat generated by the CPU, GPU, and other components during operation. Without proper cooling, heat accumulation can cause thermal throttling (reduced performance), system crashes, data corruption, and permanent hardware damage. An effective cooling system ensures stable operation, extends component lifespan, maintains consistent performance, and prevents unexpected shutdowns. It also allows for overclocking and sustained heavy workloads. Proper cooling is critical for both personal computers and servers to ensure reliability and efficiency.",,"B","short","8","annual","Write down the importance of **cooling system** in computer system.","ms7d2v2sbthb7pq8m202sqgne185ppam","2022",