subjectSlug,chapterSlug,chapterTitle,topicSlug,topicTitle,_id,correctKey,exerciseId,exerciseTitle,explanation,lastAttempt,locked,options,origin,partType,questionKind,questionNumber,sectionLabel,sourceRef,stem,topicId,keyPoints,modelAnswer,sectionId,correctKeyVerified,examBoard,marks,session,year
"physics-11","06-fluid-mechanics","Fluid Mechanics","upthrust-and-archimedes-principle","6.1 Archimedes' Principle and Buoyancy","m17enzg9vcwmjkm759s2zg0ym58e12ta","A","xd73kyfnassjqf9qb0yrrpgq3s8e0a6r","Exercise 6: Multiple Choice Questions","The principle of floatation (a floating body displaces liquid equal to its own weight) is used to determine the density of a floating object relative to the liquid.",,"false","[{""key"":""A"",""text"":""Density""},{""key"":""B"",""text"":""Velocity""},{""key"":""C"",""text"":""Area""},{""key"":""D"",""text"":""Pressure""}]","exercise","MCQ","mcq","1","Multiple Choice Questions","{""blockIndex"":2,""chapterNumber"":6,""subjectSlug"":""physics-11""}","Principle of floatation helps us to find:","ms71yphrrtcynvhjxta4t2sx4n85qxan",,,,,,,,
"physics-11","06-fluid-mechanics","Fluid Mechanics","upthrust-and-archimedes-principle","6.1 Archimedes' Principle and Buoyancy","m1713z5ysensnsw414t5927b098e0tp7","A","xd73kyfnassjqf9qb0yrrpgq3s8e0a6r","Exercise 6: Multiple Choice Questions","Archimedes' principle states the upthrust (buoyant force) on a submerged/floating object equals the weight of the liquid it displaces.",,"false","[{""key"":""A"",""text"":""weight of the displaced liquid""},{""key"":""B"",""text"":""volume of the displaced liquid""},{""key"":""C"",""text"":""mass of the displaced liquid""},{""key"":""D"",""text"":""density of the displaced liquid""}]","exercise","MCQ","mcq","2","Multiple Choice Questions","{""blockIndex"":2,""chapterNumber"":6,""subjectSlug"":""physics-11""}","According to Archimedes' principle, the up-thrust on an object equals:","ms71yphrrtcynvhjxta4t2sx4n85qxan",,,,,,,,
"physics-11","06-fluid-mechanics","Fluid Mechanics","upthrust-and-archimedes-principle","6.1 Archimedes' Principle and Buoyancy","m17f5tft3y3h0csb7bvqz2tazd8e11ym",,"xd728wg2m8th9gg949xgccr37s8e1kgb","Exercise 6: Comprehensive Questions",,,"false",,"exercise",,"long","6.1","Comprehensive Questions","{""blockIndex"":19,""chapterNumber"":6,""subjectSlug"":""physics-11""}","What is up thrust? Explain with the help of examples.","ms71yphrrtcynvhjxta4t2sx4n85qxan","[""Upthrust (buoyant force) is the upward force exerted by a fluid on a body wholly or partially submerged in it, arising from the pressure difference between the bottom and top surfaces of the body."",""By Archimedes' principle, upthrust equals the weight of the fluid displaced by the submerged part of the body."",""Examples: a ship floats because its displaced water's weight equals the ship's weight; a person feels lighter while standing in a swimming pool because water exerts an upward buoyant force on their body.""]","Up-thrust, or buoyant force, is the upward force exerted by a fluid on an immersed object. It is present whether the object floats, sinks, or is suspended. If up-thrust exceeds weight the object rises, if it is less than weight the object sinks, and if it equals weight the object remains suspended. Archimedes' principle gives its magnitude as the weight of displaced fluid, $F_b=\rho gV$. Ships float by displacing enough water for this buoyant force to balance their weight, and a balloon rises when its buoyant force exceeds its weight.",,,,,,
"physics-11","06-fluid-mechanics","Fluid Mechanics","upthrust-and-archimedes-principle","6.1 Archimedes' Principle and Buoyancy","m17b8cmg4414qh8hsqbj3j2dqn8e0vx7",,"xd728wg2m8th9gg949xgccr37s8e1kgb","Exercise 6: Comprehensive Questions",,,"false",,"exercise",,"long","6.2","Comprehensive Questions","{""blockIndex"":19,""chapterNumber"":6,""subjectSlug"":""physics-11""}","Explain Archimedes' principle of flotation.","ms71yphrrtcynvhjxta4t2sx4n85qxan","[""Archimedes' principle states that a body wholly or partially immersed in a fluid experiences an upthrust equal to the weight of the fluid it displaces."",""The principle of floatation follows from this: a body floats when the upthrust (weight of displaced fluid) equals the body's own weight, which happens when the body displaces just enough fluid before it is fully submerged."",""A body sinks if its weight exceeds the maximum possible upthrust (weight of fluid displaced when fully submerged), i.e. if its average density exceeds the fluid's density.""]","Archimedes' principle states that an object wholly or partly immersed in a fluid experiences an up-thrust equal to the weight of the fluid it displaces: $F_b=\rho gV$. For a floating object, the up-thrust balances the object's weight. The principle explains why a ship can float despite its large mass: its hollow hull displaces enough water that the buoyant force equals the ship's weight. It also permits density measurements from an object's apparent loss of weight in a liquid.",,,,,,
"physics-11","06-fluid-mechanics","Fluid Mechanics","upthrust-and-archimedes-principle","6.1 Archimedes' Principle and Buoyancy","m1744vycm1n67xy8zbrc4yw8p98e2aa8","A","xd73kyfnassjqf9qb0yrrpgq3s8e0a6r","Exercise 6: Multiple Choice Questions","The principle of floatation (a floating body displaces liquid equal to its own weight) is used to determine the density of a floating object relative to the liquid.",,"false","[{""key"":""A"",""text"":""Density""},{""key"":""B"",""text"":""Velocity""},{""key"":""C"",""text"":""Area""},{""key"":""D"",""text"":""Pressure""}]","exercise","MCQ","mcq","1","Multiple Choice Questions","{""blockIndex"":2,""chapterNumber"":6,""subjectSlug"":""physics-11""}","Principle of floatation helps us to find:","ms71yphrrtcynvhjxta4t2sx4n85qxan",,,,,,,,
"physics-11","06-fluid-mechanics","Fluid Mechanics","upthrust-and-archimedes-principle","6.1 Archimedes' Principle and Buoyancy","m178mcbvvf522zyha4h9bkwwhh8e2tmc","A","xd73kyfnassjqf9qb0yrrpgq3s8e0a6r","Exercise 6: Multiple Choice Questions","Archimedes' principle states the upthrust (buoyant force) on a submerged/floating object equals the weight of the liquid it displaces.",,"false","[{""key"":""A"",""text"":""weight of the displaced liquid""},{""key"":""B"",""text"":""volume of the displaced liquid""},{""key"":""C"",""text"":""mass of the displaced liquid""},{""key"":""D"",""text"":""density of the displaced liquid""}]","exercise","MCQ","mcq","2","Multiple Choice Questions","{""blockIndex"":2,""chapterNumber"":6,""subjectSlug"":""physics-11""}","According to Archimedes' principle, the up-thrust on an object equals:","ms71yphrrtcynvhjxta4t2sx4n85qxan",,,,,,,,
"physics-11","06-fluid-mechanics","Fluid Mechanics","upthrust-and-archimedes-principle","6.1 Archimedes' Principle and Buoyancy","m170na6mjjhvgj2gj98s8j8gxd8e3stw",,"xd728wg2m8th9gg949xgccr37s8e1kgb","Exercise 6: Comprehensive Questions",,,"false",,"exercise",,"long","6.1","Comprehensive Questions","{""blockIndex"":19,""chapterNumber"":6,""subjectSlug"":""physics-11""}","What is up thrust? Explain with the help of examples.","ms71yphrrtcynvhjxta4t2sx4n85qxan","[""Upthrust (buoyant force) is the upward force exerted by a fluid on a body wholly or partially submerged in it, arising from the pressure difference between the bottom and top surfaces of the body."",""By Archimedes' principle, upthrust equals the weight of the fluid displaced by the submerged part of the body."",""Examples: a ship floats because its displaced water's weight equals the ship's weight; a person feels lighter while standing in a swimming pool because water exerts an upward buoyant force on their body.""]","Up-thrust, or buoyant force, is the upward force exerted by a fluid on an immersed object. It is present whether the object floats, sinks, or is suspended. If up-thrust exceeds weight the object rises, if it is less than weight the object sinks, and if it equals weight the object remains suspended. Archimedes' principle gives its magnitude as the weight of displaced fluid, $F_b=\rho gV$. Ships float by displacing enough water for this buoyant force to balance their weight, and a balloon rises when its buoyant force exceeds its weight.",,,,,,
"physics-11","06-fluid-mechanics","Fluid Mechanics","upthrust-and-archimedes-principle","6.1 Archimedes' Principle and Buoyancy","m17617za005fhc2at719bkrejd8e377p",,"xd728wg2m8th9gg949xgccr37s8e1kgb","Exercise 6: Comprehensive Questions",,,"false",,"exercise",,"long","6.2","Comprehensive Questions","{""blockIndex"":19,""chapterNumber"":6,""subjectSlug"":""physics-11""}","Explain Archimedes' principle of flotation.","ms71yphrrtcynvhjxta4t2sx4n85qxan","[""Archimedes' principle states that a body wholly or partially immersed in a fluid experiences an upthrust equal to the weight of the fluid it displaces."",""The principle of floatation follows from this: a body floats when the upthrust (weight of displaced fluid) equals the body's own weight, which happens when the body displaces just enough fluid before it is fully submerged."",""A body sinks if its weight exceeds the maximum possible upthrust (weight of fluid displaced when fully submerged), i.e. if its average density exceeds the fluid's density.""]","Archimedes' principle states that an object wholly or partly immersed in a fluid experiences an up-thrust equal to the weight of the fluid it displaces: $F_b=\rho gV$. For a floating object, the up-thrust balances the object's weight. The principle explains why a ship can float despite its large mass: its hollow hull displaces enough water that the buoyant force equals the ship's weight. It also permits density measurements from an object's apparent loss of weight in a liquid.",,,,,,
"physics-11","06-fluid-mechanics","Fluid Mechanics","upthrust-and-archimedes-principle","6.1 Archimedes' Principle and Buoyancy","m179nwvvedqy6rhvdsedcrmczs8e25a5",,"xd706awf7127bvfjw3xc90ee5d8e03ht","Exercise 6: Numerical Problems",,,"false",,"exercise",,"short","6.11","Applications","{""blockIndex"":22,""chapterNumber"":6,""subjectSlug"":""physics-11""}","An empty meteorological balloon has a weight of 80 N. How much maximum contents can the balloon lift besides its own weight if it is filled with 10 m^3 of hydrogen? (Density of hydrogen = 0.09 kg/m^3, Density of air = 1.3 kg/m^3).","ms71yphrrtcynvhjxta4t2sx4n85qxan",,"Upthrust (weight of displaced air) = $V \rho_{air} g = 10 \times 1.3 \times 9.8 \approx 127.4$ N. Weight of hydrogen = $V \rho_{H_2} g = 10 \times 0.09 \times 9.8 \approx 8.82$ N. Maximum additional load = Upthrust - (balloon weight + hydrogen weight) = $127.4 - (80 + 8.82) \approx 38.58$ N, matching the textbook. (Ans. 38.58 N, as printed in the textbook.)","applications",,,,,
"physics-11","06-fluid-mechanics","Fluid Mechanics","fluid-flow","6.2 Types of Fluid Flow","m17fvvtvba4vm5hscnjw2qkqb585q19v",,,,,,"false",,,"B","short","17","Ideal Fluid",,"A garden hose of inner radius $1.25\text{ cm}$ carries water at $2.60\text{ ms}^{-1}$. The nozzle at the end has radius $0.30\text{ cm}$. How fast does the water emerge out through the nozzle?","ms70t4tmm5v3sbd6ze7ym3fezd85p8v2","[""Correctly identified and applied the Equation of Continuity: $A_1v_1 = A_2v_2$"",""Properly calculated cross-sectional areas using $A = \\pi r^2$ and simplified to $r_1^2v_1 = r_2^2v_2$"",""Correctly substituted numerical values and performed algebraic manipulation to solve for $v_2$"",""Obtained final answer of approximately 45.1 m/s with correct units"",""Demonstrated understanding that velocity increases as cross-sectional area decreases (conservation of mass principle)""]","Using the Equation of Continuity, which states that $A_1v_1 = A_2v_2$ for an incompressible fluid, we can find the velocity at the nozzle. Given: $r_1 = 1.25$ cm, $v_1 = 2.60$ m/s, $r_2 = 0.30$ cm. Since $A = \pi r^2$, we have $\pi r_1^2 v_1 = \pi r_2^2 v_2$. Solving for $v_2$: $v_2 = v_1\left(\frac{r_1}{r_2}\right)^2 = 2.60 \times \left(\frac{1.25}{0.30}\right)^2 = 2.60 \times (4.167)^2 = 2.60 \times 17.36 = 45.1$ m/s. Therefore, water emerges from the nozzle at approximately **45.1 m/s**.","ideal-fluid","true","Federal Board","3","annual","2022"
"physics-11","06-fluid-mechanics","Fluid Mechanics","fluid-flow","6.2 Types of Fluid Flow","m17124j2xq15t0pr783ayxap5185qhgw",,,,,,"false",,,"B","short","16","What the Equation of Continuity States",,"A certain pipe has a cross-sectional area of $0.0002\text{ m}^2$ in which water is flowing at $5\text{ m/s}$. Find **flow rate**.","ms70t4tmm5v3sbd6ze7ym3fezd85p8v2","[""Correctly identifies and applies the flow rate formula $Q = A \\cdot v$"",""Substitutes given values accurately: $A = 0.0002 \\text{ m}^2$ and $v = 5 \\text{ m/s}$"",""Calculates correct numerical answer: $Q = 0.001 \\text{ m}^3/\\text{s}$ or $1 \\times 10^{-3} \\text{ m}^3/\\text{s}$"",""Includes proper units ($\\text{m}^3/\\text{s}$) in final answer"",""Explains that flow rate represents volume of fluid passing per unit time""]","The flow rate (discharge) is calculated using the formula $Q = A \cdot v$, where $A$ is the cross-sectional area and $v$ is the velocity of fluid flow. Given $A = 0.0002 \text{ m}^2$ and $v = 5 \text{ m/s}$, the flow rate is $Q = 0.0002 \times 5 = 0.001 \text{ m}^3/\text{s}$ or $1 \times 10^{-3} \text{ m}^3/\text{s}$. This represents the volume of water passing through the pipe per unit time.","what-the-equation-of-continuity-states","true","Federal Board","3","annual","2024"
"physics-11","06-fluid-mechanics","Fluid Mechanics","fluid-flow","6.2 Types of Fluid Flow","m179ccc4rfjsw1vvc9cnz77htn8e1bbk",,"xd747wwb47cck0b4eg7zrva0yx8e1x1g","Exercise 6: Short Questions",,,"false",,"exercise",,"short","6.2","Short Questions","{""blockIndex"":15,""chapterNumber"":6,""subjectSlug"":""physics-11""}","Distinguish between turbulent and streamline flow.","ms70t4tmm5v3sbd6ze7ym3fezd85p8v2",,"In streamline (laminar) flow, fluid particles move in smooth, orderly paths that do not cross, with velocity at any point remaining steady over time. In turbulent flow, fluid particles move in irregular, chaotic paths with eddies and swirls, and velocity at a point fluctuates unpredictably; turbulent flow typically occurs at high speeds or past obstacles.",,,,,,
"physics-11","06-fluid-mechanics","Fluid Mechanics","fluid-flow","6.2 Types of Fluid Flow","m17d4p6mwj7pjnxvfjn6a432kn8e3996",,"xd747wwb47cck0b4eg7zrva0yx8e1x1g","Exercise 6: Short Questions",,,"false",,"exercise",,"short","6.2","Short Questions","{""blockIndex"":15,""chapterNumber"":6,""subjectSlug"":""physics-11""}","Distinguish between turbulent and streamline flow.","ms70t4tmm5v3sbd6ze7ym3fezd85p8v2",,"In streamline (laminar) flow, fluid particles move in smooth, orderly paths that do not cross, with velocity at any point remaining steady over time. In turbulent flow, fluid particles move in irregular, chaotic paths with eddies and swirls, and velocity at a point fluctuates unpredictably; turbulent flow typically occurs at high speeds or past obstacles.",,,,,,
"physics-11","06-fluid-mechanics","Fluid Mechanics","equation-of-continuity","6.3 Equation of Continuity","m17eca51e2zncf1ymm1bd1ap9n8e0md2","C","xd73kyfnassjqf9qb0yrrpgq3s8e0a6r","Exercise 6: Multiple Choice Questions","Since v is inversely proportional to $d^2$ ($A \propto d^2$), to increase v by 4x, $d^2$ must decrease by 4x, so d decreases by a factor of 2: $d' = 4/2 = 2$ cm.",,"false","[{""key"":""A"",""text"":""1/4 cm""},{""key"":""B"",""text"":""4 cm""},{""key"":""C"",""text"":""2 cm""},{""key"":""D"",""text"":""1/2 cm""}]","exercise","MCQ","mcq","14","Multiple Choice Questions","{""blockIndex"":2,""chapterNumber"":6,""subjectSlug"":""physics-11""}","The end of a hose has a diameter of 4 cm. If one wants the velocity of the water coming out to be 4 times higher, what should be the diameter of the nozzle on the end?","ms706d5gmgwqh7d1dn6c2saf9d85q4nw",,,,,,,,
"physics-11","06-fluid-mechanics","Fluid Mechanics","equation-of-continuity","6.3 Equation of Continuity","m171nvk1fht9f2xmad9bqzbhps8e1mer",,"xd747wwb47cck0b4eg7zrva0yx8e1x1g","Exercise 6: Short Questions",,,"false",,"exercise",,"short","6.10","Short Questions","{""blockIndex"":15,""chapterNumber"":6,""subjectSlug"":""physics-11""}","Can you increase the flow velocity of water in a rubber pipe by squeezing? Explain briefly.","ms706d5gmgwqh7d1dn6c2saf9d85q4nw",,"Yes. Squeezing the rubber pipe reduces its cross-sectional area at that point. By the equation of continuity (Av = constant), a decrease in area A must be accompanied by an increase in velocity v to keep the volume flow rate constant, so the water speeds up at the squeezed section.",,,,,,
"physics-11","06-fluid-mechanics","Fluid Mechanics","equation-of-continuity","6.3 Equation of Continuity","m1707z5fb924dm6syscakchft98e00xk",,"xd706awf7127bvfjw3xc90ee5d8e03ht","Exercise 6: Numerical Problems",,,"false",,"exercise",,"short","6.4","Numerical Problems","{""blockIndex"":22,""chapterNumber"":6,""subjectSlug"":""physics-11""}","Water flows through a pipe with an internal diameter of 4 cm at a speed of 2 m/s. What should be the diameter of the nozzle if the water is to emerge out with a speed of 4 m/s?","ms706d5gmgwqh7d1dn6c2saf9d85q4nw",,"By continuity, $A_1v_1 = A_2v_2$, and since $A \propto d^2$: $d_2 = d_1\sqrt{v_1/v_2} = 4 \times \sqrt{2/4} = 4 \times 0.707 \approx 2.8$ cm, matching the textbook. (Ans. 2.8 cm, as printed in the textbook.)",,,,,,
"physics-11","06-fluid-mechanics","Fluid Mechanics","equation-of-continuity","6.3 Equation of Continuity","m178227w5t3pa6kmg25dhcbm818e34sk","C","xd73kyfnassjqf9qb0yrrpgq3s8e0a6r","Exercise 6: Multiple Choice Questions","Since v is inversely proportional to $d^2$ ($A \propto d^2$), to increase v by 4x, $d^2$ must decrease by 4x, so d decreases by a factor of 2: $d' = 4/2 = 2$ cm.",,"false","[{""key"":""A"",""text"":""1/4 cm""},{""key"":""B"",""text"":""4 cm""},{""key"":""C"",""text"":""2 cm""},{""key"":""D"",""text"":""1/2 cm""}]","exercise","MCQ","mcq","14","Multiple Choice Questions","{""blockIndex"":2,""chapterNumber"":6,""subjectSlug"":""physics-11""}","The end of a hose has a diameter of 4 cm. If one wants the velocity of the water coming out to be 4 times higher, what should be the diameter of the nozzle on the end?","ms706d5gmgwqh7d1dn6c2saf9d85q4nw",,,,,,,,
"physics-11","06-fluid-mechanics","Fluid Mechanics","equation-of-continuity","6.3 Equation of Continuity","m17e9tkgtf1bcv7462ftw31rp18e2tfv",,"xd747wwb47cck0b4eg7zrva0yx8e1x1g","Exercise 6: Short Questions",,,"false",,"exercise",,"short","6.10","Short Questions","{""blockIndex"":15,""chapterNumber"":6,""subjectSlug"":""physics-11""}","Can you increase the flow velocity of water in a rubber pipe by squeezing? Explain briefly.","ms706d5gmgwqh7d1dn6c2saf9d85q4nw",,"Yes. Squeezing the rubber pipe reduces its cross-sectional area at that point. By the equation of continuity (Av = constant), a decrease in area A must be accompanied by an increase in velocity v to keep the volume flow rate constant, so the water speeds up at the squeezed section.",,,,,,
"physics-11","06-fluid-mechanics","Fluid Mechanics","equation-of-continuity","6.3 Equation of Continuity","m1798emqvde2khh09whpwmc6tx8e2p0r",,"xd706awf7127bvfjw3xc90ee5d8e03ht","Exercise 6: Numerical Problems",,,"false",,"exercise",,"short","6.4","Numerical Problems","{""blockIndex"":22,""chapterNumber"":6,""subjectSlug"":""physics-11""}","Water flows through a pipe with an internal diameter of 4 cm at a speed of 2 m/s. What should be the diameter of the nozzle if the water is to emerge out with a speed of 4 m/s?","ms706d5gmgwqh7d1dn6c2saf9d85q4nw",,"By continuity, $A_1v_1 = A_2v_2$, and since $A \propto d^2$: $d_2 = d_1\sqrt{v_1/v_2} = 4 \times \sqrt{2/4} = 4 \times 0.707 \approx 2.8$ cm, matching the textbook. (Ans. 2.8 cm, as printed in the textbook.)",,,,,,
"physics-11","06-fluid-mechanics","Fluid Mechanics","equation-of-continuity","6.3 Equation of Continuity","m17fvvtvba4vm5hscnjw2qkqb585q19v",,,,,,"false",,,"B","short","17","Ideal Fluid",,"A garden hose of inner radius $1.25\text{ cm}$ carries water at $2.60\text{ ms}^{-1}$. The nozzle at the end has radius $0.30\text{ cm}$. How fast does the water emerge out through the nozzle?","ms706d5gmgwqh7d1dn6c2saf9d85q4nw","[""Correctly identified and applied the Equation of Continuity: $A_1v_1 = A_2v_2$"",""Properly calculated cross-sectional areas using $A = \\pi r^2$ and simplified to $r_1^2v_1 = r_2^2v_2$"",""Correctly substituted numerical values and performed algebraic manipulation to solve for $v_2$"",""Obtained final answer of approximately 45.1 m/s with correct units"",""Demonstrated understanding that velocity increases as cross-sectional area decreases (conservation of mass principle)""]","Using the Equation of Continuity, which states that $A_1v_1 = A_2v_2$ for an incompressible fluid, we can find the velocity at the nozzle. Given: $r_1 = 1.25$ cm, $v_1 = 2.60$ m/s, $r_2 = 0.30$ cm. Since $A = \pi r^2$, we have $\pi r_1^2 v_1 = \pi r_2^2 v_2$. Solving for $v_2$: $v_2 = v_1\left(\frac{r_1}{r_2}\right)^2 = 2.60 \times \left(\frac{1.25}{0.30}\right)^2 = 2.60 \times (4.167)^2 = 2.60 \times 17.36 = 45.1$ m/s. Therefore, water emerges from the nozzle at approximately **45.1 m/s**.","ideal-fluid","true","Federal Board","3","annual","2022"
"physics-11","06-fluid-mechanics","Fluid Mechanics","equation-of-continuity","6.3 Equation of Continuity","m1737kn6wpeq88zj9rnvfvjz7n8e12px",,"xd747wwb47cck0b4eg7zrva0yx8e1x1g","Exercise 6: Short Questions",,,"false",,"exercise",,"short","6.3","Ideal Fluid","{""blockIndex"":15,""chapterNumber"":6,""subjectSlug"":""physics-11""}","When there is a change in the width of a river, the speed of the water decreases in wider regions whereas the speed of water increases in the narrower regions. Why?","ms706d5gmgwqh7d1dn6c2saf9d85q4nw",,"By the equation of continuity, the volume flow rate (Av) must stay constant along the river. Where the river widens, cross-sectional area A increases, so speed v must decrease; where it narrows, A decreases, so v must increase to keep Av constant.","ideal-fluid",,,,,
"physics-11","06-fluid-mechanics","Fluid Mechanics","equation-of-continuity","6.3 Equation of Continuity","m178tcex4kt5qd045ezs6z5fn18e0d1f",,"xd706awf7127bvfjw3xc90ee5d8e03ht","Exercise 6: Numerical Problems",,,"false",,"exercise",,"short","6.2","Ideal Fluid","{""blockIndex"":22,""chapterNumber"":6,""subjectSlug"":""physics-11""}","Water is flowing at a velocity of 2.00 m/s through a hose with an internal diameter of 1.60 cm. (a) What is the flow rate in liters per second? (b) The fluid velocity in this hose's nozzle is 15.0 m/s. What is the nozzle's inside diameter?","ms706d5gmgwqh7d1dn6c2saf9d85q4nw",,"(a) $A = \pi (d/2)^2 = \pi (0.008)^2 \approx 2.01\times10^{-4}\ \mathrm{m^2}$. Flow rate $Q = Av = 2.01\times10^{-4} \times 2.00 \approx 4.02\times10^{-4}\ \mathrm{m^3/s} = 0.402\ \mathrm{L/s}$. (b) By continuity, $A_1v_1=A_2v_2$, so $d_2 = d_1\sqrt{v_1/v_2} = 1.60 \times \sqrt{2.00/15.0} \approx 0.584$ cm, matching the textbook. (Ans. 0.402 L/s, 0.584 cm, as printed in the textbook.)","ideal-fluid",,,,,
"physics-11","06-fluid-mechanics","Fluid Mechanics","equation-of-continuity","6.3 Equation of Continuity","m177w04kgpc2nb5fcmv16s6nfs8e2dsx",,"xd747wwb47cck0b4eg7zrva0yx8e1x1g","Exercise 6: Short Questions",,,"false",,"exercise",,"short","6.3","Ideal Fluid","{""blockIndex"":15,""chapterNumber"":6,""subjectSlug"":""physics-11""}","When there is a change in the width of a river, the speed of the water decreases in wider regions whereas the speed of water increases in the narrower regions. Why?","ms706d5gmgwqh7d1dn6c2saf9d85q4nw",,"By the equation of continuity, the volume flow rate (Av) must stay constant along the river. Where the river widens, cross-sectional area A increases, so speed v must decrease; where it narrows, A decreases, so v must increase to keep Av constant.","ideal-fluid",,,,,
"physics-11","06-fluid-mechanics","Fluid Mechanics","equation-of-continuity","6.3 Equation of Continuity","m17bh0h7v5d0xkryf8hc1p3nfd8e3mq5",,"xd706awf7127bvfjw3xc90ee5d8e03ht","Exercise 6: Numerical Problems",,,"false",,"exercise",,"short","6.2","Ideal Fluid","{""blockIndex"":22,""chapterNumber"":6,""subjectSlug"":""physics-11""}","Water is flowing at a velocity of 2.00 m/s through a hose with an internal diameter of 1.60 cm. (a) What is the flow rate in liters per second? (b) The fluid velocity in this hose's nozzle is 15.0 m/s. What is the nozzle's inside diameter?","ms706d5gmgwqh7d1dn6c2saf9d85q4nw",,"(a) $A = \pi (d/2)^2 = \pi (0.008)^2 \approx 2.01\times10^{-4}\ \mathrm{m^2}$. Flow rate $Q = Av = 2.01\times10^{-4} \times 2.00 \approx 4.02\times10^{-4}\ \mathrm{m^3/s} = 0.402\ \mathrm{L/s}$. (b) By continuity, $A_1v_1=A_2v_2$, so $d_2 = d_1\sqrt{v_1/v_2} = 1.60 \times \sqrt{2.00/15.0} \approx 0.584$ cm, matching the textbook. (Ans. 0.402 L/s, 0.584 cm, as printed in the textbook.)","ideal-fluid",,,,,
"physics-11","06-fluid-mechanics","Fluid Mechanics","equation-of-continuity","6.3 Equation of Continuity","m1777k5gk7b23gvxw9yh5djqcs85pf3b",,,,,,"false",,,"C","long","5","Mathematical Derivation",,"State the **equation of continuity** and derive its mathematical form. On what basis is the equation of continuity derived?","ms706d5gmgwqh7d1dn6c2saf9d85q4nw","[""States that mass flow rate is constant: $A_1 v_1 = A_2 v_2$ for incompressible fluids"",""Derived from conservation of mass principle: mass entering equals mass leaving in steady flow"",""Mathematical derivation uses $\\rho A_1 v_1 \\Delta t = \\rho A_2 v_2 \\Delta t$ for incompressible fluids"",""Applies to ideal fluids in streamline flow with constant density"",""Explains inverse relationship between area and velocity in fluid flow""]","The **equation of continuity** states that for an ideal, incompressible fluid in streamline flow, the mass flow rate is constant at all points along the flow path. Mathematically, it is expressed as: $$A_1 v_1 = A_2 v_2 \quad \text{or} \quad A \cdot v = \text{constant}$$ where $A$ is the cross-sectional area and $v$ is the fluid velocity at any point.

**Derivation:**
The equation is derived from the **law of conservation of mass**. Consider a fluid flowing through a pipe with varying cross-sections. In time $\Delta t$, the volume of fluid entering at point 1 is $V_1 = A_1 v_1 \Delta t$, and the volume leaving at point 2 is $V_2 = A_2 v_2 \Delta t$. For an incompressible fluid, the mass entering must equal the mass leaving: $\rho A_1 v_1 \Delta t = \rho A_2 v_2 \Delta t$. Canceling $\rho$ and $\Delta t$ gives $A_1 v_1 = A_2 v_2$.

**Basis of Derivation:**
The equation of continuity is derived on the basis of the **law of conservation of mass**, which states that mass cannot be created or destroyed in a closed system. For steady streamline flow of an incompressible fluid, the mass flow rate (mass per unit time) must remain constant throughout the pipe, regardless of changes in cross-sectional area. This fundamental principle ensures that where the pipe narrows, fluid velocity increases, and where it widens, velocity decreases, maintaining constant mass flow rate at all points.","mathematical-derivation","true","Federal Board","7","annual","2025"
"physics-11","06-fluid-mechanics","Fluid Mechanics","equation-of-continuity","6.3 Equation of Continuity","m176791vm0pdb8kw9h1a91sm0985q2fn","C",,,"In the equation of continuity, the volume flow rate is equal to the product of the cross-sectional area and the fluid velocity at any point along the streamline. Mathematically, it is expressed as $Q = A \cdot v$, where $Q$ is the volume flow rate, $A$ is the cross-sectional area, and $v$ is the fluid velocity. This quantity remains constant throughout the flow of an ideal, incompressible fluid.",,"false","[{""key"":""A"",""text"":""Ad""},{""key"":""B"",""text"":""Ap""},{""key"":""C"",""text"":""Av""},{""key"":""D"",""text"":""$A \\Delta t$""}]",,"MCQ","mcq","17","What the Equation of Continuity States",,"In equation of continuity, the 'volume flow rate' is equal to:","ms706d5gmgwqh7d1dn6c2saf9d85q4nw","[""Volume flow rate $Q = A \\cdot v$ (area multiplied by velocity)"",""Remains constant at all points along a streamline for ideal incompressible fluids"",""Derived from the law of conservation of mass"",""Where cross-sectional area decreases, velocity increases proportionally to maintain constant flow rate""]","In the equation of continuity, the volume flow rate is equal to the product of the cross-sectional area and the fluid velocity at any point along the streamline. Mathematically, it is expressed as $Q = A \cdot v$, where $Q$ is the volume flow rate, $A$ is the cross-sectional area, and $v$ is the fluid velocity. This quantity remains constant throughout the flow of an ideal, incompressible fluid.","what-the-equation-of-continuity-states","true","Federal Board","1","annual","2023"
"physics-11","06-fluid-mechanics","Fluid Mechanics","equation-of-continuity","6.3 Equation of Continuity","m17124j2xq15t0pr783ayxap5185qhgw",,,,,,"false",,,"B","short","16","What the Equation of Continuity States",,"A certain pipe has a cross-sectional area of $0.0002\text{ m}^2$ in which water is flowing at $5\text{ m/s}$. Find **flow rate**.","ms706d5gmgwqh7d1dn6c2saf9d85q4nw","[""Correctly identifies and applies the flow rate formula $Q = A \\cdot v$"",""Substitutes given values accurately: $A = 0.0002 \\text{ m}^2$ and $v = 5 \\text{ m/s}$"",""Calculates correct numerical answer: $Q = 0.001 \\text{ m}^3/\\text{s}$ or $1 \\times 10^{-3} \\text{ m}^3/\\text{s}$"",""Includes proper units ($\\text{m}^3/\\text{s}$) in final answer"",""Explains that flow rate represents volume of fluid passing per unit time""]","The flow rate (discharge) is calculated using the formula $Q = A \cdot v$, where $A$ is the cross-sectional area and $v$ is the velocity of fluid flow. Given $A = 0.0002 \text{ m}^2$ and $v = 5 \text{ m/s}$, the flow rate is $Q = 0.0002 \times 5 = 0.001 \text{ m}^3/\text{s}$ or $1 \times 10^{-3} \text{ m}^3/\text{s}$. This represents the volume of water passing through the pipe per unit time.","what-the-equation-of-continuity-states","true","Federal Board","3","annual","2024"
"physics-11","06-fluid-mechanics","Fluid Mechanics","equation-of-continuity","6.3 Equation of Continuity","m17d6csjd5n2z6bhj8kmytr8ms8e10y0","D","xd73kyfnassjqf9qb0yrrpgq3s8e0a6r","Exercise 6: Multiple Choice Questions","By the equation of continuity, A1v1 = A2v2, with area proportional to diameter squared: v2 = v1*(d1/d2)^2 = 9*(10/6)^2 = 9*2.778 ≈ 25 cm/s.",,"false","[{""key"":""A"",""text"":""12 cm/s""},{""key"":""B"",""text"":""15 cm/s""},{""key"":""C"",""text"":""21 cm/s""},{""key"":""D"",""text"":""25 cm/s""}]","exercise","MCQ","mcq","7","What the Equation of Continuity States","{""blockIndex"":2,""chapterNumber"":6,""subjectSlug"":""physics-11""}","A liquid flows through a pipe with a diameter of 10 cm at a velocity of 9 cm/s. If the diameter of the pipe decreases to 6 cm, the new velocity of the liquid will be:","ms706d5gmgwqh7d1dn6c2saf9d85q4nw",,,"what-the-equation-of-continuity-states",,,,,
"physics-11","06-fluid-mechanics","Fluid Mechanics","equation-of-continuity","6.3 Equation of Continuity","m17erkbg7zw8wc6j560ysawptx8e0f0b","C","xd73kyfnassjqf9qb0yrrpgq3s8e0a6r","Exercise 6: Multiple Choice Questions","By the equation of continuity A1v1 = A2v2, if A2 = 9*A1, then v1 = 9*v2, so the flow speed at point 1 is nine times that at point 2.",,"false","[{""key"":""A"",""text"":""The flow speed at point 2 is nine times that at point 1""},{""key"":""B"",""text"":""The flow speed at point 2 is three times that at point 1""},{""key"":""C"",""text"":""The flow speed at point 1 is nine times that at point 2""},{""key"":""D"",""text"":""The flow speed at point 1 is three times that at point 2""}]","exercise","MCQ","mcq","8","What the Equation of Continuity States","{""blockIndex"":2,""chapterNumber"":6,""subjectSlug"":""physics-11""}","If a pipe with flowing water has a cross-sectional area nine times greater at point 2 than at point 1, what would be the relation of flow speed at the two points?","ms706d5gmgwqh7d1dn6c2saf9d85q4nw",,,"what-the-equation-of-continuity-states",,,,,
"physics-11","06-fluid-mechanics","Fluid Mechanics","equation-of-continuity","6.3 Equation of Continuity","m172s0119xqcqz0tm2r9qwkx698e05ar","B","xd73kyfnassjqf9qb0yrrpgq3s8e0a6r","Exercise 6: Multiple Choice Questions","Since Av is constant along the flow, an increase in speed (as water falls and accelerates under gravity) requires a corresponding decrease in cross-sectional area.",,"false","[{""key"":""A"",""text"":""remains same""},{""key"":""B"",""text"":""decreases""},{""key"":""C"",""text"":""increases""},{""key"":""D"",""text"":""can't be predicted""}]","exercise","MCQ","mcq","10","What the Equation of Continuity States","{""blockIndex"":2,""chapterNumber"":6,""subjectSlug"":""physics-11""}","According to equation of continuity, when water falls its speed increases, while its cross-sectional area ____","ms706d5gmgwqh7d1dn6c2saf9d85q4nw",,,"what-the-equation-of-continuity-states",,,,,
"physics-11","06-fluid-mechanics","Fluid Mechanics","equation-of-continuity","6.3 Equation of Continuity","m1783g0dtsz1tkyvqtr9jhgydh8e1qhj","A","xd73kyfnassjqf9qb0yrrpgq3s8e0a6r","Exercise 6: Multiple Choice Questions","By the equation of continuity, velocity is inversely proportional to cross-sectional area (proportional to $r^2$); halving the radius quarters the area, quadrupling the velocity, the largest effect among the listed options.",,"false","[{""key"":""A"",""text"":""halving the tube radius""},{""key"":""B"",""text"":""doubling the viscosity of the liquid""},{""key"":""C"",""text"":""doubling the tube area""},{""key"":""D"",""text"":""doubling the tube radius""}]","exercise","MCQ","mcq","12","What the Equation of Continuity States","{""blockIndex"":2,""chapterNumber"":6,""subjectSlug"":""physics-11""}","Which will produce the greatest increase in flow velocity through a tube?","ms706d5gmgwqh7d1dn6c2saf9d85q4nw",,,"what-the-equation-of-continuity-states",,,,,
"physics-11","06-fluid-mechanics","Fluid Mechanics","equation-of-continuity","6.3 Equation of Continuity","m171s3x11s4thpqjwb49tjza5n8e1qgs",,"xd728wg2m8th9gg949xgccr37s8e1kgb","Exercise 6: Comprehensive Questions",,,"false",,"exercise",,"long","6.7","What the Equation of Continuity States","{""blockIndex"":19,""chapterNumber"":6,""subjectSlug"":""physics-11""}","State the equation of continuity and derive its mathematical form. Also write one example from daily life, where equation of continuity applies.","ms706d5gmgwqh7d1dn6c2saf9d85q4nw","[""The equation of continuity expresses conservation of mass for an incompressible fluid in steady flow: the volume flow rate (A*v) is the same at every cross-section along a flow tube."",""Derivation: in time interval dt, the volume of fluid entering a tube of area A1 at speed v1 equals A1*v1*dt; by conservation of mass for an incompressible fluid, this must equal the volume leaving through area A2 at speed v2, A2*v2*dt, giving A1*v1 = A2*v2 = constant."",""Daily-life example: water flowing from a wide garden hose speeds up noticeably when it exits through a narrower nozzle, since the smaller exit area requires a higher exit velocity to keep the flow rate constant.""]","For steady incompressible flow, conservation of mass gives the equation of continuity, $A_1v_1=A_2v_2$. The product of cross-sectional area and speed is constant, so reducing the area increases the speed. This explains why water speeds up when a hose end is squeezed and why falling water becomes narrower as it accelerates.","what-the-equation-of-continuity-states",,,,,
"physics-11","06-fluid-mechanics","Fluid Mechanics","equation-of-continuity","6.3 Equation of Continuity","m17a5ckrt1pfeh35d47zdmk0qs8e0967",,"xd706awf7127bvfjw3xc90ee5d8e03ht","Exercise 6: Numerical Problems",,,"false",,"exercise",,"short","6.3","What the Equation of Continuity States","{""blockIndex"":22,""chapterNumber"":6,""subjectSlug"":""physics-11""}","Blood is pumped from the heart at a rate of 5.0 L/min into the aorta (of radius 1.0 cm). Determine the speed of blood through the aorta.","ms706d5gmgwqh7d1dn6c2saf9d85q4nw",,"$Q = 5.0\ \mathrm{L/min} = \frac{5.0\times10^{-3}\ \mathrm{m^3}}{60\ \mathrm{s}} \approx 8.33\times10^{-5}\ \mathrm{m^3/s}$. Area $A = \pi r^2 = \pi (0.01)^2 \approx 3.14\times10^{-4}\ \mathrm{m^2}$. Speed $v = Q/A \approx 8.33\times10^{-5}/3.14\times10^{-4} \approx 0.265\ \mathrm{m/s} \approx 27\ \mathrm{cm/s}$, matching the textbook. (Ans. 27 cm/s, as printed in the textbook.)","what-the-equation-of-continuity-states",,,,,
"physics-11","06-fluid-mechanics","Fluid Mechanics","equation-of-continuity","6.3 Equation of Continuity","m177r91vawpjjkgfba096ajxfx8e2xv7","D","xd73kyfnassjqf9qb0yrrpgq3s8e0a6r","Exercise 6: Multiple Choice Questions","By the equation of continuity, A1v1 = A2v2, with area proportional to diameter squared: v2 = v1*(d1/d2)^2 = 9*(10/6)^2 = 9*2.778 ≈ 25 cm/s.",,"false","[{""key"":""A"",""text"":""12 cm/s""},{""key"":""B"",""text"":""15 cm/s""},{""key"":""C"",""text"":""21 cm/s""},{""key"":""D"",""text"":""25 cm/s""}]","exercise","MCQ","mcq","7","What the Equation of Continuity States","{""blockIndex"":2,""chapterNumber"":6,""subjectSlug"":""physics-11""}","A liquid flows through a pipe with a diameter of 10 cm at a velocity of 9 cm/s. If the diameter of the pipe decreases to 6 cm, the new velocity of the liquid will be:","ms706d5gmgwqh7d1dn6c2saf9d85q4nw",,,"what-the-equation-of-continuity-states",,,,,
"physics-11","06-fluid-mechanics","Fluid Mechanics","equation-of-continuity","6.3 Equation of Continuity","m17ea6wnq87qpzktjgdk3wgzmx8e322d","C","xd73kyfnassjqf9qb0yrrpgq3s8e0a6r","Exercise 6: Multiple Choice Questions","By the equation of continuity A1v1 = A2v2, if A2 = 9*A1, then v1 = 9*v2, so the flow speed at point 1 is nine times that at point 2.",,"false","[{""key"":""A"",""text"":""The flow speed at point 2 is nine times that at point 1""},{""key"":""B"",""text"":""The flow speed at point 2 is three times that at point 1""},{""key"":""C"",""text"":""The flow speed at point 1 is nine times that at point 2""},{""key"":""D"",""text"":""The flow speed at point 1 is three times that at point 2""}]","exercise","MCQ","mcq","8","What the Equation of Continuity States","{""blockIndex"":2,""chapterNumber"":6,""subjectSlug"":""physics-11""}","If a pipe with flowing water has a cross-sectional area nine times greater at point 2 than at point 1, what would be the relation of flow speed at the two points?","ms706d5gmgwqh7d1dn6c2saf9d85q4nw",,,"what-the-equation-of-continuity-states",,,,,
"physics-11","06-fluid-mechanics","Fluid Mechanics","equation-of-continuity","6.3 Equation of Continuity","m176qn2cwy1chchvpk8ys482ah8e282x","B","xd73kyfnassjqf9qb0yrrpgq3s8e0a6r","Exercise 6: Multiple Choice Questions","Since Av is constant along the flow, an increase in speed (as water falls and accelerates under gravity) requires a corresponding decrease in cross-sectional area.",,"false","[{""key"":""A"",""text"":""remains same""},{""key"":""B"",""text"":""decreases""},{""key"":""C"",""text"":""increases""},{""key"":""D"",""text"":""can't be predicted""}]","exercise","MCQ","mcq","10","What the Equation of Continuity States","{""blockIndex"":2,""chapterNumber"":6,""subjectSlug"":""physics-11""}","According to equation of continuity, when water falls its speed increases, while its cross-sectional area ____","ms706d5gmgwqh7d1dn6c2saf9d85q4nw",,,"what-the-equation-of-continuity-states",,,,,
"physics-11","06-fluid-mechanics","Fluid Mechanics","equation-of-continuity","6.3 Equation of Continuity","m17fv071ajzdnn2c9y9sfvfj2n8e3xnt","A","xd73kyfnassjqf9qb0yrrpgq3s8e0a6r","Exercise 6: Multiple Choice Questions","By the equation of continuity, velocity is inversely proportional to cross-sectional area (proportional to $r^2$); halving the radius quarters the area, quadrupling the velocity, the largest effect among the listed options.",,"false","[{""key"":""A"",""text"":""halving the tube radius""},{""key"":""B"",""text"":""doubling the viscosity of the liquid""},{""key"":""C"",""text"":""doubling the tube area""},{""key"":""D"",""text"":""doubling the tube radius""}]","exercise","MCQ","mcq","12","What the Equation of Continuity States","{""blockIndex"":2,""chapterNumber"":6,""subjectSlug"":""physics-11""}","Which will produce the greatest increase in flow velocity through a tube?","ms706d5gmgwqh7d1dn6c2saf9d85q4nw",,,"what-the-equation-of-continuity-states",,,,,
"physics-11","06-fluid-mechanics","Fluid Mechanics","equation-of-continuity","6.3 Equation of Continuity","m175cxp90bhw79fakng0pjcg1n8e3pd0",,"xd728wg2m8th9gg949xgccr37s8e1kgb","Exercise 6: Comprehensive Questions",,,"false",,"exercise",,"long","6.7","What the Equation of Continuity States","{""blockIndex"":19,""chapterNumber"":6,""subjectSlug"":""physics-11""}","State the equation of continuity and derive its mathematical form. Also write one example from daily life, where equation of continuity applies.","ms706d5gmgwqh7d1dn6c2saf9d85q4nw","[""The equation of continuity expresses conservation of mass for an incompressible fluid in steady flow: the volume flow rate (A*v) is the same at every cross-section along a flow tube."",""Derivation: in time interval dt, the volume of fluid entering a tube of area A1 at speed v1 equals A1*v1*dt; by conservation of mass for an incompressible fluid, this must equal the volume leaving through area A2 at speed v2, A2*v2*dt, giving A1*v1 = A2*v2 = constant."",""Daily-life example: water flowing from a wide garden hose speeds up noticeably when it exits through a narrower nozzle, since the smaller exit area requires a higher exit velocity to keep the flow rate constant.""]","For steady incompressible flow, conservation of mass gives the equation of continuity, $A_1v_1=A_2v_2$. The product of cross-sectional area and speed is constant, so reducing the area increases the speed. This explains why water speeds up when a hose end is squeezed and why falling water becomes narrower as it accelerates.","what-the-equation-of-continuity-states",,,,,
"physics-11","06-fluid-mechanics","Fluid Mechanics","equation-of-continuity","6.3 Equation of Continuity","m17ada4jbebe8nkcxsaqjvvqgx8e3fzk",,"xd706awf7127bvfjw3xc90ee5d8e03ht","Exercise 6: Numerical Problems",,,"false",,"exercise",,"short","6.3","What the Equation of Continuity States","{""blockIndex"":22,""chapterNumber"":6,""subjectSlug"":""physics-11""}","Blood is pumped from the heart at a rate of 5.0 L/min into the aorta (of radius 1.0 cm). Determine the speed of blood through the aorta.","ms706d5gmgwqh7d1dn6c2saf9d85q4nw",,"$Q = 5.0\ \mathrm{L/min} = \frac{5.0\times10^{-3}\ \mathrm{m^3}}{60\ \mathrm{s}} \approx 8.33\times10^{-5}\ \mathrm{m^3/s}$. Area $A = \pi r^2 = \pi (0.01)^2 \approx 3.14\times10^{-4}\ \mathrm{m^2}$. Speed $v = Q/A \approx 8.33\times10^{-5}/3.14\times10^{-4} \approx 0.265\ \mathrm{m/s} \approx 27\ \mathrm{cm/s}$, matching the textbook. (Ans. 27 cm/s, as printed in the textbook.)","what-the-equation-of-continuity-states",,,,,
"physics-11","06-fluid-mechanics","Fluid Mechanics","bernoulli-s-equation","6.4 Bernoulli's Equation","m172kmpd1fr3gsa58hcv7ycv5985pk4v",,,,,,"false",,,"C","long","6","Working Principle",,"What is the aerofoil lift (in newtons) on a wing of area 88 m² if the air passes at speed over its top surface at 280 m·s⁻¹ and bottom surface at 150 m·s⁻¹? (Assume standard air density ρ = 1.2 kg·m⁻³)","ms7cbbe0az78sj21mgkef6mr0d85pwfq","[""Recognizes that lift calculation requires Bernoulli's principle or aerodynamic lift equation"",""Identifies that lift depends on air density, wing area, and velocity difference between surfaces"",""Notes that provided content does not contain relevant aerodynamics material"",""Would require formula: $L = \\frac{1}{2}\\rho A(v_{top}^2 - v_{bottom}^2)$ to proceed"",""Correct answer would be approximately 1.96 × 10⁷ N if proper aerodynamic principles were applied""]","By Bernoulli's equation applied across the top and bottom surfaces of the wing (same height), the pressure difference is $\Delta P = \frac{1}{2}\rho(v_{top}^2 - v_{bottom}^2)$. Lift force $L = \Delta P \times A = \frac{1}{2}\rho A(v_{top}^2 - v_{bottom}^2)$.

Substituting: $L = \frac{1}{2}(1.2)(88)(280^2 - 150^2) = 0.5 \times 1.2 \times 88 \times (78400 - 22500) = 52.8 \times 55900 \approx 2.95 \times 10^6$ N.","working-principle","false","Federal Board","4","annual","2022"
"physics-11","06-fluid-mechanics","Fluid Mechanics","bernoulli-s-equation","6.4 Bernoulli's Equation","m178b19bqfzmnge02t9k5ag6vh8e2g1e",,"xd706awf7127bvfjw3xc90ee5d8e03ht","Exercise 6: Numerical Problems",,,"false",,"exercise",,"short","6.5","Numerical Problems","{""blockIndex"":22,""chapterNumber"":6,""subjectSlug"":""physics-11""}","A hose lying on the ground has water coming out of it at a speed of 5.4 m/s. You lift the nozzle of the hose to a height of 1.3 m above the ground. At what speed does the water now come out of the hose?","ms7cbbe0az78sj21mgkef6mr0d85pwfq",,"By Bernoulli's equation (same pressure, atmospheric, at both points): $\frac{1}{2}v_1^2 = \frac{1}{2}v_2^2 + gh$, so $v_2 = \sqrt{v_1^2 - 2gh} = \sqrt{5.4^2 - 2\times9.8\times1.3} = \sqrt{29.16 - 25.48} = \sqrt{3.68} \approx 1.9\ \mathrm{m/s}$, matching the textbook. (Ans. 1.9 m/s, as printed in the textbook.)",,,,,,
"physics-11","06-fluid-mechanics","Fluid Mechanics","bernoulli-s-equation","6.4 Bernoulli's Equation","m17bw31axmx84q41crvjt9gjq985qkxm",,,,,,"false",,,"C","long","5","Derivation of the Equation",,"State and derive Bernoulli's equation. Also give one of its applications.","ms7cbbe0az78sj21mgkef6mr0d85pwfq","[""State Bernoulli's equation correctly with all three energy terms per unit volume"",""Derive equation using work-energy theorem and continuity equation systematically"",""Show algebraic steps leading from work-energy principle to final form"",""Apply Bernoulli's equation to aerofoil explaining pressure difference and lift generation"",""Connect principle to practical aviation application with clear physical reasoning""]","**Bernoulli's Equation:** For an ideal, incompressible fluid in streamline flow, the sum of pressure energy, kinetic energy, and potential energy per unit volume remains constant along a streamline: $P + \frac{1}{2}\rho v^2 + \rho gh = \text{constant}$

**Derivation:** Consider a fluid element of mass $dm$ moving along a streamline from point 1 to point 2. Applying the work-energy theorem, the net work done by pressure and gravitational forces equals the change in kinetic energy. At point 1: $W_1 = P_1 A_1 ds_1$ and at point 2: $W_2 = P_2 A_2 ds_2$. The gravitational work is $W_g = -dm \cdot g(h_2 - h_1)$. Using the continuity equation $A_1 v_1 = A_2 v_2$, we can express $dm = \rho A_1 v_1 dt$. Applying work-energy theorem: $P_1 A_1 ds_1 - P_2 A_2 ds_2 - \rho A_1 v_1 dt \cdot g(h_2 - h_1) = \frac{1}{2}\rho A_1 v_1 dt(v_2^2 - v_1^2)$. Simplifying and dividing by $\rho A_1 v_1 dt$ yields: $\frac{P_1}{\rho} + \frac{1}{2}v_1^2 + gh_1 = \frac{P_2}{\rho} + \frac{1}{2}v_2^2 + gh_2$, which is Bernoulli's equation.

**Application - Aerofoil (Aircraft Wing):** The curved upper surface of an aerofoil forces air to travel faster than air beneath the flatter lower surface. By Bernoulli's principle, faster-moving air has lower pressure. This pressure difference creates an upward lift force, enabling aircraft to fly. The lift balances the aircraft's weight for sustained flight.","derivation-of-the-equation","true","Federal Board","7","annual","2023"
"physics-11","06-fluid-mechanics","Fluid Mechanics","bernoulli-s-equation","6.4 Bernoulli's Equation","m17casgcf0aq37ga6dgstm0sqx8e0n3k",,"xd747wwb47cck0b4eg7zrva0yx8e1x1g","Exercise 6: Short Questions",,,"false",,"exercise",,"short","6.4","Derivation of the Equation","{""blockIndex"":15,""chapterNumber"":6,""subjectSlug"":""physics-11""}","It is dangerous to stand close to rail tracks when a rapidly moving train passes. Explain why?","ms7cbbe0az78sj21mgkef6mr0d85pwfq",,"The fast-moving train drags the adjacent air along with it, creating a region of high-speed, low-pressure air near the train (Bernoulli's principle). The pressure difference between this low-pressure region and the higher-pressure still air farther away pushes a standing person toward the train, risking a fall or collision.","derivation-of-the-equation",,,,,
"physics-11","06-fluid-mechanics","Fluid Mechanics","bernoulli-s-equation","6.4 Bernoulli's Equation","m171hc93htqqtj9825btvgwk798e1pm2",,"xd747wwb47cck0b4eg7zrva0yx8e1x1g","Exercise 6: Short Questions",,,"false",,"exercise",,"short","6.7","Derivation of the Equation","{""blockIndex"":15,""chapterNumber"":6,""subjectSlug"":""physics-11""}","If you lower the window on a car while moving, an empty plastic bag can sometimes fly out the window. Why does this happen?","ms7cbbe0az78sj21mgkef6mr0d85pwfq",,"Air rushing past the open window outside the car moves faster than the relatively still air inside the cabin. By Bernoulli's principle, the fast-moving outside air has lower pressure than the air inside, so the pressure difference pushes the light plastic bag from the higher-pressure interior toward the lower-pressure exterior, out of the window.","derivation-of-the-equation",,,,,
"physics-11","06-fluid-mechanics","Fluid Mechanics","bernoulli-s-equation","6.4 Bernoulli's Equation","m175d57brwzzvpwjms43tyzttd8e1npg",,"xd728wg2m8th9gg949xgccr37s8e1kgb","Exercise 6: Comprehensive Questions",,,"false",,"exercise",,"long","6.8","Derivation of the Equation","{""blockIndex"":19,""chapterNumber"":6,""subjectSlug"":""physics-11""}","Derive the Bernoulli's equation. Also, discuss its application in daily life.","ms7cbbe0az78sj21mgkef6mr0d85pwfq","[""Bernoulli's equation follows from the work-energy theorem applied to a fluid element flowing through a tube of varying cross-section and height, using the work done by pressure forces and the changes in kinetic and gravitational potential energy of the fluid."",""The result is: $P + \\frac{1}{2}\\rho v^2 + \\rho g h = \\text{constant}$ along a streamline, where P is pressure, rho is fluid density, v is flow speed, and h is height, expressing conservation of energy per unit volume for an ideal (non-viscous, incompressible) fluid in steady flow."",""Applications: lift on an aircraft wing (faster flow over the curved top surface creates lower pressure than below), a perfume atomizer/carburettor spray, and the lower pressure in the throat of a Venturi meter used to measure flow rate.""]","Bernoulli's equation follows from conservation of energy for an ideal flowing fluid: $P+\frac{1}{2}\rho v^2+\rho gh=\text{constant}$ along a streamline. Therefore fast flow is associated with lower pressure when elevation is unchanged. This pressure difference explains applications such as atomizers, filter pumps, aerofoils, and the Venturi meter.","derivation-of-the-equation",,,,,
"physics-11","06-fluid-mechanics","Fluid Mechanics","bernoulli-s-equation","6.4 Bernoulli's Equation","m17a3tchwdpwqt6jkk9h4r8vd18e2x7w",,"xd747wwb47cck0b4eg7zrva0yx8e1x1g","Exercise 6: Short Questions",,,"false",,"exercise",,"short","6.4","Derivation of the Equation","{""blockIndex"":15,""chapterNumber"":6,""subjectSlug"":""physics-11""}","It is dangerous to stand close to rail tracks when a rapidly moving train passes. Explain why?","ms7cbbe0az78sj21mgkef6mr0d85pwfq",,"The fast-moving train drags the adjacent air along with it, creating a region of high-speed, low-pressure air near the train (Bernoulli's principle). The pressure difference between this low-pressure region and the higher-pressure still air farther away pushes a standing person toward the train, risking a fall or collision.","derivation-of-the-equation",,,,,
"physics-11","06-fluid-mechanics","Fluid Mechanics","bernoulli-s-equation","6.4 Bernoulli's Equation","m173c577wf0gdw2rgz5p2qde2s8e25j0",,"xd747wwb47cck0b4eg7zrva0yx8e1x1g","Exercise 6: Short Questions",,,"false",,"exercise",,"short","6.7","Derivation of the Equation","{""blockIndex"":15,""chapterNumber"":6,""subjectSlug"":""physics-11""}","If you lower the window on a car while moving, an empty plastic bag can sometimes fly out the window. Why does this happen?","ms7cbbe0az78sj21mgkef6mr0d85pwfq",,"Air rushing past the open window outside the car moves faster than the relatively still air inside the cabin. By Bernoulli's principle, the fast-moving outside air has lower pressure than the air inside, so the pressure difference pushes the light plastic bag from the higher-pressure interior toward the lower-pressure exterior, out of the window.","derivation-of-the-equation",,,,,
"physics-11","06-fluid-mechanics","Fluid Mechanics","bernoulli-s-equation","6.4 Bernoulli's Equation","m174penjybcpasty1gwaddzdah8e2bfh",,"xd728wg2m8th9gg949xgccr37s8e1kgb","Exercise 6: Comprehensive Questions",,,"false",,"exercise",,"long","6.8","Derivation of the Equation","{""blockIndex"":19,""chapterNumber"":6,""subjectSlug"":""physics-11""}","Derive the Bernoulli's equation. Also, discuss its application in daily life.","ms7cbbe0az78sj21mgkef6mr0d85pwfq","[""Bernoulli's equation follows from the work-energy theorem applied to a fluid element flowing through a tube of varying cross-section and height, using the work done by pressure forces and the changes in kinetic and gravitational potential energy of the fluid."",""The result is: $P + \\frac{1}{2}\\rho v^2 + \\rho g h = \\text{constant}$ along a streamline, where P is pressure, rho is fluid density, v is flow speed, and h is height, expressing conservation of energy per unit volume for an ideal (non-viscous, incompressible) fluid in steady flow."",""Applications: lift on an aircraft wing (faster flow over the curved top surface creates lower pressure than below), a perfume atomizer/carburettor spray, and the lower pressure in the throat of a Venturi meter used to measure flow rate.""]","Bernoulli's equation follows from conservation of energy for an ideal flowing fluid: $P+\frac{1}{2}\rho v^2+\rho gh=\text{constant}$ along a streamline. Therefore fast flow is associated with lower pressure when elevation is unchanged. This pressure difference explains applications such as atomizers, filter pumps, aerofoils, and the Venturi meter.","derivation-of-the-equation",,,,,
"physics-11","06-fluid-mechanics","Fluid Mechanics","bernoulli-s-equation","6.4 Bernoulli's Equation","m17et27tfz4cn3x86zyn3rmpvn8e2c64",,"xd706awf7127bvfjw3xc90ee5d8e03ht","Exercise 6: Numerical Problems",,,"false",,"exercise",,"short","6.6","Derivation of the Equation","{""blockIndex"":22,""chapterNumber"":6,""subjectSlug"":""physics-11""}","A pipe has two different cross-sectional areas, A1 = 25 cm^2 and A2 = 4 cm^2. The volumetric flow rate of water through the pipe is 5 x 10^-3 m^3/s. Determine: (a) the speed of water in both cross-sectional areas of the pipe. (b) the pressure difference between them (density = 10^3 kg/m^3).","ms7cbbe0az78sj21mgkef6mr0d85pwfq",,"(a) $v_1 = Q/A_1 = 5\times10^{-3}/25\times10^{-4} = 2\ \mathrm{m/s}$; $v_2 = Q/A_2 = 5\times10^{-3}/4\times10^{-4} = 12.5\ \mathrm{m/s}$. (b) By Bernoulli's equation (same height): $P_1 - P_2 = \frac{1}{2}\rho(v_2^2 - v_1^2) = \frac{1}{2}\times1000\times(156.25-4) = 0.5\times1000\times152.25 \approx 7.6\times10^4\ \mathrm{Pa}$, matching the textbook. (Ans. 2 m/s, 12.5 m/s, $7.6\times10^4$ Pa, as printed in the textbook.)","derivation-of-the-equation",,,,,
"physics-11","06-fluid-mechanics","Fluid Mechanics","bernoulli-s-equation","6.4 Bernoulli's Equation","m178c9qq6zarf36yw70fqb18p185ppcn",,,,,,"false",,,"C","long","3","Energy Conservation Along a Streamline",,"Describe **Bernoulli's equation** for ideal fluid flow.","ms7cbbe0az78sj21mgkef6mr0d85pwfq","[""Bernoulli's equation: $P + \\frac{1}{2}\\rho v^2 + \\rho gh = \\text{constant}$ along a streamline"",""Represents conservation of mechanical energy per unit volume for ideal fluid flow"",""Inverse relationship between pressure and velocity: higher velocity results in lower pressure"",""Applies to ideal, incompressible fluids under streamline (laminar) flow conditions"",""Practical applications include aerofoil lift generation and fluid flow analysis in pipes""]","Bernoulli's equation is a fundamental principle in fluid dynamics that relates pressure, velocity, and height for ideal fluid flow in streamline conditions. It states that the total mechanical energy per unit volume of an ideal fluid remains constant along a streamline: $P + \frac{1}{2}\rho v^2 + \rho gh = \text{constant}$, where $P$ is pressure, $\rho$ is fluid density, $v$ is velocity, $g$ is gravitational acceleration, and $h$ is height. This equation demonstrates that as fluid velocity increases, pressure decreases, and vice versa. Bernoulli's equation is derived from the conservation of energy and the equation of continuity, and it applies only to ideal, incompressible fluids in streamline flow. It has practical applications in explaining phenomena such as lift generation in aerofoils, where faster-moving air over a curved surface creates lower pressure, producing an upward force.","energy-conservation-along-a-streamline","true","Federal Board","6","annual","2024"
"physics-11","06-fluid-mechanics","Fluid Mechanics","bernoulli-s-equation","6.4 Bernoulli's Equation","m17bkyhkw3ndyxv3q01dhk9rb98e0y69","B","xd73kyfnassjqf9qb0yrrpgq3s8e0a6r","Exercise 6: Multiple Choice Questions","By Bernoulli's principle, faster-moving air between the balloons has lower pressure than the still air outside; the pressure difference pushes the balloons together.",,"false","[{""key"":""A"",""text"":""remain stationary""},{""key"":""B"",""text"":""move closely to each other""},{""key"":""C"",""text"":""move far apart to each other""},{""key"":""D"",""text"":""burst""}]","exercise","MCQ","mcq","11","Energy Conservation Along a Streamline","{""blockIndex"":2,""chapterNumber"":6,""subjectSlug"":""physics-11""}","Two balloons are hung by a string, side by side. When the air is blown harder through a straw between them, the balloons will:","ms7cbbe0az78sj21mgkef6mr0d85pwfq",,,"energy-conservation-along-a-streamline",,,,,
"physics-11","06-fluid-mechanics","Fluid Mechanics","bernoulli-s-equation","6.4 Bernoulli's Equation","m17awxr52vz8gc5ntyrdpac4j98e0tk5",,"xd747wwb47cck0b4eg7zrva0yx8e1x1g","Exercise 6: Short Questions",,,"false",,"exercise",,"short","6.5","Energy Conservation Along a Streamline","{""blockIndex"":15,""chapterNumber"":6,""subjectSlug"":""physics-11""}","Verify that pressure has units of energy per unit volume.","ms7cbbe0az78sj21mgkef6mr0d85pwfq",,"Pressure = force/area, with SI units $\mathrm{N/m^2} = (\mathrm{N}\cdot\mathrm{m})/\mathrm{m^3} = \mathrm{J/m^3}$. Since a joule (J) is a unit of energy, $\mathrm{N/m^2}$ is equivalent to energy per unit volume ($\mathrm{J/m^3}$), confirming pressure has these units. This is also why each term in Bernoulli's equation (pressure, kinetic energy per volume, potential energy per volume) can be added together consistently.","energy-conservation-along-a-streamline",,,,,
"physics-11","06-fluid-mechanics","Fluid Mechanics","bernoulli-s-equation","6.4 Bernoulli's Equation","m17fetzevkqk5yfbenv7288n898e293j","B","xd73kyfnassjqf9qb0yrrpgq3s8e0a6r","Exercise 6: Multiple Choice Questions","By Bernoulli's principle, faster-moving air between the balloons has lower pressure than the still air outside; the pressure difference pushes the balloons together.",,"false","[{""key"":""A"",""text"":""remain stationary""},{""key"":""B"",""text"":""move closely to each other""},{""key"":""C"",""text"":""move far apart to each other""},{""key"":""D"",""text"":""burst""}]","exercise","MCQ","mcq","11","Energy Conservation Along a Streamline","{""blockIndex"":2,""chapterNumber"":6,""subjectSlug"":""physics-11""}","Two balloons are hung by a string, side by side. When the air is blown harder through a straw between them, the balloons will:","ms7cbbe0az78sj21mgkef6mr0d85pwfq",,,"energy-conservation-along-a-streamline",,,,,
"physics-11","06-fluid-mechanics","Fluid Mechanics","bernoulli-s-equation","6.4 Bernoulli's Equation","m174a1ha43r5n529hhgkzvx5xh8e31w0",,"xd747wwb47cck0b4eg7zrva0yx8e1x1g","Exercise 6: Short Questions",,,"false",,"exercise",,"short","6.5","Energy Conservation Along a Streamline","{""blockIndex"":15,""chapterNumber"":6,""subjectSlug"":""physics-11""}","Verify that pressure has units of energy per unit volume.","ms7cbbe0az78sj21mgkef6mr0d85pwfq",,"Pressure = force/area, with SI units $\mathrm{N/m^2} = (\mathrm{N}\cdot\mathrm{m})/\mathrm{m^3} = \mathrm{J/m^3}$. Since a joule (J) is a unit of energy, $\mathrm{N/m^2}$ is equivalent to energy per unit volume ($\mathrm{J/m^3}$), confirming pressure has these units. This is also why each term in Bernoulli's equation (pressure, kinetic energy per volume, potential energy per volume) can be added together consistently.","energy-conservation-along-a-streamline",,,,,
"physics-11","06-fluid-mechanics","Fluid Mechanics","bernoulli-s-equation","6.4 Bernoulli's Equation","m17dy8zrj4bm864d7y5v8zrm0d8e3fmf",,"xd706awf7127bvfjw3xc90ee5d8e03ht","Exercise 6: Numerical Problems",,,"false",,"exercise",,"short","6.7","Energy Conservation Along a Streamline","{""blockIndex"":22,""chapterNumber"":6,""subjectSlug"":""physics-11""}","The speed of water in a hose increases from 1.96 m/s to 25.5 m/s as it moves from the hose to the nozzle. Calculate the pressure in the hose, given that the absolute pressure in the nozzle is 1.01 x 10^5 N/m^2 (atmospheric) and assuming level and frictionless flow.","ms7cbbe0az78sj21mgkef6mr0d85pwfq",,"By Bernoulli's equation (same height): $P_1 = P_2 + \frac{1}{2}\rho(v_2^2 - v_1^2) = 1.01\times10^5 + \frac{1}{2}\times1000\times(25.5^2 - 1.96^2) = 1.01\times10^5 + 0.5\times1000\times(650.25-3.84) \approx 1.01\times10^5 + 3.23\times10^5 \approx 4.24\times10^5\ \mathrm{N/m^2}$, matching the textbook. (Ans. $4.24\times10^5\ \mathrm{N/m^2}$, as printed in the textbook.)","energy-conservation-along-a-streamline",,,,,
"physics-11","06-fluid-mechanics","Fluid Mechanics","applications-of-bernoulli-s-equation","6.5 Applications of Bernoulli's Equation","m1790awn07cx8ctrpy2qfv9dmx85q5qe",,,,,,"false",,,"B","short","10","Working Principle",,"Discuss working principle of aerofoil.","ms7ct9myk1zxkr2vqamftnya4d85qzgf","[""Aerofoil shape creates pressure difference between upper (curved) and lower (flatter) surfaces"",""Higher air velocity over upper surface results in lower pressure (Bernoulli's principle)"",""Aerofoil deflects air downward, producing upward reaction force (Newton's third law)"",""Net upward force (lift) is generated to support aircraft weight"",""Design minimizes drag while maximizing lift for efficient flight""]","An aerofoil is a streamlined shape designed to generate lift by exploiting Bernoulli's principle and Newton's third law. As air flows over the curved upper surface and flatter lower surface, the velocity of air is higher over the upper surface, creating lower pressure. Simultaneously, the aerofoil deflects air downward, and by Newton's third law, this produces an equal and opposite upward force (lift). The combination of pressure difference and momentum change enables the aerofoil to generate lift while minimizing drag, making it essential for aircraft flight.","working-principle",,"Federal Board","3","annual","2022"
"physics-11","06-fluid-mechanics","Fluid Mechanics","applications-of-bernoulli-s-equation","6.5 Applications of Bernoulli's Equation","m172kmpd1fr3gsa58hcv7ycv5985pk4v",,,,,,"false",,,"C","long","6","Working Principle",,"What is the aerofoil lift (in newtons) on a wing of area 88 m² if the air passes at speed over its top surface at 280 m·s⁻¹ and bottom surface at 150 m·s⁻¹? (Assume standard air density ρ = 1.2 kg·m⁻³)","ms7ct9myk1zxkr2vqamftnya4d85qzgf","[""Recognizes that lift calculation requires Bernoulli's principle or aerodynamic lift equation"",""Identifies that lift depends on air density, wing area, and velocity difference between surfaces"",""Notes that provided content does not contain relevant aerodynamics material"",""Would require formula: $L = \\frac{1}{2}\\rho A(v_{top}^2 - v_{bottom}^2)$ to proceed"",""Correct answer would be approximately 1.96 × 10⁷ N if proper aerodynamic principles were applied""]","By Bernoulli's equation applied across the top and bottom surfaces of the wing (same height), the pressure difference is $\Delta P = \frac{1}{2}\rho(v_{top}^2 - v_{bottom}^2)$. Lift force $L = \Delta P \times A = \frac{1}{2}\rho A(v_{top}^2 - v_{bottom}^2)$.

Substituting: $L = \frac{1}{2}(1.2)(88)(280^2 - 150^2) = 0.5 \times 1.2 \times 88 \times (78400 - 22500) = 52.8 \times 55900 \approx 2.95 \times 10^6$ N.","working-principle","false","Federal Board","4","annual","2022"
"physics-11","06-fluid-mechanics","Fluid Mechanics","applications-of-bernoulli-s-equation","6.5 Applications of Bernoulli's Equation","m177ps77955s5fsf7yv651zpfd85qgjx","A",,,"The speed of efflux from a hole at the middle of a 2 m high tank is determined using Torricelli's Theorem. The hole is at depth $h = 1$ m below the water surface. Using $v = \sqrt{2gh}$, we get $v = \sqrt{2 \times 10 \times 1} = \sqrt{20} \approx 4.47$ m/s.",,"false","[{""key"":""A"",""text"":""$2.42\\text{ ms}^{-1}$""},{""key"":""B"",""text"":""$3.42\\text{ ms}^{-1}$""},{""key"":""C"",""text"":""$4.42\\text{ ms}^{-1}$""},{""key"":""D"",""text"":""$5.42\\text{ ms}^{-1}$""}]",,"MCQ","mcq","10","Torricelli's Law of Efflux",,"A 2 m high tank is full of water. If a hole appears at its middle, then the speed of efflux is:","ms7ct9myk1zxkr2vqamftnya4d85qzgf","[""Correctly identifies depth h = 1 m (middle of 2 m tank)"",""Applies Torricelli's Theorem formula: $v = \\sqrt{2gh}$"",""Substitutes values correctly into the equation"",""Calculates final speed of efflux accurately"",""Shows understanding that pressure at surface and orifice are both atmospheric""]","The speed of efflux from a hole at the middle of a 2 m high tank is determined using Torricelli's Theorem. The hole is at depth $h = 1$ m below the water surface. Using $v = \sqrt{2gh}$, we get $v = \sqrt{2 \times 10 \times 1} = \sqrt{20} \approx 4.47$ m/s.","torricellis-law-of-efflux","true","Federal Board","1","annual","2022"
"physics-11","06-fluid-mechanics","Fluid Mechanics","applications-of-bernoulli-s-equation","6.5 Applications of Bernoulli's Equation","m17bw31axmx84q41crvjt9gjq985qkxm",,,,,,"false",,,"C","long","5","Derivation of the Equation",,"State and derive Bernoulli's equation. Also give one of its applications.","ms7ct9myk1zxkr2vqamftnya4d85qzgf","[""State Bernoulli's equation correctly with all three energy terms per unit volume"",""Derive equation using work-energy theorem and continuity equation systematically"",""Show algebraic steps leading from work-energy principle to final form"",""Apply Bernoulli's equation to aerofoil explaining pressure difference and lift generation"",""Connect principle to practical aviation application with clear physical reasoning""]","**Bernoulli's Equation:** For an ideal, incompressible fluid in streamline flow, the sum of pressure energy, kinetic energy, and potential energy per unit volume remains constant along a streamline: $P + \frac{1}{2}\rho v^2 + \rho gh = \text{constant}$

**Derivation:** Consider a fluid element of mass $dm$ moving along a streamline from point 1 to point 2. Applying the work-energy theorem, the net work done by pressure and gravitational forces equals the change in kinetic energy. At point 1: $W_1 = P_1 A_1 ds_1$ and at point 2: $W_2 = P_2 A_2 ds_2$. The gravitational work is $W_g = -dm \cdot g(h_2 - h_1)$. Using the continuity equation $A_1 v_1 = A_2 v_2$, we can express $dm = \rho A_1 v_1 dt$. Applying work-energy theorem: $P_1 A_1 ds_1 - P_2 A_2 ds_2 - \rho A_1 v_1 dt \cdot g(h_2 - h_1) = \frac{1}{2}\rho A_1 v_1 dt(v_2^2 - v_1^2)$. Simplifying and dividing by $\rho A_1 v_1 dt$ yields: $\frac{P_1}{\rho} + \frac{1}{2}v_1^2 + gh_1 = \frac{P_2}{\rho} + \frac{1}{2}v_2^2 + gh_2$, which is Bernoulli's equation.

**Application - Aerofoil (Aircraft Wing):** The curved upper surface of an aerofoil forces air to travel faster than air beneath the flatter lower surface. By Bernoulli's principle, faster-moving air has lower pressure. This pressure difference creates an upward lift force, enabling aircraft to fly. The lift balances the aircraft's weight for sustained flight.","derivation-of-the-equation","true","Federal Board","7","annual","2023"
"physics-11","06-fluid-mechanics","Fluid Mechanics","applications-of-bernoulli-s-equation","6.5 Applications of Bernoulli's Equation","m172vqve9yjh9sn2dwvcx18qc185p4kj","B",,,"A **Venturi meter** is used to measure the speed of liquid flow. It works by narrowing the fluid's path to increase velocity and decrease pressure, then measures this pressure difference to calculate the flow rate using Bernoulli's Equation and the Equation of Continuity.",,"false","[{""key"":""A"",""text"":""Barometer""},{""key"":""B"",""text"":""Venturimeter""},{""key"":""C"",""text"":""Spectrometer""},{""key"":""D"",""text"":""Speedometer""}]",,"MCQ","mcq","11","How a Venturi Meter Works",,"Which of the following devices is used to measure speed of liquid flow?","ms7ct9myk1zxkr2vqamftnya4d85qzgf","[""Identifies Venturi meter as the correct device for measuring liquid flow speed"",""Mentions the narrowing of the pipe causes velocity increase and pressure decrease"",""References use of pressure difference measurement"",""Connects to Bernoulli's Equation and/or Equation of Continuity principles""]","A **Venturi meter** is used to measure the speed of liquid flow. It works by narrowing the fluid's path to increase velocity and decrease pressure, then measures this pressure difference to calculate the flow rate using Bernoulli's Equation and the Equation of Continuity.","how-a-venturi-meter-works","true","Federal Board","1","annual","2024"
"physics-11","06-fluid-mechanics","Fluid Mechanics","applications-of-bernoulli-s-equation","6.5 Applications of Bernoulli's Equation","m17cngkps0j8ej883rr4nrq7098e2j1g",,"xd706awf7127bvfjw3xc90ee5d8e03ht","Exercise 6: Numerical Problems",,,"false",,"exercise",,"short","6.9","1. Speed of Efflux (Torricelli’s Theorem)","{""blockIndex"":22,""chapterNumber"":6,""subjectSlug"":""physics-11""}","The efflux speed of oil from a narrow hole of a tank is 33.8 m/s, at a pressure of 4.12 x 10^5 Pa. Calculate the density of the oil.","ms7ct9myk1zxkr2vqamftnya4d85qzgf",,"Treating the driving pressure as converting to kinetic energy per unit volume: $P = \frac{1}{2}\rho v^2$, so $\rho = \frac{2P}{v^2} = \frac{2\times4.12\times10^5}{33.8^2} = \frac{8.24\times10^5}{1142.44} \approx 721\ \mathrm{kg/m^3}$; the textbook's printed answer (0.72 kg/m^3) appears to have a units/decimal typo for this same order of magnitude, so it is presented as printed per house rule while flagging the apparent unit inconsistency (correct SI value is closer to 721 kg/m^3, roughly the density of a light oil). (Ans: 0.72 kg m^-3, as printed in the textbook; likely intends approximately 720 kg/m^3.)","1-speed-of-efflux-torricellis-theorem",,,,,
"physics-11","06-fluid-mechanics","Fluid Mechanics","applications-of-bernoulli-s-equation","6.5 Applications of Bernoulli's Equation","m177br4hhb4wcyv3pfhvp0r5858e15ct",,"xd747wwb47cck0b4eg7zrva0yx8e1x1g","Exercise 6: Short Questions",,,"false",,"exercise",,"short","6.6","4. Atomizer","{""blockIndex"":15,""chapterNumber"":6,""subjectSlug"":""physics-11""}","A perfume bottle or atomizer sprays a fluid from inside the bottle when it is pressed. How does the fluid rise up in the vertical tube in the bottle?","ms7ct9myk1zxkr2vqamftnya4d85qzgf",,"Squeezing the bulb forces air to rush rapidly across the top of the vertical tube. By Bernoulli's principle, this fast-moving air has lower pressure than the near-still air (and liquid) inside the bottle below. The resulting pressure difference pushes the liquid up the vertical tube, where it is caught by the fast air stream and sprayed out as a fine mist.","4-atomizer",,,,,
"physics-11","06-fluid-mechanics","Fluid Mechanics","applications-of-bernoulli-s-equation","6.5 Applications of Bernoulli's Equation","m173h4rvcyww25pr8qwqj05k6s8e2x37",,"xd747wwb47cck0b4eg7zrva0yx8e1x1g","Exercise 6: Short Questions",,,"false",,"exercise",,"short","6.6","4. Atomizer","{""blockIndex"":15,""chapterNumber"":6,""subjectSlug"":""physics-11""}","A perfume bottle or atomizer sprays a fluid from inside the bottle when it is pressed. How does the fluid rise up in the vertical tube in the bottle?","ms7ct9myk1zxkr2vqamftnya4d85qzgf",,"Squeezing the bulb forces air to rush rapidly across the top of the vertical tube. By Bernoulli's principle, this fast-moving air has lower pressure than the near-still air (and liquid) inside the bottle below. The resulting pressure difference pushes the liquid up the vertical tube, where it is caught by the fast air stream and sprayed out as a fine mist.","4-atomizer",,,,,
"physics-11","06-fluid-mechanics","Fluid Mechanics","applications-of-bernoulli-s-equation","6.5 Applications of Bernoulli's Equation","m179fygsydqdktph9ghy135jr185q1c5",,,,,,"false",,,"B","short","10","6. Swing of a Ball",,"Explain how swing is produced in a fast moving cricket ball? (**Bernoulli effect**)","ms7ct9myk1zxkr2vqamftnya4d85qzgf","[""Bernoulli's principle states that faster-moving fluid has lower pressure: $P + \\frac{1}{2}\\rho v^2 = \\text{constant}$"",""Spinning ball creates asymmetric airflow around its surface due to seam orientation"",""Pressure difference develops between sides of ball where air velocities differ"",""Net perpendicular force acts on ball, causing curved trajectory (swing)"",""Greater spin rate and ball speed increase the magnitude of swing effect""]","Swing in a fast-moving cricket ball is produced due to the Bernoulli effect. When a bowler imparts spin on the ball, the seam orientation causes air to flow at different speeds around the ball's surface. According to Bernoulli's principle, where air moves faster, pressure decreases. The asymmetric airflow creates a pressure difference between the two sides of the ball, generating a net force perpendicular to the direction of motion. This force causes the ball's trajectory to curve, producing the swing effect observed in cricket.","6-swing-of-a-ball",,"Federal Board","3","annual","2022"
"physics-11","06-fluid-mechanics","Fluid Mechanics","applications-of-bernoulli-s-equation","6.5 Applications of Bernoulli's Equation","m1763553f05wcpkkvb6v7kj0js8e1jn6",,"xd747wwb47cck0b4eg7zrva0yx8e1x1g","Exercise 6: Short Questions",,,"false",,"exercise",,"short","6.9","6. Swing of a Ball","{""blockIndex"":15,""chapterNumber"":6,""subjectSlug"":""physics-11""}","Why does a ball placed in a vertical air jet become suspended?","ms7ct9myk1zxkr2vqamftnya4d85qzgf",,"The upward jet of air moving fast around the ball has lower pressure than the still surrounding air. If the ball drifts toward the edge of the jet, the higher-pressure still air on the outside pushes it back toward the low-pressure jet center, while the upward momentum of the air supports its weight; together these effects keep the ball suspended and centered in the jet.","6-swing-of-a-ball",,,,,
"physics-11","06-fluid-mechanics","Fluid Mechanics","applications-of-bernoulli-s-equation","6.5 Applications of Bernoulli's Equation","m17dafe83evvngj6hz47bcvccn8e3qe9",,"xd747wwb47cck0b4eg7zrva0yx8e1x1g","Exercise 6: Short Questions",,,"false",,"exercise",,"short","6.9","6. Swing of a Ball","{""blockIndex"":15,""chapterNumber"":6,""subjectSlug"":""physics-11""}","Why does a ball placed in a vertical air jet become suspended?","ms7ct9myk1zxkr2vqamftnya4d85qzgf",,"The upward jet of air moving fast around the ball has lower pressure than the still surrounding air. If the ball drifts toward the edge of the jet, the higher-pressure still air on the outside pushes it back toward the low-pressure jet center, while the upward momentum of the air supports its weight; together these effects keep the ball suspended and centered in the jet.","6-swing-of-a-ball",,,,,
"physics-11","06-fluid-mechanics","Fluid Mechanics","torricelli-s-theorem","6.6 Torricelli's Theorem","m17250yaq8prmw253km3zedpp58e25tb",,"xd706awf7127bvfjw3xc90ee5d8e03ht","Exercise 6: Numerical Problems",,,"false",,"exercise",,"short","6.8","Numerical Problems","{""blockIndex"":22,""chapterNumber"":6,""subjectSlug"":""physics-11""}","A hole is drilled at the bottom of a full bucket of water of height h. What will be the velocity of water exiting from the hole?","ms70pqftm087x2hfdjgmmkxffn85qeht",,"By Torricelli's theorem (Bernoulli's equation applied between the top surface and the hole), the efflux velocity is $v = \sqrt{2gh}$, matching the textbook's printed answer. (Ans. $\sqrt{2gh}$, as printed in the textbook.)",,,,,,
"physics-11","06-fluid-mechanics","Fluid Mechanics","torricelli-s-theorem","6.6 Torricelli's Theorem","m177ps77955s5fsf7yv651zpfd85qgjx","A",,,"The speed of efflux from a hole at the middle of a 2 m high tank is determined using Torricelli's Theorem. The hole is at depth $h = 1$ m below the water surface. Using $v = \sqrt{2gh}$, we get $v = \sqrt{2 \times 10 \times 1} = \sqrt{20} \approx 4.47$ m/s.",,"false","[{""key"":""A"",""text"":""$2.42\\text{ ms}^{-1}$""},{""key"":""B"",""text"":""$3.42\\text{ ms}^{-1}$""},{""key"":""C"",""text"":""$4.42\\text{ ms}^{-1}$""},{""key"":""D"",""text"":""$5.42\\text{ ms}^{-1}$""}]",,"MCQ","mcq","10","Torricelli's Law of Efflux",,"A 2 m high tank is full of water. If a hole appears at its middle, then the speed of efflux is:","ms70pqftm087x2hfdjgmmkxffn85qeht","[""Correctly identifies depth h = 1 m (middle of 2 m tank)"",""Applies Torricelli's Theorem formula: $v = \\sqrt{2gh}$"",""Substitutes values correctly into the equation"",""Calculates final speed of efflux accurately"",""Shows understanding that pressure at surface and orifice are both atmospheric""]","The speed of efflux from a hole at the middle of a 2 m high tank is determined using Torricelli's Theorem. The hole is at depth $h = 1$ m below the water surface. Using $v = \sqrt{2gh}$, we get $v = \sqrt{2 \times 10 \times 1} = \sqrt{20} \approx 4.47$ m/s.","torricellis-law-of-efflux","true","Federal Board","1","annual","2022"
"physics-11","06-fluid-mechanics","Fluid Mechanics","torricelli-s-theorem","6.6 Torricelli's Theorem","m179zw8ywxnczhzc9e6w600e3n8e0scz",,"xd728wg2m8th9gg949xgccr37s8e1kgb","Exercise 6: Comprehensive Questions",,,"false",,"exercise",,"long","6.9","Torricelli's Law of Efflux","{""blockIndex"":19,""chapterNumber"":6,""subjectSlug"":""physics-11""}","What is Torricelli's theorem. Explain.","ms70pqftm087x2hfdjgmmkxffn85qeht","[""Torricelli's theorem is a special case of Bernoulli's equation that gives the efflux (outflow) speed of a fluid jetting from a small opening at depth h below the free surface of a large open tank."",""Applying Bernoulli's equation between the top surface (open to atmosphere, large area so its speed is negligible) and the hole (also at atmospheric pressure), the pressure terms cancel and the height difference converts entirely to kinetic energy of the jet."",""The result is $v = \\sqrt{2gh}$, the same speed an object would reach falling freely from height h, showing the escaping fluid behaves like a body in free fall.""]","Torricelli's theorem states that fluid flowing from an orifice at depth $h$ below the liquid surface has the same speed as an object that has freely fallen through height $h$. For an ideal fluid this gives $v=\sqrt{2gh}$. The result follows by applying Bernoulli's equation between the free surface and the opening.","torricellis-law-of-efflux",,,,,
"physics-11","06-fluid-mechanics","Fluid Mechanics","torricelli-s-theorem","6.6 Torricelli's Theorem","m17fp6c0daq2za1wn16we8vhmd8e3mdj",,"xd728wg2m8th9gg949xgccr37s8e1kgb","Exercise 6: Comprehensive Questions",,,"false",,"exercise",,"long","6.9","Torricelli's Law of Efflux","{""blockIndex"":19,""chapterNumber"":6,""subjectSlug"":""physics-11""}","What is Torricelli's theorem. Explain.","ms70pqftm087x2hfdjgmmkxffn85qeht","[""Torricelli's theorem is a special case of Bernoulli's equation that gives the efflux (outflow) speed of a fluid jetting from a small opening at depth h below the free surface of a large open tank."",""Applying Bernoulli's equation between the top surface (open to atmosphere, large area so its speed is negligible) and the hole (also at atmospheric pressure), the pressure terms cancel and the height difference converts entirely to kinetic energy of the jet."",""The result is $v = \\sqrt{2gh}$, the same speed an object would reach falling freely from height h, showing the escaping fluid behaves like a body in free fall.""]","Torricelli's theorem states that fluid flowing from an orifice at depth $h$ below the liquid surface has the same speed as an object that has freely fallen through height $h$. For an ideal fluid this gives $v=\sqrt{2gh}$. The result follows by applying Bernoulli's equation between the free surface and the opening.","torricellis-law-of-efflux",,,,,
"physics-11","06-fluid-mechanics","Fluid Mechanics","venturi-meter","6.7 Venturi Meter","m172vqve9yjh9sn2dwvcx18qc185p4kj","B",,,"A **Venturi meter** is used to measure the speed of liquid flow. It works by narrowing the fluid's path to increase velocity and decrease pressure, then measures this pressure difference to calculate the flow rate using Bernoulli's Equation and the Equation of Continuity.",,"false","[{""key"":""A"",""text"":""Barometer""},{""key"":""B"",""text"":""Venturimeter""},{""key"":""C"",""text"":""Spectrometer""},{""key"":""D"",""text"":""Speedometer""}]",,"MCQ","mcq","11","How a Venturi Meter Works",,"Which of the following devices is used to measure speed of liquid flow?","ms78q9984mrjxr8xaw6dyn85bn85pwkg","[""Identifies Venturi meter as the correct device for measuring liquid flow speed"",""Mentions the narrowing of the pipe causes velocity increase and pressure decrease"",""References use of pressure difference measurement"",""Connects to Bernoulli's Equation and/or Equation of Continuity principles""]","A **Venturi meter** is used to measure the speed of liquid flow. It works by narrowing the fluid's path to increase velocity and decrease pressure, then measures this pressure difference to calculate the flow rate using Bernoulli's Equation and the Equation of Continuity.","how-a-venturi-meter-works","true","Federal Board","1","annual","2024"
"physics-11","06-fluid-mechanics","Fluid Mechanics","venturi-meter","6.7 Venturi Meter","m1744dc7zyyqr8088gzfqvs67s8e0k77","C","xd73kyfnassjqf9qb0yrrpgq3s8e0a6r","Exercise 6: Multiple Choice Questions","The Venturi effect is the pressure drop that occurs where a fluid stream is constricted (narrowed), causing its velocity to increase.",,"false","[{""key"":""A"",""text"":""Where a stream is expanded""},{""key"":""B"",""text"":""Where a stream flows downwards with gravity""},{""key"":""C"",""text"":""Where a stream constricts""},{""key"":""D"",""text"":""In the exact center of a flowing stream""}]","exercise","MCQ","mcq","13","How a Venturi Meter Works","{""blockIndex"":2,""chapterNumber"":6,""subjectSlug"":""physics-11""}","Where does the Venturi effect specifically occur?","ms78q9984mrjxr8xaw6dyn85bn85pwkg",,,"how-a-venturi-meter-works",,,,,
"physics-11","06-fluid-mechanics","Fluid Mechanics","venturi-meter","6.7 Venturi Meter","m17fs9vk7amsmwvk7kmm1tzdzx8e1myd",,"xd728wg2m8th9gg949xgccr37s8e1kgb","Exercise 6: Comprehensive Questions",,,"false",,"exercise",,"long","6.10","How a Venturi Meter Works","{""blockIndex"":19,""chapterNumber"":6,""subjectSlug"":""physics-11""}","What is venturi meter? Explain.","ms78q9984mrjxr8xaw6dyn85bn85pwkg","[""A Venturi meter is a device used to measure the flow rate (or speed) of a fluid moving through a pipe, consisting of a tube with a constricted (narrower) section, the throat, between two wider sections."",""As fluid passes through the narrower throat, the equation of continuity requires its speed to increase; by Bernoulli's equation, this increase in speed is accompanied by a drop in pressure at the throat compared to the wider sections."",""By measuring the pressure difference between the wide section and the throat (e.g. with a manometer), the flow speed and hence the volumetric flow rate through the pipe can be calculated.""]","A Venturi meter measures flow through a tube with a narrow throat. Continuity makes the speed higher in the constricted section, and Bernoulli's equation makes its pressure lower. The pressure difference between the wide section and throat is measured and used with the continuity relation to calculate flow speed or flow rate.","how-a-venturi-meter-works",,,,,
"physics-11","06-fluid-mechanics","Fluid Mechanics","venturi-meter","6.7 Venturi Meter","m179w8p3e62zd85z057spk1gnn8e208f","C","xd73kyfnassjqf9qb0yrrpgq3s8e0a6r","Exercise 6: Multiple Choice Questions","The Venturi effect is the pressure drop that occurs where a fluid stream is constricted (narrowed), causing its velocity to increase.",,"false","[{""key"":""A"",""text"":""Where a stream is expanded""},{""key"":""B"",""text"":""Where a stream flows downwards with gravity""},{""key"":""C"",""text"":""Where a stream constricts""},{""key"":""D"",""text"":""In the exact center of a flowing stream""}]","exercise","MCQ","mcq","13","How a Venturi Meter Works","{""blockIndex"":2,""chapterNumber"":6,""subjectSlug"":""physics-11""}","Where does the Venturi effect specifically occur?","ms78q9984mrjxr8xaw6dyn85bn85pwkg",,,"how-a-venturi-meter-works",,,,,
"physics-11","06-fluid-mechanics","Fluid Mechanics","venturi-meter","6.7 Venturi Meter","m179r9ck5dhcvak7r68n119s118e2hhh",,"xd728wg2m8th9gg949xgccr37s8e1kgb","Exercise 6: Comprehensive Questions",,,"false",,"exercise",,"long","6.10","How a Venturi Meter Works","{""blockIndex"":19,""chapterNumber"":6,""subjectSlug"":""physics-11""}","What is venturi meter? Explain.","ms78q9984mrjxr8xaw6dyn85bn85pwkg","[""A Venturi meter is a device used to measure the flow rate (or speed) of a fluid moving through a pipe, consisting of a tube with a constricted (narrower) section, the throat, between two wider sections."",""As fluid passes through the narrower throat, the equation of continuity requires its speed to increase; by Bernoulli's equation, this increase in speed is accompanied by a drop in pressure at the throat compared to the wider sections."",""By measuring the pressure difference between the wide section and the throat (e.g. with a manometer), the flow speed and hence the volumetric flow rate through the pipe can be calculated.""]","A Venturi meter measures flow through a tube with a narrow throat. Continuity makes the speed higher in the constricted section, and Bernoulli's equation makes its pressure lower. The pressure difference between the wide section and throat is measured and used with the continuity relation to calculate flow speed or flow rate.","how-a-venturi-meter-works",,,,,
"physics-11","06-fluid-mechanics","Fluid Mechanics","aerofoil","6.8 Aerofoil","m179fygsydqdktph9ghy135jr185q1c5",,,,,,"false",,,"B","short","10","6. Swing of a Ball",,"Explain how swing is produced in a fast moving cricket ball? (**Bernoulli effect**)","ms746q7b8p5bbc659hwbc54r5h85px04","[""Bernoulli's principle states that faster-moving fluid has lower pressure: $P + \\frac{1}{2}\\rho v^2 = \\text{constant}$"",""Spinning ball creates asymmetric airflow around its surface due to seam orientation"",""Pressure difference develops between sides of ball where air velocities differ"",""Net perpendicular force acts on ball, causing curved trajectory (swing)"",""Greater spin rate and ball speed increase the magnitude of swing effect""]","Swing in a fast-moving cricket ball is produced due to the Bernoulli effect. When a bowler imparts spin on the ball, the seam orientation causes air to flow at different speeds around the ball's surface. According to Bernoulli's principle, where air moves faster, pressure decreases. The asymmetric airflow creates a pressure difference between the two sides of the ball, generating a net force perpendicular to the direction of motion. This force causes the ball's trajectory to curve, producing the swing effect observed in cricket.","6-swing-of-a-ball",,"Federal Board","3","annual","2022"
"physics-11","06-fluid-mechanics","Fluid Mechanics","aerofoil","6.8 Aerofoil","m1709hj3bv4j31e2j8bjn1tgc58e1ha6",,"xd747wwb47cck0b4eg7zrva0yx8e1x1g","Exercise 6: Short Questions",,,"false",,"exercise",,"short","6.8","Short Questions","{""blockIndex"":15,""chapterNumber"":6,""subjectSlug"":""physics-11""}","Explain how an upthrust is produced when an aeroplane is running on the runway?","ms746q7b8p5bbc659hwbc54r5h85px04",,"As the plane accelerates, air flows faster over the curved upper surface of the wing than beneath the flatter lower surface. By Bernoulli's principle, faster-moving air has lower pressure, so the pressure above the wing becomes lower than the pressure below it. This pressure difference produces a net upward force (lift/upthrust) on the wing once the plane is moving fast enough on the runway.",,,,,,
"physics-11","06-fluid-mechanics","Fluid Mechanics","aerofoil","6.8 Aerofoil","m175f61jj5pzeffftyxm9h3k0h8e2wqv",,"xd747wwb47cck0b4eg7zrva0yx8e1x1g","Exercise 6: Short Questions",,,"false",,"exercise",,"short","6.8","Short Questions","{""blockIndex"":15,""chapterNumber"":6,""subjectSlug"":""physics-11""}","Explain how an upthrust is produced when an aeroplane is running on the runway?","ms746q7b8p5bbc659hwbc54r5h85px04",,"As the plane accelerates, air flows faster over the curved upper surface of the wing than beneath the flatter lower surface. By Bernoulli's principle, faster-moving air has lower pressure, so the pressure above the wing becomes lower than the pressure below it. This pressure difference produces a net upward force (lift/upthrust) on the wing once the plane is moving fast enough on the runway.",,,,,,
"physics-11","06-fluid-mechanics","Fluid Mechanics","aerofoil","6.8 Aerofoil","m176wqsvj1htvxm84jwqrrfs8n85qdwa",,,,,,"false",,,"B","short","6","Spin Bowling and the Magnus Effect",,"What is meant by **Magnus effect**? Explain with the help of an example.","ms746q7b8p5bbc659hwbc54r5h85px04","[""Definition: Magnus effect is a force on a spinning object moving through a fluid, perpendicular to its velocity"",""Cause: Spinning creates asymmetric pressure distribution around the moving object"",""Direction: Force acts perpendicular to both velocity and spin axis"",""Example: Spinning cricket ball curves during flight due to pressure difference"",""Applications: Explains curved trajectories in sports (cricket, tennis, football)""]","The Magnus effect is the phenomenon where a spinning object moving through a fluid (liquid or gas) experiences a force perpendicular to its direction of motion. This occurs because the spinning motion creates a pressure difference around the object. For example, when a cricket ball is bowled with spin, the rotating ball curves away from its initial trajectory due to the Magnus effect. The side of the ball spinning into the direction of motion experiences higher air pressure, while the opposite side experiences lower pressure, causing the ball to deflect sideways.","spin-bowling-and-the-magnus-effect","true","Federal Board","3","annual","2025"
"physics-11","06-fluid-mechanics","Fluid Mechanics","aerofoil","6.8 Aerofoil","m1790awn07cx8ctrpy2qfv9dmx85q5qe",,,,,,"false",,,"B","short","10","Working Principle",,"Discuss working principle of aerofoil.","ms746q7b8p5bbc659hwbc54r5h85px04","[""Aerofoil shape creates pressure difference between upper (curved) and lower (flatter) surfaces"",""Higher air velocity over upper surface results in lower pressure (Bernoulli's principle)"",""Aerofoil deflects air downward, producing upward reaction force (Newton's third law)"",""Net upward force (lift) is generated to support aircraft weight"",""Design minimizes drag while maximizing lift for efficient flight""]","An aerofoil is a streamlined shape designed to generate lift by exploiting Bernoulli's principle and Newton's third law. As air flows over the curved upper surface and flatter lower surface, the velocity of air is higher over the upper surface, creating lower pressure. Simultaneously, the aerofoil deflects air downward, and by Newton's third law, this produces an equal and opposite upward force (lift). The combination of pressure difference and momentum change enables the aerofoil to generate lift while minimizing drag, making it essential for aircraft flight.","working-principle",,"Federal Board","3","annual","2022"
"physics-11","06-fluid-mechanics","Fluid Mechanics","aerofoil","6.8 Aerofoil","m172kmpd1fr3gsa58hcv7ycv5985pk4v",,,,,,"false",,,"C","long","6","Working Principle",,"What is the aerofoil lift (in newtons) on a wing of area 88 m² if the air passes at speed over its top surface at 280 m·s⁻¹ and bottom surface at 150 m·s⁻¹? (Assume standard air density ρ = 1.2 kg·m⁻³)","ms746q7b8p5bbc659hwbc54r5h85px04","[""Recognizes that lift calculation requires Bernoulli's principle or aerodynamic lift equation"",""Identifies that lift depends on air density, wing area, and velocity difference between surfaces"",""Notes that provided content does not contain relevant aerodynamics material"",""Would require formula: $L = \\frac{1}{2}\\rho A(v_{top}^2 - v_{bottom}^2)$ to proceed"",""Correct answer would be approximately 1.96 × 10⁷ N if proper aerodynamic principles were applied""]","By Bernoulli's equation applied across the top and bottom surfaces of the wing (same height), the pressure difference is $\Delta P = \frac{1}{2}\rho(v_{top}^2 - v_{bottom}^2)$. Lift force $L = \Delta P \times A = \frac{1}{2}\rho A(v_{top}^2 - v_{bottom}^2)$.

Substituting: $L = \frac{1}{2}(1.2)(88)(280^2 - 150^2) = 0.5 \times 1.2 \times 88 \times (78400 - 22500) = 52.8 \times 55900 \approx 2.95 \times 10^6$ N.","working-principle","false","Federal Board","4","annual","2022"
"physics-11","06-fluid-mechanics","Fluid Mechanics","aerofoil","6.8 Aerofoil","m175fr39yr2eqbth3k7a9ykt8h8e3tn3",,"xd706awf7127bvfjw3xc90ee5d8e03ht","Exercise 6: Numerical Problems",,,"false",,"exercise",,"short","6.10","Working Principle","{""blockIndex"":22,""chapterNumber"":6,""subjectSlug"":""physics-11""}","If the speed of air across the top and bottom of a small aeroplane's wing is 30 m/s and 20 m/s respectively, calculate the pressure difference between the top and bottom of the wings if air density = 1.29 kg/m^3.","ms746q7b8p5bbc659hwbc54r5h85px04",,"By Bernoulli's equation: $\Delta P = \frac{1}{2}\rho(v_{top}^2 - v_{bottom}^2) = \frac{1}{2}\times1.29\times(900-400) = 0.645\times500 \approx 322.5\ \mathrm{Pa}$, matching the textbook. (Ans. 322.5 Pa, as printed in the textbook.)","working-principle",,,,,
"physics-11","06-fluid-mechanics","Fluid Mechanics","viscous-drag","6.9 Viscosity and Drag","m171afvztts51ycrr6p9p9weg985p57k",,,,,,"false",,,"B","short","1","Derived Quantities and Their Dimensions",,"From Stokes' law, the drag force can be expressed as $F_D = 6\pi\eta r v$, then find the dimensions of coefficient of viscosity $\eta$?","ms7by316qjr1tyr6e59p00nwws85prjn","[""Rearrange Stokes' law to isolate $\\eta$: $\\eta = \\frac{F_D}{rv}$"",""Substitute dimensions: drag force $[F_D] = MLT^{-2}$, radius $[r] = L$, velocity $[v] = LT^{-1}$"",""Simplify dimensional expression: $\\frac{MLT^{-2}}{L \\cdot LT^{-1}} = ML^{-1}T^{-1}$"",""Final answer: $[\\eta] = ML^{-1}T^{-1}$ (mass per unit length per unit time)""]","To find the dimensions of coefficient of viscosity $\eta$ from Stokes' law $F_D = 6\pi\eta r v$, we rearrange to get $\eta = \frac{F_D}{6\pi r v}$. The dimensions are: $[\eta] = \frac{[F_D]}{[r][v]} = \frac{MLT^{-2}}{L \cdot LT^{-1}} = \frac{MLT^{-2}}{L^2T^{-1}} = ML^{-1}T^{-1}$. Therefore, the coefficient of viscosity has dimensions $[\eta] = ML^{-1}T^{-1}$ or $[M][L]^{-1}[T]^{-1}$.","derived-quantities-and-their-dimensions",,"Federal Board","3","annual","2022"
"physics-11","06-fluid-mechanics","Fluid Mechanics","viscous-drag","6.9 Viscosity and Drag","m175e0v8b53rnxwtbhj44qfxcs8e0q9h","B","xd73kyfnassjqf9qb0yrrpgq3s8e0a6r","Exercise 6: Multiple Choice Questions","By Stoke's law, viscous drag force $F = 6\pi\eta r v$, which is directly proportional to both the radius r and the velocity v.",,"false","[{""key"":""A"",""text"":""inversely proportional to 'r' but directly proportional to velocity 'v'""},{""key"":""B"",""text"":""directly proportional to both radius 'r' and velocity 'v'""},{""key"":""C"",""text"":""inversely proportional to both radius 'r' and velocity 'v'""},{""key"":""D"",""text"":""directly proportional to 'r' but inversely proportional to 'v'""}]","exercise","MCQ","mcq","5","Multiple Choice Questions","{""blockIndex"":2,""chapterNumber"":6,""subjectSlug"":""physics-11""}","Spherical balls of radius 'r' are falling in a viscous fluid of viscosity 'eta' with a velocity 'v'. The retarding viscous force acting on the spherical ball is:","ms7by316qjr1tyr6e59p00nwws85prjn",,,,,,,,
"physics-11","06-fluid-mechanics","Fluid Mechanics","viscous-drag","6.9 Viscosity and Drag","m176w1c6en1bq6h5djc0st9vw58e0qdw","C","xd73kyfnassjqf9qb0yrrpgq3s8e0a6r","Exercise 6: Multiple Choice Questions","Liquid viscosity decreases with rising temperature (molecules move more freely), while gas viscosity increases with temperature (more frequent intermolecular collisions from momentum transfer).",,"false","[{""key"":""A"",""text"":""increase and increase""},{""key"":""B"",""text"":""increase and decrease""},{""key"":""C"",""text"":""decrease and increase""},{""key"":""D"",""text"":""decrease and decrease""}]","exercise","MCQ","mcq","9","Multiple Choice Questions","{""blockIndex"":2,""chapterNumber"":6,""subjectSlug"":""physics-11""}","With an increase in temperature, the viscosity of liquids and gases, respectively will:","ms7by316qjr1tyr6e59p00nwws85prjn",,,,,,,,
"physics-11","06-fluid-mechanics","Fluid Mechanics","viscous-drag","6.9 Viscosity and Drag","m170yx336d4wkgw5vrj3q1gsv18e0hex",,"xd747wwb47cck0b4eg7zrva0yx8e1x1g","Exercise 6: Short Questions",,,"false",,"exercise",,"short","6.1","Short Questions","{""blockIndex"":15,""chapterNumber"":6,""subjectSlug"":""physics-11""}","Why do athletes, such as swimmers and bicyclists, wear body suits in competition?","ms7by316qjr1tyr6e59p00nwws85prjn",,"Tight-fitting body suits are smooth and streamlined, reducing turbulence and skin-friction drag from the surrounding fluid (water or air), allowing the athlete to move faster with less resistive force opposing their motion.",,,,,,
"physics-11","06-fluid-mechanics","Fluid Mechanics","viscous-drag","6.9 Viscosity and Drag","m17brcm6kaxdnsjkwyfz1998158e0hf4",,"xd728wg2m8th9gg949xgccr37s8e1kgb","Exercise 6: Comprehensive Questions",,,"false",,"exercise",,"long","6.3","Comprehensive Questions","{""blockIndex"":19,""chapterNumber"":6,""subjectSlug"":""physics-11""}","What is viscosity? Explain with the help of examples.","ms7by316qjr1tyr6e59p00nwws85prjn","[""Viscosity is a fluid's internal resistance to flow, arising from friction between adjacent layers of fluid moving at different velocities."",""A more viscous fluid flows more slowly and resists the relative motion of its layers more strongly than a less viscous one."",""Examples: honey and glycerin are highly viscous and pour slowly, while water and petrol have low viscosity and flow easily; motor oil is chosen for lubrication partly based on its viscosity to reduce friction between engine parts.""]","Viscosity is a fluid's resistance to flow. Honey and engine oil have relatively large viscosity and flow slowly, while water and air have lower viscosity and flow more easily. In most liquids viscosity decreases as temperature increases, whereas in most gases it increases. Viscosity is represented by $\eta$ and has SI units such as $\mathrm{N\,s\,m^{-2}}$ or $\mathrm{Pa\,s}$.",,,,,,
"physics-11","06-fluid-mechanics","Fluid Mechanics","viscous-drag","6.9 Viscosity and Drag","m17c4g98dm8w8axvvhrhfp7zz18e195c",,"xd728wg2m8th9gg949xgccr37s8e1kgb","Exercise 6: Comprehensive Questions",,,"false",,"exercise",,"long","6.4","Comprehensive Questions","{""blockIndex"":19,""chapterNumber"":6,""subjectSlug"":""physics-11""}","What is viscous drag? Explain with the help of examples.","ms7by316qjr1tyr6e59p00nwws85prjn","[""Viscous drag is the resistive (retarding) force experienced by an object moving through a viscous fluid, or by fluid layers moving past each other, due to the fluid's internal friction."",""For a sphere moving through a fluid, viscous drag opposes its motion and increases with the object's speed and the fluid's viscosity (as described by Stoke's law)."",""Examples: a marble falling through glycerin slows and reaches a constant (terminal) speed due to viscous drag; air resistance on a falling raindrop or parachutist is a form of viscous drag.""]","Viscous drag is the retarding force exerted by a fluid on an object moving through it. It acts opposite the relative motion, as when a hand is moved through water or air. Drag depends on the object's size, shape, and orientation, the fluid's viscosity, and relative speed. Streamlining reduces drag, while a parachute increases drag to slow a falling person.",,,,,,
"physics-11","06-fluid-mechanics","Fluid Mechanics","viscous-drag","6.9 Viscosity and Drag","m17030x8fv6nqdp9sag4gxprk58e22ed","B","xd73kyfnassjqf9qb0yrrpgq3s8e0a6r","Exercise 6: Multiple Choice Questions","By Stoke's law, viscous drag force $F = 6\pi\eta r v$, which is directly proportional to both the radius r and the velocity v.",,"false","[{""key"":""A"",""text"":""inversely proportional to 'r' but directly proportional to velocity 'v'""},{""key"":""B"",""text"":""directly proportional to both radius 'r' and velocity 'v'""},{""key"":""C"",""text"":""inversely proportional to both radius 'r' and velocity 'v'""},{""key"":""D"",""text"":""directly proportional to 'r' but inversely proportional to 'v'""}]","exercise","MCQ","mcq","5","Multiple Choice Questions","{""blockIndex"":2,""chapterNumber"":6,""subjectSlug"":""physics-11""}","Spherical balls of radius 'r' are falling in a viscous fluid of viscosity 'eta' with a velocity 'v'. The retarding viscous force acting on the spherical ball is:","ms7by316qjr1tyr6e59p00nwws85prjn",,,,,,,,
"physics-11","06-fluid-mechanics","Fluid Mechanics","viscous-drag","6.9 Viscosity and Drag","m17fzta35ffd91k386zf087a998e2mwt","C","xd73kyfnassjqf9qb0yrrpgq3s8e0a6r","Exercise 6: Multiple Choice Questions","Liquid viscosity decreases with rising temperature (molecules move more freely), while gas viscosity increases with temperature (more frequent intermolecular collisions from momentum transfer).",,"false","[{""key"":""A"",""text"":""increase and increase""},{""key"":""B"",""text"":""increase and decrease""},{""key"":""C"",""text"":""decrease and increase""},{""key"":""D"",""text"":""decrease and decrease""}]","exercise","MCQ","mcq","9","Multiple Choice Questions","{""blockIndex"":2,""chapterNumber"":6,""subjectSlug"":""physics-11""}","With an increase in temperature, the viscosity of liquids and gases, respectively will:","ms7by316qjr1tyr6e59p00nwws85prjn",,,,,,,,
"physics-11","06-fluid-mechanics","Fluid Mechanics","viscous-drag","6.9 Viscosity and Drag","m179zpwpm0ccjyqtc5e65j3yt58e2pm4",,"xd747wwb47cck0b4eg7zrva0yx8e1x1g","Exercise 6: Short Questions",,,"false",,"exercise",,"short","6.1","Short Questions","{""blockIndex"":15,""chapterNumber"":6,""subjectSlug"":""physics-11""}","Why do athletes, such as swimmers and bicyclists, wear body suits in competition?","ms7by316qjr1tyr6e59p00nwws85prjn",,"Tight-fitting body suits are smooth and streamlined, reducing turbulence and skin-friction drag from the surrounding fluid (water or air), allowing the athlete to move faster with less resistive force opposing their motion.",,,,,,
"physics-11","06-fluid-mechanics","Fluid Mechanics","viscous-drag","6.9 Viscosity and Drag","m172jv7xj2g8qhgahz4nnmmmhn8e3rdc",,"xd728wg2m8th9gg949xgccr37s8e1kgb","Exercise 6: Comprehensive Questions",,,"false",,"exercise",,"long","6.3","Comprehensive Questions","{""blockIndex"":19,""chapterNumber"":6,""subjectSlug"":""physics-11""}","What is viscosity? Explain with the help of examples.","ms7by316qjr1tyr6e59p00nwws85prjn","[""Viscosity is a fluid's internal resistance to flow, arising from friction between adjacent layers of fluid moving at different velocities."",""A more viscous fluid flows more slowly and resists the relative motion of its layers more strongly than a less viscous one."",""Examples: honey and glycerin are highly viscous and pour slowly, while water and petrol have low viscosity and flow easily; motor oil is chosen for lubrication partly based on its viscosity to reduce friction between engine parts.""]","Viscosity is a fluid's resistance to flow. Honey and engine oil have relatively large viscosity and flow slowly, while water and air have lower viscosity and flow more easily. In most liquids viscosity decreases as temperature increases, whereas in most gases it increases. Viscosity is represented by $\eta$ and has SI units such as $\mathrm{N\,s\,m^{-2}}$ or $\mathrm{Pa\,s}$.",,,,,,
"physics-11","06-fluid-mechanics","Fluid Mechanics","viscous-drag","6.9 Viscosity and Drag","m17dfazbc91n176887fea2n9fx8e26xq",,"xd728wg2m8th9gg949xgccr37s8e1kgb","Exercise 6: Comprehensive Questions",,,"false",,"exercise",,"long","6.4","Comprehensive Questions","{""blockIndex"":19,""chapterNumber"":6,""subjectSlug"":""physics-11""}","What is viscous drag? Explain with the help of examples.","ms7by316qjr1tyr6e59p00nwws85prjn","[""Viscous drag is the resistive (retarding) force experienced by an object moving through a viscous fluid, or by fluid layers moving past each other, due to the fluid's internal friction."",""For a sphere moving through a fluid, viscous drag opposes its motion and increases with the object's speed and the fluid's viscosity (as described by Stoke's law)."",""Examples: a marble falling through glycerin slows and reaches a constant (terminal) speed due to viscous drag; air resistance on a falling raindrop or parachutist is a form of viscous drag.""]","Viscous drag is the retarding force exerted by a fluid on an object moving through it. It acts opposite the relative motion, as when a hand is moved through water or air. Drag depends on the object's size, shape, and orientation, the fluid's viscosity, and relative speed. Streamlining reduces drag, while a parachute increases drag to slow a falling person.",,,,,,
"physics-11","06-fluid-mechanics","Fluid Mechanics","viscous-drag","6.9 Viscosity and Drag","m1739jpehjtjbwm3et3mm4cbmd8e0jrd",,"xd728wg2m8th9gg949xgccr37s8e1kgb","Exercise 6: Comprehensive Questions",,,"false",,"exercise",,"long","6.5","Stokes' Law","{""blockIndex"":19,""chapterNumber"":6,""subjectSlug"":""physics-11""}","Explain Stoke's law. Derive its mathematical formula by using dimensional analysis.","ms7by316qjr1tyr6e59p00nwws85prjn","[""Stoke's law gives the viscous drag force on a small sphere moving slowly through a viscous fluid; the force depends on the fluid's viscosity (eta), the sphere's radius (r), and its velocity (v)."",""By dimensional analysis, assuming $F = k\\eta^a r^b v^c$ and matching the dimensions of force $[MLT^{-2}]$ to those of eta $[ML^{-1}T^{-1}]$, r $[L]$, and v $[LT^{-1}]$, solving the resulting equations gives $a=1, b=1, c=1$."",""This yields Stoke's law: $F = 6\\pi\\eta r v$, where the numerical constant $6\\pi$ is determined experimentally/theoretically (dimensional analysis alone gives the proportionality $F \\propto \\eta r v$).""]","For a small spherical object moving through a viscous fluid, Stokes' law states that the drag force is $F_d=6\pi\eta r v$. Thus drag is directly proportional to the sphere's radius $r$, speed $v$, and the fluid's coefficient of viscosity $\eta$. The relation applies to a small sphere in the low-speed viscous-flow regime.","stokes-law",,,,,
"physics-11","06-fluid-mechanics","Fluid Mechanics","viscous-drag","6.9 Viscosity and Drag","m17daqqcyhsyhf9wv723gfkr2h8e29dd",,"xd728wg2m8th9gg949xgccr37s8e1kgb","Exercise 6: Comprehensive Questions",,,"false",,"exercise",,"long","6.5","Stokes' Law","{""blockIndex"":19,""chapterNumber"":6,""subjectSlug"":""physics-11""}","Explain Stoke's law. Derive its mathematical formula by using dimensional analysis.","ms7by316qjr1tyr6e59p00nwws85prjn","[""Stoke's law gives the viscous drag force on a small sphere moving slowly through a viscous fluid; the force depends on the fluid's viscosity (eta), the sphere's radius (r), and its velocity (v)."",""By dimensional analysis, assuming $F = k\\eta^a r^b v^c$ and matching the dimensions of force $[MLT^{-2}]$ to those of eta $[ML^{-1}T^{-1}]$, r $[L]$, and v $[LT^{-1}]$, solving the resulting equations gives $a=1, b=1, c=1$."",""This yields Stoke's law: $F = 6\\pi\\eta r v$, where the numerical constant $6\\pi$ is determined experimentally/theoretically (dimensional analysis alone gives the proportionality $F \\propto \\eta r v$).""]","For a small spherical object moving through a viscous fluid, Stokes' law states that the drag force is $F_d=6\pi\eta r v$. Thus drag is directly proportional to the sphere's radius $r$, speed $v$, and the fluid's coefficient of viscosity $\eta$. The relation applies to a small sphere in the low-speed viscous-flow regime.","stokes-law",,,,,
"physics-11","06-fluid-mechanics","Fluid Mechanics","viscous-drag","6.9 Viscosity and Drag","m17b4r6tqvzw0468an2edfwty98e0afx","B","xd73kyfnassjqf9qb0yrrpgq3s8e0a6r","Exercise 6: Multiple Choice Questions","Stoke's law for viscous drag applies at terminal (constant) velocity, where the net force on the sphere is zero.",,"false","[{""key"":""A"",""text"":""moving with a low, non-zero acceleration""},{""key"":""B"",""text"":""moving with a constant velocity""},{""key"":""C"",""text"":""at rest in the fluid""},{""key"":""D"",""text"":""of the same density as the fluid""}]","exercise","MCQ","mcq","3","Terminal Velocity","{""blockIndex"":2,""chapterNumber"":6,""subjectSlug"":""physics-11""}","In the equation for Stoke's law, the sphere must be:","ms7by316qjr1tyr6e59p00nwws85prjn",,,"terminal-velocity",,,,,
"physics-11","06-fluid-mechanics","Fluid Mechanics","viscous-drag","6.9 Viscosity and Drag","m170kxnamyfsgtv408yt166gdx8e2aty","B","xd73kyfnassjqf9qb0yrrpgq3s8e0a6r","Exercise 6: Multiple Choice Questions","Stoke's law for viscous drag applies at terminal (constant) velocity, where the net force on the sphere is zero.",,"false","[{""key"":""A"",""text"":""moving with a low, non-zero acceleration""},{""key"":""B"",""text"":""moving with a constant velocity""},{""key"":""C"",""text"":""at rest in the fluid""},{""key"":""D"",""text"":""of the same density as the fluid""}]","exercise","MCQ","mcq","3","Terminal Velocity","{""blockIndex"":2,""chapterNumber"":6,""subjectSlug"":""physics-11""}","In the equation for Stoke's law, the sphere must be:","ms7by316qjr1tyr6e59p00nwws85prjn",,,"terminal-velocity",,,,,
"physics-11","06-fluid-mechanics","Fluid Mechanics","fluid-friction-and-drag","6.10 Fluid Friction and Drag","m17d1x9jw1c6xpgcwqamz8ahvx85qxm5",,,,"For spherical raindrops falling at terminal velocity, the drag force equals the gravitational force. Using Stokes' law for viscous drag ($F_D = 6\pi\eta rv$) and balancing with weight ($mg = \frac{4}{3}\pi r^3\rho g$), we get $v_t \propto r^2$. Therefore, if radii are in ratio $2:3$, terminal velocities are in ratio $2^2:3^2 = 4:9$.",,"false","[{""key"":""A"",""text"":""$2:3$""},{""key"":""B"",""text"":""$3:2$""},{""key"":""C"",""text"":""$4:9$""},{""key"":""D"",""text"":""$9:4$""}]",,"MCQ","unclassified","10","Mathematical Derivation (for a Sphere)",,"Two rain drops have radii in the ratio $2:3$. The ratio between their terminal velocities will be:","ms76karsyp8pj5g3gje8g0q0j585qvtg","[""Correctly identifies that terminal velocity occurs when drag force equals gravitational force"",""Applies Stokes' law for viscous drag on spherical objects"",""Derives the relationship $v_t \\propto r^2$ for terminal velocity"",""Correctly calculates the ratio as $4:9$ using the proportionality relationship""]","For spherical raindrops falling at terminal velocity, the drag force equals the gravitational force. Using Stokes' law for viscous drag ($F_D = 6\pi\eta rv$) and balancing with weight ($mg = \frac{4}{3}\pi r^3\rho g$), we get $v_t \propto r^2$. Therefore, if radii are in ratio $2:3$, terminal velocities are in ratio $2^2:3^2 = 4:9$.","mathematical-derivation-for-a-sphere","true","Federal Board","1","annual","2022"
"physics-11","06-fluid-mechanics","Fluid Mechanics","fluid-friction-and-drag","6.10 Fluid Friction and Drag","m171afvztts51ycrr6p9p9weg985p57k",,,,,,"false",,,"B","short","1","Derived Quantities and Their Dimensions",,"From Stokes' law, the drag force can be expressed as $F_D = 6\pi\eta r v$, then find the dimensions of coefficient of viscosity $\eta$?","ms76karsyp8pj5g3gje8g0q0j585qvtg","[""Rearrange Stokes' law to isolate $\\eta$: $\\eta = \\frac{F_D}{rv}$"",""Substitute dimensions: drag force $[F_D] = MLT^{-2}$, radius $[r] = L$, velocity $[v] = LT^{-1}$"",""Simplify dimensional expression: $\\frac{MLT^{-2}}{L \\cdot LT^{-1}} = ML^{-1}T^{-1}$"",""Final answer: $[\\eta] = ML^{-1}T^{-1}$ (mass per unit length per unit time)""]","To find the dimensions of coefficient of viscosity $\eta$ from Stokes' law $F_D = 6\pi\eta r v$, we rearrange to get $\eta = \frac{F_D}{6\pi r v}$. The dimensions are: $[\eta] = \frac{[F_D]}{[r][v]} = \frac{MLT^{-2}}{L \cdot LT^{-1}} = \frac{MLT^{-2}}{L^2T^{-1}} = ML^{-1}T^{-1}$. Therefore, the coefficient of viscosity has dimensions $[\eta] = ML^{-1}T^{-1}$ or $[M][L]^{-1}[T]^{-1}$.","derived-quantities-and-their-dimensions",,"Federal Board","3","annual","2022"
"physics-11","06-fluid-mechanics","Fluid Mechanics","fluid-friction-and-drag","6.10 Fluid Friction and Drag","m177vxhpzwkq4fgvmv91tmknyd85q0m6",,,,,,"false",,,"B","short","14","Terminal Velocity",,"Why do fog droplets appear to be suspended in air? Explain briefly.","ms76karsyp8pj5g3gje8g0q0j585qvtg","[""Fog droplets experience downward gravitational force"",""Air resistance/viscous drag acts upward on falling droplets"",""When drag force equals weight, droplet reaches equilibrium (terminal velocity)"",""Small size of fog droplets results in significant drag relative to weight"",""Droplets appear suspended when moving at constant (very slow) velocity or in equilibrium""]","Fog droplets appear suspended in air because they experience an upward drag force from air resistance that balances their weight. As droplets fall through air, viscous forces create a resistive drag that opposes their motion. When this drag force equals the gravitational force pulling the droplet downward, the droplet reaches terminal velocity and appears stationary or slowly descends, creating the illusion of suspension.","terminal-velocity",,"Federal Board","3","annual","2024"
"physics-11","06-fluid-mechanics","Fluid Mechanics","terminal-velocity","6.11 Terminal Velocity","m177vxhpzwkq4fgvmv91tmknyd85q0m6",,,,,,"false",,,"B","short","14","Terminal Velocity",,"Why do fog droplets appear to be suspended in air? Explain briefly.","ms78zd4v411g5zhy3024khws9h85pbvw","[""Fog droplets experience downward gravitational force"",""Air resistance/viscous drag acts upward on falling droplets"",""When drag force equals weight, droplet reaches equilibrium (terminal velocity)"",""Small size of fog droplets results in significant drag relative to weight"",""Droplets appear suspended when moving at constant (very slow) velocity or in equilibrium""]","Fog droplets appear suspended in air because they experience an upward drag force from air resistance that balances their weight. As droplets fall through air, viscous forces create a resistive drag that opposes their motion. When this drag force equals the gravitational force pulling the droplet downward, the droplet reaches terminal velocity and appears stationary or slowly descends, creating the illusion of suspension.","terminal-velocity",,"Federal Board","3","annual","2024"
"physics-11","06-fluid-mechanics","Fluid Mechanics","terminal-velocity","6.11 Terminal Velocity","m173wvvys9j7pmyw289m64faed8e1xv5",,"xd706awf7127bvfjw3xc90ee5d8e03ht","Exercise 6: Numerical Problems",,,"false",,"exercise",,"short","6.1","Numerical Problems","{""blockIndex"":22,""chapterNumber"":6,""subjectSlug"":""physics-11""}","The settling speed of a small fog droplet in air is found to be 2.98 mm/s. Find out the radius of the droplet. The coefficient of viscosity of air is 1.9 x 10^-5 kg m^-1 s^-1.","ms78zd4v411g5zhy3024khws9h85pbvw",,"At terminal velocity, $v_t = \frac{2r^2 g(\rho-\sigma)}{9\eta}$. Treating air density $\sigma$ as negligible compared to water droplet density $\rho \approx 1000\ \mathrm{kg/m^3}$: $r^2 = \frac{9\eta v_t}{2 g \rho} = \frac{9 \times 1.9\times10^{-5} \times 2.98\times10^{-3}}{2 \times 9.8 \times 1000} \approx 2.6\times10^{-11}$, so $r \approx 5.1\times10^{-6}$ m, matching the textbook's printed answer. (Ans. $5.1 \times 10^{-6}$ m, as printed in the textbook.)",,,,,,
"physics-11","06-fluid-mechanics","Fluid Mechanics","terminal-velocity","6.11 Terminal Velocity","m175a5z3nvf80gdqvrepjx75b98e32eg",,"xd706awf7127bvfjw3xc90ee5d8e03ht","Exercise 6: Numerical Problems",,,"false",,"exercise",,"short","6.1","Numerical Problems","{""blockIndex"":22,""chapterNumber"":6,""subjectSlug"":""physics-11""}","The settling speed of a small fog droplet in air is found to be 2.98 mm/s. Find out the radius of the droplet. The coefficient of viscosity of air is 1.9 x 10^-5 kg m^-1 s^-1.","ms78zd4v411g5zhy3024khws9h85pbvw",,"At terminal velocity, $v_t = \frac{2r^2 g(\rho-\sigma)}{9\eta}$. Treating air density $\sigma$ as negligible compared to water droplet density $\rho \approx 1000\ \mathrm{kg/m^3}$: $r^2 = \frac{9\eta v_t}{2 g \rho} = \frac{9 \times 1.9\times10^{-5} \times 2.98\times10^{-3}}{2 \times 9.8 \times 1000} \approx 2.6\times10^{-11}$, so $r \approx 5.1\times10^{-6}$ m, matching the textbook's printed answer. (Ans. $5.1 \times 10^{-6}$ m, as printed in the textbook.)",,,,,,
"physics-11","06-fluid-mechanics","Fluid Mechanics","terminal-velocity","6.11 Terminal Velocity","m17d1x9jw1c6xpgcwqamz8ahvx85qxm5",,,,"For spherical raindrops falling at terminal velocity, the drag force equals the gravitational force. Using Stokes' law for viscous drag ($F_D = 6\pi\eta rv$) and balancing with weight ($mg = \frac{4}{3}\pi r^3\rho g$), we get $v_t \propto r^2$. Therefore, if radii are in ratio $2:3$, terminal velocities are in ratio $2^2:3^2 = 4:9$.",,"false","[{""key"":""A"",""text"":""$2:3$""},{""key"":""B"",""text"":""$3:2$""},{""key"":""C"",""text"":""$4:9$""},{""key"":""D"",""text"":""$9:4$""}]",,"MCQ","unclassified","10","Mathematical Derivation (for a Sphere)",,"Two rain drops have radii in the ratio $2:3$. The ratio between their terminal velocities will be:","ms78zd4v411g5zhy3024khws9h85pbvw","[""Correctly identifies that terminal velocity occurs when drag force equals gravitational force"",""Applies Stokes' law for viscous drag on spherical objects"",""Derives the relationship $v_t \\propto r^2$ for terminal velocity"",""Correctly calculates the ratio as $4:9$ using the proportionality relationship""]","For spherical raindrops falling at terminal velocity, the drag force equals the gravitational force. Using Stokes' law for viscous drag ($F_D = 6\pi\eta rv$) and balancing with weight ($mg = \frac{4}{3}\pi r^3\rho g$), we get $v_t \propto r^2$. Therefore, if radii are in ratio $2:3$, terminal velocities are in ratio $2^2:3^2 = 4:9$.","mathematical-derivation-for-a-sphere","true","Federal Board","1","annual","2022"
"physics-11","06-fluid-mechanics","Fluid Mechanics","terminal-velocity","6.11 Terminal Velocity","m175amcrqwh797qefptf1wpjfs85p6w9",,,,,,"false",,,"B","short","11","Mathematical Derivation (for a Sphere)",,"Which object will attain terminal velocity first, a lighter object or a heavier object? Justify your answer.","ms78zd4v411g5zhy3024khws9h85pbvw","[""Terminal velocity occurs when drag force equals gravitational force: $F_D = F_g$"",""Heavier object has larger gravitational force ($F_g = mg$), requiring larger drag force for equilibrium"",""Heavier object accelerates faster due to greater net force, reaching higher velocities more quickly"",""Drag force increases with velocity, so heavier object reaches equilibrium condition sooner"",""At terminal velocity, net force is zero and acceleration becomes zero""]","A heavier object will attain terminal velocity first. This is because terminal velocity is reached when the drag force equals the gravitational force ($F_g = F_D$). Since the gravitational force on a heavier object is greater ($F_g = mg$), it requires a larger drag force to achieve equilibrium. However, the heavier object experiences a greater net downward force initially, causing it to accelerate faster and reach higher velocities more quickly. The drag force increases with velocity, so the heavier object reaches the velocity at which $F_D = F_g$ sooner than a lighter object, which has a smaller gravitational force to balance.","mathematical-derivation-for-a-sphere","true","Federal Board","3","annual","2023"
"physics-11","06-fluid-mechanics","Fluid Mechanics","terminal-velocity","6.11 Terminal Velocity","m1710e49rmy8ydd9x1yhvqw0498e0r67","C","xd73kyfnassjqf9qb0yrrpgq3s8e0a6r","Exercise 6: Multiple Choice Questions","Terminal velocity scales with $r^2$. Combining two equal-volume drops into one gives a new radius $r' = 2^{1/3} r$, so $v' = v \times 2^{2/3} \approx 20 \times 1.587 \approx 31.7$ cm/s $\approx 32$ cm/s.",,"false","[{""key"":""A"",""text"":""10 cm/s""},{""key"":""B"",""text"":""20 cm/s""},{""key"":""C"",""text"":""32 cm/s""},{""key"":""D"",""text"":""40 cm/s""}]","exercise","MCQ","mcq","4","The Terminal Velocity Condition","{""blockIndex"":2,""chapterNumber"":6,""subjectSlug"":""physics-11""}","Two identical spherical drops of water are falling through air with a steady velocity of 20 cm/s. If the drops combine to form a single drop, what would be the terminal velocity of the single drop?","ms78zd4v411g5zhy3024khws9h85pbvw",,,"the-terminal-velocity-condition",,,,,
"physics-11","06-fluid-mechanics","Fluid Mechanics","terminal-velocity","6.11 Terminal Velocity","m173qfcvy9metp78k1dtpq1bk58e1xmy","B","xd73kyfnassjqf9qb0yrrpgq3s8e0a6r","Exercise 6: Multiple Choice Questions","Terminal velocity is proportional to $r^2$, so $v_1/v_2 = (r_1/r_2)^2 = 4/9$, giving $r_1/r_2 = 2/3$.",,"false","[{""key"":""A"",""text"":""4:9""},{""key"":""B"",""text"":""2:3""},{""key"":""C"",""text"":""3:2""},{""key"":""D"",""text"":""9:4""}]","exercise","MCQ","mcq","6","The Terminal Velocity Condition","{""blockIndex"":2,""chapterNumber"":6,""subjectSlug"":""physics-11""}","Two rain drops reach the Earth with their terminal velocities in the ratio 4:9. The ratio of their radii is:","ms78zd4v411g5zhy3024khws9h85pbvw",,,"the-terminal-velocity-condition",,,,,
"physics-11","06-fluid-mechanics","Fluid Mechanics","terminal-velocity","6.11 Terminal Velocity","m17by2bfg8mcaephbtz54zpsb18e1v7n",,"xd728wg2m8th9gg949xgccr37s8e1kgb","Exercise 6: Comprehensive Questions",,,"false",,"exercise",,"long","6.6","The Terminal Velocity Condition","{""blockIndex"":19,""chapterNumber"":6,""subjectSlug"":""physics-11""}","Explain terminal velocity and derive its equation by using Stoke's law.","ms78zd4v411g5zhy3024khws9h85pbvw","[""Terminal velocity is the constant maximum velocity a falling object (e.g. a sphere in a viscous fluid) reaches when the net force on it becomes zero, i.e. when the viscous drag force plus upthrust balance its weight."",""At terminal velocity: weight = upthrust + viscous drag, i.e. $\\frac{4}{3}\\pi r^3 \\rho g = \\frac{4}{3}\\pi r^3 \\sigma g + 6\\pi\\eta r v_t$, where rho is the sphere's density, sigma is the fluid's density, and $v_t$ is terminal velocity."",""Solving for $v_t$ gives: $v_t = \\frac{2r^2 g(\\rho - \\sigma)}{9\\eta}$, showing terminal velocity increases with the square of the radius and the density difference, and decreases with fluid viscosity.""]","Terminal velocity is the maximum constant speed reached by a freely falling object in a viscous medium. Initially weight exceeds drag and the object accelerates; as speed rises, drag rises. At terminal velocity the upward drag equals weight, so net force and acceleration are zero. Combining weight $mg=\frac{4}{3}\pi r^3\rho g$ with Stokes' drag $6\pi\eta r v_t$ gives $v_t=\frac{2r^2\rho g}{9\eta}$, so $v_t\propto r^2$ and inversely depends on viscosity.","the-terminal-velocity-condition",,,,,
"physics-11","06-fluid-mechanics","Fluid Mechanics","terminal-velocity","6.11 Terminal Velocity","m179psm58cqk3xe4rqam8dxqps8e30xf","C","xd73kyfnassjqf9qb0yrrpgq3s8e0a6r","Exercise 6: Multiple Choice Questions","Terminal velocity scales with $r^2$. Combining two equal-volume drops into one gives a new radius $r' = 2^{1/3} r$, so $v' = v \times 2^{2/3} \approx 20 \times 1.587 \approx 31.7$ cm/s $\approx 32$ cm/s.",,"false","[{""key"":""A"",""text"":""10 cm/s""},{""key"":""B"",""text"":""20 cm/s""},{""key"":""C"",""text"":""32 cm/s""},{""key"":""D"",""text"":""40 cm/s""}]","exercise","MCQ","mcq","4","The Terminal Velocity Condition","{""blockIndex"":2,""chapterNumber"":6,""subjectSlug"":""physics-11""}","Two identical spherical drops of water are falling through air with a steady velocity of 20 cm/s. If the drops combine to form a single drop, what would be the terminal velocity of the single drop?","ms78zd4v411g5zhy3024khws9h85pbvw",,,"the-terminal-velocity-condition",,,,,
"physics-11","06-fluid-mechanics","Fluid Mechanics","terminal-velocity","6.11 Terminal Velocity","m17e19dn7wez1w75z6jf5txx098e3ctd","B","xd73kyfnassjqf9qb0yrrpgq3s8e0a6r","Exercise 6: Multiple Choice Questions","Terminal velocity is proportional to $r^2$, so $v_1/v_2 = (r_1/r_2)^2 = 4/9$, giving $r_1/r_2 = 2/3$.",,"false","[{""key"":""A"",""text"":""4:9""},{""key"":""B"",""text"":""2:3""},{""key"":""C"",""text"":""3:2""},{""key"":""D"",""text"":""9:4""}]","exercise","MCQ","mcq","6","The Terminal Velocity Condition","{""blockIndex"":2,""chapterNumber"":6,""subjectSlug"":""physics-11""}","Two rain drops reach the Earth with their terminal velocities in the ratio 4:9. The ratio of their radii is:","ms78zd4v411g5zhy3024khws9h85pbvw",,,"the-terminal-velocity-condition",,,,,
"physics-11","06-fluid-mechanics","Fluid Mechanics","terminal-velocity","6.11 Terminal Velocity","m1782fhm0hxmbd8fffdf2b4n218e3cen",,"xd728wg2m8th9gg949xgccr37s8e1kgb","Exercise 6: Comprehensive Questions",,,"false",,"exercise",,"long","6.6","The Terminal Velocity Condition","{""blockIndex"":19,""chapterNumber"":6,""subjectSlug"":""physics-11""}","Explain terminal velocity and derive its equation by using Stoke's law.","ms78zd4v411g5zhy3024khws9h85pbvw","[""Terminal velocity is the constant maximum velocity a falling object (e.g. a sphere in a viscous fluid) reaches when the net force on it becomes zero, i.e. when the viscous drag force plus upthrust balance its weight."",""At terminal velocity: weight = upthrust + viscous drag, i.e. $\\frac{4}{3}\\pi r^3 \\rho g = \\frac{4}{3}\\pi r^3 \\sigma g + 6\\pi\\eta r v_t$, where rho is the sphere's density, sigma is the fluid's density, and $v_t$ is terminal velocity."",""Solving for $v_t$ gives: $v_t = \\frac{2r^2 g(\\rho - \\sigma)}{9\\eta}$, showing terminal velocity increases with the square of the radius and the density difference, and decreases with fluid viscosity.""]","Terminal velocity is the maximum constant speed reached by a freely falling object in a viscous medium. Initially weight exceeds drag and the object accelerates; as speed rises, drag rises. At terminal velocity the upward drag equals weight, so net force and acceleration are zero. Combining weight $mg=\frac{4}{3}\pi r^3\rho g$ with Stokes' drag $6\pi\eta r v_t$ gives $v_t=\frac{2r^2\rho g}{9\eta}$, so $v_t\propto r^2$ and inversely depends on viscosity.","the-terminal-velocity-condition",,,,,
"physics-11","06-fluid-mechanics","Fluid Mechanics","superfluidity","6.12 Superfluidity","m179fehdvqge0nxv95n7map4558e13vk",,"xd747wwb47cck0b4eg7zrva0yx8e1x1g","Exercise 6: Short Questions",,,"false",,"exercise",,"short","6.11","Short Questions","{""blockIndex"":15,""chapterNumber"":6,""subjectSlug"":""physics-11""}","What is meant by superfluid? How is superfluid made?","ms790qdz17q40ndc6mk4z1m79x85q2d8",,"A superfluid is a phase of matter that flows with zero viscosity (no internal friction or resistance to flow), allowing it to flow through extremely narrow channels and even climb container walls without dissipating energy. Superfluids are made by cooling certain substances, most notably liquid helium-4, to extremely low temperatures (below about 2.17 K, the lambda point), at which point a macroscopic quantum effect (Bose-Einstein-condensate-like behavior) sets in and the liquid transitions into the frictionless superfluid state.",,,,,,
"physics-11","06-fluid-mechanics","Fluid Mechanics","superfluidity","6.12 Superfluidity","m175z34aahtspd2aanhn7dr81x8e0kpr",,"xd728wg2m8th9gg949xgccr37s8e1kgb","Exercise 6: Comprehensive Questions",,,"false",,"exercise",,"long","6.11","Comprehensive Questions","{""blockIndex"":19,""chapterNumber"":6,""subjectSlug"":""physics-11""}","Describe super fluidity.","ms790qdz17q40ndc6mk4z1m79x85q2d8","[""Superfluidity is a state of matter in which a liquid flows with exactly zero viscosity, offering no resistance to flow at all, unlike ordinary fluids which always have some internal friction."",""It is a macroscopic quantum phenomenon, first observed in liquid helium-4 cooled below about 2.17 K (the lambda point), where a large fraction of the atoms condense into the same lowest-energy quantum state."",""A superfluid displays striking behaviors such as flowing without measurable loss through extremely narrow capillaries and creeping up and over the walls of its container (the fountain/creeping film effect), because it has no viscous drag to oppose these motions.""]","Superfluidity is a state in which a liquid has zero viscosity and flows without friction or loss of kinetic energy. A stirred superfluid can form vortices that continue spinning indefinitely, and it can creep over container walls. Liquid helium near absolute zero is an example described in the chapter.",,,,,,
"physics-11","06-fluid-mechanics","Fluid Mechanics","superfluidity","6.12 Superfluidity","m17bbdff7m3bsqj5at02wpc8mn8e294a",,"xd747wwb47cck0b4eg7zrva0yx8e1x1g","Exercise 6: Short Questions",,,"false",,"exercise",,"short","6.11","Short Questions","{""blockIndex"":15,""chapterNumber"":6,""subjectSlug"":""physics-11""}","What is meant by superfluid? How is superfluid made?","ms790qdz17q40ndc6mk4z1m79x85q2d8",,"A superfluid is a phase of matter that flows with zero viscosity (no internal friction or resistance to flow), allowing it to flow through extremely narrow channels and even climb container walls without dissipating energy. Superfluids are made by cooling certain substances, most notably liquid helium-4, to extremely low temperatures (below about 2.17 K, the lambda point), at which point a macroscopic quantum effect (Bose-Einstein-condensate-like behavior) sets in and the liquid transitions into the frictionless superfluid state.",,,,,,
"physics-11","06-fluid-mechanics","Fluid Mechanics","superfluidity","6.12 Superfluidity","m177ex6wx24afmhx6jbadj4hcx8e2f70",,"xd728wg2m8th9gg949xgccr37s8e1kgb","Exercise 6: Comprehensive Questions",,,"false",,"exercise",,"long","6.11","Comprehensive Questions","{""blockIndex"":19,""chapterNumber"":6,""subjectSlug"":""physics-11""}","Describe super fluidity.","ms790qdz17q40ndc6mk4z1m79x85q2d8","[""Superfluidity is a state of matter in which a liquid flows with exactly zero viscosity, offering no resistance to flow at all, unlike ordinary fluids which always have some internal friction."",""It is a macroscopic quantum phenomenon, first observed in liquid helium-4 cooled below about 2.17 K (the lambda point), where a large fraction of the atoms condense into the same lowest-energy quantum state."",""A superfluid displays striking behaviors such as flowing without measurable loss through extremely narrow capillaries and creeping up and over the walls of its container (the fountain/creeping film effect), because it has no viscous drag to oppose these motions.""]","Superfluidity is a state in which a liquid has zero viscosity and flows without friction or loss of kinetic energy. A stirred superfluid can form vortices that continue spinning indefinitely, and it can creep over container walls. Liquid helium near absolute zero is an example described in the chapter.",,,,,,