subjectSlug,chapterSlug,chapterTitle,topicSlug,topicTitle,_id,exerciseId,exerciseTitle,lastAttempt,locked,modelAnswer,origin,questionKind,questionNumber,sourceRef,stem,topicId,correctKey,correctKeyVerified,examBoard,explanation,keyPoints,marks,options,partType,session,year
"maths-12","03-integration","Integration","exercise-3-1","3.1 Antiderivatives and the Power Rule for Integration","m174kv25759b1cfazcn1087sas8c7xag","xd72aqqsz6ngjapngd9fg5hccx8c7thd","Exercise 3.1",,"false","# **Background and Explanation**

This problem involves integrating a polynomial function, which requires applying the **power rule for integration** and the **linearity property** of integrals. These fundamental techniques allow you to integrate term by term.

---

# **Solution**

Let $I$ represent the integral:

$$I = \int\left(x^{2}-3 x+9\right) d x$$

**Step 1:** Apply the linearity property of integration to split the integral into separate terms and factor out constants:

$$I = \int x^{2} \, dx - 3\int x \, dx + 9\int 1 \, dx$$

*Reasoning:* The integral of a sum equals the sum of the integrals, and constants can be factored out.

**Step 2:** Apply the power rule $\int x^{n} \, dx = \frac{x^{n+1}}{n+1}$ to each term. For the first term, $n=2$; for the second term, $n=1$; and for the constant, we use $\int 1 \, dx = x$:

$$I = \frac{x^{2+1}}{2+1} - 3 \cdot \frac{x^{1+1}}{1+1} + 9x + c$$

*Note:* Here we explicitly show the power rule application with $n+1$ in the exponents. The constant of integration $c$ is added because this is an indefinite integral.

**Step 3:** Simplify the exponents and coefficients:

$$I = \frac{x^{3}}{3} - 3 \cdot \frac{x^{2}}{2} + 9x + c$$

**Step 4:** Final simplification:

$$I = \frac{x^{3}}{3} - \frac{3x^{2}}{2} + 9x + c$$

Therefore, the solution is:

$$\int\left(x^{2}-3 x+9\right) d x = \frac{x^{3}}{3} - \frac{3x^{2}}{2} + 9x + c$$

---

# **Key Formulas or Methods Used**

- **Linearity of Integration:** $\int [af(x) + bg(x)] \, dx = a\int f(x) \, dx + b\int g(x) \, dx$
- **Power Rule:** $\int x^{n} \, dx = \frac{x^{n+1}}{n+1} + c$ (for $n \neq -1$)
- **Constant Rule:** $\int 1 \, dx = x + c$ or $\int k \, dx = kx + c$ (where $k$ is a constant)

---

# **Summary of Steps**

1. **Set up** the integral and denote it as $I$
2. **Apply linearity** to separate the integral into three individual terms
3. **Integrate each term** using the power rule $\int x^n dx = \frac{x^{n+1}}{n+1}$, showing the explicit substitution of $n=2$ and $n=1$
4. **Add the constant** of integration $c$ at the end
5. **Simplify** the resulting algebraic expression","exercise","numerical","1","{""blockIndex"":2,""chapterNumber"":3,""page"":91,""subjectSlug"":""maths-12""}","Evaluate the indefinite integral:

$$\int\left(x^{2}-3 x+9\right) d x$$

---","ms7avp8r5098f68d076pp07a2985qpeb",,,,,,,,,,
"maths-12","03-integration","Integration","exercise-3-1","3.1 Antiderivatives and the Power Rule for Integration","m17c32ve4b6yx2w72qetnkhps58c64xf","xd72aqqsz6ngjapngd9fg5hccx8c7thd","Exercise 3.1",,"false","# **Background and Explanation**

These problems involve integrating exponential functions with arbitrary bases. Q10 applies the basic exponential integral formula directly, while Q11 requires substitution to handle the composite exponent $7y$.

---

# **Solution**

Let $I = \int 5^{x} \, dx$.

This is a standard exponential integral of the form $\int a^{x} \, dx$ where $a = 5$. Applying the formula:

$$I = \frac{5^{x}}{\ln 5} + c$$

*(Recall: $\int a^{x} \, dx = \frac{a^{x}}{\ln a} + c$ for any constant $a > 0, a \neq 1$)*

---

# **Key Formulas or Methods Used**

- **Exponential Integral:** $\displaystyle \int a^{x} \, dx = \frac{a^{x}}{\ln a} + c$ (for $a > 0, a \neq 1$)
- **Substitution Method (u-substitution):** For composite functions $f(g(x))$, substitute $u = g(x)$ and $du = g'(x)dx$ to simplify the integral
- **Differential Substitution:** If $u = ky$, then $du = k \, dy$ or $dy = \frac{du}{k}$

---

# **Summary of Steps**

 ($\int 5^x dx$):
1. Identify as basic exponential integral with base $a = 5$
2. Apply formula: $\frac{5^x}{\ln 5} + c$","exercise","unclassified","10","{""blockIndex"":2,""chapterNumber"":3,""page"":91,""subjectSlug"":""maths-12""}","$$\int 5^{x} \, dx$$

---","ms7avp8r5098f68d076pp07a2985qpeb",,,,,,,,,,
"maths-12","03-integration","Integration","exercise-3-1","3.1 Antiderivatives and the Power Rule for Integration","m17exsj528w4hcknhw31wkhwbn8c6vc7","xd72aqqsz6ngjapngd9fg5hccx8c7thd","Exercise 3.1",,"false","# **Background and Explanation**

These problems involve integrating exponential functions with arbitrary bases. Q10 applies the basic exponential integral formula directly, while Q11 requires substitution to handle the composite exponent $7y$.

---

# **Solution**

Let $I = \int 7^{7 y} \, dy$.

Since the exponent $7y$ is a linear function of $y$, we use substitution to simplify the integral.

**Step 1:** Substitute $7y = t$.

**Step 2:** Find the differential relationship. Taking differentials of both sides:
$$7 \, dy = dt$$
$$dy = \frac{dt}{7}$$

**Step 3:** Rewrite the integral in terms of $t$:
$$
\begin{aligned}
\int 7^{7 y} \, dy &= \int 7^{t} \cdot \frac{dt}{7} \\
&= \frac{1}{7} \int 7^{t} \, dt
\end{aligned}
$$

**Step 4:** Apply the exponential integral formula $\int a^{t} \, dt = \frac{a^{t}}{\ln a}$:
$$= \frac{1}{7} \cdot \frac{7^{t}}{\ln 7} + c$$

**Step 5:** Substitute back $t = 7y$:
$$= \frac{7^{7y}}{7\ln 7} + c$$

This can also be written as $\frac{7^{7y-1}}{\ln 7} + c$.

---

# **Key Formulas or Methods Used**

- **Exponential Integral:** $\displaystyle \int a^{x} \, dx = \frac{a^{x}}{\ln a} + c$ (for $a > 0, a \neq 1$)
- **Substitution Method (u-substitution):** For composite functions $f(g(x))$, substitute $u = g(x)$ and $du = g'(x)dx$ to simplify the integral
- **Differential Substitution:** If $u = ky$, then $du = k \, dy$ or $dy = \frac{du}{k}$

---

# **Summary of Steps**

**For Q10 ($\int 5^x dx$):**
1. Identify as basic exponential integral with base $a = 5$
2. Apply formula: $\frac{5^x}{\ln 5} + c$

**For Q11 ($\int 7^{7y} dy$):**
3. Substitute $t = 7y$ (inner function)
4. Calculate differential: $dy = \frac{dt}{7}$
5. Rewrite integral: $\frac{1}{7}\int 7^t dt$
6. Integrate: $\frac{1}{7} \cdot \frac{7^t}{\ln 7} + c$
7. Back-substitute $t = 7y$: $\frac{7^{7y}}{7\ln 7} + c$","exercise","unclassified","11","{""blockIndex"":2,""chapterNumber"":3,""page"":91,""subjectSlug"":""maths-12""}","$$\int 7^{7 y} \, dy$$

---","ms7avp8r5098f68d076pp07a2985qpeb",,,,,,,,,,
"maths-12","03-integration","Integration","exercise-3-1","3.1 Antiderivatives and the Power Rule for Integration","m1795nh70fg0xm9wbv5052h3f18c7qac","xd72aqqsz6ngjapngd9fg5hccx8c7thd","Exercise 3.1",,"false","# **Background and Explanation**

To solve this problem, we use the linearity property of integrals, which allows us to integrate each term of the expression separately. We will apply the Power Rule for integration for terms with exponents and the specific logarithmic rule for the term involving $1/x$.

---

# **Solution**

To integrate the expression, we first rewrite the terms to make it easier to apply the integration rules. Specifically, we convert fractions into power form where applicable.

## Step 1: Rewrite the integrand
We can rewrite the expression as:
$$\int x^3 dx + \int \frac{1}{2x} dx - \int x^{-3} dx$$

Note that $\frac{1}{2x}$ is treated as $\frac{1}{2} \cdot \frac{1}{x}$ because the power rule $x^n$ does not apply when $n = -1$.

## Step 2: Integrate each term
Now, we apply the integration rules to each part:

1.  **For $x^3$:** Using the power rule $\int x^n dx = \frac{x^{n+1}}{n+1}$:
    $$\int x^3 dx = \frac{x^{3+1}}{3+1} = \frac{x^4}{4}$$

2.  **For $\frac{1}{2x}$:** We pull out the constant $\frac{1}{2}$ and use the rule $\int \frac{1}{x} dx = \ln|x|$:
    $$\int \frac{1}{2x} dx = \frac{1}{2} \int \frac{1}{x} dx = \frac{1}{2} \ln|x|$$

3.  **For $-x^{-3}$:** Using the power rule again:
    $$-\int x^{-3} dx = -\left( \frac{x^{-3+1}}{-3+1} \right) = -\left( \frac{x^{-2}}{-2} \right) = \frac{1}{2x^2}$$

## Step 3: Combine the results
Combining all the integrated parts and adding the constant of integration $C$, we get:

$$\frac{x^4}{4} + \frac{1}{2} \ln|x| + \frac{1}{2x^2} + C$$

---

# **Key Formulas or Methods Used**

*   **Power Rule for Integration:** $\int x^n dx = \frac{x^{n+1}}{n+1} + C$ (for $n \neq -1$)
*   **Logarithmic Integration Rule:** $\int \frac{1}{x} dx = \ln|x| + C$
*   **Linearity of Integrals:** $\int (f(x) \pm g(x)) dx = \int f(x) dx \pm \int g(x) dx$
*   **Constant Multiple Rule:** $\int k \cdot f(x) dx = k \int f(x) dx$

---

# **Summary of Steps**

1.  Rewrite the terms of the integrand into power form (e.g., $1/x^3$ becomes $x^{-3}$).
2.  Separate the integral into three individual integrals using the sum/difference rule.
3.  Apply the Power Rule to the first and third terms.
4.  Apply the natural log rule to the term containing $1/x$.
5.  Simplify the resulting expression and add the integration constant $C$.","exercise","numerical","12","{""blockIndex"":2,""chapterNumber"":3,""page"":91,""subjectSlug"":""maths-12""}","Evaluate the following indefinite integral:

$$\int\left(x^3+\frac{1}{2 x}-\frac{1}{x^3}\right) d x$$

---","ms7avp8r5098f68d076pp07a2985qpeb",,,,,,,,,,
"maths-12","03-integration","Integration","exercise-3-1","3.1 Antiderivatives and the Power Rule for Integration","m17dak8yv6sdgcz7h7545j9x818c7685","xd72aqqsz6ngjapngd9fg5hccx8c7thd","Exercise 3.1",,"false","# **Background and Explanation**

This problem involves integrating a rational function where the numerator is not exactly the derivative of the denominator. The key strategy is to split the fraction into two parts: one where the numerator is the derivative of the denominator (yielding a logarithmic result), and another that fits the standard arctangent integral form.

---

# **Solution**

Let $I = \int \frac{2x+1}{x^{2}+3} \, dx$.

First, we split the integrand into two separate fractions:

$$I = \int \left(\frac{2x}{x^{2}+3} + \frac{1}{x^{2}+3}\right) dx$$

This separation allows us to evaluate two simpler integrals individually:

$$I = \int \frac{2x}{x^{2}+3} \, dx + \int \frac{1}{x^{2}+3} \, dx$$

**First Integral:** $\int \frac{2x}{x^{2}+3} \, dx$

Notice that the numerator $2x$ is exactly the derivative of the denominator $x^2 + 3$. This fits the logarithmic integration rule $\int \frac{f'(x)}{f(x)} \, dx = \ln|f(x)| + C$. Since $x^2 + 3 > 0$ for all real $x$, we can write:

$$\int \frac{2x}{x^{2}+3} \, dx = \ln\left(x^{2}+3\right)$$

**Second Integral:** $\int \frac{1}{x^{2}+3} \, dx$

We rewrite the denominator to match the standard arctangent form $x^2 + a^2$:

$$\int \frac{1}{x^{2}+3} \, dx = \int \frac{1}{x^{2}+(\sqrt{3})^2} \, dx$$

Using the standard integral formula $\int \frac{1}{x^{2}+a^{2}} \, dx = \frac{1}{a}\tan^{-1}\left(\frac{x}{a}\right) + C$ with $a = \sqrt{3}$:

$$\int \frac{1}{x^{2}+(\sqrt{3})^2} \, dx = \frac{1}{\sqrt{3}}\tan^{-1}\left(\frac{x}{\sqrt{3}}\right)$$

**Combining the results:**

$$I = \ln\left(x^{2}+3\right) + \frac{1}{\sqrt{3}}\tan^{-1}\left(\frac{x}{\sqrt{3}}\right) + c$$

where $c$ is the constant of integration.

---

# **Key Formulas or Methods Used**

- **Partial fraction decomposition (algebraic splitting):** $\frac{2x+1}{x^2+3} = \frac{2x}{x^2+3} + \frac{1}{x^2+3}$
- **Logarithmic integration rule:** $\displaystyle \int \frac{f'(x)}{f(x)} \, dx = \ln|f(x)| + C$
- **Standard arctangent integral:** $\displaystyle \int \frac{1}{x^{2}+a^{2}} \, dx = \frac{1}{a}\tan^{-1}\left(\frac{x}{a}\right) + C$ (where $a = \sqrt{3}$ in this problem)

---

# **Summary of Steps**

1. **Split the integrand** into two fractions: $\frac{2x}{x^2+3}$ and $\frac{1}{x^2+3}$
2. **Evaluate the first integral** using the logarithmic rule, since the numerator is the derivative of the denominator: $\ln(x^2+3)$
3. **Rewrite the second integral** in the form $\frac{1}{x^2+a^2}$ by recognizing $3 = (\sqrt{3})^2$
4. **Apply the arctangent formula** with $a = \sqrt{3}$ to get $\frac{1}{\sqrt{3}}\tan^{-1}\left(\frac{x}{\sqrt{3}}\right)$
5. **Combine results** and add the constant of integration $c$","exercise","numerical","13","{""blockIndex"":2,""chapterNumber"":3,""page"":91,""subjectSlug"":""maths-12""}","Evaluate the integral:

$$\int \frac{2x+1}{x^{2}+3} \, dx$$

---","ms7avp8r5098f68d076pp07a2985qpeb",,,,,,,,,,
"maths-12","03-integration","Integration","exercise-3-1","3.1 Antiderivatives and the Power Rule for Integration","m173px0df07h1rabsz3s9f9g558c7g1s","xd72aqqsz6ngjapngd9fg5hccx8c7thd","Exercise 3.1",,"false","# **Background and Explanation**

This problem requires the **method of substitution** (u-substitution). The key insight is recognizing that the derivative of $\tan^{-1} z$ is $\frac{1}{1+z^2}$, which appears as a factor in the integrand, allowing us to simplify the integral significantly.

---

# **Solution**

We begin by setting up the integral:

$$I = \int \frac{e^{\tan^{-1} z}}{1+z^{2}} \, dz$$

To solve this, we use substitution. Let:

$$t = \tan^{-1} z$$

Differentiating both sides with respect to $z$:

$$\frac{dt}{dz} = \frac{1}{1+z^2}$$

Rearranging to express $dz$ in terms of $dt$:

$$dt = \frac{dz}{1+z^2} \quad \text{or} \quad dz = (1+z^2) \, dt$$

Now substitute $t = \tan^{-1} z$ and $dt = \frac{dz}{1+z^2}$ into the original integral:

$$I = \int e^{t} \, dt$$

This is a standard exponential integral:

$$I = e^{t} + C$$

Finally, substitute back $t = \tan^{-1} z$ to express the answer in terms of the original variable $z$:

$$I = e^{\tan^{-1} z} + C$$

Therefore:

$$\int \frac{e^{\tan^{-1} z}}{1+z^{2}} \, dz = e^{\tan^{-1} z} + C$$

---

# **Key Formulas or Methods Used**

- **Substitution Rule**: $\int f(g(z)) \cdot g'(z) \, dz = \int f(t) \, dt$ where $t = g(z)$
- **Derivative of Inverse Tangent**: $\frac{d}{dz}(\tan^{-1} z) = \frac{1}{1+z^2}$
- **Exponential Integral**: $\int e^{x} \, dx = e^{x} + C$

---

# **Summary of Steps**

1. **Identify the substitution**: Let $t = \tan^{-1} z$
2. **Compute the differential**: Determine that $dt = \frac{dz}{1+z^2}$
3. **Rewrite the integral**: Express the integral as $\int e^{t} \, dt$ using the substitution
4. **Integrate**: Evaluate the simpler integral to get $e^{t} + C$
5. **Back-substitute**: Replace $t$ with $\tan^{-1} z$ to obtain the final answer $e^{\tan^{-1} z} + C$","exercise","numerical","14",,"Evaluate the integral:

$$\int \frac{e^{\tan^{-1} z}}{1+z^{2}} \, dz$$

---","ms7avp8r5098f68d076pp07a2985qpeb",,,,,,,,,,
"maths-12","03-integration","Integration","exercise-3-1","3.1 Antiderivatives and the Power Rule for Integration","m172fxbp70hmhf7qrggtz0f9an8c6f7m","xd72aqqsz6ngjapngd9fg5hccx8c7thd","Exercise 3.1",,"false","# **Background and Explanation**

To solve this problem, we use the linearity property of integration, which allows us to integrate each term in the expression individually. We will apply the power rule for integration and the specific rule for integrating exponential functions with a linear constant in the exponent.

---

# **Solution**

To find the integral, we break the expression into three separate parts:

$$\int x^{\frac{3}{2}} dx + \int e^{3x} dx + \int x^0 dx$$

## Step 1: Integrate $x^{\frac{3}{2}}$
Using the power rule $\int x^n dx = \frac{x^{n+1}}{n+1}$, where $n = \frac{3}{2}$:
$$\int x^{\frac{3}{2}} dx = \frac{x^{\frac{3}{2} + 1}}{\frac{3}{2} + 1} = \frac{x^{\frac{5}{2}}}{\frac{5}{2}}$$
Simplifying the fraction:
$$\frac{2}{5}x^{\frac{5}{2}}$$

## Step 2: Integrate $e^{3x}$
Using the exponential rule $\int e^{ax} dx = \frac{1}{a}e^{ax}$, where $a = 3$:
$$\int e^{3x} dx = \frac{1}{3}e^{3x}$$

## Step 3: Integrate $x^0$
First, recognize that any non-zero base raised to the power of zero is 1 ($x^0 = 1$):
$$\int x^0 dx = \int 1 dx$$
The integral of a constant is:
$$x$$

## Step 4: Combine the results
Now, we combine all the integrated parts and add the constant of integration $C$:
$$\frac{2}{5}x^{\frac{5}{2}} + \frac{1}{3}e^{3x} + x + C$$

---

# **Key Formulas or Methods Used**

*   **Power Rule for Integration:** $\int x^n dx = \frac{x^{n+1}}{n+1} + C$
*   **Exponential Rule:** $\int e^{ax} dx = \frac{1}{a}e^{ax} + C$
*   **Linearity Property:** $\int [f(x) + g(x)] dx = \int f(x) dx + \int g(x) dx$
*   **Zero Exponent Rule:** $x^0 = 1$

---

# **Summary of Steps**

1.  Split the integral into three individual terms.
2.  Apply the power rule to $x^{\frac{3}{2}}$ by adding 1 to the exponent and dividing by the new exponent.
3.  Apply the exponential rule to $e^{3x}$ by dividing by the coefficient of $x$.
4.  Simplify $x^0$ to 1 and integrate it to get $x$.
5.  Sum the results and include the integration constant $C$.","exercise","numerical","15",,"Evaluate the following indefinite integral:

$$\int\left(x^{\frac{3}{2}}+e^{3 x}+x^0\right) d x$$

---","ms7avp8r5098f68d076pp07a2985qpeb",,,,,,,,,,
"maths-12","03-integration","Integration","exercise-3-1","3.1 Antiderivatives and the Power Rule for Integration","m170ysfdh6wfefk2gahjyqkqr58c6926","xd72aqqsz6ngjapngd9fg5hccx8c7thd","Exercise 3.1",,"false","## **Background and Explanation**

This integral requires recognizing the pattern where the integrand consists of a function raised to a power multiplied by its own derivative. This is a direct application of the reverse chain rule (substitution method) for integration.

---

## **Solution**

Let $I = \int\left(3 x^{2}+2 x\right)\left(x^{3}+x^{2}+9\right)^{5} d x$.

First, observe the structure of the integrand. Notice that if we let $f(x) = x^{3}+x^{2}+9$, then its derivative is:
$$f'(x) = \frac{d}{dx}(x^{3}+x^{2}+9) = 3x^{2} + 2x$$

This matches the first factor in our integrand. Therefore, we can rewrite the integral as:
$$I = \int\left(x^{3}+x^{2}+9\right)^{5} \cdot\left(3 x^{2}+2 x\right) d x = \int [f(x)]^{5} \cdot f'(x) \, dx$$

Using the integration formula for this specific form (which is essentially $u$-substitution where $u = x^{3}+x^{2}+9$):
$$\int [f(x)]^{n} \cdot f'(x) \, dx = \frac{[f(x)]^{n+1}}{n+1} + c$$

Here, $n = 5$, so $n+1 = 6$. Applying the formula:
$$I = \frac{\left(x^{3}+x^{2}+9\right)^{5+1}}{5+1} + c$$

Simplifying the expression:
$$I = \frac{\left(x^{3}+x^{2}+9\right)^{6}}{6} + c$$

---

## **Key Formulas or Methods Used**

- **Reverse Chain Rule / Substitution Method**: $\int f^{n}(x) \cdot f^{\prime}(x) \, d x=\frac{f^{n+1}(x)}{n+1} + c$
- **Power Rule for Integration**: Applied after substitution
- **Recognition Pattern**: Identifying that $3x^2 + 2x$ is the derivative of $x^3 + x^2 + 9$

---

## **Summary of Steps**

1. **Identify the inner function**: Let $u = x^3 + x^2 + 9$ and verify that $du = (3x^2 + 2x)\,dx$ matches the remaining factor.
2. **Rewrite the integral**: Express as $\int u^5 \, du$.
3. **Apply the power rule**: Integrate to get $\frac{u^6}{6} + c$.
4. **Substitute back**: Replace $u$ with $x^3 + x^2 + 9$ to obtain the final answer $\frac{(x^3+x^2+9)^6}{6} + c$.

---

# **Question 17**

## **Question Statement**

Evaluate the integral:

$$\int\left(5 e^{5 x}-x^{-3}+3^{2 x}\right) d x$$

---

## **Background and Explanation**

This problem combines three basic integration techniques: exponential functions with linear arguments, power rule for negative exponents, and exponential functions with base $a$ requiring substitution. Each term must be integrated separately using the appropriate rule.

---

## **Solution**

Let $I = \int\left(5 e^{5 x}-x^{-3}+3^{2 x}\right) d x$.

We can split this into three separate integrals:
$$I = 5 \int e^{5 x} d x-\int x^{-3} d x+\int 3^{2 x} d x$$

**Step 1: Integrate the first term**

For $\int e^{5x} dx$, using the rule $\int e^{ax} dx = \frac{e^{ax}}{a}$:
$$5 \int e^{5 x} d x = 5 \cdot \frac{e^{5 x}}{5} = e^{5 x}$$

**Step 2: Integrate the second term**

For $\int x^{-3} dx$, using the power rule $\int x^n dx = \frac{x^{n+1}}{n+1}$ where $n = -3$:
$$-\int x^{-3} d x = -\frac{x^{-3+1}}{-3+1} = -\frac{x^{-2}}{-2} = \frac{x^{-2}}{2} = \frac{1}{2x^{2}}$$

**Step 3: Integrate the third term**

For $\int 3^{2x} dx$, we use substitution:
Let $t = 2x$, then $dt = 2\,dx$ or $dx = \frac{dt}{2}$.

Substituting:
$$\int 3^{2 x} d x = \int 3^{t} \cdot \frac{d t}{2} = \frac{1}{2} \int 3^{t} d t$$

Using the formula $\int a^{x} d x=\frac{a^{x}}{\ln a}$:
$$\frac{1}{2} \int 3^{t} d t = \frac{1}{2} \cdot \frac{3^{t}}{\ln 3} + c = \frac{3^{2 x}}{2 \ln 3} + c$$

**Step 4: Combine all terms**

Putting everything together:
$$I = e^{5 x} + \frac{1}{2x^{2}} + \frac{3^{2 x}}{2 \ln 3} + c$$

---

## **Key Formulas or Methods Used**

- **Exponential Integration**: $\int e^{ax} dx = \frac{e^{ax}}{a} + c$
- **Power Rule**: $\int x^n dx = \frac{x^{n+1}}{n+1} + c$ (for $n \neq -1$)
- **General Exponential Rule**: $\int a^x dx = \frac{a^x}{\ln a} + c$
- **Substitution Method**: Used for $3^{2x}$ by letting $t = 2x$ to linearize the exponent

---

## **Summary of Steps**

1. **Separate the integral**: Break into three parts: $5e^{5x}$, $-x^{-3}$, and $3^{2x}$.
2. **First term**: Integrate $e^{5x}$ to get $\frac{e^{5x}}{5}$, multiply by 5 to get $e^{5x}$.
3. **Second term**: Apply power rule to $x^{-3}$ to get $\frac{x^{-2}}{-2}$, simplify signs to get $+\frac{1}{2x^2}$.
4. **Third term**: Substitute $t = 2x$, integrate $3^t$ to get $\frac{3^t}{\ln 3}$, substitute back and include the factor of $\frac{1}{2}$ to get $\frac{3^{2x}}{2\ln 3}$.
5. **Combine**: Add all results and include the constant of integration $+c$.","exercise","numerical","16","{""blockIndex"":2,""chapterNumber"":3,""page"":91,""subjectSlug"":""maths-12""}","Evaluate the integral:

$$\int\left(3 x^{2}+2 x\right)\left(x^{3}+x^{2}+9\right)^{5} d x$$

---","ms7avp8r5098f68d076pp07a2985qpeb",,,,,,,,,,
"maths-12","03-integration","Integration","exercise-3-1","3.1 Antiderivatives and the Power Rule for Integration","m17edrjyrs27xf6ayyvs2wg9p98c78a0","xd72aqqsz6ngjapngd9fg5hccx8c7thd","Exercise 3.1",,"false","# **Background and Explanation**

To solve this problem, we use the **linearity property of integrals**, which allows us to integrate each term of the sum separately. We also apply standard integration rules for exponential functions ($e^{ax}$ and $a^{kx}$) and the power rule for $x^n$.

---

# **Solution**

To find the integral, we first split the expression into three separate integrals:

$$\int 5 e^{5 x} \, dx - \int x^{-3} \, dx + \int 3^{2 x} \, dx$$

Now, we evaluate each term individually:

## **Step 1: Integrate $5 e^{5x}$**
For the first term, we use the rule $\int e^{ax} \, dx = \frac{1}{a} e^{ax} + C$.
The constant $5$ remains outside the integration process:
$$\int 5 e^{5 x} \, dx = 5 \cdot \left( \frac{1}{5} e^{5x} \right) = e^{5x}$$

## **Step 2: Integrate $x^{-3}$**
For the second term, we use the power rule $\int x^n \, dx = \frac{x^{n+1}}{n+1} + C$, where $n = -3$:
$$\int x^{-3} \, dx = \frac{x^{-3+1}}{-3+1} = \frac{x^{-2}}{-2} = -\frac{1}{2}x^{-2}$$
Since there is a subtraction sign before this term in the original expression, it becomes:
$$- \left( -\frac{1}{2}x^{-2} \right) = +\frac{1}{2}x^{-2}$$

## **Step 3: Integrate $3^{2x}$**
For the third term, we use the general exponential rule $\int a^{kx} \, dx = \frac{a^{kx}}{k \ln(a)} + C$. Here, $a=3$ and $k=2$:
$$\int 3^{2 x} \, dx = \frac{3^{2x}}{2 \ln(3)}$$

## **Step 4: Combine the results**
Finally, we combine all the evaluated parts and add the constant of integration $C$:

$$\int\left(5 e^{5 x}-x^{-3}+3^{2 x}\right) d x = e^{5x} + \frac{1}{2}x^{-2} + \frac{3^{2x}}{2 \ln(3)} + C$$

This can also be written as:
$$e^{5x} + \frac{1}{2x^2} + \frac{3^{2x}}{2 \ln(3)} + C$$

---

# **Key Formulas or Methods Used**

*   **Linearity of Integrals:** $\int [f(x) + g(x)] \, dx = \int f(x) \, dx + \int g(x) \, dx$
*   **Exponential Rule (base $e$):** $\int e^{ax} \, dx = \frac{1}{a} e^{ax} + C$
*   **Power Rule:** $\int x^n \, dx = \frac{x^{n+1}}{n+1} + C$ (for $n \neq -1$)
*   **General Exponential Rule:** $\int a^{kx} \, dx = \frac{a^{kx}}{k \ln(a)} + C$

---

# **Summary of Steps**

1.  Split the integral into three separate parts using the linearity property.
2.  Apply the exponential integration rule to $5e^{5x}$ to get $e^{5x}$.
3.  Apply the power rule to $x^{-3}$ to get $-\frac{1}{2}x^{-2}$.
4.  Apply the general exponential rule to $3^{2x}$ to get $\frac{3^{2x}}{2 \ln(3)}$.
5.  Combine all terms and add the integration constant $C$.","exercise","numerical","17",,"Evaluate the following indefinite integral:

$$\int\left(5 e^{5 x}-x^{-3}+3^{2 x}\right) d x$$

---","ms7avp8r5098f68d076pp07a2985qpeb",,,,,,,,,,
"maths-12","03-integration","Integration","exercise-3-1","3.1 Antiderivatives and the Power Rule for Integration","m175h9hbbf018adwdbfsqqxv2n8c7md7","xd72aqqsz6ngjapngd9fg5hccx8c7thd","Exercise 3.1",,"false","# **Background and Explanation**

This problem combines power functions, a reciprocal function, and an exponential function. The solution requires applying the power rule for integration, recognizing the logarithmic integral form, and handling exponential terms with negative exponents.

---

# **Solution**

We begin by splitting the integral into four separate parts using the linearity property of integration. We also rewrite the terms to make them easier to integrate:
- $\sqrt{3z} = \sqrt{3} \cdot z^{1/2}$ (factoring out the constant $\sqrt{3}$)
- $\frac{1}{e^z} = e^{-z}$

$$
\begin{aligned}
I & =\int\left(z^{-\frac{1}{4}}+\sqrt{3 z}+\frac{4}{z}-\frac{1}{e^{z}}\right) d z \\
& =\int z^{-\frac{1}{4}} d z+\sqrt{3} \int \sqrt{z} d z+4 \int \frac{1}{z} d z-\int \frac{1}{e^{z}} d z \\
& =\int z^{-\frac{1}{4}} d z+\sqrt{3} \int z^{\frac{1}{2}} d z+4 \int \frac{1}{z} d z-\int e^{-z} d z
\end{aligned}
$$

Now we apply the appropriate integration rule to each term:

**First term:** Using the power rule $\int z^n \, dz = \frac{z^{n+1}}{n+1}$ with $n = -\frac{1}{4}$:
$$-\frac{1}{4} + 1 = \frac{3}{4}$$

**Second term:** With $n = \frac{1}{2}$:
$$\frac{1}{2} + 1 = \frac{3}{2}$$

**Third term:** Standard logarithmic integration.

**Fourth term:** Using $\int e^{az} \, dz = \frac{e^{az}}{a}$ with $a = -1$.

Applying these rules:

$$
\begin{aligned}
& =\frac{z^{-\frac{1}{4}+1}}{\frac{-1}{4}+1}+\sqrt{3} \frac{z^{\frac{1}{2}+1}}{\frac{1}{2}+1}+4 \ln (z)-\frac{e^{-z}}{-1}+c \\
& =\frac{z^{-\frac{3}{4}}}{\frac{3}{4}}+\sqrt{3} \frac{z^{\frac{3}{2}}}{\frac{3}{2}}+4 \ln (z)+\frac{1}{e^{z}}+c \\
& =\frac{4}{3} z^{\frac{3}{4}}+\sqrt{3} \cdot \frac{2}{3} z^{\frac{3}{2}}+4 \ln (z)+\frac{1}{e^{z}}+c \\
& =\frac{4}{3} z^{\frac{3}{4}}+\frac{2}{\sqrt{3}} z^{\frac{3}{2}}+4 \ln (z)+\frac{1}{e^{z}}+c
\end{aligned}
$$

*Note: In the second line, the exponent is written as $-\frac{3}{4}$, though the calculation $-\frac{1}{4} + 1 = \frac{3}{4}$ yields a positive value; the subsequent step correctly uses $\frac{3}{4}$.*

---

# **Key Formulas or Methods Used**

- **Power Rule for Integration**: $\displaystyle \int z^{n} \, dz = \frac{z^{n+1}}{n+1} + C$ for $n \neq -1$
- **Logarithmic Integration**: $\displaystyle \int \frac{1}{z} \, dz = \ln|z| + C$ (or $\ln(z)$ when $z > 0$)
- **Exponential Integration**: $\displaystyle \int e^{az} \, dz = \frac{e^{az}}{a} + C$
- **Linearity of Integration**: $\displaystyle \int \left(a\cdot f(z) + b\cdot g(z)\right) dz = a\int f(z)\,dz + b\int g(z)\,dz$
- **Algebraic Simplification**: $\sqrt{3} \cdot \frac{2}{3} = \frac{2\sqrt{3}}{3} = \frac{2}{\sqrt{3}}$

---

# **Summary of Steps**

1. **Separate** the integral into four parts using linearity of integration
2. **Rewrite** $\sqrt{3z}$ as $\sqrt{3}\,z^{1/2}$ and $\frac{1}{e^z}$ as $e^{-z}$ to standardize the forms
3. **Integrate** $z^{-1/4}$ using the power rule to get $\frac{4}{3}z^{3/4}$
4. **Integrate** $\sqrt{3}\,z^{1/2}$ to obtain $\frac{2}{\sqrt{3}}z^{3/2}$
5. **Integrate** $\frac{4}{z}$ to get $4\ln(z)$
6. **Integrate** $-e^{-z}$ to get $+\frac{1}{e^{z}}$
7. **Combine** all terms and add the constant of integration $c$","exercise","numerical","18","{""blockIndex"":2,""chapterNumber"":3,""page"":91,""subjectSlug"":""maths-12""}","Evaluate the indefinite integral:

$$\int\left(z^{-\frac{1}{4}}+\sqrt{3 z}+\frac{4}{z}-\frac{1}{e^{z}}\right) d z$$

---","ms7avp8r5098f68d076pp07a2985qpeb",,,,,,,,,,
"maths-12","03-integration","Integration","exercise-3-1","3.1 Antiderivatives and the Power Rule for Integration","m171yky1pwey7wtb0yn0ezrxh18c6088","xd72aqqsz6ngjapngd9fg5hccx8c7thd","Exercise 3.1",,"false","# **Background and Explanation**

These problems involve finding indefinite integrals of algebraic functions. You'll need to apply the **linearity property** of integrals (which allows you to integrate term by term and pull out constants) and the **power rule** for integration. Remember that integration is the reverse process of differentiation, so we're looking for functions whose derivatives give us the integrands.

---

# **Solution**

$\displaystyle \int\left(y^{2}+8 y+\sqrt{2}\right) d y$

We begin by denoting the integral as $I$ and applying the **sum rule** and **constant multiple rule** of integration. These properties allow us to break the integral of a sum into the sum of integrals, and to factor constants outside the integral sign.

Let $I=\int\left(y^{2}+8 y+\sqrt{2}\right) d y$

Splitting the integral into three separate terms:
$$I = \int y^{2} \, d y + 8 \int y \, d y + \sqrt{2} \int 1 \, d y$$

Now we apply the **power rule** $\int y^n \, dy = \frac{y^{n+1}}{n+1}$ to each term:

- For $\int y^2 \, dy$: Here $n=2$, so we get $\frac{y^{3}}{3}$
- For $8\int y \, dy$: Here $n=1$, so $\int y \, dy = \frac{y^2}{2}$, giving us $8 \cdot \frac{y^2}{2} = 4y^2$
- For $\sqrt{2}\int 1 \, dy$: Since $\int 1 \, dy = y$, we get $\sqrt{2}y$

Combining these results and adding the constant of integration $c$ (which represents the family of all possible antiderivatives):

$$I = \frac{y^{3}}{3} + 4 y^{2} + \sqrt{2} y + c$$

---

# **Key Formulas or Methods Used**

- **Linearity of Integration:** $\displaystyle \int [f(y) + g(y)] \, dy = \int f(y) \, dy + \int g(y) \, dy$ and $\displaystyle \int k \cdot f(y) \, dy = k \int f(y) \, dy$ (where $k$ is a constant)
- **Power Rule:** $\displaystyle \int y^{n} \, dy = \frac{y^{n+1}}{n+1} + c$ for $n \neq -1$
- **Exponent Conversion:** $\sqrt[n]{y^m} = y^{m/n}$ and $\frac{1}{y^n} = y^{-n}$

---

# **Summary of Steps**

1. **Identify the structure:** Check if the integral contains sums, constants, or terms that need algebraic rewriting (like radicals or reciprocals).
2. **Apply linearity:** Split the integral into separate terms and pull out constant coefficients.
3. **Convert to power form:** Rewrite any roots as fractional exponents ($\sqrt{y} = y^{1/2}$) and reciprocals as negative exponents ($\frac{1}{y^2} = y^{-2}$).
4. **Integrate term by term:** Apply the power rule $\frac{y^{n+1}}{n+1}$ to each term, being careful with arithmetic on fractions.
5. **Simplify coefficients:** Reduce any numerical fractions (e.g., $8 \times \frac{1}{2} = 4$) and rewrite negative exponents as fractions if desired.
6. **Add the constant:** Don't forget $+c$ at the end, as this is an indefinite integral representing a family of functions.","exercise","numerical","2","{""blockIndex"":2,""chapterNumber"":3,""page"":91,""subjectSlug"":""maths-12""}","Evaluate the indefinite integral:
 $$\displaystyle \int\left(y^{2}+8 y+\sqrt{2}\right) d y$$

---","ms7avp8r5098f68d076pp07a2985qpeb",,,,,,,,,,
"maths-12","03-integration","Integration","exercise-3-1","3.1 Antiderivatives and the Power Rule for Integration","m17ecykqj9rxnpd4a08f58vvts8c6y34","xd72aqqsz6ngjapngd9fg5hccx8c7thd","Exercise 3.1",,"false","# **Background and Explanation**

This problem involve finding indefinite integrals of algebraic functions. You'll need to apply the **linearity property** of integrals (which allows you to integrate term by term and pull out constants) and the **power rule** for integration. Remember that integration is the reverse process of differentiation, so we're looking for functions whose derivatives give us the integrands.

---

# **Solution**

 $\displaystyle \int\left(\sqrt{y}+\frac{1}{y^{2}}\right) d y$

First, we rewrite the integrand using exponent notation to make the power rule applicable. Recall that $\sqrt{y} = y^{1/2}$ and $\frac{1}{y^2} = y^{-2}$.

Let $I=\int\left(\sqrt{y}+\frac{1}{y^{2}}\right) d y$

Rewriting and splitting the integral:
$$I = \int y^{1/2} \, d y + \int y^{-2} \, d y$$

Applying the power rule $\int y^n \, dy = \frac{y^{n+1}}{n+1}$ to each term:

**First term:** $\int y^{1/2} \, dy$
$$= \frac{y^{\frac{1}{2}+1}}{\frac{1}{2}+1} = \frac{y^{\frac{3}{2}}}{\frac{3}{2}} = \frac{2}{3} y^{\frac{3}{2}}$$

**Second term:** $\int y^{-2} \, dy$
$$= \frac{y^{-2+1}}{-2+1} = \frac{y^{-1}}{-1} = -\frac{1}{y}$$

Combining both results with the constant of integration:

$$I = \frac{2}{3} y^{\frac{3}{2}} - \frac{1}{y} + c$$

---

# **Key Formulas or Methods Used**

- **Linearity of Integration:** $\displaystyle \int [f(y) + g(y)] \, dy = \int f(y) \, dy + \int g(y) \, dy$ and $\displaystyle \int k \cdot f(y) \, dy = k \int f(y) \, dy$ (where $k$ is a constant)
- **Power Rule:** $\displaystyle \int y^{n} \, dy = \frac{y^{n+1}}{n+1} + c$ for $n \neq -1$
- **Exponent Conversion:** $\sqrt[n]{y^m} = y^{m/n}$ and $\frac{1}{y^n} = y^{-n}$

---

# **Summary of Steps**

1. **Identify the structure:** Check if the integral contains sums, constants, or terms that need algebraic rewriting (like radicals or reciprocals).
2. **Apply linearity:** Split the integral into separate terms and pull out constant coefficients.
3. **Convert to power form:** Rewrite any roots as fractional exponents ($\sqrt{y} = y^{1/2}$) and reciprocals as negative exponents ($\frac{1}{y^2} = y^{-2}$).
4. **Integrate term by term:** Apply the power rule $\frac{y^{n+1}}{n+1}$ to each term, being careful with arithmetic on fractions.
5. **Simplify coefficients:** Reduce any numerical fractions (e.g., $8 \times \frac{1}{2} = 4$) and rewrite negative exponents as fractions if desired.
6. **Add the constant:** Don't forget $+c$ at the end, as this is an indefinite integral representing a family of functions.","exercise","unclassified","3","{""blockIndex"":2,""chapterNumber"":3,""page"":91,""subjectSlug"":""maths-12""}","$\displaystyle \int\left(\sqrt{y}+\frac{1}{y^{2}}\right) d y$

---","ms7avp8r5098f68d076pp07a2985qpeb",,,,,,,,,,
"maths-12","03-integration","Integration","exercise-3-1","3.1 Antiderivatives and the Power Rule for Integration","m171y87faq1frg0z54ft062ez18c7sr0","xd72aqqsz6ngjapngd9fg5hccx8c7thd","Exercise 3.1",,"false","# **Background and Explanation**

This problem requires expanding a binomial expression and then applying the power rule for integration. You need to know how to expand $(a+b)^2$ and the basic integration formula $\int x^n dx$.

---

# **Solution**

Let $I=\int\left(4+x^{2}\right)^{2} d x$

First, expand the integrand $(4+x^2)^2$ using the algebraic identity $(a+b)^2 = a^2 + 2ab + b^2$:

$$(4+x^2)^2 = 16 + 8x^2 + x^4$$

Now substitute this back into the integral:

$$I = \int\left(16+x^{4}+8 x^{2}\right) d x$$

Using the linearity property of integrals, we can split this into three separate integrals:

$$I = 16 \int 1 \, d x+\int x^{4} d x+8 \int x^{2} d x$$

Apply the power rule for integration $\int x^n dx = \frac{x^{n+1}}{n+1}$ to each term:
- $\int 1 \, dx = x$
- $\int x^4 dx = \frac{x^5}{5}$
- $\int x^2 dx = \frac{x^3}{3}$

Putting it all together with the constant of integration $c$:

$$I = 16 x+\frac{x^{5}}{5}+8 \cdot \frac{x^{3}}{3}+c$$

Simplifying the final expression:

$$I = 16 x+\frac{x^{5}}{5}+\frac{8 x^{3}}{3}+c$$

---

# **Key Formulas or Methods Used**

- **Algebraic expansion**: $(a+b)^2 = a^2 + 2ab + b^2$
- **Linearity of integration**: $\int [af(x) + bg(x)] dx = a\int f(x) dx + b\int g(x) dx$
- **Power rule for integration**: $\int x^n dx = \frac{x^{n+1}}{n+1} + C$ (for $n \neq -1$)

---

# **Summary of Steps**

1. Expand the squared binomial: $(4+x^2)^2 = 16 + 8x^2 + x^4$
2. Split the integral into three parts using linearity of integration
3. Apply the power rule to integrate each term separately
4. Add the constant of integration $c$
5. Combine terms to write the final answer: $16x + \frac{x^5}{5} + \frac{8x^3}{3} + c$","exercise","numerical","4","{""blockIndex"":2,""chapterNumber"":3,""page"":91,""subjectSlug"":""maths-12""}","Evaluate the integral:

$$\int\left(4+x^{2}\right)^{2} d x$$

---","ms7avp8r5098f68d076pp07a2985qpeb",,,,,,,,,,
"maths-12","03-integration","Integration","exercise-3-1","3.1 Antiderivatives and the Power Rule for Integration","m175ht11j1p6cmetj28yje9ps58c6cca","xd72aqqsz6ngjapngd9fg5hccx8c7thd","Exercise 3.1",,"false","# **Background and Explanation**

This problem requires integrating a polynomial function that is given in factored form. The key strategy is to first expand the product into standard polynomial form, then apply the power rule for integration to each term separately.

---

# **Solution**

Let $I=\int(1+x)\left(1-x^{2}\right) d x$

First, expand the integrand by multiplying $(1+x)$ with $(1-x^2)$:

$$(1+x)(1-x^2) = 1(1-x^2) + x(1-x^2) = 1 - x^2 + x - x^3$$

So we can rewrite the integral as:

$$I = \int\left(1-x^{2}+x-x^{3}\right) d x$$

Using the linearity property of integration, we can split this into separate integrals for each term:

$$I = \int 1 \, dx - \int x^{2} \, dx + \int x \, dx - \int x^{3} \, dx$$

Now apply the power rule $\int x^n \, dx = \frac{x^{n+1}}{n+1}$ to each term:

- $\int 1 \, dx = x$
- $\int x^{2} \, dx = \frac{x^{3}}{3}$, so $-\int x^{2} \, dx = -\frac{x^{3}}{3}$
- $\int x \, dx = \frac{x^{2}}{2}$
- $\int x^{3} \, dx = \frac{x^{4}}{4}$, so $-\int x^{3} \, dx = -\frac{x^{4}}{4}$

Combining these results and adding the constant of integration $c$:

$$I = x - \frac{x^{3}}{3} + \frac{x^{2}}{2} - \frac{x^{4}}{4} + c$$

Rearranging the terms in standard polynomial order (ascending or descending powers):

$$I = x + \frac{x^{2}}{2} - \frac{x^{3}}{3} - \frac{x^{4}}{4} + c$$

---

# **Key Formulas or Methods Used**

- **Algebraic expansion**: $(a+b)(c+d) = ac + ad + bc + bd$
- **Linearity of integration**: $\int [f(x) \pm g(x)] \, dx = \int f(x) \, dx \pm \int g(x) \, dx$
- **Power rule for integration**: $\int x^{n} \, dx = \frac{x^{n+1}}{n+1} + C$ (for $n \neq -1$)
- **Constant of integration**: Always add $+c$ for indefinite integrals

---

# **Summary of Steps**

1. Expand the product $(1+x)(1-x^2)$ to get $1 - x^2 + x - x^3$
2. Split the integral into four separate integrals using linearity
3. Apply the power rule to integrate each term individually:
   - Constant term $\rightarrow$ linear term
   - $x$ term $\rightarrow$ $\frac{x^2}{2}$
   - $x^2$ term $\rightarrow$ $\frac{x^3}{3}$
   - $x^3$ term $\rightarrow$ $\frac{x^4}{4}$
4. Combine all terms with appropriate signs and add the constant $c$
5. Rearrange terms in standard order (optional)","exercise","numerical","5","{""blockIndex"":2,""chapterNumber"":3,""page"":91,""subjectSlug"":""maths-12""}","Evaluate the integral:

$$\int(1+x)\left(1-x^{2}\right) d x$$

---","ms7avp8r5098f68d076pp07a2985qpeb",,,,,,,,,,
"maths-12","03-integration","Integration","exercise-3-1","3.1 Antiderivatives and the Power Rule for Integration","m17e038dpxta9s87c6rxmxv1yh8c6vqg","xd72aqqsz6ngjapngd9fg5hccx8c7thd","Exercise 3.1",,"false","# **Background and Explanation**

This problem requires the **power rule for integration**, which states that $\int x^n \, dx = \frac{x^{n+1}}{n+1} + C$ for any real number $n \neq -1$. You'll also need to express square roots as fractional exponents to apply this rule.

---

# **Solution**

Let $I=\int\left(\sqrt{x}+\frac{1}{2 \sqrt{x}}\right) d x$

First, we use the linearity property of integrals to split this into two separate integrals:

$$I = \int \sqrt{x} \, d x+\frac{1}{2} \int \frac{1}{\sqrt{x}} d x$$

Next, convert the radical expressions to fractional exponent form. Recall that $\sqrt{x} = x^{1/2}$ and $\frac{1}{\sqrt{x}} = x^{-1/2}$:

$$I = \int x^{1 / 2} d x+\frac{1}{2} \int x^{-\frac{1}{2}} d x$$

Now apply the power rule for integration $\int x^n \, dx = \frac{x^{n+1}}{n+1} + C$ to each term:

- For the first term: $n = \frac{1}{2}$, so $n+1 = \frac{3}{2}$
- For the second term: $n = -\frac{1}{2}$, so $n+1 = \frac{1}{2}$

$$I = \frac{x^{\frac{1}{2}+1}}{\frac{1}{2}+1}+\frac{1}{2}\left(\frac{x^{-\frac{1}{2}+1}}{-\frac{1}{2}+1}\right)+c$$

Simplify the exponents and denominators:

$$I = \frac{x^{\frac{3}{2}}}{\frac{3}{2}}+\frac{1}{2}\left(\frac{x^{\frac{1}{2}}}{\frac{1}{2}}\right)+c$$

Simplify the fractions by dividing by the denominators (which is equivalent to multiplying by their reciprocals):

- $\frac{x^{3/2}}{3/2} = \frac{2}{3}x^{3/2}$
- $\frac{1}{2} \cdot \frac{x^{1/2}}{1/2} = \frac{1}{2} \cdot 2 \cdot x^{1/2} = x^{1/2}$

Therefore:

$$I = \frac{2}{3} x^{\frac{3}{2}}+x^{\frac{1}{2}}+c$$

Or equivalently:

$$I = \frac{2}{3} x\sqrt{x} + \sqrt{x} + c$$

---

# **Key Formulas or Methods Used**

- **Linearity of Integration**: $\int [f(x) + g(x)] \, dx = \int f(x) \, dx + \int g(x) \, dx$ and $\int k \cdot f(x) \, dx = k \int f(x) \, dx$ for constant $k$
- **Exponent Conversion**: $\sqrt{x} = x^{1/2}$ and $\frac{1}{\sqrt{x}} = x^{-1/2}$
- **Power Rule for Integration**: $\int x^n \, dx = \frac{x^{n+1}}{n+1} + C$ (for $n \neq -1$)

---

# **Summary of Steps**

1. **Split the integral** using linearity into $\int \sqrt{x} \, dx + \frac{1}{2}\int \frac{1}{\sqrt{x}} \, dx$
2. **Convert to exponents** rewriting $\sqrt{x}$ as $x^{1/2}$ and $\frac{1}{\sqrt{x}}$ as $x^{-1/2}$
3. **Apply the power rule** to each term: $\frac{x^{3/2}}{3/2}$ for the first and $\frac{1}{2} \cdot \frac{x^{1/2}}{1/2}$ for the second
4. **Simplify coefficients**: $\frac{1}{3/2} = \frac{2}{3}$ and $\frac{1}{2} \cdot \frac{1}{1/2} = 1$
5. **Combine results**: $\frac{2}{3}x^{3/2} + x^{1/2} + C$","exercise","numerical","6","{""blockIndex"":2,""chapterNumber"":3,""page"":91,""subjectSlug"":""maths-12""}","Evaluate the integral:

$$\int\left(\sqrt{x}+\frac{1}{2 \sqrt{x}}\right) d x$$

---","ms7avp8r5098f68d076pp07a2985qpeb",,,,,,,,,,
"maths-12","03-integration","Integration","exercise-3-1","3.1 Antiderivatives and the Power Rule for Integration","m173vcd7sy8vcraen8kacp5m5s8c62rv","xd72aqqsz6ngjapngd9fg5hccx8c7thd","Exercise 3.1",,"false","# **Background and Explanation**

This problem requires basic integration techniques, specifically the integration of exponential functions with linear arguments and the integration of constant terms. Recall that integration is linear, meaning we can integrate term by term, and constants can be factored out of the integral.

---

# **Solution**

We evaluate the integral using the linearity property of integration, which allows us to integrate each term separately.

Let $I = \int\left(e^{4 x}-e^{-1}+1\right) d x$

**Step 1:** Apply the linearity of integration to split the integral into three separate terms. Note that $e^{-1}$ is a constant (approximately $0.368$), so it can be factored out of the integral:

$$ I = \int e^{4 x} d x - e^{-1} \int 1 \, d x + \int 1 \, d x $$

**Step 2:** Evaluate each integral separately.

For the first term, using the rule $\int e^{ax} \, dx = \frac{e^{ax}}{a}$ with $a = 4$:
$$ \int e^{4x} \, dx = \frac{e^{4x}}{4} $$

For the second term, since $e^{-1}$ is a constant:
$$ -e^{-1} \int 1 \, dx = -e^{-1} \cdot x = -e^{-1}x $$

For the third term:
$$ \int 1 \, dx = x $$

**Step 3:** Combine all terms and add the constant of integration $c$:

$$ I = \frac{e^{4 x}}{4} - e^{-1} x + x + c $$

This can also be written by factoring out $x$ from the last two terms as:
$$ I = \frac{e^{4 x}}{4} + x\left(1 - e^{-1}\right) + c $$

or equivalently:
$$ I = \frac{e^{4 x}}{4} + x\left(1 - \frac{1}{e}\right) + c $$

---

# **Key Formulas or Methods Used**

- **Linearity of Integration:** $\int [f(x) + g(x)] \, dx = \int f(x) \, dx + \int g(x) \, dx$ and $\int k \cdot f(x) \, dx = k \int f(x) \, dx$ for constant $k$
- **Exponential Integration:** $\int e^{ax} \, dx = \frac{e^{ax}}{a} + c$ where $a \neq 0$
- **Constant Integration:** $\int k \, dx = kx + c$ where $k$ is any constant (including $e^{-1}$)

---

# **Summary of Steps**

1. **Split the integral** using linearity: separate into $\int e^{4x} dx$, $-e^{-1}\int 1 dx$, and $\int 1 dx$
2. **Integrate $e^{4x}$** to get $\frac{e^{4x}}{4}$
3. **Integrate the constant terms**: $-e^{-1}$ integrates to $-e^{-1}x$ and $1$ integrates to $x$
4. **Combine results** and add the constant of integration $c$","exercise","numerical","7","{""blockIndex"":2,""chapterNumber"":3,""page"":91,""subjectSlug"":""maths-12""}","Evaluate the integral:

$$ \int\left(e^{4 x}-e^{-1}+1\right) d x $$

---","ms7avp8r5098f68d076pp07a2985qpeb",,,,,,,,,,
"maths-12","03-integration","Integration","exercise-3-1","3.1 Antiderivatives and the Power Rule for Integration","m1780whvr9p4dbqsrmxbzjp0m18c6c9w","xd72aqqsz6ngjapngd9fg5hccx8c7thd","Exercise 3.1",,"false","# **Background and Explanation**

This problem requires integrating the sum of an exponential function with a linear coefficient and the reciprocal function. You will need to apply the **linearity property of integration** to handle each term separately, using standard integration formulas for exponential and logarithmic functions.

---

# **Solution**

Let $I$ denote the given integral:

$$I=\int\left(e^{\frac{9}{2} x}+\frac{1}{x}\right) d x$$

Using the **linearity property of integrals** (the integral of a sum equals the sum of the integrals), we can split this into two separate integrals:

$$I = \int e^{\frac{9}{2} x} d x+\int \frac{1}{x} d x$$

**Step 1: Evaluate the exponential integral**

For the term $\int e^{\frac{9}{2} x} d x$, we use the rule for integrating exponential functions of the form $e^{ax}$. The general formula states that $\int e^{ax} dx = \frac{e^{ax}}{a} + C$, where $a$ is the coefficient of $x$. Here, $a = \frac{9}{2}$:

$$\int e^{\frac{9}{2} x} d x = \frac{e^{\frac{9}{2} x}}{\frac{9}{2}}$$

Dividing by $\frac{9}{2}$ is equivalent to multiplying by $\frac{2}{9}$:

$$\frac{e^{\frac{9}{2} x}}{\frac{9}{2}} = \frac{2}{9} e^{\frac{9}{2} x}$$

**Step 2: Evaluate the reciprocal integral**

For the term $\int \frac{1}{x} d x$, we apply the standard logarithmic integration rule:

$$\int \frac{1}{x} d x = \ln x$$

*(Note: This assumes $x > 0$. For the general case including negative values, this would be $\ln |x|$.)*

**Step 3: Combine the results**

Adding both integrated terms together and including the constant of integration $c$:

$$I = \frac{2}{9} e^{\frac{9 x}{2}}+\ln x+c$$

---

# **Key Formulas or Methods Used**

- **Linearity of integration:** $\int [f(x) + g(x)] \, dx = \int f(x) \, dx + \int g(x) \, dx$
- **Exponential integration:** $\int e^{ax} \, dx = \frac{e^{ax}}{a} + C$ (where $a \neq 0$)
- **Logarithmic integration:** $\int \frac{1}{x} \, dx = \ln |x| + C$ (or $\ln x + C$ when $x > 0$)

---

# **Summary of Steps**

1. **Apply linearity** to separate the integral into two parts: $\int e^{\frac{9}{2}x} dx$ and $\int \frac{1}{x} dx$
2. **Integrate the exponential** by dividing $e^{\frac{9}{2}x}$ by its coefficient $\frac{9}{2}$, yielding $\frac{2}{9}e^{\frac{9}{2}x}$
3. **Integrate the reciprocal** to obtain $\ln x$
4. **Combine all terms** and add the arbitrary constant $c$ to get the final answer: $\frac{2}{9} e^{\frac{9 x}{2}}+\ln x+c$","exercise","numerical","8","{""blockIndex"":2,""chapterNumber"":3,""page"":91,""subjectSlug"":""maths-12""}","Evaluate the indefinite integral:

$$\int\left(e^{\frac{9}{2} x}+\frac{1}{x}\right) d x$$

---","ms7avp8r5098f68d076pp07a2985qpeb",,,,,,,,,,
"maths-12","03-integration","Integration","exercise-3-1","3.1 Antiderivatives and the Power Rule for Integration","m17axz6v8s1vkw9fj6zm899ws18c79bz","xd72aqqsz6ngjapngd9fg5hccx8c7thd","Exercise 3.1",,"false","# **Background and Explanation**

This integral requires the **substitution method** (or recognition of the chain rule in reverse). The key insight is that the derivative of $x^2$ is $2x$, which is proportional to the $x$ term multiplying the exponential.

---

# **Solution**

## Method 1: Recognition (Adjusting the Coefficient)

Let $I = \int x e^{x^{2}} \, d x$.

We can rewrite the integral to match the form $\int e^{u} \, du$ by adjusting for the derivative of the exponent:

$$
\begin{aligned}
I &= \int e^{x^{2}} \cdot x \, d x \\
&= \frac{1}{2} \int e^{x^{2}} \cdot (2x) \, d x \quad \text{(multiplying and dividing by 2)} \\
&= \frac{1}{2} e^{x^{2}} + c
\end{aligned}
$$

Here, we recognize that $(2x)\,dx = d(x^2)$, so the integral becomes $\frac{1}{2}\int e^{x^2} \, d(x^2) = \frac{1}{2}e^{x^2} + c$.

## Method 2: Explicit Substitution (Alternative)

Alternatively, using explicit substitution as suggested by the fragments in the raw data:

Put $x^2 = t$ (where the raw notation $x^{i}$ likely indicates $x^2$).

Differentiating both sides:
$$2x \, dx = dt \quad \Rightarrow \quad x \, dx = \frac{1}{2} dt$$

Substituting into the original integral:
$$
\begin{aligned}
I &= \int e^{t} \cdot \frac{1}{2} \, dt \\
&= \frac{1}{2} \int e^{t} \, dt \\
&= \frac{1}{2} e^{t} + c \\
&= \frac{1}{2} e^{x^{2}} + c \quad \text{(substituting back $t = x^2$)}
\end{aligned}
$$

---

# **Key Formulas or Methods Used**

- **Substitution Rule**: $\int f(g(x)) \cdot g'(x) \, dx = \int f(u) \, du$ where $u = g(x)$
- **Exponential Integration**: $\int e^{u} \, du = e^{u} + C$
- **Chain Rule Recognition**: $\int f'(x) e^{f(x)} \, dx = e^{f(x)} + C$

---

# **Summary of Steps**

**Method 1 (Quick Recognition):**
1. Identify that $x$ is proportional to the derivative of $x^2$ (since $\frac{d}{dx}(x^2) = 2x$).
2. Multiply and divide by 2 to create the exact derivative $2x$ inside the integral.
3. Integrate $e^{x^2}$ with respect to $x^2$, yielding $\frac{1}{2}e^{x^2} + c$.

**Method 2 (Explicit Substitution):**
4. Let $u = x^2$ (or $t = x^2$).
5. Compute $du = 2x \, dx$, so $x \, dx = \frac{1}{2}du$.
6. Substitute to get $\frac{1}{2}\int e^{u} \, du$.
7. Integrate to get $\frac{1}{2}e^{u} + c$, then substitute back $u = x^2$.","exercise","numerical","9","{""blockIndex"":2,""chapterNumber"":3,""page"":91,""subjectSlug"":""maths-12""}","Evaluate the indefinite integral:

$$\int x e^{x^{2}} \, d x$$

---","ms7avp8r5098f68d076pp07a2985qpeb",,,,,,,,,,
"maths-12","03-integration","Integration","exercise-3-2","3.2 Integration of Trigonometric Functions","m179nk4fqe958sd47z39tb5tvn85q7f3",,,,"false","Let $u = \sin x$, then $du = \cos x \, dx$. Therefore, $\int \frac{\cos x}{\sin x} dx = \int \frac{du}{u} = \ln|u| + C = \ln|\sin x| + C$.",,"mcq","8",,"$\int \frac{\cos x}{\sin x} dx=$","ms71eaw39z990mr9z4pcbgfq2n85pa08","A","true","Federal Board","Let $u = \sin x$, then $du = \cos x \, dx$. Therefore, $\int \frac{\cos x}{\sin x} dx = \int \frac{du}{u} = \ln|u| + C = \ln|\sin x| + C$.","[""Recognizes the integrand as a derivative-over-function pattern"",""Applies substitution: $u = \\sin x$, $du = \\cos x \\, dx$"",""Uses the standard formula $\\int \\frac{du}{u} = \\ln|u| + C$"",""Substitutes back to express answer in terms of $x$"",""Includes constant of integration $C$""]","1","[{""key"":""A"",""text"":""$\\ln |\\sin x|+c$""},{""key"":""B"",""text"":""$\\ln |\\cos x|+c$""},{""key"":""C"",""text"":""$-\\ln |\\sin x|+c$""},{""key"":""D"",""text"":""$-\\ln |\\cos x|+c$""}]","MCQ","annual","2025"
"maths-12","03-integration","Integration","exercise-3-2","3.2 Integration of Trigonometric Functions","m175280tx1rne8t86nehh7fz3d85q84x",,,,"false","We simplify the integrand using the trigonometric identity $\csc^2 x - 1 = \cot^2 x$. Therefore, $\int(\csc^2 x - 1) dx = \int \cot^2 x \, dx$. Using the standard integral formula $\int \cot^2 x \, dx = -\cot x - x + C$, the answer is $-\cot x - x + C$.",,"unclassified","8",,"Which of the following is equal to $\int(\csc^{2} x-1) dx$?","ms71eaw39z990mr9z4pcbgfq2n85pa08",,"true","Federal Board","We simplify the integrand using the trigonometric identity $\csc^2 x - 1 = \cot^2 x$. Therefore, $\int(\csc^2 x - 1) dx = \int \cot^2 x \, dx$. Using the standard integral formula $\int \cot^2 x \, dx = -\cot x - x + C$, the answer is $-\cot x - x + C$.","[""Recognize and apply the trigonometric identity $\\csc^2 x - 1 = \\cot^2 x$"",""Apply the standard integral formula $\\int \\cot^2 x \\, dx = -\\cot x - x + C$"",""Include the constant of integration $C$ in the final answer""]","1","[{""key"":""A"",""text"":""$-\\cot x+x+C$""},{""key"":""B"",""text"":""$\\cot x-x+C$""},{""key"":""C"",""text"":""$-\\cot x-x+C$""},{""key"":""D"",""text"":""$\\cot x+x+C$""}]","MCQ","annual","2023"
"maths-12","03-integration","Integration","exercise-3-2","3.2 Integration of Trigonometric Functions","m175kzdfatmb22f8mfk430tjsx85qb75",,,,"false","Let $u = \ln \sin x$. Then $du = \frac{\cos x}{\sin x} dx$.

The integral becomes $\int \frac{du}{u} = \ln|u| + C = \ln|\ln \sin x| + C$.",,"short","8",,"Evaluate $\int \frac{\cos x}{\sin x \cdot \ln \sin x} dx$","ms71eaw39z990mr9z4pcbgfq2n85pa08",,,"Federal Board",,"[""Recognizes the integrand as a derivative-over-function pattern requiring substitution"",""Correctly identifies $u = \\ln \\sin x$ as the appropriate substitution"",""Correctly computes $du = \\frac{\\cos x}{\\sin x} dx$ using the chain rule"",""Applies the standard formula $\\int \\frac{du}{u} = \\ln|u| + C$"",""Substitutes back to obtain final answer $\\ln|\\ln \\sin x| + C$""]","4",,"B","annual","2023"
"maths-12","03-integration","Integration","exercise-3-2","3.2 Integration of Trigonometric Functions","m17280167xggrjb5cdjhqmzm8985pacs",,,,"false","The displacement vector is $\vec{d} = (2, -1, 1) - (0, 0, 0) = 2\hat{i} - \hat{j} + \hat{k}$. Work done is $W = \vec{F} \cdot \vec{d} = (2)(2) + (1)(-1) + (3)(1) = 4 - 1 + 3 = 6$ joules.",,"mcq","13",,"A force $\vec{F}=2\hat{i}+\hat{j}+3\hat{k}$ moves an object from origin to $(2, -1, 1)$. The work done is:","ms71eaw39z990mr9z4pcbgfq2n85pa08","D","true","Federal Board","The displacement vector is $\vec{d} = (2, -1, 1) - (0, 0, 0) = 2\hat{i} - \hat{j} + \hat{k}$. Work done is $W = \vec{F} \cdot \vec{d} = (2)(2) + (1)(-1) + (3)(1) = 4 - 1 + 3 = 6$ joules.","[""Correctly identifies displacement vector from origin to final position"",""Applies dot product formula in component form: $\\vec{F} \\cdot \\vec{d} = F_1d_1 + F_2d_2 + F_3d_3$"",""Correctly computes each component product and sums them"",""Arrives at final answer of 6 joules with correct units""]","1","[{""key"":""A"",""text"":""-4""},{""key"":""B"",""text"":""10""},{""key"":""C"",""text"":""4""},{""key"":""D"",""text"":""16""}]","MCQ","annual","2025"
"maths-12","03-integration","Integration","exercise-3-2","3.2 Integration of Trigonometric Functions","m17d7bwzgha2rahjcy9kfcjqws8c78qh","xd75re18z7kzmnw7mxtzgj58wh8c7a4t","Exercise 3.2",,"false","# **Background and Explanation**

This problem requires integrating trigonometric functions with linear arguments (of the form $\sin(ax)$). The key prerequisite is knowing the standard integral formula for sine functions and applying the linearity property of integrals to handle the difference and constant coefficient.

---

# **Solution**

We evaluate the integral using the linearity property and the standard integration formula for sine functions.

First, split the integral into two separate integrals using the linearity property $\int [f(x) - g(x)] \, dx = \int f(x) \, dx - \int g(x) \, dx$:

$$
I = \int(\sin \pi x - 3 \sin 3x) \, dx = \int \sin \pi x \, dx - 3\int \sin 3x \, dx
$$

Apply the standard integration formula $\int \sin(ax) \, dx = -\frac{\cos(ax)}{a} + C$ to each term:

For the first term with $a = \pi$:
$$\int \sin \pi x \, dx = \frac{-\cos \pi x}{\pi}$$

For the second term with $a = 3$:
$$\int \sin 3x \, dx = \frac{-\cos 3x}{3}$$

Substituting these back and including the constant of integration $c$:

$$
\begin{aligned}
I &= \frac{-\cos \pi x}{\pi} - 3\left(\frac{-\cos 3x}{3}\right) + c \\
&= \frac{-\cos \pi x}{\pi} + \frac{3\cos 3x}{3} + c \\
&= -\frac{1}{\pi}\cos \pi x + \cos 3x + c
\end{aligned}
$$

## Verification by Differentiation

To confirm our answer is correct, we differentiate the result:

$$
\begin{aligned}
\frac{d}{dx}\left(-\frac{1}{\pi}\cos \pi x + \cos 3x + c\right) &= \frac{d}{dx}\left(-\frac{1}{\pi}\cos \pi x\right) + \frac{d}{dx}(\cos 3x) + \frac{d}{dx}(c) \\
&= -\frac{1}{\pi} \cdot (-\sin \pi x) \cdot \pi + (-\sin 3x) \cdot 3 + 0 \\
&= \sin \pi x - 3\sin 3x
\end{aligned}
$$

This matches the original integrand, confirming that:

$$I = -\frac{1}{\pi}\cos \pi x + \cos 3x + c$$

---

# **Key Formulas or Methods Used**

- **Linearity of Integration**: $\int [f(x) - g(x)] \, dx = \int f(x) \, dx - \int g(x) \, dx$ and $\int k \cdot f(x) \, dx = k \int f(x) \, dx$
- **Standard Sine Integral**: $\int \sin(ax) \, dx = -\frac{\cos(ax)}{a} + C$
- **Chain Rule for Differentiation**: $\frac{d}{dx}[\cos(ax)] = -a\sin(ax)$ (used for verification)

---

# **Summary of Steps**

1. **Separate the integral** using linearity: $\int \sin \pi x \, dx - 3\int \sin 3x \, dx$
2. **Apply the sine integral formula** to each term: $-\frac{\cos \pi x}{\pi} - 3\left(\frac{-\cos 3x}{3}\right)$
3. **Simplify** by canceling the 3s in the second term: $-\frac{1}{\pi}\cos \pi x + \cos 3x$
4. **Add the constant of integration**: $+ c$
5. **Verify** by differentiating the result to recover the original integrand","exercise","numerical","1","{""blockIndex"":5,""chapterNumber"":3,""page"":91,""subjectSlug"":""maths-12""}","Evaluate the integral:

$$\int(\sin \pi x - 3 \sin 3x) \, dx$$

---","ms71eaw39z990mr9z4pcbgfq2n85pa08",,,,,,,,,,
"maths-12","03-integration","Integration","exercise-3-2","3.2 Integration of Trigonometric Functions","m17195rtw01kvhmn3fqfzwxma58c6ga8","xd75re18z7kzmnw7mxtzgj58wh8c7a4t","Exercise 3.2",,"false","# **Background and Explanation**

This problem requires integrating a trigonometric expression using substitution techniques. You should be familiar with the quotient identity for cotangent and the logarithmic integration rule for derivatives over functions.

---

# **Solution**

We begin by applying the linearity property of integration to split the integral into two separate terms:

$$
\begin{aligned}
I & =\int(\cot 9 y-3) \, d y \\
& =\int \cot 9 y \, d y-3 \int 1 \, d y
\end{aligned}
$$

Next, we rewrite $\cot 9y$ using the identity $\cot \theta = \frac{\cos \theta}{\sin \theta}$:

$$
I =\int \frac{\cos 9 y}{\sin 9 y} \, d y-3 y
$$

To integrate the first term, we recognize that the numerator should contain the derivative of the denominator ($\frac{d}{dy}(\sin 9y) = 9\cos 9y$). We multiply and divide by 9 to create this form:

$$
I =\frac{1}{9} \int \frac{9 \cos 9 y}{\sin 9 y} \, d y-3 y
$$

Now we apply the logarithmic integration formula $\int \frac{f^{\prime}(x)}{f(x)} \, d x=\ln (f(x))$, where $f(y) = \sin 9y$:

$$
I =\frac{1}{9} \ln (\sin 9 y)-3 y+c
$$

## Verification

To confirm our answer, we differentiate the result with respect to $y$:

$$
\begin{aligned}
\frac{d}{d y}\left(\frac{1}{9} \ln (\sin 9 y)-3 y+c\right)
& =\frac{1}{9} \cdot \frac{1}{\sin 9 y} \cdot \frac{d}{d y}(\sin 9 y)-3 \frac{d}{d y}(y)+\frac{d}{d y}(c) \\
& =\frac{1}{9} \cdot \frac{1}{\sin 9 y} \cdot 9\cos 9 y-3 \\
& =\cot 9 y-3
\end{aligned}
$$

Since differentiation returns the original integrand, the solution is verified.

---

# **Key Formulas or Methods Used**

- **Linearity of Integration**: $\int (f(y) - g(y)) \, dy = \int f(y) \, dy - \int g(y) \, dy$
- **Trigonometric Identity**: $\cot \theta = \frac{\cos \theta}{\sin \theta}$
- **Logarithmic Integration Rule**: $\int \frac{f^{\prime}(x)}{f(x)} \, d x=\ln (f(x))+C$
- **Chain Rule**: $\frac{d}{dy}[\ln(u)] = \frac{1}{u} \cdot \frac{du}{dy}$

---

# **Summary of Steps**

1. **Separate the integral** into $\int \cot 9y \, dy$ and $-3\int dy$ using linearity
2. **Rewrite $\cot 9y$** as $\frac{\cos 9y}{\sin 9y}$ using the quotient identity
3. **Multiply and divide by 9** to match the derivative pattern $\frac{f'(y)}{f(y)}$
4. **Apply logarithmic integration** to obtain $\frac{1}{9}\ln(\sin 9y)$
5. **Integrate the constant term** to get $-3y$ and add the constant of integration $+c$
6. **Verify by differentiation** using the chain rule to confirm the result matches the original integrand","exercise","numerical","10","{""blockIndex"":5,""chapterNumber"":3,""page"":91,""subjectSlug"":""maths-12""}","Evaluate the integral:
$$\int(\cot 9 y-3) \, d y$$

---","ms71eaw39z990mr9z4pcbgfq2n85pa08",,,,,,,,,,
"maths-12","03-integration","Integration","exercise-3-2","3.2 Integration of Trigonometric Functions","m176a17dpecfdrbnmm99b0eqm98c6d7e","xd75re18z7kzmnw7mxtzgj58wh8c7a4t","Exercise 3.2",,"false","# **Background and Explanation**

These problems involve integrating trigonometric functions using fundamental identities to convert non-standard forms into integrable expressions. Both questions require applying trigonometric identities—Pythagorean identities for part (a) and the half-angle identity for part (b)—followed by standard integration techniques including substitution.

---

# **Solution**

## Part (a)

Let $I = \int\left(\tan ^{2} 2 \theta+\cot ^{2} 2 \theta\right) d \theta$

Split the integral into two separate integrals:
$$I = \int \tan ^{2} 2 \theta \, d \theta+\int \cot ^{2} 2 \theta \, d \theta$$

Apply the Pythagorean identities $\tan^2 x = \sec^2 x - 1$ and $\cot^2 x = \csc^2 x - 1$ (since $\sec^2 \theta - \tan^2 \theta = 1$ and $\csc^2 \theta - \cot^2 \theta = 1$):

$$I = \int\left(\sec ^{2} 2 \theta-1\right) d \theta+\int\left(\csc^{2} 2 \theta-1\right) d \theta$$

Expand the integrals:
$$I = \int \sec ^{2} 2 \theta \, d \theta-\int 1 \, d \theta+\int \csc^{2} 2 \theta \, d \theta-\int 1 \, d \theta$$

Integrate each term using standard formulas $\int \sec^2(ax)dx = \frac{\tan(ax)}{a}$ and $\int \csc^2(ax)dx = -\frac{\cot(ax)}{a}$:

$$I = \frac{\tan 2 \theta}{2}-\theta+\left(\frac{-\cot 2 \theta}{2}\right)-\theta+c$$

Combine like terms:
$$I = \frac{1}{2} \tan 2 \theta-\frac{1}{2} \cot 2 \theta-2 \theta+c$$

## Part (b)

Let $I = \int \sin ^{2}\left(\frac{11}{2} y\right) d y$

Use substitution: Let $t = \frac{11}{2} y$

Differentiate to find $dy$:
$$\frac{11}{2} d y = d t \quad \Rightarrow \quad d y = \frac{2}{11} d t$$

Substitute into the integral:
$$I = \int \sin ^{2} t \cdot \frac{2}{11} d t = \frac{2}{11} \int \sin ^{2} t \, d t$$

Apply the half-angle identity $\sin^2 x = \frac{1-\cos 2x}{2}$:
$$I = \frac{2}{11} \int \frac{1-\cos 2 t}{2} d t = \frac{1}{11} \int(1-\cos 2 t) d t$$

Split and integrate term by term:
$$I = \frac{1}{11} \int 1 \, d t-\frac{1}{11} \int \cos 2 t \, d t = \frac{1}{11} t-\frac{1}{11} \cdot \frac{\sin 2 t}{2}+c$$

Simplify:
$$I = \frac{1}{11} t-\frac{1}{22} \sin 2 t+c$$

Substitute back $t = \frac{11}{2} y$:
$$I = \frac{1}{11} \cdot \frac{11}{2} y-\frac{1}{22} \sin \left(2 \cdot \frac{11}{2} y\right)+c$$

Simplify the final expression:
$$I = \frac{y}{2}-\frac{1}{22} \sin (11 y)+c$$

---

# **Key Formulas or Methods Used**

- **Pythagorean Identities:** $\tan^2 \theta = \sec^2 \theta - 1$ and $\cot^2 \theta = \csc^2 \theta - 1$
- **Half-Angle Identity:** $\sin^2 x = \frac{1 - \cos 2x}{2}$
- **Standard Integrals:** $\int \sec^2(ax) \, dx = \frac{\tan(ax)}{a}$ and $\int \csc^2(ax) \, dx = -\frac{\cot(ax)}{a}$
- **Substitution Method:** $u$-substitution to simplify the argument of trigonometric functions
- **Integration of Cosine:** $\int \cos(ax) \, dx = \frac{\sin(ax)}{a}$

---

# **Summary of Steps**

**For Question (a):**
1. Split the integral into two separate integrals for $\tan^2$ and $\cot^2$
2. Apply Pythagorean identities to convert to $\sec^2$ and $\csc^2$ forms
3. Expand and integrate each term using standard trigonometric integral formulas
4. Combine the $-\theta$ terms to get $-2\theta$ and add the constant of integration

**For Question (b):**
5. Substitute $t = \frac{11}{2}y$ to simplify the argument, finding $dy = \frac{2}{11}dt$
6. Apply the half-angle identity $\sin^2 t = \frac{1-\cos 2t}{2}$ to convert to integrable form
7. Split into two simple integrals and evaluate: $\int 1 \, dt$ and $\int \cos 2t \, dt$
8. Substitute back to the original variable $y$ and simplify the coefficients","exercise","numerical","11","{""blockIndex"":6,""chapterNumber"":3,""page"":91,""subjectSlug"":""maths-12""}","**(a)** Evaluate the integral:
$$\int\left(\tan ^{2} 2 \theta+\cot ^{2} 2 \theta\right) d \theta$$

**(b)** Evaluate the integral:
$$\int \sin ^{2}\left(\frac{11}{2} y\right) d y$$

---","ms71eaw39z990mr9z4pcbgfq2n85pa08",,,,,,,,,,
"maths-12","03-integration","Integration","exercise-3-2","3.2 Integration of Trigonometric Functions","m171w72t7qns7274gd5vhqd6rx8c735p","xd75re18z7kzmnw7mxtzgj58wh8c7a4t","Exercise 3.2",,"false","We use the standard formula for integrating sine with a linear argument:

$$\int \sin(ax)\, dx = -\frac{\cos(ax)}{a} + C$$

Applying the linearity property of integration:

$$\int (\sin \pi x - 3\sin 3x)\, dx = \int \sin \pi x\, dx - 3\int \sin 3x\, dx$$

**First term:** $a = \pi$

$$\int \sin \pi x\, dx = -\frac{\cos \pi x}{\pi}$$

**Second term:** $a = 3$

$$3\int \sin 3x\, dx = 3 \cdot \left(-\frac{\cos 3x}{3}\right) = -\cos 3x$$

Combining both terms:

$$\int (\sin \pi x - 3\sin 3x)\, dx = -\frac{\cos \pi x}{\pi} - (-\cos 3x) + C$$

$$\boxed{= -\frac{1}{\pi}\cos \pi x + \cos 3x + C}$$","exercise","numerical","12","{""blockIndex"":6,""chapterNumber"":3,""page"":91,""subjectSlug"":""maths-12""}","**Evaluate:** $\displaystyle\int (\sin \pi x - 3\sin 3x)\, dx$

---","ms71eaw39z990mr9z4pcbgfq2n85pa08",,,,,,,,,,
"maths-12","03-integration","Integration","exercise-3-2","3.2 Integration of Trigonometric Functions","m178g2tn2ctzr4wt6q2kpk92b98c7p4f","xd75re18z7kzmnw7mxtzgj58wh8c7a4t","Exercise 3.2",,"false","# **Background and Explanation**

This integral requires converting trigonometric functions to their sine and cosine definitions to simplify the integrand. You should be familiar with basic trigonometric identities and the standard integral formula for $\sec x$.

---

# **Solution**

We begin by expressing the integrand in terms of sine and cosine functions to identify any simplifications.

First, recall that $\operatorname{cosec} \theta = \frac{1}{\sin \theta}$ and $\tan \theta = \frac{\sin \theta}{\cos \theta}$. Applying these to our integral:

$$
\begin{aligned}
I & =\int \operatorname{cosec} 11 x \tan 11 x \, d x \\
& =\int \frac{1}{\sin 11 x} \cdot \frac{\sin 11 x}{\cos 11 x} d x
\end{aligned}
$$

Notice that the $\sin 11x$ terms in the numerator and denominator cancel each other:

$$
\begin{aligned}
I & =\int \frac{1}{\cos 11 x} d x \\
& =\int \sec 11 x \, d x
\end{aligned}
$$

Now we use the substitution method to handle the argument $11x$. Let:

$$11 x = t$$

Differentiating both sides with respect to $x$:

$$11 \, d x = d t$$

Solving for $dx$:

$$d x =\frac{1}{11} d t$$

Substituting back into our integral:

$$
\begin{aligned}
I & =\int \sec t \cdot \frac{1}{11} d t \\
& =\frac{1}{11} \int \sec t \, d t
\end{aligned}
$$

We apply the standard integral formula $\int \sec x \, d x=\ln |\sec x+\tan x|+C$:

$$
\begin{aligned}
I & =\frac{1}{11} \ln |\sec t+\tan t|+c
\end{aligned}
$$

Finally, we back-substitute $t = 11x$ to express the answer in terms of the original variable:

$$I =\frac{1}{11} \ln |\sec 11 x+\tan 11 x|+c$$

---

# **Key Formulas or Methods Used**

- **Trigonometric identities:** $\operatorname{cosec} x = \frac{1}{\sin x}$, $\tan x = \frac{\sin x}{\cos x}$, and $\sec x = \frac{1}{\cos x}$
- **Algebraic simplification:** Cancellation of common factors in numerator and denominator
- **Integration by substitution:** $u$-substitution (or $t$-substitution) to handle composite functions
- **Standard integral:** $\int \sec x \, dx = \ln|\sec x + \tan x| + C$

---

# **Summary of Steps**

1. **Convert to sine/cosine form:** Rewrite $\operatorname{cosec} 11x$ as $\frac{1}{\sin 11x}$ and $\tan 11x$ as $\frac{\sin 11x}{\cos 11x}$
2. **Simplify the integrand:** Cancel $\sin 11x$ to obtain $\int \sec 11x \, dx$
3. **Substitute:** Let $t = 11x$, which gives $dx = \frac{dt}{11}$
4. **Integrate:** Apply the standard formula $\int \sec t \, dt = \ln|\sec t + \tan t| + C$ with the constant factor $\frac{1}{11}$
5. **Back-substitute:** Replace $t$ with $11x$ to get the final answer $\frac{1}{11} \ln|\sec 11x + \tan 11x| + C$","exercise","numerical","13","{""blockIndex"":6,""chapterNumber"":3,""page"":91,""subjectSlug"":""maths-12""}","Evaluate the integral:

$$\int \operatorname{cosec} 11x \tan 11x \, dx$$

---","ms71eaw39z990mr9z4pcbgfq2n85pa08",,,,,,,,,,
"maths-12","03-integration","Integration","exercise-3-2","3.2 Integration of Trigonometric Functions","m173jtfb3wh4bv4wa69n2zxre18c6y2p","xd75re18z7kzmnw7mxtzgj58wh8c7a4t","Exercise 3.2",,"false","# **Background and Explanation**

This problem requires converting $\tan \theta$ and $\sec \theta$ to their sine-cosine equivalents, then simplifying the algebraic expression before applying basic integration rules for trigonometric functions.

---

# **Solution**

Let $I$ represent the given integral:

$$I = \int \cos \theta(\tan \theta+\sec \theta) \, d \theta$$

We begin by substituting the fundamental identities $\tan \theta = \frac{\sin \theta}{\cos \theta}$ and $\sec \theta = \frac{1}{\cos \theta}$ to rewrite the integrand in terms of sine and cosine:

$$I = \int \cos \theta\left(\frac{\sin \theta}{\cos \theta}+\frac{1}{\cos \theta}\right) d \theta$$

Next, combine the fractions inside the parentheses over the common denominator $\cos \theta$:

$$I = \int \cos \theta\left(\frac{\sin \theta+1}{\cos \theta}\right) d \theta$$

The $\cos \theta$ in the numerator (outside the parentheses) cancels with the $\cos \theta$ in the denominator:

$$I = \int (\sin \theta + 1) \, d \theta$$

Using the linearity property of integrals, we split this into two separate integrals:

$$I = \int \sin \theta \, d \theta+\int 1 \, d \theta$$

Finally, we evaluate each integral using standard rules. The integral of $\sin \theta$ is $-\cos \theta$, and the integral of $1$ with respect to $\theta$ is $\theta$:

$$I = -\cos \theta+\theta+c$$

where $c$ is the constant of integration.

---

# **Key Formulas or Methods Used**

- $\tan \theta = \dfrac{\sin \theta}{\cos \theta}$ (Tangent identity)
- $\sec \theta = \dfrac{1}{\cos \theta}$ (Secant identity)
- $\int \sin \theta \, d\theta = -\cos \theta + C$ (Standard trigonometric integral)
- $\int d\theta = \theta + C$ (Power rule for integration)
- Linearity of integration: $\int [f(\theta) + g(\theta)] \, d\theta = \int f(\theta) \, d\theta + \int g(\theta) \, d\theta$

---

# **Summary of Steps**

1. **Substitute identities**: Replace $\tan \theta$ with $\frac{\sin \theta}{\cos \theta}$ and $\sec \theta$ with $\frac{1}{\cos \theta}$
2. **Combine fractions**: Merge the terms in parentheses into a single fraction $\frac{\sin \theta+1}{\cos \theta}$
3. **Cancel terms**: Multiply by $\cos \theta$ and cancel to obtain $\sin \theta + 1$
4. **Split the integral**: Separate into $\int \sin \theta \, d\theta$ and $\int 1 \, d\theta$
5. **Integrate**: Apply standard integration formulas to each term
6. **Add constant**: Combine results and include the arbitrary constant $c$","exercise","numerical","14","{""blockIndex"":6,""chapterNumber"":3,""page"":91,""subjectSlug"":""maths-12""}","Evaluate the integral:

$$\int \cos \theta(\tan \theta+\sec \theta) \, d \theta$$

---","ms71eaw39z990mr9z4pcbgfq2n85pa08",,,,,,,,,,
"maths-12","03-integration","Integration","exercise-3-2","3.2 Integration of Trigonometric Functions","m17e49mwj7qdhs1krfd4rewhfx8c6hzh","xd75re18z7kzmnw7mxtzgj58wh8c7a4t","Exercise 3.2",,"false","# **Background and Explanation**

This problem requires evaluating an indefinite integral involving a composite trigonometric function where the argument is a linear expression. The key prerequisites are the **method of substitution** (to handle the inner function $\frac{x-1}{3}$) and the **standard integral formula** for $\csc^2 x$.

---

# **Solution**

Let $I$ denote the integral:

$$I=\int \csc^{2}\left(\frac{x-1}{3}\right) d x$$

To simplify the composite function, we use substitution. The inner linear function $\frac{x-1}{3}$ suggests setting:

$$t = \frac{x-1}{3}$$

Now we find the relationship between $dx$ and $dt$ by differentiating. Multiplying both sides by 3:

$$x - 1 = 3t$$

Solving for $x$:

$$x = 3t + 1$$

Differentiating with respect to $t$:

$$
\begin{aligned}
\frac{dx}{dt} &= 3 \\
\Rightarrow \quad dx &= 3 \, dt
\end{aligned}
$$

Substituting $t = \frac{x-1}{3}$ and $dx = 3 \, dt$ back into the original integral:

$$I=\int \csc^{2} t \cdot 3 \, dt$$

Factor out the constant 3:

$$I = 3 \int \csc^{2} t \, dt$$

Using the standard integral formula $\int \csc^{2} x \, dx = -\cot x + c$:

$$
\begin{aligned}
I &= 3(-\cot t) + c \quad\left(\because \int \csc^{2} x \, dx = -\cot x\right) \\
&= -3 \cot t + c
\end{aligned}
$$

Finally, substitute back $t = \frac{x-1}{3}$ to express the answer in terms of $x$:

$$I = -3 \cot \left(\frac{x-1}{3}\right) + c$$

---

# **Key Formulas or Methods Used**

- **Integration by Substitution**: $\int f(g(x)) \cdot g'(x) \, dx = \int f(u) \, du$ where $u = g(x)$
- **Standard Trigonometric Integral**: $\int \csc^{2} x \, dx = -\cot x + c$ (equivalently $\int \operatorname{cosec}^{2} x \, dx = -\cot x + c$)
- **Derivative of Linear Function**: $\frac{d}{dx}\left(\frac{x-1}{3}\right) = \frac{1}{3}$, which gives $dx = 3\,dt$ when substituting $t = \frac{x-1}{3}$

---

# **Summary of Steps**

1. **Substitute**: Let $t = \frac{x-1}{3}$ to simplify the argument of the cosecant function
2. **Differentiate**: Compute $dx = 3\,dt$ from the substitution equation
3. **Transform**: Rewrite the integral as $I = 3\int \csc^{2} t \, dt$
4. **Integrate**: Apply the standard formula to obtain $-3\cot t + c$
5. **Back-substitute**: Replace $t$ with $\frac{x-1}{3}$ to get the final result $-3\cot\left(\frac{x-1}{3}\right) + c$","exercise","numerical","15","{""blockIndex"":6,""chapterNumber"":3,""page"":91,""subjectSlug"":""maths-12""}","Evaluate the indefinite integral:

$$\int \csc^{2}\left(\frac{x-1}{3}\right) d x$$

---","ms71eaw39z990mr9z4pcbgfq2n85pa08",,,,,,,,,,
"maths-12","03-integration","Integration","exercise-3-2","3.2 Integration of Trigonometric Functions","m177z2txzvs3a3143drb8bev5d8c6bsb","xd75re18z7kzmnw7mxtzgj58wh8c7a4t","Exercise 3.2",,"false","# **Background and Explanation**

This problem involves recognizing the pattern for integrating a composite function where the integrand contains a function raised to a power multiplied by its derivative (or a scalar multiple thereof). The key insight is identifying that $\sin x$ is related to the derivative of $\cos x$.

---

# **Solution**

Let $I$ denote the integral:
$$I = \int(\cos x)^{1/5} \cdot \sin x \, dx$$

To apply the standard power rule for integration, we need the derivative of the base function $\cos x$, which is $-\sin x$. Since we have $+\sin x$ in the integrand, we factor out $-1$ to create the proper form:

$$I = (-1) \int(\cos x)^{1/5} \cdot (-\sin x) \, dx$$

Now we apply the power rule for integration:
$$\int[f(x)]^{n} \cdot f^{\prime}(x) \, dx=\frac{[f(x)]^{n+1}}{n+1} + C$$

Here, $f(x) = \cos x$, $f'(x) = -\sin x$, and $n = \frac{1}{5}$. Substituting these values:

$$I = (-1) \cdot \frac{(\cos x)^{\frac{1}{5}+1}}{\frac{1}{5}+1} + c$$

Simplifying the exponents and denominator:
$$I = (-1) \cdot \frac{(\cos x)^{\frac{6}{5}}}{\frac{6}{5}} + c$$

Dividing by the fraction $\frac{6}{5}$ (which is equivalent to multiplying by $\frac{5}{6}$):
$$I = -\frac{5}{6}(\cos x)^{\frac{6}{5}} + c$$

This result can also be written using alternative notation for the exponent:
$$I = -\frac{5}{6} \cos^{\frac{6}{5}} x + c$$

---

# **Key Formulas or Methods Used**

- **Power Rule for Composite Functions**: $\displaystyle \int[f(x)]^{n} \cdot f^{\prime}(x) \, dx=\frac{[f(x)]^{n+1}}{n+1} + C$ (valid for $n \neq -1$)
- **Derivative of Cosine**: $\displaystyle \frac{d}{dx}(\cos x) = -\sin x$
- **Sign Adjustment**: Factoring out $-1$ to match the derivative pattern: $\sin x = -(-\sin x)$

---

# **Summary of Steps**

1. **Identify the pattern**: Recognize that $\sin x$ is related to the derivative of $\cos x$, specifically $\frac{d}{dx}(\cos x) = -\sin x$
2. **Adjust the sign**: Rewrite the integral as $\displaystyle I = -\int (\cos x)^{1/5} \cdot (-\sin x) \, dx$ to match the form $\int [f(x)]^n f'(x) \, dx$
3. **Apply the power rule**: Increase the exponent by 1 and divide by the new exponent: $\displaystyle -\frac{(\cos x)^{6/5}}{6/5} + C$
4. **Simplify**: Multiply by the reciprocal of the denominator to obtain $\displaystyle -\frac{5}{6}(\cos x)^{6/5} + C$","exercise","numerical","16","{""blockIndex"":6,""chapterNumber"":3,""page"":91,""subjectSlug"":""maths-12""}","Evaluate the integral:
$$\int(\cos x)^{\frac{1}{5}} \sin x \, dx$$

---","ms71eaw39z990mr9z4pcbgfq2n85pa08",,,,,,,,,,
"maths-12","03-integration","Integration","exercise-3-2","3.2 Integration of Trigonometric Functions","m1771tn3v9ewzrap66g7yc3c5s8c6nd0","xd75re18z7kzmnw7mxtzgj58wh8c7a4t","Exercise 3.2",,"false","# **Background and Explanation**

This problem requires the method of **integration by substitution** (also known as u-substitution). The key insight is recognizing that the integrand contains a composite function $\sin(e^y)$ multiplied by the derivative of its inner function $e^y$, which allows for a clean substitution.

---

# **Solution**

Let $I$ denote the integral we wish to evaluate:

$$I = \int e^{y} \sin e^{y} \, d y$$

We can rearrange the integrand to group terms strategically, making the substitution pattern more apparent:

$$I = \int \left(\sin e^{y}\right) \cdot e^{y} \, d y$$

Notice that the derivative of $e^y$ is $e^y$ itself. This suggests we should substitute the inner function $e^y$ with a new variable.

**Step 1: Perform the substitution**

Put:
$$e^{y} = t$$

Differentiating both sides with respect to $y$:
$$\frac{d}{dy}(e^y) = \frac{dt}{dy}$$

$$e^{y} = \frac{dt}{dy}$$

Therefore:
$$e^{y} \, d y = d t$$

**Step 2: Transform the integral**

Substituting $t = e^y$ and $e^y \, dy = dt$ into our integral:

$$I = \int \sin t \, d t$$

**Step 3: Integrate with respect to $t$**

The integral of sine is standard:
$$I = -\cos t + c$$

where $c$ is the constant of integration.

**Step 4: Back-substitute to return to the original variable**

Replace $t$ with $e^y$ to express the answer in terms of the original variable $y$:

$$I = -\cos \left(e^{y}\right) + c$$

Thus, the final solution is:

$$\int e^{y} \sin e^{y} \, d y = -\cos \left(e^{y}\right) + c$$

---

# **Key Formulas or Methods Used**

- **Integration by Substitution**: $\int f(g(x)) \cdot g'(x) \, dx = \int f(u) \, du$ where $u = g(x)$
- **Standard Integral**: $\int \sin x \, dx = -\cos x + C$
- **Derivative Rule**: $\frac{d}{dy}(e^y) = e^y$ (which enables the substitution)

---

# **Summary of Steps**

1. Identify that $e^y$ appears both as the argument of sine and as a multiplier (which is the derivative of $e^y$)
2. Substitute $t = e^y$, which implies $e^y \, dy = dt$
3. Transform the integral to $\int \sin t \, dt$
4. Integrate to get $-\cos t + c$
5. Substitute back $t = e^y$ to obtain the final answer $-\cos(e^y) + c$","exercise","numerical","17","{""blockIndex"":6,""chapterNumber"":3,""page"":91,""subjectSlug"":""maths-12""}","Evaluate the integral:

$$\int e^{y} \sin e^{y} \, d y$$

---","ms71eaw39z990mr9z4pcbgfq2n85pa08",,,,,,,,,,
"maths-12","03-integration","Integration","exercise-3-2","3.2 Integration of Trigonometric Functions","m176a2f516hygmgfem1nsrgzr18c7qg5","xd75re18z7kzmnw7mxtzgj58wh8c7a4t","Exercise 3.2",,"false","# **Background and Explanation**

This problem involves integrating a tangent function with a linear argument using **u-substitution** (change of variables). You will also need the standard integral formula for $\tan x$, which results in a logarithmic function involving $\sec x$.

---

# **Solution**

We begin by factoring out the constant 9 using the constant multiple rule for integration:

$$I = \int 9 \tan (x+7) \, dx = 9 \int \tan (x+7) \, dx$$

To integrate $\tan(x+7)$, we use substitution to simplify the argument of the tangent function. Put:

$$t = x+7$$

Taking differentials of both sides, we get $d(x+7) = dt$, which simplifies to:

$$dx + 0 = dt \quad \Rightarrow \quad dx = dt$$

Now we substitute $t$ and $dt$ into our integral:

$$I = 9 \int \tan t \, dt$$

We apply the standard integral formula $\int \tan x \, dx = \ln(\sec x) + C$ (where $C$ is the constant of integration):

$$I = 9 \ln(\sec t) + c$$

Finally, we substitute back $t = x+7$ to express the answer in terms of the original variable $x$:

$$I = 9 \ln(\sec (x+7)) + c$$

---

# **Key Formulas or Methods Used**

- **Constant Multiple Rule**: $\displaystyle \int k \cdot f(x) \, dx = k \int f(x) \, dx$
- **Substitution Method**: If $u = g(x)$, then $du = g'(x) \, dx$
- **Standard Integral**: $\displaystyle \int \tan x \, dx = \ln(\sec x) + C$ (or equivalently $-\ln(\cos x) + C$)

---

# **Summary of Steps**

1. Factor out the constant 9 from the integral.
2. Substitute $t = x+7$, which gives $dt = dx$.
3. Rewrite the integral as $9 \int \tan t \, dt$.
4. Apply the standard integral formula to get $9 \ln(\sec t) + c$.
5. Substitute back $t = x+7$ to obtain the final answer: $9 \ln(\sec(x+7)) + c$.","exercise","numerical","18","{""blockIndex"":6,""chapterNumber"":3,""page"":91,""subjectSlug"":""maths-12""}","Evaluate the indefinite integral:

$$\int 9 \tan (x+7) \, dx$$

---","ms71eaw39z990mr9z4pcbgfq2n85pa08",,,,,,,,,,
"maths-12","03-integration","Integration","exercise-3-2","3.2 Integration of Trigonometric Functions","m174k336t47pnpvyjeztmaghhs8c794h","xd75re18z7kzmnw7mxtzgj58wh8c7a4t","Exercise 3.2",,"false","# **Background and Explanation**

This problem involves integrating a composite trigonometric function where the argument is a linear function of $y$. You can approach this by either applying the standard integral formula for $\sec^2(ax)$ directly or by using substitution to handle the composite argument $\frac{3}{2}y$.

---

# **Solution**

## Method 1: Direct Application of Standard Formula

We begin by factoring out the negative constant and applying the standard integration formula for $\sec^2(ax)$.

$$
\begin{aligned}
I &= \int -\sec^{2}\left(\frac{3}{2}y\right) dy \\
&= -\int \sec^{2}\left(\frac{3}{2}y\right) dy \quad \left(\text{using } \int \sec^{2}(ax) dx = \frac{\tan(ax)}{a}\right) \\
&= \frac{-\tan\left(\frac{3}{2}y\right)}{\frac{3}{2}} + c \\
&= \frac{-2}{3}\tan\left(\frac{3}{2}y\right) + c
\end{aligned}
$$

## Method 2: Substitution (U-Substitution)

Alternatively, we can use substitution to simplify the composite argument. Let $t = \frac{3y}{2}$.

First, set up the substitution:
$$
\begin{aligned}
I &= \int -\sec^{2}\left(\frac{3}{2}y\right) dy \\
&= -\int \sec^{2}\left(\frac{3y}{2}\right) dy
\end{aligned}
$$

Put $\frac{3y}{2} = t$, then differentiate to find the relationship between $dy$ and $dt$:
$$
\begin{aligned}
\frac{3}{2} dy &= dt \\
dy &= \frac{2}{3} dt
\end{aligned}
$$

Substitute into equation (1):
$$
\begin{aligned}
I &= -\int \sec^{2}(t) \cdot \frac{2}{3} dt \\
&= \frac{-2}{3} \int \sec^{2}(t) dt \\
&= \frac{-2}{3} \tan(t) + c \quad \left(\because \int \sec^{2}x dx = \tan x\right) \\
&= \frac{-2}{3} \tan\left(\frac{3y}{2}\right) + c
\end{aligned}
$$

## Verification by Differentiation

To confirm our answer is correct, we differentiate the result with respect to $y$:

$$
\begin{aligned}
\frac{d}{dy}\left(\frac{-2}{3}\tan\frac{3y}{2} + c\right) &= \frac{-2}{3} \frac{d}{dy}\left(\tan\frac{3y}{2}\right) + \frac{d}{dy}(c) \\
&= \frac{-2}{3} \sec^{2}\frac{3y}{2} \cdot \frac{d}{dy}\left(\frac{3y}{2}\right) + 0 \\
&= \frac{-2}{3} \sec^{2}\left(\frac{3y}{2}\right) \cdot \frac{3}{2} \\
&= \frac{-2}{3} \cdot \frac{3}{2} \cdot \sec^{2}\left(\frac{3y}{2}\right) \\
&= -\sec^{2}\left(\frac{3y}{2}\right)
\end{aligned}
$$

Since differentiation yields the original integrand $-\sec^{2}\left(\frac{3}{2}y\right)$, the solution is verified.

---

# **Key Formulas or Methods Used**

- **Standard Integral:** $\displaystyle \int \sec^{2}(ax) dx = \frac{\tan(ax)}{a} + C$
- **Substitution Rule:** If $u = g(y)$, then $\displaystyle \int f(g(y))g'(y)dy = \int f(u)du$
- **Chain Rule (for verification):** $\displaystyle \frac{d}{dy}[f(g(y))] = f'(g(y)) \cdot g'(y)$
- **Derivative of Tangent:** $\displaystyle \frac{d}{dx}(\tan x) = \sec^{2}x$

---

# **Summary of Steps**

1. **Identify the form:** Recognize the integral as $\int \sec^{2}(ay) dy$ where $a = \frac{3}{2}$, with a negative coefficient
2. **Method A (Direct):** Factor out the negative sign and apply the formula $\frac{\tan(ay)}{a}$ directly
3. **Method B (Substitution):** Let $t = \frac{3y}{2}$, compute $dy = \frac{2}{3}dt$, substitute and integrate $\int \sec^{2}t dt$
4. **Simplify:** Multiply the coefficients ($\frac{-2}{3}$ from the formula or substitution, times the constant from $dy$) to get the final coefficient $-\frac{2}{3}$
5. **Verify:** Differentiate the answer using the chain rule to confirm it matches the original integrand","exercise","numerical","2","{""blockIndex"":5,""chapterNumber"":3,""page"":91,""subjectSlug"":""maths-12""}","Evaluate the integral:

$$\int -\sec^{2}\left(\frac{3}{2}y\right) dy$$

---","ms71eaw39z990mr9z4pcbgfq2n85pa08",,,,,,,,,,
"maths-12","03-integration","Integration","exercise-3-2","3.2 Integration of Trigonometric Functions","m17eyk80yxx2jvaa246gm9ktan8c7aza","xd75re18z7kzmnw7mxtzgj58wh8c7a4t","Exercise 3.2",,"false","# **Background and Explanation**

This problem requires applying the linearity property of integrals to separate the expression into simpler terms, along with the standard integral formula for $\operatorname{cosec}^{2}(ax)$. The solution can be verified by differentiation using the chain rule.

---

# **Solution**

Let $I$ denote the integral:

$$I = \int\left(1-8 \operatorname{cosec}^{2} 2 x\right) d x$$

Using the linearity property of integration, we split this into two separate integrals:

$$I = \int 1 \, d x - 8 \int \operatorname{cosec}^{2} 2 x \, d x$$

Evaluating each part:
- The integral of $1$ with respect to $x$ is $x$
- For the second integral, we apply the standard formula $\int \operatorname{cosec}^{2}(a x) \, d x = \frac{-\cot(a x)}{a}$

With $a = 2$:

$$I = x - 8\left(\frac{-\cot 2 x}{2}\right) + c$$

Simplifying the coefficient ($-8 \times -\frac{1}{2} = 4$):

$$I = x + 4 \cot 2 x + c$$

## Verification by Differentiation

To confirm the answer, we differentiate the result:

$$\frac{d}{d x}(x + 4 \cot 2 x + c)$$

Applying the sum rule and differentiating term by term:

$$= \frac{d}{d x}(x) + \frac{d}{d x}(4 \cot 2 x) + \frac{d}{d x}(c)$$

$$= 1 + 4 \frac{d}{d x}(\cot 2 x) + 0$$

Using the chain rule for $\cot(2x)$, where the derivative of $\cot(u)$ is $-\operatorname{cosec}^{2}(u)$ and the derivative of $2x$ is $2$:

$$= 1 + 4\left(-\operatorname{cosec}^{2} 2 x\right) \cdot 2$$

$$= 1 - 8 \operatorname{cosec}^{2} 2 x$$

This matches the original integrand, confirming the solution is correct.

---

# **Key Formulas or Methods Used**

- **Linearity of Integration**: $\int [f(x) - g(x)] \, dx = \int f(x) \, dx - \int g(x) \, dx$
- **Standard Integral**: $\int \operatorname{cosec}^{2}(ax) \, dx = -\frac{\cot(ax)}{a} + C$
- **Chain Rule**: $\frac{d}{dx}[\cot(ax)] = -a\operatorname{cosec}^{2}(ax)$
- **Basic Integral**: $\int 1 \, dx = x + C$

---

# **Summary of Steps**

1. **Apply linearity** to split the integral: $\int 1 \, dx - 8\int \operatorname{cosec}^{2}(2x) \, dx$
2. **Integrate the first term** to obtain $x$
3. **Use the standard formula** for $\int \operatorname{cosec}^{2}(ax) \, dx$ with $a=2$ to get $-\frac{\cot(2x)}{2}$
4. **Simplify the constants**: $-8 \times \left(-\frac{\cot(2x)}{2}\right) = 4\cot(2x)$
5. **Combine and add constant of integration**: $x + 4\cot(2x) + c$
6. **Verify by differentiation** using the chain rule to ensure the derivative equals $1 - 8\operatorname{cosec}^{2}(2x)$","exercise","numerical","3","{""blockIndex"":5,""chapterNumber"":3,""page"":91,""subjectSlug"":""maths-12""}","Evaluate the integral:

$$\int\left[1-8 \operatorname{cosec}^{2}(2 x)\right] d x$$

---","ms71eaw39z990mr9z4pcbgfq2n85pa08",,,,,,,,,,
"maths-12","03-integration","Integration","exercise-3-2","3.2 Integration of Trigonometric Functions","m17a5f4gfwy7ypa0yf9dche80n8c6vs9","xd75re18z7kzmnw7mxtzgj58wh8c7a4t","Exercise 3.2",,"false","# **Background and Explanation**

This problem requires standard integration formulas for trigonometric functions involving cosecant, along with the linearity properties of integrals (constant multiple rule and difference rule).

---

# **Solution**

Let

$$I=\int \frac{1}{2}\left(\operatorname{cosec}^{2} x-\operatorname{cosec} x \cot x\right) d x$$

Using the constant multiple rule, we factor out $\frac{1}{2}$, and then apply the difference rule to split the integral:

$$=\frac{1}{2} \int \operatorname{cosec}^{2} x \, dx-\frac{1}{2} \int \operatorname{cosec} x \cot x \, dx$$

Now we apply the standard integration formulas. Recall that $\int \operatorname{cosec}^{2} x \, dx = -\cot x$ and $\int \operatorname{cosec} x \cot x \, dx = -\operatorname{cosec} x$:

$$=\frac{1}{2}(-\cot x)-\frac{1}{2}(-\operatorname{cosec} x)+c$$

Simplifying the expression by distributing the negative signs:

$$=\frac{-1}{2} \cot x+\frac{1}{2} \operatorname{cosec} x+c$$

## Verification

To confirm our answer is correct, we differentiate the result:

$$\frac{d}{d x}\left(\frac{-1}{2} \cot x+\frac{1}{2} \operatorname{cosec} x+c\right)$$

$$=\frac{-1}{2} \frac{d}{d x}(\cot x)+\frac{1}{2} \frac{d}{d x}(\operatorname{cosec} x)+\frac{d}{d x}(c)$$

$$=\frac{-1}{2}\left(-\operatorname{cosec}^{2} x\right)+\frac{1}{2}(-\operatorname{cosec} x \cot x)+0$$

$$=\frac{1}{2} \operatorname{cosec}^{2} x-\frac{1}{2} \operatorname{cosec} x \cot x$$

$$=\frac{1}{2}\left(\operatorname{cosec}^{2} x-\operatorname{cosec} x \cot x\right)$$

Since differentiation yields the original integrand, the solution is verified.

---

# **Key Formulas or Methods Used**

- $\int \operatorname{cosec}^{2} x \, dx = -\cot x + c$
- $\int \operatorname{cosec} x \cot x \, dx = -\operatorname{cosec} x + c$
- Constant multiple rule: $\int k \cdot f(x) \, dx = k \int f(x) \, dx$
- Difference rule: $\int [f(x) - g(x)] \, dx = \int f(x) \, dx - \int g(x) \, dx$
- Derivative verification: $\frac{d}{dx}(\cot x) = -\operatorname{cosec}^{2} x$ and $\frac{d}{dx}(\operatorname{cosec} x) = -\operatorname{cosec} x \cot x$

---

# **Summary of Steps**

1. Factor out the constant $\frac{1}{2}$ from the integral using the constant multiple rule
2. Split the integral into two separate integrals using the difference rule
3. Apply the standard integral $\int \operatorname{cosec}^{2} x \, dx = -\cot x$ to the first term
4. Apply the standard integral $\int \operatorname{cosec} x \cot x \, dx = -\operatorname{cosec} x$ to the second term
5. Simplify the signs to obtain $-\frac{1}{2}\cot x + \frac{1}{2}\operatorname{cosec} x + c$
6. Verify the result by differentiating to recover the original integrand","exercise","numerical","4","{""blockIndex"":5,""chapterNumber"":3,""page"":91,""subjectSlug"":""maths-12""}","Evaluate the integral:

$$\int \frac{1}{2}\left(\operatorname{cosec}^{2} x-\operatorname{cosec} x \cot x\right) d x$$

---","ms71eaw39z990mr9z4pcbgfq2n85pa08",,,,,,,,,,
"maths-12","03-integration","Integration","exercise-3-2","3.2 Integration of Trigonometric Functions","m17crnb00vs0b3kmw262dn2btn8c61yg","xd75re18z7kzmnw7mxtzgj58wh8c7a4t","Exercise 3.2",,"false","# **Background and Explanation**

This problem requires integrating a trigonometric function raised to a power. Since $\cos^2 z$ cannot be integrated directly using basic rules, we use a **power-reduction identity** (double-angle formula) to rewrite $\cos^2 z$ in terms of $\cos 2z$, which is readily integrable.

---

# **Solution**

Let $I = \int \frac{\cos^{2} z}{7} \, dz$.

**Step 1: Factor out the constant**

Using the constant multiple rule for integration, we factor out $\frac{1}{7}$:

$$I = \frac{1}{7} \int \cos^{2} z \, dz$$

**Step 2: Apply the double-angle identity**

We use the identity $\cos^2 x = \frac{1 + \cos 2x}{2}$ to convert the squared cosine into a linear term:

$$I = \frac{1}{7} \int \left(\frac{1 + \cos 2z}{2}\right) dz$$

**Step 3: Simplify and split the integral**

Multiply the constants and separate the integral into two simpler integrals:

$$I = \frac{1}{14} \int (1 + \cos 2z) \, dz = \frac{1}{14} \int 1 \, dz + \frac{1}{14} \int \cos 2z \, dz$$

**Step 4: Integrate term by term**

- The integral of $1$ with respect to $z$ is $z$
- For $\int \cos 2z \, dz$, we use the rule $\int \cos(ax) \, dx = \frac{\sin(ax)}{a}$ with $a = 2$:

$$I = \frac{1}{14} z + \frac{1}{14} \left(\frac{\sin 2z}{2}\right) + c$$

**Step 5: Final simplification**

Combine the fractions to get the final result:

$$I = \frac{z}{14} + \frac{\sin 2z}{28} + c$$

**Verification (Recheck):**

To confirm our answer is correct, we differentiate the result with respect to $z$:

$$\frac{d}{dz}\left(\frac{z}{14} + \frac{\sin 2z}{28} + c\right) = \frac{1}{14} + \frac{1}{28} \cdot (2\cos 2z) + 0$$

$$= \frac{1}{14} + \frac{2\cos 2z}{28} = \frac{1}{14} + \frac{\cos 2z}{14} = \frac{1 + \cos 2z}{14}$$

Factoring out $\frac{1}{7}$ and applying the identity in reverse:

$$= \frac{1}{7} \left(\frac{1 + \cos 2z}{2}\right) = \frac{1}{7} \cos^2 z$$

This matches the original integrand, confirming our solution is correct.

---

# **Key Formulas or Methods Used**

- **Constant Multiple Rule:** $\int k \cdot f(x) \, dx = k \int f(x) \, dx$
- **Power-Reduction Identity:** $\cos^2 x = \frac{1 + \cos 2x}{2}$
- **Integration of Cosine:** $\int \cos(ax) \, dx = \frac{\sin(ax)}{a} + c$
- **Basic Integration:** $\int 1 \, dx = x + c$
- **Linearity of Integration:** $\int [f(x) + g(x)] \, dx = \int f(x) \, dx + \int g(x) \, dx$

---

# **Summary of Steps**

1. Factor out the constant $\frac{1}{7}$ from the integral
2. Apply the double-angle identity $\cos^2 z = \frac{1 + \cos 2z}{2}$ to eliminate the square
3. Distribute the $\frac{1}{14}$ and split into two separate integrals
4. Integrate each term: $\int 1 \, dz = z$ and $\int \cos 2z \, dz = \frac{\sin 2z}{2}$
5. Combine results and add the constant of integration $c$
6. *(Optional)* Verify by differentiating the result to recover the original integrand","exercise","numerical","5","{""blockIndex"":5,""chapterNumber"":3,""page"":91,""subjectSlug"":""maths-12""}","Evaluate the integral:

$$\int \frac{\cos^{2} z}{7} \, dz$$

---","ms71eaw39z990mr9z4pcbgfq2n85pa08",,,,,,,,,,
"maths-12","03-integration","Integration","exercise-3-2","3.2 Integration of Trigonometric Functions","m173p7w5krch1jg0sr1s30a8sx8c6ttv","xd75re18z7kzmnw7mxtzgj58wh8c7a4t","Exercise 3.2",,"false","# **Background and Explanation**

This problem requires familiarity with fundamental trigonometric identities relating tangent and secant functions, as well as basic integration rules for trigonometric expressions.

---

# **Solution**

## Method 1: Term-by-Term Integration

We begin by splitting the integral into two separate terms using the linearity property:

$$I = \int\left(1+\tan ^{2} \theta\right) d \theta = \int 1 \, d \theta+\int \tan ^{2} \theta \, d \theta$$

The first integral evaluates to $\theta$. For the second integral, we apply the trigonometric identity $\tan^{2} \theta = \sec^{2} \theta - 1$:

$$I = \theta+\int\left(\sec ^{2} \theta-1\right) d \theta$$

Distributing the integral across the subtraction:

$$I = \theta+\int \sec ^{2} \theta \, d \theta-\int 1 \, d \theta$$

Evaluating each integral separately:
- $\int \sec^{2} \theta \, d\theta = \tan \theta$ (standard integral)
- $\int 1 \, d\theta = \theta$

Substituting these results back:

$$I = \theta+\tan \theta-\theta+c$$

Simplifying by combining like terms ($\theta - \theta = 0$):

$$I = \tan \theta+c$$

## Method 2: Direct Identity Application

Alternatively, we can simplify the integrand immediately using the identity:

$$\sec ^{2} \theta-\tan ^{2} \theta=1 \quad \Rightarrow \quad 1+\tan ^{2} \theta=\sec ^{2} \theta$$

Therefore:

$$I = \int\left(1+\tan ^{2} \theta\right) d \theta = \int \sec ^{2} \theta \, d \theta = \tan \theta+c$$

## Verification

To confirm our answer is correct, we differentiate the result:

$$\frac{d}{d \theta}(\tan \theta+c) = \frac{d}{d \theta}(\tan \theta)+\frac{d}{d \theta}(c) = \sec ^{2} \theta+0 = 1+\tan ^{2} \theta$$

Since the derivative equals the original integrand, the solution $\tan \theta + c$ is verified.

---

# **Key Formulas or Methods Used**

- **Pythagorean Identity:** $1+\tan ^{2} \theta=\sec ^{2} \theta$ (or equivalently $\sec ^{2} \theta-\tan ^{2} \theta=1$)
- **Basic Integral:** $\int \sec ^{2} \theta \, d \theta=\tan \theta+c$
- **Basic Integral:** $\int 1 \, d \theta=\theta+c$
- **Linearity of Integration:** $\int [f(\theta) + g(\theta)] \, d\theta = \int f(\theta) \, d\theta + \int g(\theta) \, d\theta$

---

# **Summary of Steps**

1. **Identify the integrand:** Recognize $1 + \tan^2\theta$ as a candidate for trigonometric simplification
2. **Apply identity:** Use $1 + \tan^2\theta = \sec^2\theta$ to rewrite the integrand (or split the integral and substitute $\tan^2\theta = \sec^2\theta - 1$)
3. **Integrate:** Evaluate $\int \sec^2\theta \, d\theta = \tan\theta$
4. **Add constant:** Include the constant of integration $+c$
5. **Verify (optional):** Differentiate the result to confirm it matches the original integrand","exercise","numerical","6","{""blockIndex"":5,""chapterNumber"":3,""page"":91,""subjectSlug"":""maths-12""}","Evaluate the integral:

$$\int\left(1+\tan ^{2} \theta\right) d \theta$$

---","ms71eaw39z990mr9z4pcbgfq2n85pa08",,,,,,,,,,
"maths-12","03-integration","Integration","exercise-3-2","3.2 Integration of Trigonometric Functions","m172s47qp8d22d79cz9kry3ftn8c7w31","xd75re18z7kzmnw7mxtzgj58wh8c7a4t","Exercise 3.2",,"false","# **Background and Explanation**

This problem requires applying the linearity property of integrals and the standard integration formula for trigonometric functions of the form $\cos(ax)$. The expression $\frac{1+\cos 4t}{2}$ is related to the half-angle identity $\cos^2(2t) = \frac{1+\cos 4t}{2}$.

---

# **Solution**

Let $I$ denote the integral:
$$I = \int \frac{1+\cos 4t}{2} \, dt$$

Factor out the constant $\frac{1}{2}$ from the integral:
$$
\begin{aligned}
I &= \frac{1}{2} \int (1+\cos 4t) \, dt
\end{aligned}
$$

Apply the linearity property of integration, splitting the integral into two separate terms:
$$
\begin{aligned}
I &= \frac{1}{2} \int 1 \, dt + \frac{1}{2} \int \cos 4t \, dt
\end{aligned}
$$

Integrate each term using standard formulas. Recall that $\int \cos(ax) \, dx = \frac{\sin(ax)}{a}$:
- $\int 1 \, dt = t$
- $\int \cos 4t \, dt = \frac{\sin 4t}{4}$

Substituting these results back:
$$
\begin{aligned}
I &= \frac{1}{2} t + \frac{1}{2} \cdot \frac{\sin 4t}{4} + c
\end{aligned}
$$

Simplify the expression by multiplying the constants:
$$
\begin{aligned}
I &= \frac{t}{2} + \frac{\sin 4t}{8} + c
\end{aligned}
$$

## Verification by Differentiation

To confirm the result is correct, differentiate the solution with respect to $t$:
$$
\begin{aligned}
\frac{d}{dt}\left(\frac{t}{2} + \frac{\sin 4t}{8} + c\right) &= \frac{1}{2} \frac{d}{dt}(t) + \frac{1}{8} \frac{d}{dt}(\sin 4t) + \frac{d}{dt}(c)
\end{aligned}
$$

Apply the chain rule to differentiate $\sin 4t$ (where the derivative of $\sin(u)$ is $\cos(u) \cdot u'$, and $u = 4t$, so $u' = 4$):
$$
\begin{aligned}
&= \frac{1}{2} \cdot 1 + \frac{1}{8} \cdot \cos(4t) \cdot 4 + 0 \\
&= \frac{1}{2} + \frac{4}{8} \cos 4t \\
&= \frac{1}{2} + \frac{1}{2} \cos 4t \\
&= \frac{1+\cos 4t}{2}
\end{aligned}
$$

Since differentiation yields the original integrand, the solution $\frac{t}{2} + \frac{\sin 4t}{8} + c$ is verified as correct.

---

# **Key Formulas or Methods Used**

- **Linearity of Integration:** $\int [a \cdot f(t) + b \cdot g(t)] \, dt = a\int f(t) \, dt + b\int g(t) \, dt$
- **Standard Integral:** $\int \cos(ax) \, dx = \frac{\sin(ax)}{a} + c$
- **Basic Integral:** $\int 1 \, dt = t + c$
- **Chain Rule (for verification):** $\frac{d}{dt}[\sin(at)] = a\cos(at)$
- **Constant Multiple Rule:** $\int k \cdot f(t) \, dt = k \int f(t) \, dt$

---

# **Summary of Steps**

1. Factor out the constant $\frac{1}{2}$ from the integrand
2. Split the integral into two parts: $\int 1 \, dt$ and $\int \cos 4t \, dt$
3. Integrate the first term to get $t$
4. Integrate the second term using the formula for $\cos(ax)$ to get $\frac{\sin 4t}{4}$
5. Multiply both results by $\frac{1}{2}$ and combine
6. Simplify the fractions to obtain the final answer $\frac{t}{2} + \frac{\sin 4t}{8} + c$
7. Verify by differentiating the result to recover the original integrand $\frac{1+\cos 4t}{2}$","exercise","numerical","7","{""blockIndex"":5,""chapterNumber"":3,""page"":91,""subjectSlug"":""maths-12""}","Q7. Evaluate the integral:
$$\int \frac{1+\cos 4t}{2} \, dt$$

*(Note: The original question contained $\cot 4t$, but the solution and recheck confirm the integrand is $\frac{1+\cos 4t}{2}$)*

---","ms71eaw39z990mr9z4pcbgfq2n85pa08",,,,,,,,,,
"maths-12","03-integration","Integration","exercise-3-2","3.2 Integration of Trigonometric Functions","m17496gvx2xsr1941tzartrw018c6rbr","xd75re18z7kzmnw7mxtzgj58wh8c7a4t","Exercise 3.2",,"false","# **Background and Explanation**

This problem requires the **method of substitution** (u-substitution) to integrate a composite function where the inner function is linear ($5x-1$). You need to recall the standard integral formula for the secant squared function and how to adjust for the chain rule factor.

---

# **Solution**

Let $I$ denote the integral:

$$I = \int \sec^{2}(5x-1) \, dx$$

## Setting up the Substitution

To handle the argument $(5x-1)$, we use substitution. Let:

$$t = 5x - 1$$

Differentiating both sides with respect to $x$:

$$\frac{dt}{dx} = 5 \quad \Rightarrow \quad dt = 5 \, dx$$

Solving for $dx$:

$$dx = \frac{1}{5} \, dt$$

## Transforming the Integral

Substitute $t = 5x-1$ and $dx = \frac{1}{5}dt$ into the original integral:

$$I = \int \sec^{2}(t) \cdot \frac{1}{5} \, dt$$

Factor out the constant $\frac{1}{5}$:

$$I = \frac{1}{5} \int \sec^{2}t \, dt$$

## Evaluating the Integral

Using the standard integral formula $\int \sec^{2}x \, dx = \tan x + C$:

$$I = \frac{1}{5} \tan(t) + C$$

## Back-Substitution

Replace $t$ with the original expression $5x-1$:

$$I = \frac{1}{5} \tan(5x-1) + C$$

## Verification by Differentiation

To verify, differentiate the result with respect to $x$:

$$\frac{d}{dx}\left[\frac{1}{5} \tan(5x-1) + C\right]$$

Apply the constant multiple rule and chain rule:

$$= \frac{1}{5} \cdot \sec^{2}(5x-1) \cdot \frac{d}{dx}(5x-1) + 0$$

Compute the derivative of the inner function:

$$= \frac{1}{5} \cdot \sec^{2}(5x-1) \cdot 5$$

Simplify:

$$= \sec^{2}(5x-1)$$

Since the derivative equals the original integrand, the solution is correct.

---

# **Key Formulas or Methods Used**

- **Integration by Substitution**: $\int f(g(x)) \cdot g'(x) \, dx = \int f(u) \, du$ where $u = g(x)$
- **Standard Integral**: $\int \sec^{2}x \, dx = \tan x + C$
- **Chain Rule**: $\frac{d}{dx}[f(g(x))] = f'(g(x)) \cdot g'(x)$
- **Derivative of Tangent**: $\frac{d}{dx}[\tan x] = \sec^{2}x$

---

# **Summary of Steps**

1. **Substitute**: Let $t = 5x - 1$ to simplify the composite argument
2. **Compute Differential**: Find $dt = 5 \, dx$, therefore $dx = \frac{dt}{5}$
3. **Rewrite Integral**: Transform to $\frac{1}{5}\int \sec^{2}t \, dt$
4. **Integrate**: Apply $\int \sec^{2}t \, dt = \tan t + C$ to obtain $\frac{1}{5}\tan t + C$
5. **Back-Substitute**: Replace $t$ with $5x-1$ to get $\frac{1}{5}\tan(5x-1) + C$
6. **Verify**: Differentiate using the chain rule to confirm the result equals $\sec^{2}(5x-1)$","exercise","numerical","8","{""blockIndex"":5,""chapterNumber"":3,""page"":91,""subjectSlug"":""maths-12""}","Evaluate the indefinite integral:

$$\int \sec^{2}(5x-1) \, dx$$

---","ms71eaw39z990mr9z4pcbgfq2n85pa08",,,,,,,,,,
"maths-12","03-integration","Integration","exercise-3-2","3.2 Integration of Trigonometric Functions","m170b3km9fwt66r8hnef3zg4r58c7bvr","xd75re18z7kzmnw7mxtzgj58wh8c7a4t","Exercise 3.2",,"false","# **Background and Explanation**

This problem requires integrating basic trigonometric functions using standard integration formulas and the substitution method (reverse chain rule). You need to know how to integrate $\tan(ax)$ and $\cos(ax)$, either by memorizing the standard results or deriving them via substitution.

---

# **Solution**

We solve this by splitting the integral into two separate integrals. There are two common approaches for handling the $\tan 5x$ term—one using explicit substitution and another using the standard integral formula.

## Method 1: Substitution Approach

Begin by separating the integral using the sum rule:
$$I = \int(\tan 5x + \cos 7x) \, dx = \int \tan 5x \, dx + \int \cos 7x \, dx$$

**For the cosine term:** Using the standard integral $\int \cos(ax) \, dx = \frac{\sin(ax)}{a}$:
$$\int \cos 7x \, dx = \frac{\sin 7x}{7}$$

**For the tangent term:** Rewrite $\tan 5x$ as $\frac{\sin 5x}{\cos 5x}$:
$$\int \tan 5x \, dx = \int \frac{\sin 5x}{\cos 5x} \, dx$$

Notice that the derivative of $\cos 5x$ is $-5\sin 5x$. To match the form $\int \frac{f'(x)}{f(x)} \, dx = \ln(f(x))$, we multiply and divide by $-5$:
$$= \frac{-1}{5} \int \frac{-5\sin 5x}{\cos 5x} \, dx$$

Applying the logarithmic integration rule:
$$= \frac{-1}{5} \ln(\cos 5x)$$

**Combining both results:**
$$I = \frac{-1}{5} \ln(\cos 5x) + \frac{1}{7} \sin 7x + c$$

We can simplify using logarithm properties. Since $-\ln(\cos 5x) = \ln((\cos 5x)^{-1}) = \ln\left(\frac{1}{\cos 5x}\right) = \ln(\sec 5x)$:
$$I = \frac{1}{5} \ln(\sec 5x) + \frac{1}{7} \sin 7x + c$$

## Method 2: Direct Formula Application

Alternatively, apply the standard integral $\int \tan x \, dx = \ln(\sec x)$ directly with the chain rule adjustment:

$$I = \int \tan 5x \, dx + \int \cos 7x \, dx$$

Using $\int \tan(ax) \, dx = \frac{\ln(\sec(ax))}{a}$ and $\int \cos(ax) \, dx = \frac{\sin(ax)}{a}$:
$$= \frac{\ln(\sec 5x)}{5} + \frac{\sin 7x}{7} + c$$

$$= \frac{1}{5} \ln(\sec 5x) + \frac{1}{7} \sin 7x + c$$

## Verification by Differentiation

To verify, differentiate the result $\frac{1}{5} \ln(\sec 5x) + \frac{1}{7} \sin 7x + c$:

$$= \frac{1}{5} \cdot \frac{d}{dx}(\ln(\sec 5x)) + \frac{1}{7} \cdot \frac{d}{dx}(\sin 7x) + \frac{d}{dx}(c)$$

Apply the chain rule to each term:
$$= \frac{1}{5} \cdot \frac{1}{\sec 5x} \cdot \frac{d}{dx}(\sec 5x) + \frac{1}{7} \cdot \cos 7x \cdot 7 + 0$$

Compute the derivatives (remembering $\frac{d}{dx}(\sec u) = \sec u \tan u \cdot \frac{du}{dx}$):
$$= \frac{1}{5} \cdot \frac{1}{\sec 5x} \cdot (\sec 5x \tan 5x) \cdot 5 + \frac{1}{7} \cdot \cos 7x \cdot 7$$

Simplify by canceling the 5s in the first term and the 7s in the second:
$$= \tan 5x + \cos 7x$$

This matches the original integrand, confirming the solution is correct.

---

# **Key Formulas or Methods Used**

- **Sum Rule for Integration**: $\int [f(x) + g(x)] \, dx = \int f(x) \, dx + \int g(x) \, dx$
- **Standard Integral**: $\int \cos(ax) \, dx = \frac{\sin(ax)}{a} + C$
- **Standard Integral**: $\int \tan(ax) \, dx = \frac{\ln|\sec(ax)|}{a} + C = -\frac{\ln|\cos(ax)|}{a} + C$
- **Logarithmic Integration**: $\int \frac{f'(x)}{f(x)} \, dx = \ln|f(x)| + C$
- **Logarithm Properties**: $-\ln(u) = \ln(u^{-1}) = \ln\left(\frac{1}{u}\right)$

---

# **Summary of Steps**

1. **Separate the integral** into $\int \tan 5x \, dx + \int \cos 7x \, dx$
2. **Integrate $\cos 7x$** using the standard formula to obtain $\frac{\sin 7x}{7}$
3. **Integrate $\tan 5x$** by either:
   - Rewriting as $\frac{\sin 5x}{\cos 5x}$ and using substitution (multiplying by $\frac{-5}{-5}$), yielding $-\frac{1}{5}\ln(\cos 5x)$, or
   - Using the direct formula $\frac{\ln(\sec 5x)}{5}$
4. **Combine and simplify** using logarithm properties to get $\frac{1}{5}\ln(\sec 5x) + \frac{1}{7}\sin 7x + c$
5. **Verify** by differentiating the result to recover $\tan 5x + \cos 7x$","exercise","numerical","9","{""blockIndex"":5,""chapterNumber"":3,""page"":91,""subjectSlug"":""maths-12""}","Evaluate the integral:
$$\int(\tan 5x + \cos 7x) \, dx$$

---","ms71eaw39z990mr9z4pcbgfq2n85pa08",,,,,,,,,,
"maths-12","03-integration","Integration","exercise-3-3","3.3 Integration by Substitution","m174fcp6pgrwmxgdfmz68cjqrx85qyf7",,,,"false","Let $u = \ln 3x$. Then $du = \frac{1}{x}dx$, so $dx = x \, du$.

Substituting: $\int \frac{dx}{3x(\ln 3x)^4} = \int \frac{x \, du}{3x \cdot u^4} = \int \frac{du}{3u^4} = \frac{1}{3}\int u^{-4} \, du = \frac{1}{3} \cdot \frac{u^{-3}}{-3} + C = -\frac{1}{9u^3} + C = -\frac{1}{9(\ln 3x)^3} + C$",,"short","6",,"Evaluate $\int \frac{dx}{3x(\ln 3x)^4}$.","ms7fe30txqvh65vcrxmeyqt2rn85qek1",,"true","Federal Board",,"[""Correctly identifies substitution $u = \\ln 3x$ and finds $du = \\frac{1}{x}dx$"",""Simplifies the integral to $\\frac{1}{3}\\int u^{-4} \\, du$ using substitution"",""Applies power rule for integration: $\\int u^{-4} \\, du = \\frac{u^{-3}}{-3}$"",""Back-substitutes to express answer in terms of original variable"",""Includes constant of integration $C$""]","4",,"B","annual","2022"
"maths-12","03-integration","Integration","exercise-3-3","3.3 Integration by Substitution","m17dbbj99twwxjx5ky3jzcaa0985qz46",,,,"false","To find the area of the triangular park, we use vectors $\vec{AB} = B - A = (3, 4, 1)$ and $\vec{AC} = C - A = (-1, 1, 2)$. The cross product $\vec{AB} \times \vec{AC}$ is calculated using the determinant method. The area of the triangle is $\frac{1}{2}|\vec{AB} \times \vec{AC}|$, which equals $\frac{1}{2}\sqrt{49 + 49 + 49} = \frac{7\sqrt{3}}{2}$ square units.",,"short","2",,"A triangular park has its three corners located at points $A(2,3,1)$, $B(5,7,2)$, and $C(1,4,3)$. Find the area of the park using the cross product of vectors.","ms7fe30txqvh65vcrxmeyqt2rn85qek1",,"true","Federal Board",,"[""Correctly form vectors $\\vec{AB}$ and $\\vec{AC}$ from given points"",""Set up and evaluate the cross product using determinant expansion with cofactors"",""Calculate magnitude of cross product vector"",""Apply area formula: Area = $\\frac{1}{2}|\\vec{AB} \\times \\vec{AC}|$""]","4",,"B","annual","2025"
"maths-12","03-integration","Integration","exercise-3-3","3.3 Integration by Substitution","m1748t935e9bqp8zg7jg0kg67185qjzc",,,,"false","**Part (c): Finding $(\vec{a} \times \vec{b}) \cdot \vec{b}$ and Verifying Perpendicularity**

From part (a), we have $\vec{a} \times \vec{b} = -6\hat{i} + 7\hat{j} + 8\hat{k}$.

Now compute $(\vec{a} \times \vec{b}) \cdot \vec{b}$:
$$(\vec{a} \times \vec{b}) \cdot \vec{b} = (-6\hat{i} + 7\hat{j} + 8\hat{k}) \cdot (\hat{i} + 2\hat{j} - \hat{k})$$
$$= (-6)(1) + (7)(2) + (8)(-1)$$
$$= -6 + 14 - 8 = 0$$

**Verification of Perpendicularity:**

Since $(\vec{a} \times \vec{b}) \cdot \vec{b} = 0$, the vectors $\vec{a} \times \vec{b}$ and $\vec{b}$ are perpendicular. This confirms the fundamental property that the cross product $\vec{a} \times \vec{b}$ is always perpendicular to both $\vec{a}$ and $\vec{b}$. The cross product yields a vector orthogonal to the plane containing the original vectors, which is a defining characteristic of the cross product operation in three-dimensional space. Combined with the result from part (b) where $(\vec{a} \times \vec{b}) \cdot \vec{a} = 0$, we have verified that $\vec{a} \times \vec{b}$ is perpendicular to both $\vec{a}$ and $\vec{b}$, demonstrating the orthogonality property of the cross product.",,"long","2",,"If $\vec{a}=3\hat{i}-2\hat{j}+4\hat{k}$ and $\vec{b}=\hat{i}+2\hat{j}-\hat{k}$, then:
(a) Find $\vec{a} \times \vec{b}$.
(b) Find $(\vec{a} \times \vec{b}) \cdot \vec{a}$ and verify that $\vec{a} \times \vec{b} \perp \vec{a}$.
(c) Find $(\vec{a} \times \vec{b}) \cdot \vec{b}$ and verify that $\vec{a} \times \vec{b} \perp \vec{b}$.","ms7fe30txqvh65vcrxmeyqt2rn85qek1",,"true","Federal Board",,"[""Correctly computes dot product $(\\vec{a} \\times \\vec{b}) \\cdot \\vec{b}$ using components"",""Obtains result equal to zero: $-6 + 14 - 8 = 0$"",""States that zero dot product implies perpendicularity: $\\vec{a} \\times \\vec{b} \\perp \\vec{b}$"",""Explains that cross product is always orthogonal to both original vectors"",""Connects result to fundamental property of cross product in 3D space""]","8",,"C","annual","2025"
"maths-12","03-integration","Integration","exercise-3-3","3.3 Integration by Substitution","m179cmg8z9k4nzkhm1wxy65rp585p6w8",,,,"false","To determine whether $p \rightarrow (q \rightarrow p)$ is a tautology, contingency, or absurdity, we construct a truth table examining all possible truth value combinations for propositions $p$ and $q$. For each row, we evaluate the inner conditional $q \rightarrow p$, then the outer conditional $p \rightarrow (q \rightarrow p)$. When $p$ is true, $q \rightarrow p$ is always true (since the consequent is true), making the outer conditional true. When $p$ is false, $q \rightarrow p$ is true (since the antecedent is false), making the outer conditional true (false implies anything). Since the formula is true in all cases, $p \rightarrow (q \rightarrow p)$ is a **tautology**.",,"short","2",,"Determine whether $p \rightarrow (q \rightarrow p)$ is a tautology, a contingency or an absurdity.","ms7fe30txqvh65vcrxmeyqt2rn85qek1",,"true","Federal Board",,"[""Construct complete truth table with all combinations of $p$ and $q$ values"",""Evaluate inner conditional $q \\rightarrow p$ for each row"",""Evaluate outer conditional $p \\rightarrow (q \\rightarrow p)$ for each row"",""Recognize that the formula yields true in all four possible cases"",""Correctly identify the result as a tautology (always true)""]","4",,"B","annual","2022"
"maths-12","03-integration","Integration","exercise-3-3","3.3 Integration by Substitution","m17basracj9n2d382pqkzq57nx85qp2h",,,,"false","The contrapositive of a conditional $p \rightarrow q$ is $\neg q \rightarrow \neg p$. The contrapositive is logically equivalent to the original conditional statement, meaning they have the same truth value. If the original statement is true, its contrapositive is also true, and vice versa.",,"mcq","3",,"The contrapositive of a conditional $p \rightarrow q$ is:","ms7fe30txqvh65vcrxmeyqt2rn85qek1","C","true","Federal Board","The contrapositive of a conditional $p \rightarrow q$ is $\neg q \rightarrow \neg p$. The contrapositive is logically equivalent to the original conditional statement, meaning they have the same truth value. If the original statement is true, its contrapositive is also true, and vice versa.","[""Contrapositive of $p \\rightarrow q$ is $\\neg q \\rightarrow \\neg p$"",""Contrapositive is logically equivalent to the original conditional"",""Both statements have identical truth values"",""Negation of both hypothesis and conclusion with reversal of direction""]","1","[{""key"":""A"",""text"":""$q \\rightarrow p$""},{""key"":""B"",""text"":""$\\sim q \\rightarrow p$""},{""key"":""C"",""text"":""$\\sim q \\rightarrow \\sim p$""},{""key"":""D"",""text"":""$\\sim p \\rightarrow q$""}]","MCQ","annual","2023"
"maths-12","03-integration","Integration","exercise-3-3","3.3 Integration by Substitution","m174310bkq6w8y01a9wemc1sa585pzn4",,,,"false","The area of triangle ABC is found using the formula: $\text{Area} = \frac{1}{2}ab\sin\gamma$. Substituting $a=2$, $b=3$, and $\gamma=30°$: $\text{Area} = \frac{1}{2}(2)(3)\sin(30°) = \frac{1}{2}(2)(3)\left(\frac{1}{2}\right) = \frac{3}{2}$ square units.",,"mcq","19",,"Area of a triangle $\triangle ABC$ (with usual notations) where $a=2, b=3, \gamma=30^\circ$ is:","ms7fe30txqvh65vcrxmeyqt2rn85qek1","A","true","Federal Board","The area of triangle ABC is found using the formula: $\text{Area} = \frac{1}{2}ab\sin\gamma$. Substituting $a=2$, $b=3$, and $\gamma=30°$: $\text{Area} = \frac{1}{2}(2)(3)\sin(30°) = \frac{1}{2}(2)(3)\left(\frac{1}{2}\right) = \frac{3}{2}$ square units.","[""Correctly identifies the area formula for a triangle: $\\text{Area} = \\frac{1}{2}ab\\sin\\gamma$"",""Correctly substitutes given values: $a=2$, $b=3$, $\\gamma=30°$"",""Correctly evaluates $\\sin(30°) = \\frac{1}{2}$"",""Performs correct arithmetic to obtain final answer: $\\frac{3}{2}$ square units""]","1","[{""key"":""A"",""text"":""$\\frac{3}{2}$""},{""key"":""B"",""text"":""3""},{""key"":""C"",""text"":""2""},{""key"":""D"",""text"":""$\\frac{\\sqrt{3}}{2}$""}]","MCQ","annual","2024"
"maths-12","03-integration","Integration","exercise-3-3","3.3 Integration by Substitution","m17328tt1rgk63sx2djpvjr4tn85pzgf",,,,"false","Two vectors are mutually perpendicular when their dot product equals zero. For vectors $\vec{a} = 3p\underline{i} + 11\underline{j} - 5\underline{k}$ and $\vec{b} = 2p\underline{i} + p\underline{j} + 2\underline{k}$, we compute $\vec{a} \cdot \vec{b} = (3p)(2p) + (11)(p) + (-5)(2) = 6p^2 + 11p - 10 = 0$. Factoring: $(2p + 5)(3p - 2) = 0$, giving $p = -\frac{5}{2}$ or $p = \frac{2}{3}$.",,"short","6",,"For what value of $p$, vectors $3p\underline{i} + 11\underline{j} - 5\underline{k}$ and $2p\underline{i} + p\underline{j} + 2\underline{k}$ are mutually perpendicular?","ms7fe30txqvh65vcrxmeyqt2rn85qek1",,"true","Federal Board",,"[""Correctly identify the condition for perpendicularity: dot product equals zero"",""Accurately compute the dot product: $6p^2 + 11p - 10$"",""Correctly factor or use quadratic formula to solve for $p$"",""State both solutions: $p = -\\frac{5}{2}$ and $p = \\frac{2}{3}$""]","4",,"B","annual","2024"
"maths-12","03-integration","Integration","exercise-3-3","3.3 Integration by Substitution","m17fr0h485xndxmj1j4tdwp21n8c7e8m","xd73ycxev58jpmzq2rh8vkjwmh8c77kd","Exercise 3.3",,"false","# **Background and Explanation**

This integral follows the standard form $\int \frac{dx}{x^2+a^2}$, which typically requires trigonometric substitution to derive the inverse tangent solution. The key technique involves substituting $x = a\tan\theta$ to exploit the identity $1+\tan^2\theta = \sec^2\theta$.

---

# **Solution**

Let $I$ denote the integral we wish to evaluate:

$$I = \int \frac{dx}{x^{2}+9}$$

First, recognize that the denominator is a sum of squares, which can be written as:

$$I = \int \frac{1}{x^{2}+3^{2}}\,dx$$

To simplify this, we apply the trigonometric substitution $x = 3\tan\theta$. This substitution is chosen because it will allow us to factor out $9$ and use the Pythagorean identity to simplify the denominator.

Differentiating $x = 3\tan\theta$ with respect to $\theta$:

$$dx = 3\sec^{2}\theta\,d\theta$$

Substituting both $x$ and $dx$ into the integral:

$$I = \int \frac{1}{(3\tan\theta)^{2}+3^{2}} \cdot 3\sec^{2}\theta\,d\theta$$

Expand the squared term in the denominator:

$$I = \int \frac{3\sec^{2}\theta}{9\tan^{2}\theta+9}\,d\theta$$

Factor out $9$ from the denominator:

$$I = \int \frac{3\sec^{2}\theta}{9(\tan^{2}\theta+1)}\,d\theta$$

Simplify the numerical coefficient $\frac{3}{9} = \frac{1}{3}$:

$$I = \frac{1}{3} \int \frac{\sec^{2}\theta}{\tan^{2}\theta+1}\,d\theta$$

Apply the Pythagorean identity $\tan^{2}\theta+1 = \sec^{2}\theta$:

$$I = \frac{1}{3} \int \frac{\sec^{2}\theta}{\sec^{2}\theta}\,d\theta$$

The $\sec^{2}\theta$ terms cancel, leaving:

$$I = \frac{1}{3} \int 1\,d\theta$$

Integrating with respect to $\theta$:

$$I = \frac{1}{3}\theta + c$$

Now we convert back to the original variable $x$. From our substitution $x = 3\tan\theta$, we solve for $\theta$:

$$\tan\theta = \frac{x}{3}$$

Therefore:

$$\theta = \tan^{-1}\left(\frac{x}{3}\right)$$

Substituting this back into our expression for $I$:

$$I = \frac{1}{3}\tan^{-1}\left(\frac{x}{3}\right) + c$$

---

# **Key Formulas or Methods Used**

- **Trigonometric substitution**: $x = a\tan\theta$ for integrals containing $x^2 + a^2$, with $dx = a\sec^2\theta\,d\theta$
- **Pythagorean identity**: $\tan^2\theta + 1 = \sec^2\theta$
- **Standard integral form**: $\int \frac{dx}{x^2+a^2} = \frac{1}{a}\tan^{-1}\left(\frac{x}{a}\right) + c$ (here $a=3$)
- **Algebraic simplification**: Factoring and cancellation of common terms

---

# **Summary of Steps**

1. Identify the integral as type $\frac{1}{x^2+a^2}$ with $a=3$, rewriting as $\int \frac{dx}{x^2+3^2}$
2. Apply trigonometric substitution: let $x = 3\tan\theta$, so $dx = 3\sec^2\theta\,d\theta$
3. Substitute into the integral and factor the denominator: $\frac{3\sec^2\theta}{9(\tan^2\theta+1)}$
4. Simplify using $\tan^2\theta+1 = \sec^2\theta$ to reduce to $\frac{1}{3}\int d\theta$
5. Integrate to obtain $\frac{1}{3}\theta + c$
6. Back-substitute using $\theta = \tan^{-1}\left(\frac{x}{3}\right)$ to get the final answer $\frac{1}{3}\tan^{-1}\left(\frac{x}{3}\right) + c$","exercise","numerical","1",,"Evaluate the integral:

$$\int \frac{dx}{x^{2}+9}$$

---","ms7fe30txqvh65vcrxmeyqt2rn85qek1",,,,,,,,,,
"maths-12","03-integration","Integration","exercise-3-3","3.3 Integration by Substitution","m17d8d1vqy60t6c0z9wngtnz298c6erp","xd73ycxev58jpmzq2rh8vkjwmh8c77kd","Exercise 3.3",,"false","# **Background and Explanation**

This integral involves a composite function where the inner function is linear $(1-3x)$. The substitution method (u-substitution) is the appropriate technique here, as it allows us to transform the integral into a simpler power rule form. Recognizing that the derivative of the inner function $(-3)$ is a constant makes this substitution particularly straightforward.

---

# **Solution**

Let $I$ denote the integral we wish to evaluate:

$$I = \int \frac{dx}{(1-3x)^{2}}$$

To simplify this integral, we use the substitution method. Notice that the denominator contains the expression $(1-3x)$, whose derivative is the constant $-3$. This makes it an ideal candidate for substitution.

**Step 1: Choose the substitution**

Let $t = 1 - 3x$

**Step 2: Compute the differential**

Differentiating both sides with respect to $x$:
$$\frac{dt}{dx} = -3$$

Using differentials, we obtain:
$$dt = -3\,dx$$

Solving for $dx$:
$$dx = -\frac{1}{3}\,dt$$

**Step 3: Substitute into the integral**

Replacing $(1-3x)$ with $t$ and $dx$ with $-\frac{1}{3}dt$ in equation (1):

$$
\begin{aligned}
I &= \int \frac{1}{t^{2}} \cdot \left(-\frac{1}{3}\right) dt \\
&= -\frac{1}{3} \int t^{-2}\,dt
\end{aligned}
$$

**Step 4: Apply the power rule for integration**

Using the power rule $\int t^n\,dt = \frac{t^{n+1}}{n+1} + C$ for $n \neq -1$, with $n = -2$:

$$
\begin{aligned}
I &= -\frac{1}{3} \cdot \frac{t^{-2+1}}{-2+1} + c \\
&= -\frac{1}{3} \cdot \frac{t^{-1}}{-1} + c \\
&= -\frac{1}{3} \cdot \left(-\frac{1}{t}\right) + c \\
&= \frac{1}{3} \cdot \frac{1}{t} + c
\end{aligned}
$$

**Step 5: Substitute back to the original variable**

Recall that $t = 1 - 3x$. Substituting back:

$$I = \frac{1}{3(1-3x)} + c$$

Therefore, the final solution is:

$$\int \frac{dx}{(1-3x)^{2}} = \frac{1}{3(1-3x)} + c$$

---

# **Key Formulas or Methods Used**

- **Substitution Rule**: $\int f(g(x)) \cdot g'(x)\,dx = \int f(u)\,du$ where $u = g(x)$
- **Power Rule for Integration**: $\int x^n\,dx = \frac{x^{n+1}}{n+1} + C$ (for $n \neq -1$)
- **Differential of Linear Function**: $d(ax + b) = a\,dx$

---

# **Summary of Steps**

1. **Identify substitution**: Let $t = 1 - 3x$ to simplify the composite expression in the denominator
2. **Compute differential**: Differentiate to get $dt = -3\,dx$, then solve for $dx = -\frac{1}{3}dt$
3. **Rewrite integral**: Substitute to obtain $I = -\frac{1}{3}\int t^{-2}\,dt$
4. **Integrate**: Apply the power rule to get $-\frac{1}{3} \cdot \frac{t^{-1}}{-1} + c = \frac{1}{3t} + c$
5. **Back-substitute**: Replace $t$ with $(1-3x)$ to obtain the final answer $\frac{1}{3(1-3x)} + c$","exercise","numerical","10",,"Evaluate the integral:

$$\int \frac{dx}{(1-3x)^{2}}$$

---","ms7fe30txqvh65vcrxmeyqt2rn85qek1",,,,,,,,,,
"maths-12","03-integration","Integration","exercise-3-3","3.3 Integration by Substitution","m17fb1eth0vt9p6q1d4ve0hw8x8c7xyf","xd73ycxev58jpmzq2rh8vkjwmh8c77kd","Exercise 3.3",,"false","# **Background and Explanation**

This problem demonstrates the substitution method for integration. Notice that the numerator $z^3$ is proportional to the derivative of the inner function $z^4$ appearing in the denominator, which suggests using $u$-substitution with $t = z^4$.

---

# **Solution**

We begin by denoting the integral as $I$:
$$I = \int \frac{z^{3}}{1+z^{4}} \, dz$$

To solve this, we use the substitution method. Let:
$$t = z^4$$

Differentiating both sides with respect to $z$:
$$\frac{dt}{dz} = 4z^3$$

Using differentials, we can write this relationship as:
$$
\begin{aligned}
4z^{3} \, dz &= dt \\
z^{3} \, dz &= \frac{1}{4} \, dt
\end{aligned}
$$

Now substitute $t = z^4$ and $z^3 \, dz = \frac{1}{4}dt$ into equation (1):
$$
\begin{aligned}
I &= \int \frac{\frac{1}{4} \, dt}{1+t} \\
&= \frac{1}{4} \int \frac{1}{1+t} \, dt
\end{aligned}
$$

This reduces to the standard logarithmic form. Integrating with respect to $t$:
$$I = \frac{1}{4} \ln(1+t) + c$$

*(Note: Since $z^4 \geq 0$ for all real $z$, the expression $1+z^4$ is always positive, so we can write $\ln(1+t)$ without absolute value bars.)*

Finally, substitute back $t = z^4$ to express the solution in terms of the original variable $z$:
$$I = \frac{1}{4} \ln\left(1+z^{4}\right) + c$$

---

# **Key Formulas or Methods Used**

- **Substitution Rule (u-substitution)**: $\int f(g(z))g'(z)\,dz = \int f(t)\,dt$ where $t = g(z)$
- **Power Rule for Differentiation**: $\frac{d}{dz}(z^n) = nz^{n-1}$ (specifically $\frac{d}{dz}(z^4) = 4z^3$)
- **Logarithmic Integration**: $\int \frac{1}{x}\,dx = \ln|x| + C$ (applied here as $\int \frac{1}{1+t}\,dt = \ln(1+t) + c$ since $1+t > 0$)

---

# **Summary of Steps**

1. Identify the integral and set $I = \int \frac{z^{3}}{1+z^{4}} \, dz$
2. Choose substitution $t = z^4$ because the numerator $z^3$ is proportional to the derivative of $z^4$
3. Compute the differential $dt = 4z^3\,dz$ and solve for $z^3\,dz = \frac{1}{4}dt$
4. Rewrite the integral in terms of $t$: $\frac{1}{4}\int \frac{1}{1+t}\,dt$
5. Integrate to obtain $\frac{1}{4}\ln(1+t) + c$
6. Back-substitute $t = z^4$ to get the final answer: $\frac{1}{4}\ln(1+z^4) + c$","exercise","numerical","11",,"Evaluate the integral:
$$\int \frac{z^{3}}{1+z^{4}} \, dz$$

---","ms7fe30txqvh65vcrxmeyqt2rn85qek1",,,,,,,,,,
"maths-12","03-integration","Integration","exercise-3-3","3.3 Integration by Substitution","m17ecg1a9t2efb8jzv5472egfn8c7ah0","xd73ycxev58jpmzq2rh8vkjwmh8c77kd","Exercise 3.3",,"false","# **Background and Explanation**

This problem is solved using the method of integration by substitution (u-substitution). The key insight is recognizing that the derivative of $\cot^{-1} x$ is $\frac{-1}{1+x^2}$, which appears as a factor in the integrand.

---

# **Solution**

Let $I$ denote the integral we need to evaluate:

$$I = \int \frac{\cot^{-1} x}{1+x^{2}} \, dx$$

**Step 1: Choose the substitution**

Notice that the integrand contains $\cot^{-1} x$ and the term $\frac{1}{1+x^2}$. Since the derivative of $\cot^{-1} x$ involves $\frac{1}{1+x^2}$, this suggests the substitution:

$$t = \cot^{-1} x$$

**Step 2: Find the differential**

Differentiating both sides with respect to $x$:

$$\frac{dt}{dx} = \frac{-1}{1+x^{2}}$$

Rearranging to express $dx$ in terms of $dt$:

$$\frac{-1}{1+x^{2}} \, dx = dt$$

Multiplying both sides by $-1$:

$$\frac{1}{1+x^{2}} \, dx = -dt$$

**Step 3: Substitute into the integral**

Replace $\cot^{-1} x$ with $t$ and $\frac{1}{1+x^{2}} dx$ with $-dt$:

$$I = \int t \cdot (-dt)$$

$$I = -\int t \, dt$$

**Step 4: Integrate**

Using the power rule for integration:

$$I = -\frac{t^{2}}{2} + c$$

**Step 5: Back-substitute**

Replace $t$ with $\cot^{-1} x$ to express the final answer in terms of $x$:

$$I = \frac{-\left(\cot^{-1} x\right)^{2}}{2} + c$$

Or equivalently:

$$I = -\frac{1}{2}\left(\cot^{-1} x\right)^{2} + c$$

---

# **Key Formulas or Methods Used**

- **Integration by substitution**: Used to simplify the integral by changing the variable
- **Derivative of inverse cotangent**: $\frac{d}{dx}(\cot^{-1} x) = \frac{-1}{1+x^{2}}$
- **Power rule for integration**: $\int x^{n} \, dx = \frac{x^{n+1}}{n+1} + c$ (where $n \neq -1$)

---

# **Summary of Steps**

1. **Set up substitution**: Let $t = \cot^{-1} x$
2. **Differentiate**: Find that $\frac{1}{1+x^{2}} dx = -dt$
3. **Transform integral**: Substitute to get $I = -\int t \, dt$
4. **Integrate**: Apply power rule to obtain $I = -\frac{t^{2}}{2} + c$
5. **Substitute back**: Replace $t$ to get final result $-\frac{(\cot^{-1} x)^{2}}{2} + c$","exercise","numerical","12",,"Evaluate the integral:

$$\int \frac{\cot^{-1} x}{1+x^{2}} \, dx$$

---","ms7fe30txqvh65vcrxmeyqt2rn85qek1",,,,,,,,,,
"maths-12","03-integration","Integration","exercise-3-3","3.3 Integration by Substitution","m170n5scwm7mgetzxw7fhe36bh8c64xj","xd73ycxev58jpmzq2rh8vkjwmh8c77kd","Exercise 3.3",,"false","# **Background and Explanation**

This integral follows the standard form $\int \frac{dx}{\sqrt{a^2-x^2}}$, which is solved using trigonometric substitution. The key insight is recognizing that the denominator contains a difference of squares that suggests the identity $1-\sin^2\theta = \cos^2\theta$.

---

# **Solution**

Let $I$ denote the integral we wish to evaluate:

$$I = \int \frac{dx}{\sqrt{5-x^{2}}}$$

First, rewrite the denominator to explicitly identify the constant $a$:

$$I = \int \frac{dx}{\sqrt{(\sqrt{5})^{2}-(x)^{2}}}$$

**Step 1: Trigonometric Substitution**

Since we have the form $\sqrt{a^2-x^2}$ where $a = \sqrt{5}$, we use the substitution:

$$x = \sqrt{5} \sin \theta$$

Differentiating both sides with respect to $\theta$:

$$dx = \sqrt{5} \cos \theta \, d\theta$$

**Step 2: Substitute into the Integral**

Substituting $x$ and $dx$ into equation (1):

$$
\begin{align*}
I &= \int \frac{\sqrt{5} \cos \theta \, d\theta}{\sqrt{(\sqrt{5})^{2}-(\sqrt{5} \sin \theta)^{2}}} \\
&= \int \frac{\sqrt{5} \cos \theta}{\sqrt{5-5\sin^{2}\theta}} \, d\theta \\
&= \int \frac{\sqrt{5} \cos \theta}{\sqrt{5(1-\sin^{2}\theta)}} \, d\theta
\end{align*}
$$

**Step 3: Simplify Using Trigonometric Identity**

Using the identity $1-\sin^{2}\theta = \cos^{2}\theta$:

$$
\begin{align*}
I &= \int \frac{\sqrt{5} \cos \theta}{\sqrt{5}\sqrt{\cos^{2}\theta}} \, d\theta \\
&= \int \frac{\sqrt{5} \cos \theta}{\sqrt{5} \cos \theta} \, d\theta \\
&= \int 1 \, d\theta \\
&= \theta + c
\end{align*}
$$

**Step 4: Back-Substitution**

From our original substitution $x = \sqrt{5} \sin \theta$, we solve for $\theta$:

$$\sin \theta = \frac{x}{\sqrt{5}}$$

Therefore:

$$\theta = \sin^{-1}\left(\frac{x}{\sqrt{5}}\right)$$

Substituting this back into equation (2):

$$I = \sin^{-1}\left(\frac{x}{\sqrt{5}}\right) + c$$

---

# **Key Formulas or Methods Used**

- **Standard Integral Formula:** $\displaystyle \int \frac{dx}{\sqrt{a^2-x^2}} = \sin^{-1}\left(\frac{x}{a}\right) + C$
- **Trigonometric Substitution:** For $\sqrt{a^2-x^2}$, substitute $x = a\sin\theta$
- **Pythagorean Identity:** $\sin^2\theta + \cos^2\theta = 1$ (or $1-\sin^2\theta = \cos^2\theta$)
- **Differential Calculation:** If $x = a\sin\theta$, then $dx = a\cos\theta \, d\theta$

---

# **Summary of Steps**

1. **Identify the form:** Rewrite $\sqrt{5-x^2}$ as $\sqrt{(\sqrt{5})^2-x^2}$ to recognize $a = \sqrt{5}$
2. **Substitute:** Let $x = \sqrt{5}\sin\theta$, which gives $dx = \sqrt{5}\cos\theta \, d\theta$
3. **Transform the integral:** Substitute into the original integral to get $\int \frac{\sqrt{5}\cos\theta}{\sqrt{5}\cos\theta} d\theta$
4. **Simplify:** Cancel terms to obtain $\int 1 \, d\theta = \theta + c$
5. **Convert back:** From $\sin\theta = \frac{x}{\sqrt{5}}$, get $\theta = \sin^{-1}\left(\frac{x}{\sqrt{5}}\right)$
6. **Final answer:** $I = \sin^{-1}\left(\frac{x}{\sqrt{5}}\right) + c$","exercise","numerical","2",,"Evaluate the integral:

$$\int \frac{dx}{\sqrt{5-x^{2}}}$$

---","ms7fe30txqvh65vcrxmeyqt2rn85qek1",,,,,,,,,,
"maths-12","03-integration","Integration","exercise-3-3","3.3 Integration by Substitution","m1788my8k5t93ymfvbwekqnq858c6p0w","xd73ycxev58jpmzq2rh8vkjwmh8c77kd","Exercise 3.3",,"false","# **Background and Explanation**

This problem is solved using **integration by substitution** (also called u-substitution). The key insight is recognizing that the derivative of the inner function $(x^2 + 7x + 3)$ is $(2x + 7)$, which appears as a separate factor in the integrand—this makes substitution straightforward.

---

# **Solution**

Let $I$ denote the integral we need to evaluate:

$$I = \int(2 x+7)\left(x^{2}+7 x+3\right)^{\frac{4}{5}} d x$$

We can rewrite this to group the terms strategically:

$$I = \int\left(x^{2}+7 x+3\right)^{4 / 5} \cdot(2 x+7) d x$$

**Step 1: Choose the substitution**

Notice that if we let $t = x^{2}+7 x+3$, then the derivative is:

$$\frac{dt}{dx} = 2x + 7$$

**Step 2: Find the differential**

Multiplying both sides by $dx$:

$$(2 x+7) d x = d t$$

**Step 3: Substitute into the integral**

Replacing $(x^2 + 7x + 3)$ with $t$ and $(2x+7)dx$ with $dt$ in equation (1):

$$I = \int(t)^{4 / 5} \cdot d t$$

**Step 4: Integrate using the power rule**

Applying the power rule for integration $\int t^n \, dt = \frac{t^{n+1}}{n+1} + C$ where $n = \frac{4}{5}$:

$$
\begin{aligned}
I &= \frac{t^{\frac{4}{5}+1}}{\frac{4}{5}+1}+c \\
&= \frac{t^{\frac{9}{5}}}{\frac{9}{5}}+c \\
&= \frac{5}{9} t^{\frac{9}{5}}+c
\end{aligned}
$$

**Step 5: Substitute back to the original variable**

Replace $t$ with $(x^2 + 7x + 3)$ to get the final answer:

$$I = \frac{5}{9}\left(x^{2}+7 x+3\right)^{\frac{9}{5}}+c$$

---

# **Key Formulas or Methods Used**

- **Integration by Substitution**: If $u = g(x)$, then $\int f(g(x))g'(x)dx = \int f(u)du$
- **Power Rule for Integration**: $\int x^n dx = \frac{x^{n+1}}{n+1} + C$ (for $n \neq -1$)
- **Differential Calculation**: $d(t) = \frac{dt}{dx} \cdot dx$

---

# **Summary of Steps**

1. **Identify the substitution**: Let $t = x^2 + 7x + 3$ (the expression inside the power)
2. **Calculate the differential**: $dt = (2x + 7)dx$, which matches the remaining factor in the integrand
3. **Rewrite the integral**: Substitute to get $\int t^{4/5} dt$
4. **Apply the power rule**: Integrate to obtain $\frac{5}{9}t^{9/5} + C$
5. **Back-substitute**: Replace $t$ with $(x^2 + 7x + 3)$ to express the answer in terms of $x$","exercise","numerical","3",,"Evaluate the integral:

$$\int(2 x+7)\left(x^{2}+7 x+3\right)^{\frac{4}{5}} d x$$

---","ms7fe30txqvh65vcrxmeyqt2rn85qek1",,,,,,,,,,
"maths-12","03-integration","Integration","exercise-3-3","3.3 Integration by Substitution","m17c2chmt5gz5bzxpgjwpfyqcd8c658p","xd73ycxev58jpmzq2rh8vkjwmh8c77kd","Exercise 3.3",,"false","# **Background and Explanation**

This problem is solved using **integration by substitution** (u-substitution). The key insight is recognizing that the numerator $x^2$ is proportional to the derivative of the denominator $x^3 + 1$, making substitution the most efficient method.

---

# **Solution**

Let

$$ I = \int \frac{x^{2}}{x^{3}+1} \, dx $$

To simplify this integral, we use the substitution method. Notice that the derivative of the denominator $x^3 + 1$ is $3x^2$, which differs from the numerator $x^2$ only by a constant factor.

**Step 1:** Choose the substitution
$$ t = x^3 + 1 $$

**Step 2:** Differentiate both sides to find the relationship between $dx$ and $dt$
$$ (3x^2 + 0) \, dx = dt $$
$$ 3x^2 \, dx = dt $$

**Step 3:** Solve for $x^2 \, dx$
$$ x^2 \, dx = \frac{1}{3} \, dt $$

**Step 4:** Substitute into the original integral. Replacing $x^3 + 1$ with $t$ and $x^2 \, dx$ with $\frac{1}{3} \, dt$:

$$ I = \int \frac{1}{t} \cdot \frac{1}{3} \, dt $$

**Step 5:** Factor out the constant and integrate
$$
\begin{aligned}
I &= \frac{1}{3} \int \frac{1}{t} \, dt \\
&= \frac{1}{3} \ln(t) + c
\end{aligned}
$$

**Step 6:** Substitute back $t = x^3 + 1$ to express the answer in terms of $x$
$$ I = \frac{1}{3} \ln(x^3 + 1) + c $$

Therefore, the solution is:

$$ \int \frac{x^{2}}{x^{3}+1} \, dx = \frac{1}{3} \ln(x^3 + 1) + c $$

---

# **Key Formulas or Methods Used**

- **Integration by Substitution:** If $u = g(x)$, then $\int f(g(x))g'(x)\,dx = \int f(u)\,du$
- **Power Rule for Differentiation:** $\frac{d}{dx}(x^n) = nx^{n-1}$, specifically $\frac{d}{dx}(x^3) = 3x^2$
- **Basic Integration:** $\int \frac{1}{x}\,dx = \ln|x| + C$ (here applied as $\int \frac{1}{t}\,dt = \ln(t) + c$)
- **Differential Relationship:** $dt = \frac{dt}{dx} \cdot dx$

---

# **Summary of Steps**

1. **Identify the substitution:** Let $t = x^3 + 1$ (the denominator)
2. **Differentiate:** Compute $dt = 3x^2 \, dx$, which gives $x^2 \, dx = \frac{1}{3}dt$
3. **Rewrite the integral:** Substitute to get $\frac{1}{3}\int \frac{1}{t}\,dt$
4. **Integrate:** Evaluate to $\frac{1}{3}\ln(t) + c$
5. **Back-substitute:** Replace $t$ with $x^3 + 1$ to obtain the final answer $\frac{1}{3}\ln(x^3 + 1) + c$","exercise","numerical","4",,"Evaluate the integral:

$$ \int \frac{x^{2}}{x^{3}+1} \, dx $$

---","ms7fe30txqvh65vcrxmeyqt2rn85qek1",,,,,,,,,,
"maths-12","03-integration","Integration","exercise-3-3","3.3 Integration by Substitution","m173tn7ek5y9yrm9mxbs0cqabh8c69af","xd73ycxev58jpmzq2rh8vkjwmh8c77kd","Exercise 3.3",,"false","# **Background and Explanation**

This problem involves integrating a rational function with an irreducible quadratic denominator. The key technique is completing the square to transform the denominator into the form $u^2 + a^2$, which allows us to use either a standard arctangent formula or trigonometric substitution.

---

# **Solution**

First, we complete the square in the denominator:

$$
\begin{align*}
y^2 + 8y + 20 &= y^2 + 8y + 16 + 4 \\
&= (y+4)^2 + 4 \\
&= (y+4)^2 + 2^2
\end{align*}
$$

So the integral becomes:

$$I = \int \frac{dy}{(y+4)^2 + 2^2}$$

Now we apply the trigonometric substitution. Let:

$$y + 4 = 2\tan\theta$$

Taking differentials:

$$dy = 2\sec^2\theta \, d\theta$$

Substituting into our integral:

$$
\begin{align*}
I &= \int \frac{2\sec^2\theta \, d\theta}{(2\tan\theta)^2 + (2)^2} \\
&= \int \frac{2\sec^2\theta \, d\theta}{4\tan^2\theta + 4} \\
&= \int \frac{2\sec^2\theta \, d\theta}{4(\tan^2\theta + 1)}
\end{align*}
$$

Using the Pythagorean identity $\tan^2\theta + 1 = \sec^2\theta$:

$$
\begin{align*}
I &= \int \frac{2\sec^2\theta \, d\theta}{4\sec^2\theta} \\
&= \frac{1}{2} \int 1 \, d\theta \\
&= \frac{1}{2}\theta + C
\end{align*}
$$

To express the answer in terms of $y$, we back-substitute. Since $y + 4 = 2\tan\theta$, we have:

$$\tan\theta = \frac{y+4}{2}$$

Therefore:

$$\theta = \tan^{-1}\left(\frac{y+4}{2}\right)$$

Substituting this back into our result:

$$I = \frac{1}{2}\tan^{-1}\left(\frac{y+4}{2}\right) + C$$

---

# **Key Formulas or Methods Used**

- **Completing the square**: $y^2 + by + c = \left(y + \frac{b}{2}\right)^2 + \left(c - \frac{b^2}{4}\right)$
- **Trigonometric substitution**: For integrals of the form $\frac{1}{u^2 + a^2}$, use $u = a\tan\theta$
- **Pythagorean identity**: $\tan^2\theta + 1 = \sec^2\theta$
- **Standard integral form** (alternative approach): $\displaystyle \int \frac{dx}{x^2 + a^2} = \frac{1}{a}\tan^{-1}\left(\frac{x}{a}\right) + C$

---

# **Summary of Steps**

1. Complete the square in the denominator: $y^2 + 8y + 20 = (y+4)^2 + 2^2$
2. Substitute $y+4 = 2\tan\theta$ and $dy = 2\sec^2\theta \, d\theta$
3. Simplify the integrand using the identity $\tan^2\theta + 1 = \sec^2\theta$ to reduce it to $\frac{1}{2}\int d\theta$
4. Integrate with respect to $\theta$ to get $\frac{1}{2}\theta + C$
5. Back-substitute $\theta = \tan^{-1}\left(\frac{y+4}{2}\right)$ to obtain the final answer in terms of $y$","exercise","numerical","5",,"Evaluate the integral:

$$\int \frac{dy}{y^{2}+8y+20}$$

---","ms7fe30txqvh65vcrxmeyqt2rn85qek1",,,,,,,,,,
"maths-12","03-integration","Integration","exercise-3-3","3.3 Integration by Substitution","m17bd2xn0pq8k7edzzn1jnt3v18c648t","xd73ycxev58jpmzq2rh8vkjwmh8c77kd","Exercise 3.3",,"false","# **Background and Explanation**

This integral contains a quadratic expression under a square root in the denominator. To solve it, we first complete the square to transform the expression into the standard form $\sqrt{a^2 - u^2}$, which allows us to use either trigonometric substitution or the inverse sine integral formula.

---

# **Solution**

## Step 1: Complete the Square

We begin by rewriting the expression under the square root. The denominator is $\sqrt{20 - x^2 - 4x}$. To complete the square for the quadratic part $-x^2 - 4x$, we factor out the negative sign and focus on $x^2 + 4x$:

$$
\begin{align*}
I &= \int \frac{dx}{\sqrt{20-x^{2}-4 x}} \\
&= \int \frac{1}{\sqrt{20+4-4-x^{2}-4 x}} dx \quad \text{(adding and subtracting 4)} \\
&= \int \frac{1}{\sqrt{24-\left(x^{2}+4 x+4\right)}} dx \\
&= \int \frac{1}{\sqrt{(\sqrt{24})^{2}-(x+2)^{2}}} dx
\end{align*}
$$

Here we used the completion of square: $x^2 + 4x + 4 = (x+2)^2$, and noted that $20 + 4 = 24 = (\sqrt{24})^2$.

## Step 2: Trigonometric Substitution

The integral is now in the form $\int \frac{du}{\sqrt{a^2 - u^2}}$ where $a = \sqrt{24}$ and $u = x+2$. We use the substitution:

$$x+2 = \sqrt{24} \sin \theta$$

Taking differentials:
$$dx = \sqrt{24} \cos \theta \, d\theta$$

## Step 3: Substitute and Simplify

Substituting into equation (1):

$$
\begin{align*}
I &= \int \frac{1}{\sqrt{(\sqrt{24})^{2}-(\sqrt{24} \sin \theta)^{2}}} \cdot \sqrt{24} \cos \theta \, d\theta \\
&= \int \frac{\sqrt{24} \cos \theta \, d\theta}{\sqrt{24-24 \sin ^{2} \theta}} \\
&= \int \frac{\sqrt{24} \cos \theta}{\sqrt{24\left(1-\sin ^{2} \theta\right)}} d\theta \\
&= \int \frac{\sqrt{24} \cos \theta}{\sqrt{24 \cos ^{2} \theta}} d\theta \quad \text{(using } 1-\sin^2\theta = \cos^2\theta\text{)} \\
&= \int \frac{\sqrt{24} \cos \theta}{\sqrt{24} \cos \theta} d\theta \\
&= \int 1 \, d\theta \\
&= \theta + c
\end{align*}
$$

## Step 4: Back-Substitute to Express in Terms of $x$

From our substitution:
$$
\begin{aligned}
x+2 &= \sqrt{24} \sin \theta \\
\sin \theta &= \frac{x+2}{\sqrt{24}} \\
\theta &= \sin ^{-1}\left(\frac{x+2}{\sqrt{24}}\right)
\end{aligned}
$$

Substituting this back into equation (2):

$$I = \sin ^{-1}\left(\frac{x+2}{\sqrt{24}}\right) + c$$

This can also be written as:
$$I = \sin ^{-1}\left(\frac{x+2}{2\sqrt{6}}\right) + c$$

---

# **Key Formulas or Methods Used**

- **Completing the square**: $x^2 + bx = \left(x + \frac{b}{2}\right)^2 - \left(\frac{b}{2}\right)^2$
- **Standard integral form**: $\int \frac{du}{\sqrt{a^2 - u^2}} = \sin^{-1}\left(\frac{u}{a}\right) + C$
- **Trigonometric substitution**: For $\sqrt{a^2 - u^2}$, substitute $u = a\sin\theta$
- **Pythagorean identity**: $1 - \sin^2\theta = \cos^2\theta$
- **Differential**: If $u = a\sin\theta$, then $du = a\cos\theta \, d\theta$

---

# **Summary of Steps**

1. **Complete the square** in the denominator to rewrite $20 - x^2 - 4x$ as $24 - (x+2)^2$
2. **Identify** the form $\sqrt{a^2 - u^2}$ with $a = \sqrt{24}$ and $u = x+2$
3. **Substitute** $x+2 = \sqrt{24}\sin\theta$ and $dx = \sqrt{24}\cos\theta \, d\theta$
4. **Simplify** the integrand using the identity $1 - \sin^2\theta = \cos^2\theta$, which causes the square root to cancel with the numerator
5. **Integrate** $\int 1 \, d\theta = \theta + c$
6. **Back-substitute** using $\theta = \sin^{-1}\left(\frac{x+2}{\sqrt{24}}\right)$ to express the answer in terms of $x$","exercise","numerical","6",,"Evaluate the integral:

$$\int \frac{dx}{\sqrt{20-x^{2}-4 x}}$$

---","ms7fe30txqvh65vcrxmeyqt2rn85qek1",,,,,,,,,,
"maths-12","03-integration","Integration","exercise-3-3","3.3 Integration by Substitution","m179kg4yc5h1n9d5kzct7zkynh8c6rpj","xd73ycxev58jpmzq2rh8vkjwmh8c77kd","Exercise 3.3",,"false","# **Background and Explanation**

This problem requires the **method of substitution** (u-substitution). The key insight is recognizing that the numerator $x \, dx$ is proportional to the derivative of the inner function $4x^2 + 1$ appearing in the denominator. When the derivative of the inner function appears as a factor (up to a constant multiple), substitution simplifies the integral to a basic power rule form.

---

# **Solution**

Let $I$ denote the given integral:

$$I=\int \frac{x \, dx}{\left(4 x^{2}+1\right)^{3}}$$

**Step 1: Choose the substitution**

We observe that the denominator contains the expression $4x^2 + 1$, and its derivative is $8x$. Since the numerator contains $x \, dx$, which differs only by a constant factor, we make the substitution:

$$t = 4x^2 + 1$$

**Step 2: Compute the differential**

Differentiating both sides with respect to $x$:

$$\frac{dt}{dx} = 8x$$

Multiplying both sides by $dx$:

$$dt = 8x \, dx$$

Solving for $x \, dx$:

$$x \, dx = \frac{1}{8} \, dt$$

**Step 3: Substitute into the integral**

Replacing $4x^2 + 1$ with $t$ and $x \, dx$ with $\frac{1}{8} \, dt$:

$$I = \int \frac{\frac{1}{8} \, dt}{t^{3}}$$

Factor out the constant $\frac{1}{8}$:

$$I = \frac{1}{8} \int \frac{1}{t^{3}} \, dt$$

Rewrite using negative exponents to apply the power rule:

$$I = \frac{1}{8} \int t^{-3} \, dt$$

**Step 4: Integrate using the power rule**

Applying the power rule for integration $\int t^n \, dt = \frac{t^{n+1}}{n+1} + C$ where $n = -3$:

$$I = \frac{1}{8} \cdot \frac{t^{-3+1}}{-3+1} + C$$

$$I = \frac{1}{8} \cdot \frac{t^{-2}}{-2} + C$$

Simplify the constants:

$$I = \frac{1}{8} \cdot \left(-\frac{1}{2}\right) \cdot t^{-2} + C$$

$$I = -\frac{1}{16} \cdot \frac{1}{t^{2}} + C$$

**Step 5: Substitute back to the original variable**

Replace $t$ with $4x^2 + 1$:

$$I = -\frac{1}{16\left(4 x^{2}+1\right)^{2}} + C$$

Therefore, the final answer is:

$$\boxed{-\frac{1}{16\left(4 x^{2}+1\right)^{2}} + C}$$

---

# **Key Formulas or Methods Used**

- **Substitution Rule**: $\int f(g(x)) \cdot g'(x) \, dx = \int f(u) \, du$ where $u = g(x)$
- **Power Rule for Integration**: $\int x^n \, dx = \frac{x^{n+1}}{n+1} + C$ for $n \neq -1$
- **Differential Calculation**: $d(u) = u'(x) \, dx$

---

# **Summary of Steps**

1. **Identify the substitution**: Let $t = 4x^2 + 1$ because its derivative $8x$ matches the numerator $x$ (up to a constant).
2. **Find the differential**: Compute $dt = 8x \, dx$, which gives $x \, dx = \frac{1}{8} dt$.
3. **Rewrite the integral**: Substitute to get $\frac{1}{8} \int t^{-3} \, dt$.
4. **Integrate**: Apply the power rule to obtain $-\frac{1}{16} t^{-2} + C$.
5. **Back-substitute**: Replace $t$ with $4x^2 + 1$ to get the final answer in terms of $x$.","exercise","numerical","7",,"Evaluate the integral:

$$\int \frac{x \, dx}{\left(4 x^{2}+1\right)^{3}}$$

---","ms7fe30txqvh65vcrxmeyqt2rn85qek1",,,,,,,,,,
"maths-12","03-integration","Integration","exercise-3-3","3.3 Integration by Substitution","m172kem3qeb1v37st1jepe9kgx8c6v5c","xd73ycxev58jpmzq2rh8vkjwmh8c77kd","Exercise 3.3",,"false","# **Background and Explanation**

This integral is solved using the **substitution method** (u-substitution). Notice that the integrand contains a composite function $\sqrt{3x^5 - 5}$ and the remaining factor $x^4$ is proportional to the derivative of the inner function $3x^5 - 5$.

---

# **Solution**

Begin by rewriting the square root as a rational exponent to better identify the substitution:

$$I = \int x^{4} \sqrt{3 x^{5}-5} \, d x = \int\left(3 x^{5}-5\right)^{\frac{1}{2}} \cdot x^{4} \, d x$$

**Step 1: Choose the substitution**

Let $t = 3x^{5} - 5$. This is the inner function of the composite expression.

**Step 2: Compute the differential**

Differentiate both sides with respect to $x$:

$$\frac{d}{dx}(3x^{5} - 5) = \frac{dt}{dx}$$

$$15x^{4} = \frac{dt}{dx}$$

Solving for $x^{4} \, dx$:

$$15x^{4} \, dx = dt$$

$$x^{4} \, dx = \frac{1}{15} \, dt$$

**Step 3: Substitute into the integral**

Replace $3x^5 - 5$ with $t$ and $x^4 \, dx$ with $\frac{1}{15} \, dt$:

$$I = \int t^{\frac{1}{2}} \cdot \frac{1}{15} \, dt$$

Factor out the constant:

$$I = \frac{1}{15} \int t^{\frac{1}{2}} \, dt$$

**Step 4: Apply the power rule**

Using the power rule for integration $\int t^n \, dt = \frac{t^{n+1}}{n+1} + c$ where $n = \frac{1}{2}$:

$$I = \frac{1}{15} \cdot \frac{t^{\frac{1}{2}+1}}{\frac{1}{2}+1} + c$$

$$I = \frac{1}{15} \cdot \frac{t^{\frac{3}{2}}}{\frac{3}{2}} + c$$

**Step 5: Simplify the expression**

Dividing by $\frac{3}{2}$ is equivalent to multiplying by $\frac{2}{3}$:

$$I = \frac{1}{15} \cdot \frac{2}{3} t^{\frac{3}{2}} + c$$

$$I = \frac{2}{45} t^{\frac{3}{2}} + c$$

**Step 6: Substitute back to the original variable**

Replace $t$ with $3x^5 - 5$:

$$I = \frac{2}{45}\left(3 x^{5}-5\right)^{\frac{3}{2}} + c$$

---

# **Key Formulas or Methods Used**

- **Substitution Rule**: $\int f(g(x)) \cdot g'(x) \, dx = \int f(u) \, du$ where $u = g(x)$
- **Power Rule for Integration**: $\int x^n \, dx = \frac{x^{n+1}}{n+1} + c$ (for $n \neq -1$)
- **Differential Calculation**: $dt = \frac{dt}{dx} \cdot dx$

---

# **Summary of Steps**

1. Rewrite the radical as a rational exponent: $(3x^5-5)^{1/2}$
2. Identify substitution: Let $t = 3x^5 - 5$
3. Find differential: $dt = 15x^4 \, dx$, therefore $x^4 \, dx = \frac{dt}{15}$
4. Transform the integral: $\frac{1}{15}\int t^{1/2} \, dt$
5. Integrate using power rule: $\frac{1}{15} \cdot \frac{2}{3}t^{3/2} + c$
6. Back-substitute: $\frac{2}{45}(3x^5-5)^{3/2} + c$","exercise","numerical","8",,"Evaluate the integral:

$$\int x^{4} \sqrt{3 x^{5}-5} \, d x$$

---","ms7fe30txqvh65vcrxmeyqt2rn85qek1",,,,,,,,,,
"maths-12","03-integration","Integration","exercise-3-3","3.3 Integration by Substitution","m174wjgze5b4eydnwgzwtnbbz58c77c9","xd73ycxev58jpmzq2rh8vkjwmh8c77kd","Exercise 3.3",,"false","# **Background and Explanation**

This problem demonstrates the substitution method for integration when the numerator is the derivative of the denominator. Recognizing this pattern allows us to simplify the integral to the standard logarithmic form $\int \frac{1}{t}\,dt$.

---

# **Solution**

Let

$$I = \int \frac{2ax + b}{ax^{2} + bx + c}\,dx \quad \cdots(1)$$

We use the method of substitution. Observe that the numerator $(2ax + b)$ is exactly the derivative of the denominator $(ax^{2} + bx + c)$.

Put

$$t = ax^{2} + bx + c$$

Differentiating both sides with respect to $x$:

$$(2ax + b + 0)\,dx = dt$$

Therefore:

$$(2ax + b)\,dx = dt$$

Substituting into equation (1), we get:

$$I = \int \frac{dt}{t}$$

This can be written as:

$$I = \int \frac{1}{t}\,dt$$

Integrating with respect to $t$:

$$I = \ln t + c_{1}$$

Back-substituting $t = ax^{2} + bx + c$:

$$I = \ln\left(ax^{2} + bx + c\right) + c_{1}$$

Thus, the solution is:

$$\int \frac{2ax + b}{ax^{2} + bx + c}\,dx = \ln\left(ax^{2} + bx + c\right) + c_{1}$$

---

# **Key Formulas or Methods Used**

- **Integration by substitution**: When $\frac{d}{dx}[f(x)]$ appears as a factor in the integrand, substitute $t = f(x)$
- **Differential form**: $dt = f'(x)\,dx$ or $\frac{dt}{dx} = f'(x)$
- **Standard integral**: $\displaystyle\int \frac{1}{t}\,dt = \ln|t| + C$ (here applied as $\ln t + c_{1}$ assuming $t > 0$)
- **Derivative of quadratic**: $\frac{d}{dx}(ax^{2} + bx + c) = 2ax + b$

---

# **Summary of Steps**

1. **Identify the pattern**: Recognize that the numerator $(2ax + b)$ is the derivative of the denominator $(ax^{2} + bx + c)$
2. **Substitute**: Let $t = ax^{2} + bx + c$
3. **Differentiate**: Compute $dt = (2ax + b)\,dx$
4. **Transform the integral**: Replace $(2ax + b)\,dx$ with $dt$ and the denominator with $t$ to get $\int \frac{dt}{t}$
5. **Integrate**: Apply the logarithmic rule to get $\ln t + c_{1}$
6. **Back-substitute**: Replace $t$ with $ax^{2} + bx + c$ to obtain the final answer","exercise","numerical","9",,"Evaluate the indefinite integral:

$$\int \frac{2ax + b}{ax^{2} + bx + c}\,dx$$

---","ms7fe30txqvh65vcrxmeyqt2rn85qek1",,,,,,,,,,
"maths-12","03-integration","Integration","exercise-3-4","3.4 Integration by Parts","m17brr221r0p233wmaby2hqyx985pdxh",,,,"false","To evaluate $\int x^{2} \cos x \, dx$ using integration by parts, we apply the formula $\int u \, dv = uv - \int v \, du$ twice.

**First application:** Let $u = x^2$, $dv = \cos x \, dx$. Then $du = 2x \, dx$, $v = \sin x$.
$$\int x^{2} \cos x \, dx = x^2 \sin x - \int 2x \sin x \, dx$$

**Second application:** For $\int 2x \sin x \, dx$, let $u = 2x$, $dv = \sin x \, dx$. Then $du = 2 \, dx$, $v = -\cos x$.
$$\int 2x \sin x \, dx = -2x \cos x + \int 2 \cos x \, dx = -2x \cos x + 2\sin x$$

**Final result:**
$$\int x^{2} \cos x \, dx = x^2 \sin x + 2x \cos x - 2\sin x + C$$
or equivalently: $\int x^{2} \cos x \, dx = (x^2 - 2)\sin x + 2x \cos x + C$",,"short","16",,"Evaluate $\int x^{2} \cos x \, dx$ using integration by parts method","ms722m80t5ja8mb1v9xp3zjpts85pz6k",,"true","Federal Board",,"[""Correctly identifies $u = x^2$ and $dv = \\cos x \\, dx$ for first application of integration by parts"",""Correctly applies integration by parts a second time to $\\int 2x \\sin x \\, dx$ with appropriate substitutions"",""Accurately computes all derivatives and antiderivatives ($du = 2x \\, dx$, $v = \\sin x$, etc.)"",""Combines all terms correctly to obtain final answer with constant of integration $C$"",""Verification by differentiation confirms the result""]","4",,"B","annual","2025"
"maths-12","03-integration","Integration","exercise-3-4","3.4 Integration by Parts","m17150hs1cj9yqptt7tpb42yx585pvjb",,,,"false","Let $u = 1 + x^2$, then $du = 2x \, dx$, so $x \, dx = \frac{1}{2} du$. Also, $x^2 = u - 1$.

$$\int x^3 \sqrt{1+x^2} \, dx = \int x^2 \cdot x\sqrt{1+x^2} \, dx = \int (u-1) \sqrt{u} \cdot \frac{1}{2} du$$

$$= \frac{1}{2} \int (u-1) u^{1/2} \, du = \frac{1}{2} \int (u^{3/2} - u^{1/2}) \, du$$

$$= \frac{1}{2} \left[ \frac{u^{5/2}}{5/2} - \frac{u^{3/2}}{3/2} \right] + C = \frac{1}{2} \left[ \frac{2u^{5/2}}{5} - \frac{2u^{3/2}}{3} \right] + C$$

$$= \frac{u^{5/2}}{5} - \frac{u^{3/2}}{3} + C = \frac{(1+x^2)^{5/2}}{5} - \frac{(1+x^2)^{3/2}}{3} + C$$",,"short","8",,"Evaluate $\int x^3 \sqrt{1+x^2} dx$","ms722m80t5ja8mb1v9xp3zjpts85pz6k",,"true","Federal Board",,"[""Correct substitution: $u = 1 + x^2$ with $du = 2x \\, dx$"",""Proper rewriting of integrand: expressing $x^3 = x^2 \\cdot x$ and substituting $x^2 = u - 1$"",""Correct application of power rule for integration: $\\int u^n \\, du = \\frac{u^{n+1}}{n+1} + C$"",""Accurate algebraic simplification and back-substitution to express answer in terms of $x$"",""Inclusion of constant of integration $C$""]","4",,"B","annual","2022"
"maths-12","03-integration","Integration","exercise-3-4","3.4 Integration by Parts","m1748c3xea1tetvdwxr6gp5rqh85q2fh",,,,"false","The volume of a parallelepiped with co-terminal edges $\vec{a}$, $\vec{b}$, and $\vec{c}$ is given by $V = |\vec{a} \cdot (\vec{b} \times \vec{c})|$. Since $\vec{a} \cdot (\vec{b} \times \vec{c}) = 12$, the volume is $V = |12| = 12$ cubic units.",,"mcq","12",,"If $\vec{a} \cdot (\vec{b} \times \vec{c})=12$ then volume of parallelepiped with $\vec{a}, \vec{b}$ and $\vec{c}$ as co-terminal edges is:","ms722m80t5ja8mb1v9xp3zjpts85pz6k","A","true","Federal Board","The volume of a parallelepiped with co-terminal edges $\vec{a}$, $\vec{b}$, and $\vec{c}$ is given by $V = |\vec{a} \cdot (\vec{b} \times \vec{c})|$. Since $\vec{a} \cdot (\vec{b} \times \vec{c}) = 12$, the volume is $V = |12| = 12$ cubic units.","[""Volume of parallelepiped formula: $V = |\\vec{a} \\cdot (\\vec{b} \\times \\vec{c})|$"",""Scalar triple product equals 12 (given)"",""Take absolute value of scalar triple product to find volume"",""Volume = 12 cubic units""]","1","[{""key"":""A"",""text"":""6""},{""key"":""B"",""text"":""12""},{""key"":""C"",""text"":""24""},{""key"":""D"",""text"":""36""}]","MCQ","annual","2025"
"maths-12","03-integration","Integration","exercise-3-4","3.4 Integration by Parts","m174xxbt6m6z80cym0cdrwe0558c70cs","xd73qh2xhbft8fkzphcp0fzr8d8c6pfh","Exercise 3.4",,"false","# **Background and Explanation**

This problem requires **integration by parts**, a technique used to integrate products of functions. This method is particularly effective when one function becomes simpler upon differentiation (like logarithmic functions) while the other is easily integrated (like constants).

---

# **Solution**

To evaluate this integral, we recognize that $\ln x$ is not easily integrated directly, but simplifies when differentiated. We rewrite the integrand as a product with the constant function $1$:

$$I = \int \ln x \cdot 1 \, dx$$

We apply integration by parts using the formula:

$$\int u v \, dx = u\int v \, dx - \int\left(\frac{d}{dx}(u) \int v \, dx\right) dx$$

**Step 1:** Choose the functions for $u$ and $v$:
- Let $u = \ln x$ (this simplifies when differentiated)
- Let $v = 1$ (this is easily integrated)

**Step 2:** Compute the required components:
- $\int v \, dx = \int 1 \, dx = x$
- $\frac{d}{dx}(u) = \frac{d}{dx}(\ln x) = \frac{1}{x}$

**Step 3:** Substitute into the integration by parts formula:

$$
\begin{aligned}
I &= \ln x \cdot \int 1 \, dx - \int\left(\int 1 \, dx\right) \cdot \frac{d}{dx}(\ln x) \, dx \\
&= \ln x \cdot x - \int x \cdot \frac{1}{x} \, dx \\
&= x \ln x - \int 1 \, dx \\
&= x \ln x - x + c
\end{aligned}
$$

Therefore, the solution is:

$$\int \ln x \, dx = x \ln x - x + c$$

where $c$ is the constant of integration.

---

# **Key Formulas or Methods Used**

- **Integration by parts**: $\displaystyle \int u v \, dx = u\int v \, dx - \int\left(\frac{du}{dx} \int v \, dx\right) dx$ (or equivalently $\int u \, dv = uv - \int v \, du$)
- **Derivative of natural logarithm**: $\displaystyle \frac{d}{dx}(\ln x) = \frac{1}{x}$
- **Basic integral**: $\displaystyle \int 1 \, dx = x$

---

# **Summary of Steps**

1. Rewrite the integral as $\int \ln x \cdot 1 \, dx$ to prepare for integration by parts
2. Select $u = \ln x$ and $v = 1$ (following the LIATE priority rule: Logarithmic before Algebraic)
3. Calculate $\int v \, dx = x$ and $\frac{du}{dx} = \frac{1}{x}$
4. Apply the integration by parts formula: $u\int v \, dx - \int\left(\frac{du}{dx} \int v \, dx\right) dx$
5. Simplify: $x \ln x - \int x \cdot \frac{1}{x} \, dx = x \ln x - \int 1 \, dx$
6. Complete the integration: $x \ln x - x + c$","exercise","numerical","1",,"Evaluate the integral:

$$\int \ln x \, dx$$

---","ms722m80t5ja8mb1v9xp3zjpts85pz6k",,,,,,,,,,
"maths-12","03-integration","Integration","exercise-3-4","3.4 Integration by Parts","m177tht6rgtqb61e16q7w3xd5h8c6q14","xd73qh2xhbft8fkzphcp0fzr8d8c6pfh","Exercise 3.4",,"false","# **Background and Explanation**

This integral involves the product of an algebraic function ($x$) and a trigonometric function ($\cos x$). When integrating products of different function types, we apply **integration by parts**, following the LIATE priority rule (Logarithmic, Inverse, Algebraic, Trigonometric, Exponential) to select $u = x$ as the first function.

---

# **Solution**

Let $I = \int x \cos x \, dx$.

We apply the integration by parts formula in the form:
$$\int u \, v \, dx = u \int v \, dx - \int \left[\frac{du}{dx} \int v \, dx\right] dx$$

Following the LIATE rule, we choose $u = x$ (algebraic) and $v = \cos x$ (trigonometric). Therefore, $\frac{du}{dx} = 1$ and we proceed with the calculation:

$$
\begin{aligned}
I &= x \int \cos x \, dx - \int\left(\int \cos x \, dx\right) \frac{d}{dx}(x) \, dx \\
&= x \sin x - \int \sin x \cdot 1 \, dx \\
&= x \sin x - \int \sin x \, dx \\
&= x \sin x - (-\cos x) + c \\
&= x \sin x + \cos x + c
\end{aligned}
$$

**Reasoning for each step:**
1. **First term:** Multiply $x$ by the integral of $\cos x$ (which is $\sin x$) to get $x \sin x$.
2. **Second term:** Subtract the integral of [the derivative of $x$ (which is $1$) multiplied by the integral of $\cos x$ (which is $\sin x$)], giving $\int \sin x \, dx$.
3. **Evaluate the remaining integral:** The integral of $\sin x$ is $-\cos x$.
4. **Simplify the signs:** Subtracting a negative becomes addition: $x \sin x + \cos x$.
5. **Add the constant:** Include $+ c$ for the general indefinite integral solution.

Thus, the final answer is $x \sin x + \cos x + c$.

---

# **Key Formulas or Methods Used**

- **Integration by parts:** $\displaystyle \int u \, v \, dx = u \int v \, dx - \int \left[\frac{du}{dx} \int v \, dx\right] dx$ (equivalent to $\int u \, dv = uv - \int v \, du$)
- **LIATE rule:** Priority order for selecting the first function $u$ (Logarithmic $\to$ Inverse $\to$ Algebraic $\to$ Trigonometric $\to$ Exponential)
- **Standard integral:** $\displaystyle \int \cos x \, dx = \sin x + C$
- **Standard integral:** $\displaystyle \int \sin x \, dx = -\cos x + C$
- **Basic derivative:** $\displaystyle \frac{d}{dx}(x) = 1$

---

# **Summary of Steps**

1. Identify the integrand as a product requiring integration by parts, choosing $u = x$ and $dv = \cos x \, dx$ per the LIATE rule.
2. Apply the integration by parts formula: $x \int \cos x \, dx - \int \left(\frac{d}{dx}(x) \cdot \int \cos x \, dx\right) dx$.
3. Compute the standard integrals: $\int \cos x \, dx = \sin x$ and recognize that $\frac{d}{dx}(x) = 1$.
4. Simplify the expression to $x \sin x - \int \sin x \, dx$.
5. Evaluate the remaining integral: $\int \sin x \, dx = -\cos x$.
6. Combine terms and add the constant of integration: $x \sin x + \cos x + c$.","exercise","numerical","10",,"Evaluate the indefinite integral:

$$\int x \cos x \, dx$$

---","ms722m80t5ja8mb1v9xp3zjpts85pz6k",,,,,,,,,,
"maths-12","03-integration","Integration","exercise-3-4","3.4 Integration by Parts","m17ay1n8m67y4wf9nd9p7xydb98c6jc1","xd73qh2xhbft8fkzphcp0fzr8d8c6pfh","Exercise 3.4",,"false","# **Background and Explanation**

This problem requires **integration by parts**, a technique used when integrating products of functions. You'll also need the derivative of the inverse cosine function and recognition of a substitution pattern for the remaining integral.

---

# **Solution**

We begin by setting up the integral:

$$I = \int \cos^{-1} x \, dx$$

## Applying Integration by Parts

We use the integration by parts formula: $\int u \, dv = uv - \int v \, du$

Let us choose:
- $u = \cos^{-1} x$ (so that $du = \frac{-1}{\sqrt{1-x^2}} dx$)
- $dv = dx$ (so that $v = x$)

Applying the formula:

$$
\begin{aligned}
I &= \cos^{-1} x \cdot \int 1 \, dx - \int \left(\int 1 \, dx\right) \cdot \frac{d}{dx}\left(\cos^{-1} x\right) dx \\
&= \cos^{-1} x \cdot x - \int x \cdot \frac{-1}{\sqrt{1-x^{2}}} \, dx \\
&= x \cos^{-1} x + \int \frac{x}{\sqrt{1-x^{2}}} \, dx
\end{aligned}
$$

## Evaluating the Remaining Integral

Now we focus on $\int \frac{x}{\sqrt{1-x^{2}}} \, dx$. We can rewrite this as:

$$= x \cos^{-1} x + \int \left(1-x^{2}\right)^{-\frac{1}{2}} \cdot x \, dx$$

To integrate $\int (1-x^2)^{-1/2} \cdot x \, dx$, we use the substitution method. Notice that the derivative of $(1-x^2)$ is $-2x$, so we manipulate the expression:

$$
\begin{aligned}
&= x \cos^{-1} x + \left(\frac{-1}{2}\right) \int \left(1-x^{2}\right)^{-\frac{1}{2}} \cdot (-2x) \, dx \\
&= x \cos^{-1} x - \frac{1}{2} \cdot \frac{\left(1-x^{2}\right)^{-\frac{1}{2}+1}}{-\frac{1}{2}+1} + c \\
&= x \cos^{-1} x - \frac{1}{2} \cdot \frac{\left(1-x^{2}\right)^{\frac{1}{2}}}{\frac{1}{2}} + c
\end{aligned}
$$

## Final Simplification

Simplifying the fraction $\frac{1/2}{1/2} = 1$:

$$
\begin{aligned}
&= x \cos^{-1} x - \frac{1}{2} \cdot 2\sqrt{1-x^{2}} + c \\
&= x \cos^{-1} x - \sqrt{1-x^{2}} + c
\end{aligned}
$$

Therefore, the final answer is:

$$\int \cos^{-1} x \, dx = x \cos^{-1} x - \sqrt{1-x^{2}} + c$$

---

# **Key Formulas or Methods Used**

- **Integration by Parts**: $\int u \, dv = uv - \int v \, du$
- **Derivative of Inverse Cosine**: $\frac{d}{dx}(\cos^{-1} x) = \frac{-1}{\sqrt{1-x^2}}$
- **Power Rule for Integration**: $\int x^n \, dx = \frac{x^{n+1}}{n+1} + c$ (for $n \neq -1$)
- **Substitution Method**: Recognizing that $x \, dx$ is proportional to the derivative of the inner function $(1-x^2)$

---

# **Summary of Steps**

1. **Set up integration by parts** with $u = \cos^{-1} x$ and $dv = dx$
2. **Apply the formula** to get $x \cos^{-1} x - \int x \cdot \frac{-1}{\sqrt{1-x^2}} dx$
3. **Simplify signs** to obtain $x \cos^{-1} x + \int \frac{x}{\sqrt{1-x^2}} dx$
4. **Rewrite the integrand** as $(1-x^2)^{-1/2} \cdot x$ to prepare for substitution
5. **Adjust constants** by factoring out $-\frac{1}{2}$ to match the derivative of the inner function $(1-x^2)$
6. **Integrate using power rule** to get $-\frac{1}{2} \cdot \frac{(1-x^2)^{1/2}}{1/2}$
7. **Simplify** the final expression to arrive at $x \cos^{-1} x - \sqrt{1-x^2} + c$","exercise","numerical","11",,"Evaluate the integral:

$$\int \cos^{-1} x \, dx$$

---","ms722m80t5ja8mb1v9xp3zjpts85pz6k",,,,,,,,,,
"maths-12","03-integration","Integration","exercise-3-4","3.4 Integration by Parts","m17chtbh0r6859pg4tag1hbm658c6mq5","xd73qh2xhbft8fkzphcp0fzr8d8c6pfh","Exercise 3.4",,"false","# **Background and Explanation**

This integral involves an inverse trigonometric function that doesn't have an obvious antiderivative. We use **integration by parts**, treating $\tan^{-1} x$ as the first function and $1$ as the second function, to transform the problem into a more manageable form.

---

# **Solution**

Let
$$I = \int \tan^{-1} x \, dx$$

We apply **integration by parts** using the formula:
$$\int u \, v \, dx = u \int v \, dx - \int \left( \frac{du}{dx} \cdot \int v \, dx \right) dx$$

**Step 1:** Choose the functions
- First function: $u = \tan^{-1} x$
- Second function: $v = 1$

This gives us:
- $\int v \, dx = \int 1 \, dx = x$
- $\frac{d}{dx}(\tan^{-1} x) = \frac{1}{1+x^{2}}$

**Step 2:** Apply the integration by parts formula

$$I = \tan^{-1} x \cdot \int 1 \, dx - \int\left(\int 1 \, dx\right) \times \frac{d}{dx}\left(\tan^{-1} x\right) dx$$

$$= \tan^{-1} x \cdot x - \int x \cdot \frac{1}{1+x^{2}} \, dx$$

$$= x \tan^{-1} x - \int \frac{x}{1+x^{2}} \, dx$$

**Step 3:** Evaluate the remaining integral

Notice that the numerator $x$ is related to the derivative of the denominator $1+x^{2}$. Specifically, $\frac{d}{dx}(1+x^{2}) = 2x$, so we need a factor of $2$ in the numerator. We multiply and divide by $2$:

$$= x \tan^{-1} x - \frac{1}{2} \int \frac{2x}{1+x^{2}} \, dx$$

**Step 4:** Apply the logarithmic integration formula

Using the property that $\int \frac{f'(x)}{f(x)} \, dx = \ln(f(x))$ (where $f(x) = 1+x^{2}$ and $f'(x) = 2x$):

$$= x \tan^{-1} x - \frac{1}{2} \ln \left(1+x^{2}\right) + C$$

where $C$ is the constant of integration.

---

# **Key Formulas or Methods Used**

- **Integration by parts:** $\displaystyle \int u \, v \, dx = u \int v \, dx - \int \left( \frac{du}{dx} \cdot \int v \, dx \right) dx$
- **Derivative of inverse tangent:** $\displaystyle \frac{d}{dx}(\tan^{-1} x) = \frac{1}{1+x^{2}}$
- **Logarithmic integration:** $\displaystyle \int \frac{f'(x)}{f(x)} \, dx = \ln(f(x))$ (or $\ln|f(x)|$)

---

# **Summary of Steps**

1. **Set up integration by parts** with $u = \tan^{-1} x$ (first function) and $v = 1$ (second function)
2. **Apply the formula** to obtain: $x \tan^{-1} x - \int \frac{x}{1+x^{2}} \, dx$
3. **Manipulate the remaining integral** by factoring out $\frac{1}{2}$ to get $\frac{2x}{1+x^{2}}$ in the numerator
4. **Integrate using the logarithmic rule** $\int \frac{f'(x)}{f(x)} dx = \ln(f(x))$ to get $\frac{1}{2}\ln(1+x^{2})$
5. **Combine all terms** and add the constant of integration $C$","exercise","numerical","12",,"Evaluate the integral:

$$\int \tan^{-1} x \, dx$$

---","ms722m80t5ja8mb1v9xp3zjpts85pz6k",,,,,,,,,,
"maths-12","03-integration","Integration","exercise-3-4","3.4 Integration by Parts","m17eghcnrhzn7jqtsq7p5wk40n8c6xjz","xd73qh2xhbft8fkzphcp0fzr8d8c6pfh","Exercise 3.4",,"false","# **Background and Explanation**

This problem requires **integration by parts**, a technique for integrating products of functions. Following the LIATE rule (Logarithmic, Inverse trig, Algebraic, Trigonometric, Exponential), we select the algebraic function $x$ as $u$ and the trigonometric function $\sec^2 x \, dx$ as $dv$.

---

# **Solution**

Let:
$$I = \int x \sec^{2} x \, dx$$

**Step 1:** Apply integration by parts using the formula $\displaystyle \int u \, dv = uv - \int v \, du$.

Identify:
- $u = x \quad \Rightarrow \quad \frac{d}{dx}(x) = 1$
- $dv = \sec^{2} x \, dx \quad \Rightarrow \quad v = \int \sec^{2} x \, dx = \tan x$

Writing out the application:
$$I = x \cdot \int \sec^{2} x \, dx - \int\left(\int \sec^{2} x \, dx\right) \cdot \frac{d}{dx}(x) \, dx$$

**Step 2:** Substitute $v = \tan x$ and simplify:
$$= x \cdot \tan x - \int \tan x \cdot 1 \, dx$$

**Step 3:** Simplify the expression:
$$= x \tan x - \int \tan x \, dx$$

**Step 4:** Rewrite $\tan x$ as $\frac{\sin x}{\cos x}$:
$$= x \tan x - \int \frac{\sin x}{\cos x} \, dx$$

**Step 5:** Multiply numerator and denominator by $-1$ to prepare for integration (recognizing that the derivative of $\cos x$ is $-\sin x$):
$$= x \tan x + \int \frac{-\sin x}{\cos x} \, dx$$

**Step 6:** Integrate using the rule $\displaystyle \int \frac{f'(x)}{f(x)} \, dx = \ln|f(x)| + C$:
$$= x \tan x + \ln(\cos x) + c$$

**Step 7:** Using the identity $\ln(\cos x) = -\ln(\sec x)$, we can also express the answer as:
$$= x \tan x - \ln(\sec x) + c$$

Therefore, the solution is:
$$\boxed{x \tan x + \ln(\cos x) + c} \quad \text{or equivalently} \quad \boxed{x \tan x - \ln(\sec x) + c}$$

---

# **Key Formulas or Methods Used**

- **Integration by parts**: $\displaystyle \int u \, dv = uv - \int v \, du$
- **Standard integral**: $\displaystyle \int \sec^{2} x \, dx = \tan x + C$
- **Trigonometric identity**: $\displaystyle \tan x = \frac{\sin x}{\cos x}$
- **Logarithmic integration**: $\displaystyle \int \frac{f'(x)}{f(x)} \, dx = \ln|f(x)| + C$ (where $f(x) = \cos x$ and $f'(x) = -\sin x$)
- **Logarithm property**: $\displaystyle \ln(\cos x) = -\ln(\sec x)$

---

# **Summary of Steps**

1. **Set up**: Define $I = \int x \sec^2 x \, dx$ and choose $u = x$, $dv = \sec^2 x \, dx$ for integration by parts
2. **Compute parts**: Determine $du = dx$ and $v = \tan x$
3. **Apply formula**: Obtain $x\tan x - \int \tan x \, dx$
4. **Rewrite**: Express $\tan x = \frac{\sin x}{\cos x}$
5. **Adjust signs**: Rewrite as $x\tan x + \int \frac{-\sin x}{\cos x} dx$ to match derivative pattern
6. **Integrate**: Evaluate to get $\ln(\cos x)$
7. **Final answer**: Combine terms and present alternative form $x\tan x - \ln(\sec x) + c$","exercise","numerical","13",,"Evaluate the integral:
$$\int x \sec^{2} x \, dx$$

---","ms722m80t5ja8mb1v9xp3zjpts85pz6k",,,,,,,,,,
"maths-12","03-integration","Integration","exercise-3-4","3.4 Integration by Parts","m1751fwef6ypp69njjh4h8vkfh8c77b4","xd73qh2xhbft8fkzphcp0fzr8d8c6pfh","Exercise 3.4",,"false","# **Background and Explanation**

This problem requires **integration by parts** (since we have a product of an algebraic function $x^2$ and an inverse trigonometric function $\sin^{-1}x$) followed by **algebraic manipulation** and **substitution** to evaluate the resulting integral.

---

# **Solution**

Let:

$$I = \int x^{2} \sin ^{-1} x \, d x$$

## Step 1: Apply Integration by Parts

Using the formula $\int u \, dv = uv - \int v \, du$, we choose:
- $u = \sin^{-1} x$ (so that $du = \frac{1}{\sqrt{1-x^2}} dx$)
- $dv = x^2 dx$ (so that $v = \frac{x^3}{3}$)

This gives:

$$
\begin{aligned}
I &= \sin^{-1} x \cdot \frac{x^3}{3} - \int \frac{x^3}{3} \cdot \frac{1}{\sqrt{1-x^2}} \, dx \\
&= \frac{x^3}{3} \sin^{-1} x - \frac{1}{3} \int \frac{x^3}{\sqrt{1-x^2}} \, dx
\end{aligned}
$$

## Step 2: Simplify the Remaining Integral

We focus on $\int \frac{x^3}{\sqrt{1-x^2}} \, dx$. Rewrite $x^3$ as $x \cdot x^2$ and use the identity $x^2 = 1 - (1-x^2)$:

$$
\begin{aligned}
\int \frac{x^3}{\sqrt{1-x^2}} \, dx &= \int \frac{x \cdot x^2}{\sqrt{1-x^2}} \, dx \\
&= \int \frac{x(1 - (1-x^2))}{\sqrt{1-x^2}} \, dx \\
&= \int \left(\frac{x}{\sqrt{1-x^2}} - \frac{x(1-x^2)}{\sqrt{1-x^2}}\right) dx \\
&= \int x(1-x^2)^{-1/2} \, dx - \int x(1-x^2)^{1/2} \, dx
\end{aligned}
$$

## Step 3: Evaluate Using Substitution

For both integrals, use the substitution $t = 1-x^2$, which gives $dt = -2x \, dx$ or $x \, dx = -\frac{1}{2} dt$.

**First integral:**
$$
\int x(1-x^2)^{-1/2} \, dx = -\frac{1}{2} \int t^{-1/2} \, dt = -\frac{1}{2} \cdot \frac{t^{1/2}}{1/2} = -t^{1/2} = -(1-x^2)^{1/2}
$$

**Second integral:**
$$
\int x(1-x^2)^{1/2} \, dx = -\frac{1}{2} \int t^{1/2} \, dt = -\frac{1}{2} \cdot \frac{t^{3/2}}{3/2} = -\frac{1}{3}t^{3/2} = -\frac{1}{3}(1-x^2)^{3/2}
$$

## Step 4: Combine Results

Substituting back into our expression for $I$:

$$
\begin{aligned}
I &= \frac{x^3}{3} \sin^{-1} x - \frac{1}{3}\left[ -(1-x^2)^{1/2} - \left(-\frac{1}{3}(1-x^2)^{3/2}\right) \right] + C \\
&= \frac{x^3}{3} \sin^{-1} x - \frac{1}{3}\left[ -(1-x^2)^{1/2} + \frac{1}{3}(1-x^2)^{3/2} \right] + C \\
&= \frac{x^3}{3} \sin^{-1} x + \frac{1}{3}(1-x^2)^{1/2} - \frac{1}{9}(1-x^2)^{3/2} + C
\end{aligned}
$$

Therefore, the final answer is:

$$\boxed{\frac{x^{3}}{3} \sin ^{-1} x+\frac{1}{3}\left(1-x^{2}\right)^{\frac{1}{2}}-\frac{1}{9}\left(1-x^{2}\right)^{\frac{3}{2}}+C}$$

Or equivalently:

$$\frac{x^3}{3}\sin^{-1}x + \frac{1}{3}\sqrt{1-x^2} - \frac{1}{9}(1-x^2)^{3/2} + C$$

---

# **Key Formulas or Methods Used**

- **Integration by Parts:** $\displaystyle \int u \, dv = uv - \int v \, du$
- **Derivative of Inverse Sine:** $\displaystyle \frac{d}{dx}(\sin^{-1}x) = \frac{1}{\sqrt{1-x^2}}$
- **Algebraic Manipulation:** Rewriting $x^3 = x(1-(1-x^2))$ to separate integrable terms
- **Substitution Method:** $\displaystyle \int f(g(x))g'(x)dx = \int f(u)du$ where $u = g(x)$
- **Power Rule for Integration:** $\displaystyle \int u^n \, du = \frac{u^{n+1}}{n+1} + C$ (for $n \neq -1$)

---

# **Summary of Steps**

1. **Set up integration by parts** with $u = \sin^{-1}x$ and $dv = x^2dx$ to reduce the problem to evaluating $\frac{1}{3}\int \frac{x^3}{\sqrt{1-x^2}}dx$
2. **Rewrite the integrand** by expressing $x^3 = x(1-(1-x^2))$, which splits the fraction into $\frac{x}{\sqrt{1-x^2}} - x\sqrt{1-x^2}$
3. **Separate into two integrals** and use the substitution $t = 1-x^2$ (noting that $x\,dx = -\frac{1}{2}dt$) for both
4. **Apply the power rule** to evaluate each integral: $\int t^{-1/2}dt$ and $\int t^{1/2}dt$
5. **Back-substitute** $t = 1-x^2$ and combine all terms with the constant of integration $C$","exercise","numerical","14",,"Evaluate the integral:

$$\int x^{2} \sin ^{-1} x \, d x$$

---","ms722m80t5ja8mb1v9xp3zjpts85pz6k",,,,,,,,,,
"maths-12","03-integration","Integration","exercise-3-4","3.4 Integration by Parts","m1752qc8xf71n4m76qh2vb4gyn8c762b","xd73qh2xhbft8fkzphcp0fzr8d8c6pfh","Exercise 3.4",,"false","# **Background and Explanation**

This integral requires **integration by parts**, a technique based on the product rule for differentiation. The integrand $\ln\left(x+\sqrt{1+x^2}\right)$ is actually the inverse hyperbolic sine function $\text{arsinh}(x)$, though we will solve it using standard algebraic manipulation and careful differentiation of the composite logarithmic function.

---

# **Solution**

We begin by setting up the integral for integration by parts, treating the logarithmic term as one function and $1$ as the other.

Let:
$$I = \int \ln \left(x+\sqrt{1+x^{2}}\right) d x = \int \ln \left(x+\sqrt{1+x^{2}}\right) \cdot 1 \, d x$$

## Step 1: Apply Integration by Parts

Using the formula $\int u \, dv = uv - \int v \, du$, we choose:
- $u = \ln\left(x+\sqrt{1+x^{2}}\right)$, so we will need to find $du$
- $dv = 1 \, dx$, so $v = x$

This gives us:
$$I = x \ln \left(x+\sqrt{1+x^{2}}\right) - \int x \cdot \frac{d}{dx}\left[\ln \left(x+\sqrt{1+x^{2}}\right)\right] dx$$

## Step 2: Differentiate the Logarithmic Term

Using the chain rule, we compute the derivative:
$$\frac{d}{dx}\left[\ln \left(x+\sqrt{1+x^{2}}\right)\right] = \frac{1}{x+\sqrt{1+x^{2}}} \cdot \frac{d}{dx}\left(x+\sqrt{1+x^{2}}\right)$$

The derivative inside is:
$$\frac{d}{dx}\left(x+\sqrt{1+x^{2}}\right) = 1 + \frac{1}{2}(1+x^2)^{-1/2} \cdot 2x = 1 + \frac{x}{\sqrt{1+x^{2}}}$$

Therefore:
$$\frac{d}{dx}\left[\ln \left(x+\sqrt{1+x^{2}}\right)\right] = \frac{1}{x+\sqrt{1+x^{2}}} \cdot \left(1 + \frac{x}{\sqrt{1+x^{2}}}\right)$$

## Step 3: Simplify the Integrand

Substituting back into our integral:
$$I = x \ln \left(x+\sqrt{1+x^{2}}\right) - \int x \cdot \frac{1}{x+\sqrt{1+x^{2}}} \cdot \left(\frac{\sqrt{1+x^{2}}+x}{\sqrt{1+x^{2}}}\right) dx$$

Notice that the numerator $\sqrt{1+x^{2}}+x$ cancels with the denominator $x+\sqrt{1+x^{2}}$:
$$I = x \ln \left(x+\sqrt{1+x^{2}}\right) - \int \frac{x}{\sqrt{1+x^{2}}} dx$$

Or equivalently:
$$I = x \ln \left(x+\sqrt{1+x^{2}}\right) - \int x(1+x^2)^{-1/2} dx$$

## Step 4: Evaluate the Remaining Integral

To integrate $\int x(1+x^2)^{-1/2} dx$, we use the substitution method (or recognize the pattern). We rewrite it as:
$$\int x(1+x^2)^{-1/2} dx = \frac{1}{2} \int (1+x^2)^{-1/2} \cdot 2x \, dx$$

Using the power rule for integration $\int u^n \, du = \frac{u^{n+1}}{n+1}$ where $u = 1+x^2$ and $n = -\frac{1}{2}$:
$$= \frac{1}{2} \cdot \frac{(1+x^2)^{1/2}}{1/2} = \sqrt{1+x^2}$$

## Step 5: Final Result

Substituting back:
$$I = x \ln \left(x+\sqrt{1+x^{2}}\right) - \sqrt{1+x^{2}} + c$$

---

# **Key Formulas or Methods Used**

- **Integration by Parts**: $\displaystyle \int u \, dv = uv - \int v \, du$
- **Chain Rule for Differentiation**: $\displaystyle \frac{d}{dx}[\ln(u)] = \frac{1}{u} \cdot \frac{du}{dx}$
- **Derivative of Square Root**: $\displaystyle \frac{d}{dx}\sqrt{1+x^2} = \frac{x}{\sqrt{1+x^2}}$
- **Power Rule for Integration**: $\displaystyle \int u^n \, du = \frac{u^{n+1}}{n+1} + c$ (for $n \neq -1$)
- **Algebraic Simplification**: Recognizing that $\displaystyle \frac{x+\sqrt{1+x^2}}{x+\sqrt{1+x^2}} = 1$ to cancel terms

---

# **Summary of Steps**

1. **Set up integration by parts** with $u = \ln(x+\sqrt{1+x^2})$ and $dv = dx$
2. **Differentiate** the logarithmic term using the chain rule, obtaining $\frac{1}{x+\sqrt{1+x^2}} \cdot \left(1+\frac{x}{\sqrt{1+x^2}}\right)$
3. **Simplify the resulting integrand** by combining fractions and canceling the common factor $(x+\sqrt{1+x^2})$ to get $\frac{x}{\sqrt{1+x^2}}$
4. **Integrate** $\int \frac{x}{\sqrt{1+x^2}} dx$ using substitution (or recognition) to obtain $\sqrt{1+x^2}$
5. **Combine terms** to get the final answer: $x\ln(x+\sqrt{1+x^2}) - \sqrt{1+x^2} + c$","exercise","numerical","15",,"Evaluate the integral:

$$\int \ln \left[x+\sqrt{1+x^{2}}\right] d x$$

---","ms722m80t5ja8mb1v9xp3zjpts85pz6k",,,,,,,,,,
"maths-12","03-integration","Integration","exercise-3-4","3.4 Integration by Parts","m17dadv4yqw04gywvs8gp1g3zn8c7fyx","xd73qh2xhbft8fkzphcp0fzr8d8c6pfh","Exercise 3.4",,"false","# **Background and Explanation**

This problem requires combining **integration by substitution** (to handle the composite function $e^{x^2}$) with **integration by parts** (to manage the product of polynomial and exponential terms). The key insight is recognizing that $x^3 = x^2 \cdot x$, allowing us to use $x^2$ as our substitution variable while the remaining factor $x$ becomes part of the differential.

---

# **Solution**

We begin by denoting the integral as $I$:

$$I = \int x^{3} e^{x^{2}} \, d x$$

## Step 1: Rewrite the integrand

To prepare for substitution, we factor $x^3$ as $x^2 \cdot x$. This separates the term that will become our substitution variable ($x^2$) from the term that will become part of the differential ($x \, dx$):

$$I = \int x^{2} \cdot x \cdot e^{x^{2}} \, d x$$

Or equivalently:

$$I = \int x^{2} e^{x^{2}} \cdot x \, d x$$

## Step 2: Apply substitution

Let us make the substitution:
$$x^{2} = t$$

Taking differentials of both sides:
$$2x \, dx = dt$$

Solving for $x \, dx$:
$$x \, dx = \frac{dt}{2}$$

## Step 3: Transform the integral

Substituting $t = x^2$ and $x \, dx = \frac{dt}{2}$ into equation (1):

$$I = \int t \cdot e^{t} \cdot \frac{dt}{2}$$

Pulling the constant outside:
$$I = \frac{1}{2} \int t \cdot e^{t} \, dt$$

## Step 4: Apply integration by parts

We now use integration by parts on $\int t e^t \, dt$. Recall the formula:
$$\int u \, dv = uv - \int v \, du$$

Choose:
- $u = t$ (so that $\frac{du}{dt} = 1$)
- $dv = e^t \, dt$ (so that $v = e^t$)

Applying the formula:

$$I = \frac{1}{2}\left[t \cdot \int e^{t} \, dt - \int\left(\int e^{t} \, dt\right) \frac{d}{dt}(t) \, dt\right]$$

Evaluating the inner integrals:

$$I = \frac{1}{2}\left[t \cdot e^{t} - \int e^{t} \cdot 1 \, dt\right]$$

$$I = \frac{1}{2}\left[t e^{t} - \int e^{t} \, dt\right]$$

$$I = \frac{1}{2}\left[t e^{t} - e^{t}\right] + c$$

## Step 5: Factor and back-substitute

Factor out $e^t$:

$$I = \frac{e^{t}}{2}(t - 1) + c$$

Now substitute back $t = x^2$:

$$I = \frac{e^{x^{2}}}{2}\left(x^{2} - 1\right) + c$$

---

# **Key Formulas or Methods Used**

- **Substitution Rule**: $\int f(g(x)) \cdot g'(x) \, dx = \int f(u) \, du$ where $u = g(x)$
- **Differential of Power**: $d(x^n) = nx^{n-1}dx$ (used to get $x \, dx = \frac{dt}{2}$)
- **Integration by Parts**: $\int u \, dv = uv - \int v \, du$
- **Basic Exponential Integral**: $\int e^t \, dt = e^t + c$

---

# **Summary of Steps**

1. **Factor the integrand**: Rewrite $x^3$ as $x^2 \cdot x$ to separate the substitution term from the differential term
2. **Substitute**: Let $t = x^2$, which gives $x \, dx = \frac{dt}{2}$
3. **Simplify**: Transform the integral to $\frac{1}{2}\int t e^t \, dt$
4. **Integrate by parts**: Apply $\int u \, dv = uv - \int v \, du$ with $u = t$ and $dv = e^t dt$
5. **Back-substitute**: Replace $t$ with $x^2$ to obtain the final answer $\frac{e^{x^{2}}}{2}(x^{2}-1) + c$","exercise","numerical","16",,"Evaluate the integral:

$$\int x^{3} e^{x^{2}} \, d x$$

---","ms722m80t5ja8mb1v9xp3zjpts85pz6k",,,,,,,,,,
"maths-12","03-integration","Integration","exercise-3-4","3.4 Integration by Parts","m17bskmrc08q3b9r93b9k6zpqx8c7w80","xd73qh2xhbft8fkzphcp0fzr8d8c6pfh","Exercise 3.4",,"false","# **Background and Explanation**

Integration by parts is the reverse application of the product rule for differentiation, used when integrating products of functions—particularly when one function is algebraic (like a polynomial) and the other is trigonometric. When the algebraic function has a power greater than 1, we must apply integration by parts repeatedly, reducing the power each time until the remaining integral becomes straightforward.

---

# **Solution**

Let $\displaystyle I = \int x^{2} \sin x \, dx$.

**Step 1: First application of integration by parts**

Following the LIATE rule (Logarithmic, Inverse, Algebraic, Trigonometric, Exponential), we choose the algebraic function as $u$ to differentiate it (which reduces its power):
- Let $u = x^{2}$, so $\displaystyle \frac{du}{dx} = 2x$ or $du = 2x \, dx$
- Let $dv = \sin x \, dx$, so $\displaystyle v = \int \sin x \, dx = -\cos x$

Applying the integration by parts formula $\displaystyle \int u \, dv = uv - \int v \, du$:

$$
\begin{aligned}
I &= x^{2}(-\cos x) - \int (-\cos x)(2x) \, dx \\
&= -x^{2}\cos x + 2\int x \cos x \, dx
\end{aligned}
$$

**Step 2: Second application of integration by parts**

The remaining integral $\displaystyle \int x \cos x \, dx$ still requires integration by parts. Again, we choose the algebraic part as $u$:
- Let $u = x$, so $du = dx$
- Let $dv = \cos x \, dx$, so $\displaystyle v = \int \cos x \, dx = \sin x$

Applying the formula again:

$$
\begin{aligned}
\int x \cos x \, dx &= x \sin x - \int \sin x \, dx \\
&= x \sin x - (-\cos x) \\
&= x \sin x + \cos x
\end{aligned}
$$

**Step 3: Substitute back and simplify**

Substituting this result back into our expression for $I$:

$$
\begin{aligned}
I &= -x^{2}\cos x + 2(x \sin x + \cos x) + C \\
&= -x^{2}\cos x + 2x \sin x + 2\cos x + C
\end{aligned}
$$

Where $C$ is the constant of integration.

---

# **Key Formulas or Methods Used**

- **Integration by parts formula:** $\displaystyle \int u \, dv = uv - \int v \, du$
- **LIATE priority rule:** For choosing $u$ (priority order: Logarithmic, Inverse trigonometric, Algebraic, Trigonometric, Exponential)
- **Basic trigonometric integrals:**
  - $\displaystyle \int \sin x \, dx = -\cos x + C$
  - $\displaystyle \int \cos x \, dx = \sin x + C$
- **Power rule for differentiation:** $\displaystyle \frac{d}{dx}(x^{n}) = nx^{n-1}$

---

# **Summary of Steps**

1. **Identify the method:** Recognize this as a product of polynomial ($x^2$) and trigonometric ($\sin x$) functions requiring integration by parts.
2. **First IBP:** Set $u = x^{2}$ and $dv = \sin x \, dx$ to reduce the polynomial degree, yielding $-x^{2}\cos x + 2\int x \cos x \, dx$.
3. **Second IBP:** Apply integration by parts again to $\int x \cos x \, dx$ with $u = x$ and $dv = \cos x \, dx$.
4. **Evaluate the simpler integral:** Compute $\int \sin x \, dx = -\cos x$ from the second application.
5. **Combine results:** Substitute back to get $-x^{2}\cos x + 2(x \sin x + \cos x) + C$.
6. **Final simplification:** Expand and arrange terms to obtain $-x^{2}\cos x + 2x \sin x + 2\cos x + C$.","exercise","numerical","17",,"Q17. Evaluate the integral:
$$\int x^{2} \sin x \, dx$$

---","ms722m80t5ja8mb1v9xp3zjpts85pz6k",,,,,,,,,,
"maths-12","03-integration","Integration","exercise-3-4","3.4 Integration by Parts","m1739qgtzz49r3yvc5q51c6xd98c746v","xd73qh2xhbft8fkzphcp0fzr8d8c6pfh","Exercise 3.4",,"false","# **Background and Explanation**

This integral involves the product of a logarithmic function ($\ln x$) and a power function ($x^{-1/2}$). Since direct integration is not possible here, we use **integration by parts**, which is the product rule for integration. The LIATE rule suggests choosing the logarithmic function as $u$ since it simplifies when differentiated.

---

# **Solution**

First, rewrite the integrand to make the power explicit:

$$I = \int \frac{\ln x}{\sqrt{x}} \, dx = \int \ln x \cdot x^{-1/2} \, dx$$

**Step 1: Set up Integration by Parts**

Using the formula $\int u \, dv = uv - \int v \, du$, we choose:
- $u = \ln x$ (so that $du = \frac{1}{x} \, dx$)
- $dv = x^{-1/2} \, dx$ (so we need to find $v$)

**Step 2: Find $v$ by integrating $dv$**

$$v = \int x^{-1/2} \, dx = \frac{x^{-1/2 + 1}}{-1/2 + 1} = \frac{x^{1/2}}{1/2} = 2\sqrt{x}$$

**Step 3: Apply the Integration by Parts Formula**

Substituting into the formula:

$$
\begin{aligned}
I &= \ln x \cdot (2\sqrt{x}) - \int (2\sqrt{x}) \cdot \frac{1}{x} \, dx \\
&= 2\sqrt{x} \ln x - 2 \int \frac{x^{1/2}}{x} \, dx \\
&= 2\sqrt{x} \ln x - 2 \int x^{1/2 - 1} \, dx \\
&= 2\sqrt{x} \ln x - 2 \int x^{-1/2} \, dx
\end{aligned}
$$

**Step 4: Evaluate the Remaining Integral**

The remaining integral is the same form we started with for $v$:

$$\int x^{-1/2} \, dx = \frac{x^{1/2}}{1/2} = 2\sqrt{x}$$

Substituting back:

$$
\begin{aligned}
I &= 2\sqrt{x} \ln x - 2(2\sqrt{x}) + c \\
&= 2\sqrt{x} \ln x - 4\sqrt{x} + c
\end{aligned}
$$

**Step 5: Factor the Result**

Factor out the common term $2\sqrt{x}$:

$$I = 2\sqrt{x}(\ln x - 2) + c$$

---

# **Key Formulas or Methods Used**

- **Integration by Parts**: $\displaystyle \int u \, dv = uv - \int v \, du$
- **Power Rule for Integration**: $\displaystyle \int x^n \, dx = \frac{x^{n+1}}{n+1} + c$ (for $n \neq -1$)
- **Derivative of Natural Logarithm**: $\displaystyle \frac{d}{dx}(\ln x) = \frac{1}{x}$
- **Exponent Rules**: $\displaystyle \frac{1}{\sqrt{x}} = x^{-1/2}$ and $\displaystyle \frac{x^a}{x^b} = x^{a-b}$

---

# **Summary of Steps**

1. Rewrite $\frac{1}{\sqrt{x}}$ as $x^{-1/2}$ to identify the power function
2. Choose $u = \ln x$ and $dv = x^{-1/2}dx$ (following LIATE priority)
3. Compute $du = \frac{1}{x}dx$ and $v = 2\sqrt{x}$
4. Apply integration by parts: $uv - \int v \, du$
5. Simplify the new integral to $2\int x^{-1/2}dx$
6. Evaluate to get $4\sqrt{x}$
7. Combine terms and factor out $2\sqrt{x}$ for the final answer: $2\sqrt{x}(\ln x - 2) + c$","exercise","numerical","18",,"Evaluate the integral:

$$\int \frac{\ln x}{\sqrt{x}} \, dx$$

---","ms722m80t5ja8mb1v9xp3zjpts85pz6k",,,,,,,,,,
"maths-12","03-integration","Integration","exercise-3-4","3.4 Integration by Parts","m175pgxecz57yh28j21nzaq3rn8c6ke6","xd73qh2xhbft8fkzphcp0fzr8d8c6pfh","Exercise 3.4",,"false","# **Background and Explanation**

This problem requires **integration by parts**, a technique based on the product rule for differentiation. Since $(\ln x)^2$ is a logarithmic function that doesn't have an immediate antiderivative, we apply integration by parts twice—first to reduce the power from 2 to 1, and again to eliminate the logarithm entirely.

---

# **Solution**

We begin by denoting the integral as $I$ and preparing for integration by parts by introducing a factor of $1$:

$$I = \int (\ln x)^{2} \cdot 1 \, dx$$

**First Application of Integration by Parts**

Using the formula $\int u \, dv = uv - \int v \, du$, we choose:
- $u = (\ln x)^{2}$ (so that $du$ reduces the power)
- $dv = 1 \, dx$ (so $v = x$)

Differentiating $u$:
$$\frac{d}{dx}(\ln x)^{2} = 2(\ln x)^{2-1} \cdot \frac{1}{x} = \frac{2\ln x}{x}$$

Applying integration by parts:

$$
\begin{aligned}
I &= (\ln x)^{2} \cdot x - \int x \cdot \frac{2\ln x}{x} \, dx \\
&= x(\ln x)^{2} - 2\int \ln x \, dx
\end{aligned}
$$

**Second Application of Integration by Parts**

Now we evaluate $\int \ln x \, dx$ by applying integration by parts again. Rewrite it as $\int \ln x \cdot 1 \, dx$ and choose:
- $u = \ln x$
- $dv = 1 \, dx$ (so $v = x$)

Differentiating $u$:
$$\frac{d}{dx}(\ln x) = \frac{1}{x}$$

Applying the formula:

$$
\begin{aligned}
\int \ln x \, dx &= \ln x \cdot x - \int x \cdot \frac{1}{x} \, dx \\
&= x\ln x - \int 1 \, dx \\
&= x\ln x - x
\end{aligned}
$$

**Substituting Back**

Replace $\int \ln x \, dx$ in our expression for $I$:

$$
\begin{aligned}
I &= x(\ln x)^{2} - 2\left[x\ln x - x\right] + c \\
&= x(\ln x)^{2} - 2x\ln x + 2x + c
\end{aligned}
$$

This can also be written in factored form:

$$I = x(\ln x)^{2} - 2x(\ln x - 1) + c$$

Or equivalently:

$$I = x\left[(\ln x)^{2} - 2\ln x + 2\right] + c$$

---

# **Key Formulas or Methods Used**

- **Integration by Parts**: $\displaystyle \int u \, dv = uv - \int v \, du$ (or equivalently $\int u \cdot v \, dx = u \int v \, dx - \int \left(\frac{du}{dx} \int v \, dx\right) dx$)
- **Chain Rule for Differentiation**: $\displaystyle \frac{d}{dx}(\ln x)^{n} = n(\ln x)^{n-1} \cdot \frac{1}{x}$
- **Derivative of Natural Log**: $\displaystyle \frac{d}{dx}(\ln x) = \frac{1}{x}$

---

# **Summary of Steps**

1. **Set up**: Write the integral as $I = \int (\ln x)^{2} \cdot 1 \, dx$ to prepare for integration by parts
2. **First integration by parts**: Choose $u = (\ln x)^{2}$ and $dv = dx$ to obtain $x(\ln x)^{2} - 2\int \ln x \, dx$
3. **Second integration by parts**: Apply the same method to $\int \ln x \, dx$ with $u = \ln x$ and $dv = dx$ to get $x\ln x - x$
4. **Substitute**: Replace the remaining integral to obtain $x(\ln x)^{2} - 2(x\ln x - x) + c$
5. **Simplify**: Expand and factor if desired to reach the final form $x(\ln x)^{2} - 2x\ln x + 2x + c$","exercise","numerical","2",,"Evaluate the integral:

$$\int (\ln x)^{2} \, dx$$

---","ms722m80t5ja8mb1v9xp3zjpts85pz6k",,,,,,,,,,
"maths-12","03-integration","Integration","exercise-3-4","3.4 Integration by Parts","m173d490tb63s3k37ezwmmdbv18c6jyv","xd73qh2xhbft8fkzphcp0fzr8d8c6pfh","Exercise 3.4",,"false","# **Background and Explanation**

This integral requires **integration by parts**, which reverses the product rule for differentiation. Since the integrand is a composition of trigonometric and logarithmic functions, we treat it as a product with $1$ and apply integration by parts twice. The key insight is that the second application returns us to the original integral, allowing us to solve for it algebraically.

---

# **Solution**

Let us denote the integral by $I$:

$$I = \int \sin (\ln x) \, dx$$

We rewrite the integrand as a product to prepare for integration by parts:

$$I = \int \sin (\ln x) \cdot 1 \, dx$$

**First application of integration by parts:**

Choose:
- $u = \sin(\ln x)$, which gives $du = \cos(\ln x) \cdot \frac{1}{x} \, dx$ (by the chain rule)
- $dv = 1 \, dx$, which gives $v = x$

Using the formula $\int u \, dv = uv - \int v \, du$:

$$
\begin{aligned}
I &= \sin(\ln x) \cdot x - \int x \cdot \cos(\ln x) \cdot \frac{1}{x} \, dx \\
&= x \sin(\ln x) - \int \cos(\ln x) \, dx
\end{aligned}
$$

**Second application of integration by parts:**

Now we apply integration by parts to the remaining integral $\int \cos(\ln x) \, dx$. Again, we treat this as $\int \cos(\ln x) \cdot 1 \, dx$.

Choose:
- $u = \cos(\ln x)$, which gives $du = -\sin(\ln x) \cdot \frac{1}{x} \, dx$
- $dv = 1 \, dx$, which gives $v = x$

Applying the formula:

$$
\begin{aligned}
\int \cos(\ln x) \, dx &= \cos(\ln x) \cdot x - \int x \cdot \left(-\sin(\ln x)\right) \cdot \frac{1}{x} \, dx \\
&= x \cos(\ln x) + \int \sin(\ln x) \, dx \\
&= x \cos(\ln x) + I
\end{aligned}
$$

**Substituting back and solving for $I$:**

Substitute this result back into our expression for $I$:

$$
\begin{aligned}
I &= x \sin(\ln x) - \left[x \cos(\ln x) + I\right] \\
&= x \sin(\ln x) - x \cos(\ln x) - I
\end{aligned}
$$

Now we have the original integral on both sides. Collecting terms:

$$2I = x \sin(\ln x) - x \cos(\ln x)$$

Factoring out $x$:

$$2I = x\left[\sin(\ln x) - \cos(\ln x)\right]$$

Solving for $I$:

$$I = \frac{x}{2}\left[\sin(\ln x) - \cos(\ln x)\right] + C$$

where $C$ is the constant of integration.

---

# **Key Formulas or Methods Used**

- **Integration by parts**: $\displaystyle \int u \, dv = uv - \int v \, du$
- **Chain rule for differentiation**:
  - $\displaystyle \frac{d}{dx}[\sin(\ln x)] = \cos(\ln x) \cdot \frac{1}{x}$
  - $\displaystyle \frac{d}{dx}[\cos(\ln x)] = -\sin(\ln x) \cdot \frac{1}{x}$
- **Cyclic integral technique**: When integration by parts returns the original integral, solve algebraically for the unknown integral

---

# **Summary of Steps**

1. **Set up**: Define $I = \int \sin(\ln x) \, dx$ and rewrite as $\int \sin(\ln x) \cdot 1 \, dx$ to prepare for integration by parts.
2. **First integration by parts**: Choose $u = \sin(\ln x)$ and $dv = dx$ to obtain $I = x\sin(\ln x) - \int \cos(\ln x) \, dx$.
3. **Second integration by parts**: Apply the same method to $\int \cos(\ln x) \, dx$ with $u = \cos(\ln x)$, yielding $x\cos(\ln x) + I$.
4. **Substitute**: Replace the remaining integral to get $I = x\sin(\ln x) - x\cos(\ln x) - I$.
5. **Solve algebraically**: Rearrange to $2I = x[\sin(\ln x) - \cos(\ln x)]$.
6. **Final answer**: Divide by 2 and add the constant of integration: $\displaystyle \frac{x}{2}[\sin(\ln x) - \cos(\ln x)] + C$.","exercise","numerical","3",,"Evaluate the integral:

$$\int \sin (\ln x) \, dx$$

---","ms722m80t5ja8mb1v9xp3zjpts85pz6k",,,,,,,,,,
"maths-12","03-integration","Integration","exercise-3-4","3.4 Integration by Parts","m17eq2z8v4a1mr7n9200z7jz518c7dza","xd73qh2xhbft8fkzphcp0fzr8d8c6pfh","Exercise 3.4",,"false","# **Background and Explanation**

This integral requires **integration by parts**, a technique for integrating products of functions. When choosing which part to set as $u$, we follow the LIATE priority rule (Logarithmic, Inverse trig, Algebraic, Trigonometric, Exponential), selecting $u = \ln x$ because its derivative simplifies the integral.

---

# **Solution**

Let $I$ denote the integral:

$$I = \int x^{3} \ln x \, dx$$

We apply integration by parts using the formula $\displaystyle \int u \, dv = uv - \int v \, du$.

**Step 1:** Choose the parts
- Let $u = \ln x$, which gives $\displaystyle du = \frac{1}{x} dx$
- Let $dv = x^3 dx$, which gives $\displaystyle v = \int x^3 dx = \frac{x^4}{4}$

**Step 2:** Apply the integration by parts formula
Substituting into $\displaystyle \int u \, dv = u \cdot v - \int v \, du$:

$$I = \ln x \cdot \int x^{3} dx - \int\left(\int x^{3} dx\right) \cdot \frac{d}{dx}(\ln x) \, dx$$

$$= \ln x \cdot \frac{x^{4}}{4} - \int \frac{x^{4}}{4} \cdot \frac{1}{x} \, dx$$

**Step 3:** Simplify the remaining integral
$$= \frac{x^{4}}{4} \ln x - \frac{1}{4} \int x^{3} \, dx$$

**Step 4:** Evaluate the final integral using the power rule
$$= \frac{x^{4}}{4} \ln x - \frac{1}{4} \cdot \frac{x^{4}}{4} + c$$

**Step 5:** Simplify the expression
$$= \frac{x^{4}}{4} \ln x - \frac{x^{4}}{16} + c$$

This can also be factored as:
$$= \frac{x^{4}}{16}(4\ln x - 1) + c$$

---

# **Key Formulas or Methods Used**

- **Integration by parts:** $\displaystyle \int u \, dv = uv - \int v \, du$
- **Power rule for integration:** $\displaystyle \int x^n \, dx = \frac{x^{n+1}}{n+1} + C$ (for $n \neq -1$)
- **Derivative of natural logarithm:** $\displaystyle \frac{d}{dx}(\ln x) = \frac{1}{x}$

---

# **Summary of Steps**

1. Identify this as an integration by parts problem with $u = \ln x$ and $dv = x^3 dx$
2. Compute $du = \frac{1}{x}dx$ and $v = \frac{x^4}{4}$
3. Apply the formula: $\displaystyle \frac{x^4}{4}\ln x - \int \frac{x^4}{4} \cdot \frac{1}{x} dx$
4. Simplify the remaining integral to $\displaystyle \frac{1}{4}\int x^3 dx$
5. Evaluate to obtain $\displaystyle \frac{x^4}{16}$
6. Combine terms and add the constant of integration: $\displaystyle \frac{x^4}{4} \ln x - \frac{x^4}{16} + C$","exercise","numerical","4",,"Evaluate the integral:

$$\int x^{3} \ln x \, dx$$

---","ms722m80t5ja8mb1v9xp3zjpts85pz6k",,,,,,,,,,
"maths-12","03-integration","Integration","exercise-3-4","3.4 Integration by Parts","m179bckfgss3zch8j2pkfd9ae18c72yy","xd73qh2xhbft8fkzphcp0fzr8d8c6pfh","Exercise 3.4",,"false","# **Background and Explanation**

This problem involves integrating the product of an algebraic function ($y$) and a trigonometric function ($\sin 2y$). When faced with integrals of products, **integration by parts** is the standard technique, particularly when one function is easily differentiable (like $y$) and the other is easily integrable (like $\sin 2y$).

---

# **Solution**

We begin by denoting the integral as $I$:

$$I = \int y \sin 2y \, dy$$

**Step 1: Choose $u$ and $dv$**

Using the LIATE rule (Logarithmic, Inverse, Algebraic, Trigonometric, Exponential), we select:
- $u = y$ (algebraic function, easy to differentiate)
- $dv = \sin 2y \, dy$ (trigonometric function, easy to integrate)

**Step 2: Compute $du$ and $v$**

Differentiating $u$:
$$du = \frac{d}{dy}(y) \, dy = 1 \cdot dy = dy$$

Integrating $dv$:
$$v = \int \sin 2y \, dy = \frac{-\cos 2y}{2}$$

**Step 3: Apply the integration by parts formula**

The formula states: $\int u \, dv = uv - \int v \, du$

Substituting our values:
$$I = y \cdot \left(\frac{-\cos 2y}{2}\right) - \int \left(\frac{-\cos 2y}{2}\right) \cdot dy$$

**Step 4: Simplify the expression**

$$I = \frac{-y \cos 2y}{2} + \frac{1}{2} \int \cos 2y \, dy$$

The negative signs cancel in the second term, and we factor out the constant $\frac{1}{2}$.

**Step 5: Evaluate the remaining integral**

$$\int \cos 2y \, dy = \frac{\sin 2y}{2}$$

**Step 6: Combine all terms and add the constant of integration**

$$I = \frac{-y \cos 2y}{2} + \frac{1}{2} \cdot \frac{\sin 2y}{2} + c$$

$$I = \frac{-y}{2} \cos 2y + \frac{1}{4} \sin 2y + c$$

Therefore, the final answer is:

$$\boxed{\int y \sin 2y \, dy = -\frac{y}{2}\cos 2y + \frac{1}{4}\sin 2y + c}$$

---

# **Key Formulas or Methods Used**

- **Integration by parts formula**: $\displaystyle \int u \, dv = uv - \int v \, du$
- **Standard trigonometric integrals**:
  - $\displaystyle \int \sin(ax) \, dx = -\frac{\cos(ax)}{a} + C$
  - $\displaystyle \int \cos(ax) \, dx = \frac{\sin(ax)}{a} + C$
- **LIATE rule**: Priority order for choosing $u$ (Logarithmic $\to$ Inverse $\to$ Algebraic $\to$ Trigonometric $\to$ Exponential)

---

# **Summary of Steps**

1. **Identify the method**: Recognize this as a product requiring integration by parts.
2. **Select $u$ and $dv$**: Set $u = y$ and $dv = \sin 2y \, dy$ following the LIATE priority.
3. **Differentiate and integrate**: Calculate $du = dy$ and $v = -\frac{\cos 2y}{2}$.
4. **Apply the formula**: Substitute into $\int u \, dv = uv - \int v \, du$.
5. **Simplify**: Handle the negative signs and factor out constants to get $\frac{-y\cos 2y}{2} + \frac{1}{2}\int \cos 2y \, dy$.
6. **Integrate the remainder**: Evaluate $\int \cos 2y \, dy = \frac{\sin 2y}{2}$.
7. **Combine terms**: Multiply and add the constant of integration to obtain the final result.","exercise","numerical","5",,"Evaluate the integral:

$$\int y \sin 2y \, dy$$

---","ms722m80t5ja8mb1v9xp3zjpts85pz6k",,,,,,,,,,
"maths-12","03-integration","Integration","exercise-3-4","3.4 Integration by Parts","m178tkwr5g3wfzw987950402k58c619z","xd73qh2xhbft8fkzphcp0fzr8d8c6pfh","Exercise 3.4",,"false","# **Background and Explanation**

This integral requires **integration by parts** twice. When integrating products of exponential and trigonometric functions, the original integral typically reappears after two applications, allowing you to solve for it algebraically—a technique sometimes called ""integration by parts with cyclic repetition.""

---

# **Solution**

Let us denote the integral by $I$:

$$I = \int e^{x} \cos x \, dx$$

## First Application of Integration by Parts

We apply integration by parts using the formula $\int u \, dv = uv - \int v \, du$.

Choose:
- $u = \cos x$ (so that $du = -\sin x \, dx$)
- $dv = e^x \, dx$ (so that $v = e^x$)

Applying the formula:

$$
\begin{aligned}
I &= \cos x \cdot \int e^{x} \, dx - \int \left(\int e^{x} \, dx\right) \cdot \frac{d}{dx}(\cos x) \, dx \\
&= \cos x \cdot e^{x} - \int e^{x} \cdot (-\sin x) \, dx \\
&= e^{x} \cos x + \int e^{x} \sin x \, dx
\end{aligned}
$$

## Second Application of Integration by Parts

The new integral $\int e^{x} \sin x \, dx$ also requires integration by parts. Choose:
- $u = \sin x$ (so that $du = \cos x \, dx$)
- $dv = e^x \, dx$ (so that $v = e^x$)

Substituting back:

$$
\begin{aligned}
I &= e^{x} \cos x + \left[ \sin x \cdot \int e^{x} \, dx - \int \left(\int e^{x} \, dx\right) \cdot \frac{d}{dx}(\sin x) \, dx \right] \\
&= e^{x} \cos x + \sin x \cdot e^{x} - \int e^{x} \cos x \, dx
\end{aligned}
$$

## Solving for $I$

Notice that the original integral $I = \int e^{x} \cos x \, dx$ has reappeared on the right-hand side:

$$I = e^{x} \cos x + e^{x} \sin x - I$$

Now we solve this equation for $I$:

$$
\begin{aligned}
I + I &= e^{x} \cos x + e^{x} \sin x + C \\
2I &= e^{x}(\cos x + \sin x) + C \\
I &= \frac{e^{x}}{2}(\cos x + \sin x) + c
\end{aligned}
$$

*(Note: We add the constant of integration $C$ when integrating, which becomes $c = C/2$ after dividing by 2.)*

Therefore, the final solution is:

$$\int e^{x} \cos x \, dx = \frac{e^{x}}{2}(\cos x + \sin x) + c$$

---

# **Key Formulas or Methods Used**

- **Integration by Parts**: $\displaystyle \int u \, dv = uv - \int v \, du$
- **LIATE Rule** (for choosing $u$): Logarithmic, Inverse trig, Algebraic, Trigonometric, Exponential—here we chose trigonometric functions as $u$ and exponential as $dv$
- **Cyclic Integration Technique**: When the original integral reappears after integration by parts, treat it as an algebraic variable and solve for it

---

# **Summary of Steps**

1. **Define** $I = \int e^x \cos x \, dx$ to enable algebraic manipulation later
2. **First integration by parts**: Set $u = \cos x$ and $dv = e^x dx$ to obtain $I = e^x \cos x + \int e^x \sin x \, dx$
3. **Second integration by parts**: Apply the method to $\int e^x \sin x \, dx$ with $u = \sin x$ and $dv = e^x dx$
4. **Identify the cycle**: The original integral $I$ reappears on the right side, giving you $I = e^x(\cos x + \sin x) - I$
5. **Solve algebraically**: Add $I$ to both sides to get $2I = e^x(\cos x + \sin x) + C$
6. **Isolate the answer**: Divide by 2 to obtain $I = \frac{e^x}{2}(\cos x + \sin x) + c$","exercise","numerical","6",,"Evaluate the integral:

$$\int e^{x} \cos x \, dx$$

---","ms722m80t5ja8mb1v9xp3zjpts85pz6k",,,,,,,,,,
"maths-12","03-integration","Integration","exercise-3-4","3.4 Integration by Parts","m1784edfj29zc9h006g61z8p798c666v","xd73qh2xhbft8fkzphcp0fzr8d8c6pfh","Exercise 3.4",,"false","# **Background and Explanation**

This problem requires **integration by parts**, a technique used when integrating products of functions. You'll also need the derivative of the inverse secant function and recognition of a substitution pattern for the remaining integral.

---

# **Solution**

We begin by denoting the integral as $I$ and applying integration by parts, which follows the formula $\int u \, dv = uv - \int v \, du$.

Let:
- $u = \sec^{-1} x$ (so that $du = \frac{1}{x\sqrt{x^2-1}} dx$)
- $dv = x \, dx$ (so that $v = \frac{x^2}{2}$)

Applying integration by parts:

$$I = \int x \sec^{-1} x \, dx = \sec^{-1} x \cdot \frac{x^2}{2} - \int \frac{x^2}{2} \cdot \frac{1}{x\sqrt{x^2-1}} \, dx$$

Simplifying the integrand in the second term:

$$= \frac{x^2}{2} \sec^{-1} x - \frac{1}{2} \int \frac{x}{\sqrt{x^2-1}} \, dx$$

Rewrite the remaining integral to prepare for substitution:

$$= \frac{x^2}{2} \sec^{-1} x - \frac{1}{2} \int (x^2-1)^{-\frac{1}{2}} \cdot x \, dx$$

Notice that the derivative of $(x^2-1)$ is $2x$, so we adjust the constant to match this pattern:

$$= \frac{x^2}{2} \sec^{-1} x - \frac{1}{2} \cdot \frac{1}{2} \int (x^2-1)^{-\frac{1}{2}} \cdot 2x \, dx$$

$$= \frac{x^2}{2} \sec^{-1} x - \frac{1}{4} \int (x^2-1)^{-\frac{1}{2}} \cdot 2x \, dx$$

Now apply the power rule for integration $\int [f(x)]^n \cdot f'(x) \, dx = \frac{[f(x)]^{n+1}}{n+1}$ where $f(x) = x^2-1$ and $n = -\frac{1}{2}$:

$$= \frac{x^2}{2} \sec^{-1} x - \frac{1}{4} \cdot \frac{(x^2-1)^{-\frac{1}{2}+1}}{-\frac{1}{2}+1} + c$$

$$= \frac{x^2}{2} \sec^{-1} x - \frac{1}{4} \cdot \frac{(x^2-1)^{\frac{1}{2}}}{\frac{1}{2}} + c$$

Simplifying the fraction $\frac{1}{4} \div \frac{1}{2} = \frac{1}{4} \times 2 = \frac{1}{2}$:

$$= \frac{x^2}{2} \sec^{-1} x - \frac{1}{2} (x^2-1)^{\frac{1}{2}} + c$$

Therefore, the final answer is:

$$\boxed{\frac{x^2}{2} \sec^{-1} x - \frac{\sqrt{x^2-1}}{2} + c}$$

---

# **Key Formulas or Methods Used**

- **Integration by Parts**: $\displaystyle \int u \, dv = uv - \int v \, du$
- **Derivative of Inverse Secant**: $\displaystyle \frac{d}{dx}(\sec^{-1} x) = \frac{1}{x\sqrt{x^2-1}}$
- **Power Rule for Integration**: $\displaystyle \int [f(x)]^n \cdot f'(x) \, dx = \frac{[f(x)]^{n+1}}{n+1} + c$ (where $n \neq -1$)
- **Substitution Pattern**: Recognizing that $x \, dx$ is proportional to $d(x^2-1)$

---

# **Summary of Steps**

1. **Set up integration by parts** with $u = \sec^{-1} x$ and $dv = x \, dx$
2. **Compute** $v = \frac{x^2}{2}$ and $du = \frac{1}{x\sqrt{x^2-1}} dx$
3. **Apply the formula** to get $\frac{x^2}{2}\sec^{-1} x - \frac{1}{2}\int \frac{x}{\sqrt{x^2-1}} dx$
4. **Rewrite the remaining integral** as $\int (x^2-1)^{-1/2} \cdot x \, dx$
5. **Multiply and divide by 2** to match the derivative pattern $2x \, dx = d(x^2-1)$
6. **Apply the power rule** to integrate: $\frac{(x^2-1)^{1/2}}{1/2} = 2\sqrt{x^2-1}$
7. **Simplify coefficients** ($\frac{1}{4} \times 2 = \frac{1}{2}$) and add constant of integration $c$","exercise","numerical","7",,"Evaluate the integral:

$$\int x \sec^{-1} x \, dx$$

---","ms722m80t5ja8mb1v9xp3zjpts85pz6k",,,,,,,,,,
"maths-12","03-integration","Integration","exercise-3-4","3.4 Integration by Parts","m17bpvwtdv9ypc7dryq93v8yf58c760t","xd73qh2xhbft8fkzphcp0fzr8d8c6pfh","Exercise 3.4",,"false","# **Background and Explanation**

This problem demonstrates integration by parts, the standard technique for integrating logarithmic functions. The key insight is to treat $\ln(2x+3)$ as one part and multiply by $1$ (the identity) to create a product suitable for the integration by parts formula.

---

# **Solution**

We begin by rewriting the integral to prepare for integration by parts:

$$I=\int \ln (2 x+3) \cdot 1 \, d x$$

**Step 1: Apply Integration by Parts**

Using the formula $\int u \, dv = uv - \int v \, du$, we choose:
- $u = \ln(2x+3)$, which gives $du = \frac{2}{2x+3} dx$
- $dv = 1 \, dx$, which gives $v = x$

Substituting these into the integration by parts formula:

$$
\begin{aligned}
I &= \ln (2 x+3) \cdot \int 1 \, d x-\int\left(\int 1 \, d x\right) \times \frac{d}{d x}(\ln (2 x+3)) \, d x \\
&= \ln (2 x+3) \cdot x-\int x \times \frac{1}{2 x+3} \cdot 2 \, d x \\
&= x \ln (2 x+3)-\int \frac{2 x}{2 x+3} \, d x
\end{aligned}
$$

**Step 2: Simplify the Remaining Integral**

To evaluate $\int \frac{2x}{2x+3} \, dx$, we manipulate the numerator by adding and subtracting 3 to create a simpler expression:

$$
\begin{aligned}
I &= x \ln (2 x+3)-\int \frac{2 x+3-3}{2 x+3} \, d x \\
&= x \ln (2 x+3)-\int\left(\frac{2 x+3}{2 x+3}-\frac{3}{2 x+3}\right) d x \\
&= x \ln (2 x+3)-\int 1 \, d x+3 \int \frac{1}{2 x+3} \, d x
\end{aligned}
$$

**Step 3: Evaluate the Final Integrals**

The first integral is straightforward: $\int 1 \, dx = x$.

For the second integral, we adjust the coefficient to match the derivative of the denominator $(2x+3)' = 2$:

$$= x \ln (2 x+3)-x+\frac{3}{2} \int \frac{2}{2 x+3} \, d x$$

Using the logarithmic integration formula $\int \frac{f^{\prime}(x)}{f(x)} d x=\ln f(x)$:

$$= x \ln (2 x+3)-x+\frac{3}{2} \ln (2 x+3)+c$$

---

# **Key Formulas or Methods Used**

- **Integration by Parts**: $\int u \, dv = uv - \int v \, du$
- **Algebraic Manipulation**: Adding and subtracting constants in the numerator to decompose rational functions ($\frac{2x}{2x+3} = \frac{(2x+3)-3}{2x+3}$)
- **Logarithmic Integration**: $\int \frac{f'(x)}{f(x)} \, dx = \ln|f(x)| + c$ (applied here as $\int \frac{2}{2x+3} dx = \ln(2x+3)$)

---

# **Summary of Steps**

1. Rewrite the integral as $\int \ln(2x+3) \cdot 1 \, dx$ to prepare for integration by parts
2. Set $u = \ln(2x+3)$ and $dv = dx$, then compute $du = \frac{2}{2x+3}dx$ and $v = x$
3. Apply integration by parts to obtain $x\ln(2x+3) - \int \frac{2x}{2x+3}dx$
4. Rewrite the fraction $\frac{2x}{2x+3}$ as $1 - \frac{3}{2x+3}$ by adding and subtracting 3 in the numerator
5. Split the integral into $\int 1 \, dx - 3\int \frac{1}{2x+3}dx$ (note the sign change)
6. Multiply the second integral by $\frac{2}{2}$ to get $\frac{3}{2}\int \frac{2}{2x+3}dx$
7. Evaluate to $\frac{3}{2}\ln(2x+3)$ and combine all terms with the constant of integration $c$","exercise","numerical","8",,"Evaluate the integral:

$$\int \ln (2 x+3) \, d x$$

---","ms722m80t5ja8mb1v9xp3zjpts85pz6k",,,,,,,,,,
"maths-12","03-integration","Integration","exercise-3-4","3.4 Integration by Parts","m17201jqvv3dg9ndgx2sq5vpv58c66k7","xd73qh2xhbft8fkzphcp0fzr8d8c6pfh","Exercise 3.4",,"false","# **Background and Explanation**

This problem requires integration by parts, a technique derived from the product rule for differentiation. When integrating a product of a polynomial and an exponential function, we apply integration by parts repeatedly—reducing the power of the polynomial each time until we obtain a simple exponential integral.

---

# **Solution**

Let
$$I=\int x^{2} e^{x} d x$$

Applying integration by parts (treating $x^2$ as the first function and $e^x$ as the second function):

$$
\begin{aligned}
&=x^{2} \int e^{x} d x-\int\left(\int e^{x} d x\right) \times \frac{d}{d x}\left(x^{2}\right) d x \\
&=x^{2} \cdot e^{x}-\int e^{x} \cdot 2 x d x \\
&=x^{2} \cdot e^{x}-2 \int x e^{x} d x
\end{aligned}
$$

Again applying integration by parts to evaluate $\int x e^{x} d x$ (treating $x$ as the first function and $e^x$ as the second):

$$
\begin{aligned}
&=x^{2} e^{x}-2\left[x \int e^{x} d x-\int\left(\int e^{x} d x\right) \times \frac{d}{d x}(x) d x\right] \\
&=x^{2} e^{x}-2\left[x \cdot e^{x}-\int e^{x} \cdot 1 d x\right] \\
&=x^{2} e^{x}-2 x e^{x}+2 \int e^{x} d x \\
&=x^{2} e^{x}-2 x \cdot e^{x}+2 e^{x}+c \\
&=e^{x}\left(x^{2}-2 x+2\right)+c
\end{aligned}
$$

---

# **Key Formulas or Methods Used**

- **Integration by parts**: $\displaystyle \int u v \, dx = u \int v \, dx - \int \left(\int v \, dx\right) \frac{du}{dx} \, dx$ (or equivalently $\int u \, dv = uv - \int v \, du$)
- **Power rule**: $\displaystyle \frac{d}{dx}(x^n) = nx^{n-1}$
- **Exponential integral**: $\displaystyle \int e^{x} \, dx = e^{x} + C$

---

# **Summary of Steps**

1. Set up the integral $I = \int x^2 e^x dx$ and apply integration by parts with $u = x^2$ and $dv = e^x dx$.
2. Compute to obtain $x^2e^x - 2\int xe^x dx$.
3. Apply integration by parts again to the remaining integral with $u = x$ and $dv = e^x dx$.
4. Evaluate to get $xe^x - e^x$ and substitute back into the expression from step 2.
5. Simplify to $x^2e^x - 2xe^x + 2e^x + c$.
6. Factor out $e^x$ to obtain the final answer $e^x(x^2 - 2x + 2) + c$.","exercise","numerical","9",,"Q9. Evaluate $\displaystyle \int x^{2} e^{x} d x$

---","ms722m80t5ja8mb1v9xp3zjpts85pz6k",,,,,,,,,,
"maths-12","03-integration","Integration","exercise-3-5","3.5 Integration by Partial Fractions","m17d9jxcqxxyk4a57mazcw0k6h85qq6y",,,,"false","To evaluate $\int \frac{2x-1}{x^3-x^2-2x} dx$, we first factor the denominator: $x^3-x^2-2x = x(x^2-x-2) = x(x-2)(x+1)$. Since the denominator has three distinct linear factors, we decompose into partial fractions: $\frac{2x-1}{x(x-2)(x+1)} = \frac{A}{x} + \frac{B}{x-2} + \frac{C}{x+1}$. Multiplying by $x(x-2)(x+1)$: $2x-1 = A(x-2)(x+1) + Bx(x+1) + Cx(x-2)$. Substituting $x=0$: $-1 = A(-2)(1) \Rightarrow A = \frac{1}{2}$. Substituting $x=2$: $3 = B(2)(3) \Rightarrow B = \frac{1}{2}$. Substituting $x=-1$: $-3 = C(-1)(-3) \Rightarrow C = -1$. Therefore: $\int \frac{2x-1}{x(x-2)(x+1)} dx = \frac{1}{2}\ln|x| + \frac{1}{2}\ln|x-2| - \ln|x+1| + C = \frac{1}{2}\ln\left|\frac{x(x-2)}{(x+1)^2}\right| + C$.",,"long","4",,"Evaluate: $\int \frac{2x-1}{x^3-x^2-2x} dx$","ms7b9t79j2bcjv70q49x7c4yh985qnj3",,,"Federal Board",,"[""Factorization of denominator into three distinct linear factors: $x(x-2)(x+1)$"",""Correct setup of partial fraction decomposition with three constants $A$, $B$, $C$"",""Correct determination of constants using substitution method: $A = \\frac{1}{2}$, $B = \\frac{1}{2}$, $C = -1$"",""Integration of each partial fraction using logarithmic rule: $\\int \\frac{A}{x+a} dx = A\\ln|x+a| + C$"",""Simplification of final answer using logarithm properties to combine terms""]","8",,"C","annual","2025"
"maths-12","03-integration","Integration","exercise-3-5","3.5 Integration by Partial Fractions","m1751wk2jn66jqwyj9j9y4fn4h85pgvp",,,,"false","To evaluate $\int \frac{dx}{4x^3 - x}$, we first factor the denominator: $4x^3 - x = x(4x^2 - 1) = x(2x-1)(2x+1)$. Using partial fraction decomposition, we write $\frac{1}{x(2x-1)(2x+1)} = \frac{A}{x} + \frac{B}{2x-1} + \frac{C}{2x+1}$. Multiplying by the common denominator: $1 = A(2x-1)(2x+1) + Bx(2x+1) + Cx(2x-1)$. Setting $x=0$: $1 = -A$, so $A = -1$. Setting $x = \frac{1}{2}$: $1 = \frac{3B}{2}$, so $B = \frac{2}{3}$. Setting $x = -\frac{1}{2}$: $1 = -\frac{3C}{2}$, so $C = -\frac{2}{3}$. Therefore: $\int \frac{dx}{4x^3 - x} = -\ln|x| + \frac{1}{3}\ln|2x-1| - \frac{1}{3}\ln|2x+1| + C = -\ln|x| + \frac{1}{3}\ln\left|\frac{2x-1}{2x+1}\right| + C$.",,"long","5",,"Evaluate: $\int \frac{dx}{4x^3 - x}$","ms7b9t79j2bcjv70q49x7c4yh985qnj3",,,"Federal Board",,"[""Correctly factor denominator as $x(2x-1)(2x+1)$"",""Set up partial fractions with three distinct linear factors: $\\frac{A}{x} + \\frac{B}{2x-1} + \\frac{C}{2x+1}$"",""Use substitution method to find constants: $A=-1$, $B=\\frac{2}{3}$, $C=-\\frac{2}{3}$"",""Integrate each term using $\\int \\frac{1}{ax+b}dx = \\frac{1}{a}\\ln|ax+b| + C$"",""Simplify final answer using logarithm properties to combine terms""]","8",,"C","annual","2025"
"maths-12","03-integration","Integration","exercise-3-5","3.5 Integration by Partial Fractions","m17cyzj82kdm8n8xpw8dancjnh85p0jh",,,,"false",,,"long","3",,"Integrate $\int \frac{2x+5}{(x-3)^2(x^2-x+5)} dx$:
a. Resolve $\frac{2x+5}{(x-3)^2(x^2-x+5)}$ into Partial fractions.
b. After Partial Fraction, integrate the result.","ms7b9t79j2bcjv70q49x7c4yh985qnj3",,"true","Federal Board",,,"8",,"C","annual","2022"
"maths-12","03-integration","Integration","exercise-3-5","3.5 Integration by Partial Fractions","m1787q5zssnnyrvh25mjraq76s85p46m",,,,"false","To evaluate $\int_{0}^{3} \frac{x^3 + 9x + 3}{x^2 + 9} dx$, we first decompose the integrand by polynomial division. Dividing $x^3 + 9x + 3$ by $x^2 + 9$ gives: $\frac{x^3 + 9x + 3}{x^2 + 9} = x + \frac{3}{x^2 + 9}$. Now applying linearity of integrals: $\int_{0}^{3} \left(x + \frac{3}{x^2 + 9}\right) dx = \int_{0}^{3} x \, dx + \int_{0}^{3} \frac{3}{x^2 + 9} dx$. For the first integral: $\int_{0}^{3} x \, dx = \left[\frac{x^2}{2}\right]_{0}^{3} = \frac{9}{2}$. For the second integral, using the standard formula $\int \frac{dx}{x^2+a^2} = \frac{1}{a}\tan^{-1}\left(\frac{x}{a}\right) + C$ with $a = 3$: $\int_{0}^{3} \frac{3}{x^2 + 9} dx = 3 \cdot \frac{1}{3}\left[\tan^{-1}\left(\frac{x}{3}\right)\right]_{0}^{3} = \left[\tan^{-1}(1) - \tan^{-1}(0)\right] = \frac{\pi}{4}$. Therefore: $\int_{0}^{3} \frac{x^3 + 9x + 3}{x^2 + 9} dx = \frac{9}{2} + \frac{\pi}{4}$.",,"short","7",,"Evaluate $\int_{0}^{3} \frac{x^3 + 9x + 3}{x^2 + 9} dx$.","ms7b9t79j2bcjv70q49x7c4yh985qnj3",,"true","Federal Board",,"[""Correctly performs polynomial long division to decompose the rational function into $x + \\frac{3}{x^2+9}$"",""Applies linearity of integrals to separate the sum into two manageable integrals"",""Uses power rule for integration to evaluate $\\int x \\, dx = \\frac{x^2}{2}$ and applies limits correctly"",""Applies the standard inverse tangent formula $\\int \\frac{dx}{x^2+a^2} = \\frac{1}{a}\\tan^{-1}\\left(\\frac{x}{a}\\right)$ with $a=3$"",""Correctly evaluates definite integrals and combines results to obtain final answer $\\frac{9}{2} + \\frac{\\pi}{4}$""]","4",,"B","annual","2022"
"maths-12","03-integration","Integration","exercise-3-5","3.5 Integration by Partial Fractions","m1737jvqj3js9tv8f5zs65jkn585p1x6",,,,"false",,,"long","3",,"Evaluate the integral $\int \frac{2x^2 + 5x + 3}{(x - 2)^2(x^2 + x + 1)} dx$
**a.** Resolve $\frac{2x^2 + 5x + 3}{(x - 2)^2(x^2 + x + 1)}$ into Partial fractions
**b.** After Partial Fraction, integrate the result.","ms7b9t79j2bcjv70q49x7c4yh985qnj3",,,"Federal Board",,,"8",,"C","annual","2022"
"maths-12","03-integration","Integration","exercise-3-5","3.5 Integration by Partial Fractions","m172bepvw4f1hacay7mnxycpsx8c76rf","xd77zycwy0ab4er4xcbvzmxqxh8c734g","Exercise 3.5",,"false","# **Background and Explanation**

This problem involves integrating a proper rational function where the degree of the numerator (1) is less than the degree of the denominator (2). We use **partial fraction decomposition** to break the complex fraction into simpler terms that can be integrated using standard logarithmic rules.

---

# **Solution**

Let $I = \int \frac{3x+7}{(x+2)(x+3)} \, dx$.

We begin by expressing the integrand as a sum of partial fractions. Since the denominator contains two distinct linear factors $(x+2)$ and $(x+3)$, we write:

$$\frac{3x+7}{(x+2)(x+3)} = \frac{A}{x+2} + \frac{B}{x+3}$$

To determine the constants $A$ and $B$, we multiply both sides of equation (1) by the common denominator $(x+2)(x+3)$:

$$3x+7 = A(x+3) + B(x+2)$$

**Finding the constant $A$:**
We substitute $x = -2$ into equation (2). This choice eliminates the $B$ term because $(-2+2) = 0$:

$$
\begin{aligned}
3(-2)+7 &= A(-2+3) + B(-2+2) \\
-6+7 &= A(1) + B(0) \\
1 &= A + 0 \\
A &= 1
\end{aligned}
$$

**Finding the constant $B$:**
We substitute $x = -3$ into equation (2). This choice eliminates the $A$ term because $(-3+3) = 0$:

$$
\begin{aligned}
3(-3)+7 &= A(-3+3) + B(-3+2) \\
-9+7 &= A(0) + B(-1) \\
-2 &= 0 + B(-1) \\
2 &= B
\end{aligned}
$$

**Rewriting the integrand:**
Substituting $A = 1$ and $B = 2$ back into equation (1):

$$\frac{3x+7}{(x+2)(x+3)} = \frac{1}{x+2} + \frac{2}{x+3}$$

**Performing the integration:**
Now we integrate both sides with respect to $x$:

$$
\begin{aligned}
\int \frac{3x+7}{(x+2)(x+3)} \, dx &= \int \frac{1}{x+2} \, dx + 2\int \frac{1}{x+3} \, dx \\
&= \ln(x+2) + 2\ln(x+3) + c
\end{aligned}
$$

Therefore, the final answer is:

$$\ln(x+2) + 2\ln(x+3) + c$$

---

# **Key Formulas or Methods Used**

- **Partial Fraction Decomposition** for distinct linear factors: $\displaystyle \frac{px+q}{(x-a)(x-b)} = \frac{A}{x-a} + \frac{B}{x-b}$
- **Heaviside Cover-up Method**: Substituting the roots of the denominator ($x = -2$ and $x = -3$) to isolate and solve for constants $A$ and $B$
- **Standard Integral**: $\displaystyle \int \frac{1}{x+a} \, dx = \ln(x+a) + C$

---

# **Summary of Steps**

1. Set up partial fraction decomposition: $\displaystyle \frac{3x+7}{(x+2)(x+3)} = \frac{A}{x+2} + \frac{B}{x+3}$
2. Clear denominators to obtain: $3x+7 = A(x+3) + B(x+2)$
3. Substitute $x = -2$ to find $A = 1$
4. Substitute $x = -3$ to find $B = 2$
5. Rewrite the integral as: $\displaystyle \int \frac{1}{x+2} \, dx + 2\int \frac{1}{x+3} \, dx$
6. Integrate each term to obtain the final result: $\ln(x+2) + 2\ln(x+3) + c$","exercise","numerical","1",,"Evaluate the integral:

$$\int \frac{3x+7}{(x+2)(x+3)} \, dx$$

---","ms7b9t79j2bcjv70q49x7c4yh985qnj3",,,,,,,,,,
"maths-12","03-integration","Integration","exercise-3-5","3.5 Integration by Partial Fractions","m17f2a2ya4h6htpakntr26zya18c60tr","xd77zycwy0ab4er4xcbvzmxqxh8c734g","Exercise 3.5",,"false","# **Background and Explanation**

This problem involves integrating a rational function where the denominator is a cubic polynomial. The key technique is **partial fraction decomposition**, which requires factoring the denominator first. You will need to express the rational function as a sum of simpler fractions with unknown constants, then solve for those constants using substitution and coefficient comparison.

---

# **Solution**

First, factor the denominator to identify the structure of the partial fractions:

$$
\begin{aligned}
\int \frac{1}{x^{3}+2 x^{2}+x} \, d x & =\int \frac{1}{x\left(x^{2}+2 x+1\right)} \, d x \\
& =\int \frac{1}{x(x+1)^{2}} \, d x
\end{aligned}
$$

Since the denominator contains a distinct linear factor $x$ and a repeated linear factor $(x+1)^2$, we set up the partial fraction decomposition as:

$$
\begin{equation*}
\frac{1}{x(x+1)^{2}}=\frac{A}{x}+\frac{B}{x+1}+\frac{C}{(x+1)^{2}}
\end{equation*}
$$

To find the constants $A$, $B$, and $C$, multiply both sides of equation (1) by $x(x+1)^{2}$ to clear the denominators:

$$
\begin{equation*}
1=A(x+1)^{2}+B(x)(x+1)+C(x)
\end{equation*}
$$

**Finding $A$:** Substitute $x=0$ into equation (2):

$$
\begin{aligned}
1 & =A(0+1)^{2}+B(0)(0+1)+C(0) \\
1 & =A(1)+0+0 \\
1 & =A
\end{aligned}
$$

**Finding $C$:** Substitute $x=-1$ into equation (2):

$$
\begin{aligned}
1 & =A(-1+1)^{2}+B(-1)(-1+1)+C(-1) \\
1 & =A(0)+B(-1)(0)+C(-1) \\
1 & =-C \\
-1 & =C
\end{aligned}
$$

**Finding $B$:** Expand equation (2) and compare coefficients. First, expand the right side:

$$
\begin{aligned}
1 & =A\left(x^{2}+2 x+1\right)+B\left(x^{2}+x\right)+C(x) \\
1 & =A x^{2}+2 A x+A+B x^{2}+B x+C x \\
1 & =(A+B) x^{2}+(2 A+B+C) x+A
\end{aligned}
$$

Comparing the coefficients of $x^{2}$ on both sides:

$$
\begin{aligned}
0 & =A+B \\
0 & =1+B \quad (\text{since } A=1) \\
-1 & =B
\end{aligned}
$$

Now substitute $A=1$, $B=-1$, and $C=-1$ back into equation (1):

$$
\frac{1}{x(x+1)^{2}}=\frac{1}{x}+\frac{-1}{x+1}+\frac{-1}{(x+1)^{2}} = \frac{1}{x}-\frac{1}{x+1}-\frac{1}{(x+1)^{2}}
$$

Integrate both sides with respect to $x$:

$$
\begin{aligned}
\int \frac{1}{x(x+1)^{2}} \, d x & =\int \frac{1}{x} \, d x-\int \frac{1}{x+1} \, d x-\int \frac{1}{(x+1)^{2}} \, d x \\
& =\ln |x|-\ln |x+1|-\int(x+1)^{-2} \, d x \\
& =\ln |x|-\ln |x+1|-\frac{(x+1)^{-2+1}}{-2+1} + C \\
& =\ln |x|-\ln |x+1|-\frac{(x+1)^{-1}}{-1} + C \\
& =\ln |x|-\ln |x+1|+\frac{1}{x+1} + C
\end{aligned}
$$

*(Note: The absolute value bars ensure the logarithms are defined for all valid $x$ in the domain, and $C$ represents the constant of integration.)*

---

# **Key Formulas or Methods Used**

- **Factoring:** $x^{3}+2 x^{2}+x = x(x+1)^{2}$
- **Partial Fraction Decomposition** (for repeated linear factors):
  $$\frac{1}{x(x+1)^{2}}=\frac{A}{x}+\frac{B}{x+1}+\frac{C}{(x+1)^{2}}$$
- **Substitution Method:** Plugging in strategic values of $x$ (roots of factors) to solve for constants
- **Coefficient Comparison:** Equating coefficients of like powers of $x$ after expanding
- **Integration Rules:**
  - $\int \frac{1}{u} \, du = \ln |u|$
  - $\int u^{n} \, du = \frac{u^{n+1}}{n+1}$ for $n \neq -1$ (power rule)

---

# **Summary of Steps**

1. **Factor** the denominator completely: $x^{3}+2x^{2}+x = x(x+1)^{2}$
2. **Set up** the partial fraction decomposition with three terms (one for $x$, two for the repeated factor $(x+1)$)
3. **Clear denominators** by multiplying both sides by $x(x+1)^{2}$
4. **Solve for constants:**
   - Substitute $x=0$ to find $A=1$
   - Substitute $x=-1$ to find $C=-1$
   - Compare $x^{2}$ coefficients to find $B=-1$
5. **Rewrite** the integrand as: $\frac{1}{x} - \frac{1}{x+1} - \frac{1}{(x+1)^{2}}$
6. **Integrate** each term separately using basic integration rules to obtain the final answer: $\ln |x| - \ln |x+1| + \frac{1}{x+1} + C$","exercise","numerical","10",,"Evaluate the integral:

$$\int \frac{1}{x^{3}+2 x^{2}+x} \, d x$$

---","ms7b9t79j2bcjv70q49x7c4yh985qnj3",,,,,,,,,,
"maths-12","03-integration","Integration","exercise-3-5","3.5 Integration by Partial Fractions","m175e1rp5v715c6d8yz9mfv4y58c6ctv","xd77zycwy0ab4er4xcbvzmxqxh8c734g","Exercise 3.5",,"false","# **Background and Explanation**

This problem integrates a function involving exponential expressions in the denominator. The strategy is to first use **substitution** to convert the integrand into a proper rational function, then apply **partial fraction decomposition** to split it into simpler integrals.

---

# **Solution**

Let
$$I=\int \frac{e^{x}}{\left(e^{x}+1\right)^{2}\left(e^{x}-2\right)} d x$$

## Step 1: Substitution

Put $e^{x}=t$, which gives $e^{x}\,dx=dt$.

The integral becomes:
$$I=\int \frac{dt}{(t+1)^{2}(t-2)}$$

## Step 2: Partial Fraction Decomposition

Decompose the integrand:
$$\frac{1}{(t+1)^{2}(t-2)}=\frac{A}{t+1}+\frac{B}{(t+1)^{2}}+\frac{C}{t-2}$$

Multiplying both sides by $(t+1)^{2}(t-2)$:
$$1=A(t+1)(t-2)+B(t-2)+C(t+1)^{2}$$

## Step 3: Finding Constants

**Put $t=-1$** (i.e., $t+1=0$) in equation (3):
$$1=A(0)(-3)+B(-3)+C(0)^{2}$$
$$1=-3B \implies B=\frac{-1}{3}$$

**Put $t=2$** (i.e., $t-2=0$) in equation (3):
$$1=A(3)(0)+B(0)+C(3)^{2}$$
$$1=9C \implies C=\frac{1}{9}$$

**Compare coefficients of $t^2$** by expanding equation (3):
$$1=(A+C)t^{2}+(-A+B+2C)t+(-2A-2B+C)$$

Coefficient of $t^2$: $\;0=A+C=A+\dfrac{1}{9}$
$$\implies A=\frac{-1}{9}$$

## Step 4: Integration

Substituting $A$, $B$, $C$ into (2) and integrating:
$$I=\frac{-1}{9}\int\frac{dt}{t+1}-\frac{1}{3}\int(t+1)^{-2}\,dt+\frac{1}{9}\int\frac{dt}{t-2}$$

$$=\frac{-1}{9}\ln|t+1|-\frac{1}{3}\cdot\frac{(t+1)^{-1}}{-1}+\frac{1}{9}\ln|t-2|+C$$

$$=\frac{-1}{9}\ln(t+1)+\frac{1}{3(t+1)}+\frac{1}{9}\ln(t-2)+C$$

## Step 5: Back-Substitution

Substituting $t=e^{x}$:
$$\boxed{I=\frac{-1}{9}\ln\left(e^{x}+1\right)+\frac{1}{3\left(e^{x}+1\right)}+\frac{1}{9}\ln\left(e^{x}-2\right)+C}$$

---

# **Key Formulas Used**

| Formula | Application |
|---|---|
| $e^x = t \Rightarrow e^x\,dx = dt$ | Substitution to rationalize |
| $\frac{1}{(t+1)^2(t-2)} = \frac{A}{t+1}+\frac{B}{(t+1)^2}+\frac{C}{t-2}$ | Repeated linear factor decomposition |
| $\int \frac{1}{x}\,dx = \ln|x|+C$ | Logarithmic integration |
| $\int x^n\,dx = \frac{x^{n+1}}{n+1}+C$ | Power rule (used for $(t+1)^{-2}$) |

---

# **Summary of Steps**

1. Substitute $e^x = t$ to get $\int \frac{dt}{(t+1)^2(t-2)}$
2. Set up partial fractions: $\frac{A}{t+1}+\frac{B}{(t+1)^2}+\frac{C}{t-2}$
3. Find constants: $B=-\frac{1}{3}$ (put $t=-1$), $C=\frac{1}{9}$ (put $t=2$), $A=-\frac{1}{9}$ (compare $t^2$ coefficients)
4. Integrate each term separately
5. Substitute back $t=e^x$ to obtain the final answer","exercise","numerical","11",,"**Q11.** Evaluate the integral:
$$\int \frac{e^{x}}{\left(e^{x}+1\right)^{2}\left(e^{x}-2\right)} d x$$

---","ms7b9t79j2bcjv70q49x7c4yh985qnj3",,,,,,,,,,
"maths-12","03-integration","Integration","exercise-3-5","3.5 Integration by Partial Fractions","m17b3teddq43yz2p9f16qwdcrn8c720p","xd77zycwy0ab4er4xcbvzmxqxh8c734g","Exercise 3.5",,"false","# **Background and Explanation**

These problems involve integrating rational functions using **partial fraction decomposition**. For Q11, we first use substitution to simplify the integrand into a rational function in a new variable. For Q12, we directly decompose the rational function into simpler fractions that can be integrated using standard formulas.

---

# **Solution**

 $\int \frac{x}{(x+1)^{2}\left(x^{2}+1\right)} d x$

**Step 1: Partial Fraction Setup**
Consider:
$$\frac{x}{(x+1)^{2}\left(x^{2}+1\right)}=\frac{A}{x+1}+\frac{B}{(x+1)^{2}}+\frac{C x+D}{x^{2}+1}$$

Multiplying both sides by $(x+1)^{2}\left(x^{2}+1\right)$:
$$x=A(x+1)\left(x^{2}+1\right)+B\left(x^{2}+1\right)+(C x+D)(x+1)^{2}$$

**Step 2: Finding B**
Put $x+1=0$ (i.e., $x=-1$) in equation (2):
$$-1=A(0)(2)+B(2)+(-C+D)(0)$$
$$-1=2B$$
$$\frac{-1}{2}=B$$

**Step 3: Expanding and Comparing Coefficients**
From equation (2):
$$x=A(x^{3}+x^{2}+x+1)+B(x^{2}+1)+(Cx+D)(x^{2}+2x+1)$$

Expanding the right side:
$$x=A x^{3}+A x^{2}+A x+A+B x^{2}+B+C x^{3}+2C x^{2}+C x+D x^{2}+2D x+D$$

Grouping by powers:
$$x=(A+C) x^{3}+(A+B+2C+D) x^{2}+(A+C+2D) x+(A+B+D)$$

Comparing coefficients of $x^{3}$:
$$0=A+C$$

Comparing coefficients of $x^{2}$:
$$0=A+B+2C+D$$

Comparing coefficients of $x$:
$$1=A+C+2D$$

Using equation (3) ($A+C=0$) in the $x$ coefficient equation:
$$1=0+2D$$
$$\frac{1}{2}=D$$

**Step 4: Finding A and C**
Putting values of $B=-\frac{1}{2}$ and $D=\frac{1}{2}$ in the $x^{2}$ coefficient equation:
$$0=A-\frac{1}{2}+2C+\frac{1}{2}$$
$$0=A+2C$$

Subtracting equation (3) from equation (5):
$$\begin{array}{r}
0=A+2C \\
0=A+C \\
\hline
0=C
\end{array}$$

Putting $C=0$ in equation (3):
$$0=A+0$$
$$0=A$$

**Step 5: Writing the Decomposition**
Putting values of $A=0$, $B=-\frac{1}{2}$, $C=0$, and $D=\frac{1}{2}$ in equation (1):
$$\frac{x}{(x+1)^{2}\left(x^{2}+1\right)}=\frac{0}{x+1}+\frac{-\frac{1}{2}}{(x+1)^{2}}+\frac{0 \cdot x+\frac{1}{2}}{x^{2}+1}$$

Simplifying:
$$\frac{x}{(x+1)^{2}\left(x^{2}+1\right)}=\frac{-1}{2(x+1)^{2}}+\frac{1}{2\left(x^{2}+1\right)}$$

**Step 6: Integration**
Integrating both sides with respect to $x$:
$$\int \frac{x}{(x+1)^{2}\left(x^{2}+1\right)} d x=\frac{-1}{2} \int \frac{1}{(x+1)^{2}} d x+\frac{1}{2} \int \frac{1}{x^{2}+1} d x$$

Evaluating:
$$=\frac{-1}{2} \int(x+1)^{-2} d x+\frac{1}{2} \tan ^{-1}(x)$$
$$=\frac{-1}{2} \cdot \frac{(x+1)^{-2+1}}{-2+1}+\frac{1}{2} \tan ^{-1}(x)+C$$
$$=\frac{-1}{2} \cdot \frac{(x+1)^{-1}}{-1}+\frac{1}{2} \tan ^{-1}(x)+C$$
$$=\frac{1}{2(x+1)}+\frac{1}{2} \tan ^{-1} x+C$$

---

# **Key Formulas or Methods Used**

- **Substitution Rule**: $\int f(g(x))g'(x)dx = \int f(t)dt$ where $t=g(x)$
- **Partial Fraction Decomposition**:
  - For repeated linear factors: $\frac{P(x)}{(x-a)^2(x-b)} = \frac{A}{x-a} + \frac{B}{(x-a)^2} + \frac{C}{x-b}$
  - For irreducible quadratic factors: $\frac{P(x)}{(x-a)^2(x^2+b^2)} = \frac{A}{x-a} + \frac{B}{(x-a)^2} + \frac{Cx+D}{x^2+b^2}$
- **Integration Formulas**:
  - $\int \frac{1}{x} dx = \ln|x| + C$
  - $\int x^n dx = \frac{x^{n+1}}{n+1} + C$ (for $n \neq -1$)
  - $\int \frac{1}{x^2+1} dx = \tan^{-1}x + C$

---

# **Summary of Steps**

1. Set up partial fractions: $\frac{A}{x+1} + \frac{B}{(x+1)^2} + \frac{Cx+D}{x^2+1}$
2. Find $B = -\frac{1}{2}$ by putting $x = -1$
3. Expand and compare coefficients of $x^3$, $x^2$, and $x$ to find $A=0$, $C=0$, $D=\frac{1}{2}$
4. Rewrite the integrand as $\frac{-1}{2(x+1)^2} + \frac{1}{2(x^2+1)}$
5. Integrate using power rule and arctangent formula","exercise","numerical","12",,"Evaluate the integral:
$$\int \frac{x}{(x+1)^{2}\left(x^{2}+1\right)} d x$$

---","ms7b9t79j2bcjv70q49x7c4yh985qnj3",,,,,,,,,,
"maths-12","03-integration","Integration","exercise-3-5","3.5 Integration by Partial Fractions","m17a2qms12npe59wbsbqvnwwzs8c79v4","xd77zycwy0ab4er4xcbvzmxqxh8c734g","Exercise 3.5",,"false","# **Background and Explanation**

This problem involves integrating a proper rational function (where the degree of the numerator is less than the denominator). The standard approach is to factor the denominator and apply **partial fraction decomposition** to split the integrand into simpler rational functions that can be integrated using logarithmic rules.

---

# **Solution**

Let $I = \int \frac{4x+9}{x^{2}+x-12} \, dx$

## Factoring the Denominator

First, factor the quadratic expression in the denominator by splitting the middle term:

$$
\begin{aligned}
x^{2}+x-12 &= x^{2}+4x-3x-12 \\
&= x(x+4)-3(x+4) \\
&= (x+4)(x-3)
\end{aligned}
$$

Thus, the integral becomes:

$$ I = \int \frac{4x+9}{(x+4)(x-3)} \, dx $$

## Setting Up Partial Fractions

We express the integrand as the sum of two partial fractions with unknown constants $A$ and $B$:

$$ \frac{4x+9}{(x+4)(x-3)} = \frac{A}{x+4} + \frac{B}{x-3} $$

Multiplying both sides by $(x+4)(x-3)$ to eliminate denominators:

$$ 4x+9 = A(x-3) + B(x+4) $$

## Solving for Constants $A$ and $B$

**To find $A$:** Substitute $x = -4$ into equation (2) (this eliminates the $B$ term):

$$
\begin{aligned}
4(-4)+9 &= A(-4-3) + B(-4+4) \\
-16+9 &= A(-7) + B(0) \\
-7 &= -7A \\
A &= 1
\end{aligned}
$$

**To find $B$:** Substitute $x = 3$ into equation (2) (this eliminates the $A$ term):

$$
\begin{aligned}
4(3)+9 &= A(3-3) + B(3+4) \\
12+9 &= A(0) + B(7) \\
21 &= 7B \\
B &= 3
\end{aligned}
$$

## Final Integration

Substituting $A = 1$ and $B = 3$ back into equation (1):

$$ \frac{4x+9}{(x+4)(x-3)} = \frac{1}{x+4} + \frac{3}{x-3} $$

Integrating both sides with respect to $x$:

$$
\begin{aligned}
\int \frac{4x+9}{(x+4)(x-3)} \, dx &= \int \frac{1}{x+4} \, dx + 3\int \frac{1}{x-3} \, dx \\
\int \frac{4x+9}{x^{2}+x-12} \, dx &= \ln(x+4) + 3\ln(x-3) + c
\end{aligned}
$$

*(Note: The answer can also be written as $\ln\left|(x+4)(x-3)^{3}\right| + c$ using logarithm properties.)*

---

# **Key Formulas or Methods Used**

- **Factoring quadratics:** Splitting the middle term to find common factors
- **Partial fraction decomposition for distinct linear factors:**
  $$ \frac{px+q}{(x-a)(x-b)} = \frac{A}{x-a} + \frac{B}{x-b} $$
- **Heaviside cover-up method:** Substituting strategic values of $x$ to solve for unknown constants
- **Logarithmic integration:**
  $$ \int \frac{1}{x-a} \, dx = \ln|x-a| + C $$

---

# **Summary of Steps**

1. **Factor the denominator:** Rewrite $x^{2}+x-12$ as $(x+4)(x-3)$
2. **Set up partial fractions:** Express $\frac{4x+9}{(x+4)(x-3)}$ as $\frac{A}{x+4} + \frac{B}{x-3}$
3. **Clear denominators:** Multiply through by $(x+4)(x-3)$ to obtain $4x+9 = A(x-3) + B(x+4)$
4. **Solve for $A$:** Substitute $x = -4$ to get $A = 1$
5. **Solve for $B$:** Substitute $x = 3$ to get $B = 3$
6. **Decompose the integrand:** Rewrite as $\frac{1}{x+4} + \frac{3}{x-3}$
7. **Integrate term by term:** Apply $\int \frac{1}{u} \, du = \ln|u| + C$ to each fraction
8. **State final answer:** $\ln(x+4) + 3\ln(x-3) + c$","exercise","numerical","2",,"Evaluate the integral:

$$ \int \frac{4x+9}{x^{2}+x-12} \, dx $$

---","ms7b9t79j2bcjv70q49x7c4yh985qnj3",,,,,,,,,,
"maths-12","03-integration","Integration","exercise-3-5","3.5 Integration by Partial Fractions","m174npgawrebxhz0casd65x9wn8c68hq","xd77zycwy0ab4er4xcbvzmxqxh8c734g","Exercise 3.5",,"false","# **Background and Explanation**

This problem involves integrating a rational function where the degree of the numerator is less than the degree of the denominator. The key technique is **partial fraction decomposition**, which breaks the complex fraction into simpler terms of the form $\frac{A}{x-a}$ that integrate directly to logarithmic functions.

---

# **Solution**

Let $I$ denote the integral:

$$I = \int \frac{21-8 x}{x^{2}+x-6} \, dx$$

**Step 1: Factor the denominator**

Factor the quadratic expression in the denominator by splitting the middle term:

$$
\begin{aligned}
x^{2}+x-6 &= x^{2}+3 x-2 x-6 \\
&= x(x+3)-2(x+3) \\
&= (x+3)(x-2)
\end{aligned}
$$

Thus, the integral becomes:

$$I = \int \frac{21-8 x}{(x+3)(x-2)} \, dx$$

**Step 2: Set up partial fraction decomposition**

Express the rational function as the sum of two simpler fractions:

$$\frac{21-8 x}{(x+3)(x-2)}=\frac{A}{x+3}+\frac{B}{x-2}$$

Multiply both sides by $(x+3)(x-2)$ to eliminate the denominators:

$$21-8 x=A(x-2)+B(x+3)$$

**Step 3: Solve for the constants $A$ and $B$**

To find $A$, substitute $x = -3$ (which makes the $B$ term equal to zero):

$$
\begin{aligned}
21-8(-3) &= A(-3-2)+B(-3+3) \\
21+24 &= A(-5)+B(0) \\
45 &= -5 A \\
A &= -9
\end{aligned}
$$

To find $B$, substitute $x = 2$ (which makes the $A$ term equal to zero):

$$
\begin{aligned}
21-8(2) &= A(2-2)+B(2+3) \\
21-16 &= A(0)+B(5) \\
5 &= 5 B \\
B &= 1
\end{aligned}
$$

**Step 4: Rewrite and evaluate the integral**

Substitute $A = -9$ and $B = 1$ back into the partial fraction form:

$$\frac{21-8 x}{(x+3)(x-2)}=\frac{-9}{x+3}+\frac{1}{x-2}$$

Now integrate term by term:

$$
\begin{aligned}
I &= \int\left(\frac{-9}{x+3}+\frac{1}{x-2}\right) d x \\
&= -9 \int \frac{1}{x+3} \, d x+\int \frac{1}{x-2} \, d x \\
&= -9 \ln (x+3)+\ln (x-2)+c
\end{aligned}
$$

---

# **Key Formulas or Methods Used**

- **Partial Fraction Decomposition**: For distinct linear factors, $\frac{px+q}{(x-a)(x-b)} = \frac{A}{x-a} + \frac{B}{x-b}$
- **Heaviside Cover-up Method**: Substituting strategic values of $x$ to eliminate variables and solve for constants
- **Logarithmic Integration**: $\int \frac{1}{x-a} \, dx = \ln|x-a| + C$ (presented here as $\ln(x-a)$ per the source)

---

# **Summary of Steps**

1. **Factor the denominator**: Decompose $x^2+x-6$ into $(x+3)(x-2)$
2. **Set up partial fractions**: Write $\frac{21-8x}{(x+3)(x-2)} = \frac{A}{x+3} + \frac{B}{x-2}$
3. **Clear denominators**: Multiply through by $(x+3)(x-2)$ to obtain $21-8x = A(x-2) + B(x+3)$
4. **Find $A$**: Substitute $x = -3$ to get $A = -9$
5. **Find $B$**: Substitute $x = 2$ to get $B = 1$
6. **Separate the integral**: Rewrite as $-9\int \frac{1}{x+3}dx + \int \frac{1}{x-2}dx$
7. **Integrate**: Apply logarithmic integration to obtain $-9\ln(x+3) + \ln(x-2) + c$","exercise","numerical","3",,"Evaluate the integral:

$$\int \frac{21-8 x}{x^{2}+x-6} \, dx$$

---","ms7b9t79j2bcjv70q49x7c4yh985qnj3",,,,,,,,,,
"maths-12","03-integration","Integration","exercise-3-5","3.5 Integration by Partial Fractions","m1734xkmtb6dq7gd0gwd9e1yw18c69t7","xd77zycwy0ab4er4xcbvzmxqxh8c734g","Exercise 3.5",,"false","# **Background and Explanation**

This problem involves integrating a rational function where the denominator contains a repeated linear factor $(x+2)^2$. When dealing with repeated linear factors in partial fraction decomposition, we must include terms for each power of the repeated factor up to the highest power present.

---

# **Solution**

Let $I = \int \frac{3x+7}{(x+2)^{2}} \, dx$

To solve this integral, we use the method of **partial fraction decomposition**. Since the denominator has a repeated linear factor $(x+2)^2$, we express the integrand as:

$$\frac{3x+7}{(x+2)^{2}} = \frac{A}{x+2} + \frac{B}{(x+2)^{2}}$$

Multiplying both sides of equation (1) by $(x+2)^2$ to clear the denominators:

$$3x + 7 = A(x+2) + B$$

**Finding the constant $B$:**

Substitute $x = -2$ into equation (2) to eliminate the term containing $A$:

$$
\begin{aligned}
3(-2) + 7 &= A(-2+2) + B \\
-6 + 7 &= A(0) + B \\
1 &= B
\end{aligned}
$$

Therefore, $B = 1$.

**Finding the constant $A$:**

From equation (2), expand the right-hand side:

$$3x + 7 = Ax + 2A + B$$

Comparing the coefficients of $x$ on both sides:

$$3 = A$$

Therefore, $A = 3$.

**Rewriting the integrand:**

Substituting $A = 3$ and $B = 1$ back into equation (1):

$$\frac{3x+7}{(x+2)^{2}} = \frac{3}{x+2} + \frac{1}{(x+2)^{2}}$$

**Integrating both sides:**

Now we integrate the decomposed form with respect to $x$:

$$
\begin{aligned}
\int \frac{3x+7}{(x+2)^{2}} \, dx &= 3\int \frac{1}{x+2} \, dx + \int \frac{1}{(x+2)^{2}} \, dx \\
&= 3\ln(x+2) + \int (x+2)^{-2} \, dx \\
&= 3\ln(x+2) + \frac{(x+2)^{-2+1}}{-2+1} + c \\
&= 3\ln(x+2) + \frac{(x+2)^{-1}}{-1} + c \\
&= 3\ln(x+2) - \frac{1}{x+2} + c
\end{aligned}
$$

Thus, the final solution is:

$$I = 3\ln(x+2) - \frac{1}{x+2} + c$$

*(Note: Technically, this should be written as $3\ln|x+2| - \frac{1}{x+2} + c$ to account for the domain where $x < -2$)*

---

# **Key Formulas or Methods Used**

- **Partial Fraction Decomposition** for repeated linear factors: $\frac{P(x)}{(x-a)^n} = \frac{A_1}{x-a} + \frac{A_2}{(x-a)^2} + \cdots + \frac{A_n}{(x-a)^n}$
- **Substitution method** for finding constants in partial fractions (cover-up method for $B$)
- **Coefficient comparison** method for finding constants in partial fractions (for $A$)
- $\int \frac{1}{x+a} \, dx = \ln|x+a| + c$
- **Power rule for integration**: $\int (x+a)^n \, dx = \frac{(x+a)^{n+1}}{n+1} + c$ for $n \neq -1$

---

# **Summary of Steps**

1. **Set up partial fractions**: Express $\frac{3x+7}{(x+2)^2}$ as $\frac{A}{x+2} + \frac{B}{(x+2)^2}$ for a repeated linear factor
2. **Clear denominators**: Multiply through by $(x+2)^2$ to get $3x+7 = A(x+2) + B$
3. **Find $B$**: Substitute $x = -2$ (the root) to eliminate $A$, yielding $B = 1$
4. **Find $A$**: Expand and compare coefficients of $x$ to get $A = 3$
5. **Decompose**: Rewrite the original fraction as $\frac{3}{x+2} + \frac{1}{(x+2)^2}$
6. **Integrate term by term**:
   - Integrate $\frac{3}{x+2}$ to get $3\ln(x+2)$
   - Integrate $(x+2)^{-2}$ using the power rule to get $-\frac{1}{x+2}$
7. **Combine and add constant**: Final answer is $3\ln(x+2) - \frac{1}{x+2} + c$","exercise","numerical","4",,"Evaluate the integral:

$$\int \frac{3x+7}{(x+2)^{2}} \, dx$$

---","ms7b9t79j2bcjv70q49x7c4yh985qnj3",,,,,,,,,,
"maths-12","03-integration","Integration","exercise-3-5","3.5 Integration by Partial Fractions","m17adbd6075st3dyrjnpf88rhs8c6jte","xd77zycwy0ab4er4xcbvzmxqxh8c734g","Exercise 3.5",,"false","# **Background and Explanation**

This problem involves integrating a rational function where the denominator contains both distinct and repeated linear factors. The method of **partial fraction decomposition** is used to break the complex fraction into simpler terms that can be integrated individually using standard logarithmic and power rules.

---

# **Solution**

Let $I=\int \frac{5 x^{2}-5 x+2}{(x+1)(x-1)^{2}} d x$

We begin by decomposing the rational function into partial fractions. Since the denominator has a distinct factor $(x+1)$ and a repeated factor $(x-1)^2$, we use the form:

$$
\frac{5 x^{2}-5 x+2}{(x+1)(x-1)^{2}}=\frac{A}{x+1}+\frac{B}{x-1}+\frac{C}{(x-1)^{2}}
$$

Multiplying both sides by $(x+1)(x-1)^{2}$ to clear the denominators:

$$
5 x^{2}-5 x+2=A(x-1)^{2}+B(x+1)(x-1)+C(x+1)
$$

**Finding constant $A$:**

Put $x=-1$ in equation (2):

$$
\begin{aligned}
5(-1)^{2}-5(-1)+2 &= A(-1-1)^{2}+B(-1+1)(-1-1)+C(-1+1) \\
5(1)+5+2 &= A(-2)^{2}+B(0)(-2)+C(0) \\
5+5+2 &= 4A+0+0 \\
12 &= 4A \\
3 &= A
\end{aligned}
$$

**Finding constant $C$:**

Put $x=1$ in equation (2):

$$
\begin{aligned}
5(1)^{2}-5(1)+2 &= A(1-1)^{2}+B(1+1)(1-1)+C(1+1) \\
5-5+2 &= A(0)+B(2)(0)+C(2) \\
2 &= 0+0+2C \\
1 &= C
\end{aligned}
$$

**Finding constant $B$:**

From equation (2), we expand and collect like terms:

$$
\begin{aligned}
5 x^{2}-5 x+2 &= A\left(x^{2}-2 x+1\right)+B\left(x^{2}-1\right)+C(x+1) \\
5 x^{2}-5 x+2 &= A x^{2}-2 A x+A+B x^{2}-B+C x+C \\
5 x^{2}-5 x+2 &= (A+B) x^{2}+(-2 A+C) x+(A-B+C)
\end{aligned}
$$

Comparing the coefficient of $x^{2}$ on both sides:

$$
\begin{aligned}
5 &= A+B \\
5 &= 3+B \\
2 &= B
\end{aligned}
$$

**Rewriting the integrand:**

Substituting $A=3$, $B=2$, and $C=1$ into equation (1):

$$
\frac{5 x^{2}-5 x+2}{(x+1)(x-1)^{2}}=\frac{3}{x+1}+\frac{2}{x-1}+\frac{1}{(x-1)^{2}}
$$

**Integrating term by term:**

$$
\begin{aligned}
\int \frac{5 x^{2}-5 x+2}{(x+1)(x-1)^{2}} d x &= 3 \int \frac{1}{x+1} d x+2 \int \frac{1}{x-1} d x+\int \frac{1}{(x-1)^{2}} d x \\
&= 3 \ln (x+1)+2 \ln (x-1)+\int(x-1)^{-2} d x \\
&= 3 \ln (x+1)+2 \ln (x-1)+\frac{(x-1)^{-2+1}}{-2+1}+c \\
&= 3 \ln (x+1)+2 \ln (x-1)+\frac{(x-1)^{-1}}{-1}+c \\
&= 3 \ln (x+1)+2 \ln (x-1)-\frac{1}{x-1}+c
\end{aligned}
$$

Therefore, the final answer is:

$$ 3 \ln (x+1)+2 \ln (x-1)-\frac{1}{x-1}+c $$

*(Note: In practice, absolute value signs are often included as $\ln|x+1|$ and $\ln|x-1|$ to ensure the logarithms are defined for all valid $x$ in the domain.)*

---

# **Key Formulas or Methods Used**

- **Partial Fraction Decomposition** for distinct and repeated linear factors:
  $$\frac{P(x)}{(x-a)(x-b)^2} = \frac{A}{x-a} + \frac{B}{x-b} + \frac{C}{(x-b)^2}$$

- **Substitution method** (Heaviside cover-up method) for finding constants by plugging in roots of the denominator factors

- **Coefficient comparison method** for finding remaining constants by equating coefficients of corresponding powers of $x$

- **Standard integration formulas**:
  - $\int \frac{1}{x} dx = \ln|x| + c$
  - $\int (x-a)^n dx = \frac{(x-a)^{n+1}}{n+1} + c$ for $n \neq -1$

---

# **Summary of Steps**

1. **Set up** the partial fraction decomposition with appropriate terms for the distinct factor $(x+1)$ and repeated factor $(x-1)^2$
2. **Clear denominators** by multiplying both sides by $(x+1)(x-1)^2$
3. **Find $A$** by substituting $x=-1$ (the root of $x+1$) into the cleared equation
4. **Find $C$** by substituting $x=1$ (the root of $x-1$) into the cleared equation
5. **Find $B$** by expanding the right side and comparing coefficients of $x^2$ (or substitute another convenient $x$-value)
6. **Rewrite** the original integrand using the found constants $A=3$, $B=2$, $C=1$
7. **Integrate** each term separately: two logarithmic terms and one power rule term
8. **Combine** results and add the constant of integration $c$","exercise","numerical","5",,"Evaluate the integral:

$$ \int \frac{5 x^{2}-5 x+2}{(x+1)(x-1)^{2}} d x $$

---","ms7b9t79j2bcjv70q49x7c4yh985qnj3",,,,,,,,,,
"maths-12","03-integration","Integration","exercise-3-5","3.5 Integration by Partial Fractions","m170he0cqf0pg3nf78ynf49p698c6d9z","xd77zycwy0ab4er4xcbvzmxqxh8c734g","Exercise 3.5",,"false","# **Background and Explanation**

This problem requires **partial fraction decomposition** to break down a complex rational function into simpler fractions that can be integrated individually. You should be familiar with equating coefficients and standard integration formulas involving logarithms and inverse tangent functions.

---

# **Solution**

We begin by decomposing the rational function into partial fractions. Since the denominator contains a linear factor $(x+1)$ and an irreducible quadratic factor $(x^2+4)$, we set up the decomposition as:

$$
\frac{9 x^{2}+3 x+29}{(x+1)\left(x^{2}+4\right)}=\frac{A}{x+1}+\frac{B x+C}{x^{2}+4}
$$

**Finding the constants $A$, $B$, and $C$:**

Multiply both sides of equation (1) by $(x+1)(x^2+4)$ to clear the denominators:

$$
9 x^{2}+3 x+29=A\left(x^{2}+4\right)+(B x+C)(x+1)
$$

**Step 1: Find $A$ using the cover-up method**

Substitute $x = -1$ into equation (2) to eliminate the term with $B$ and $C$:

$$
\begin{aligned}
9(-1)^{2}+3(-1)+29 &= A\left((-1)^{2}+4\right)+(B(-1)+C)(-1+1) \\
9(1)-3+29 &= A(1+4)+(-B+C)(0) \\
9-3+29 &= 5A \\
35 &= 5A \\
A &= 7
\end{aligned}
$$

**Step 2: Find $B$ and $C$ by comparing coefficients**

Expand the right side of equation (2):

$$
\begin{aligned}
9 x^{2}+3 x+29 &= A x^{2}+4 A+B x^{2}+B x+C x+C \\
9 x^{2}+3 x+29 &= (A+B) x^{2}+(B+C) x+(4 A+C)
\end{aligned}
$$

Comparing coefficients of $x^2$:

$$
\begin{aligned}
9 &= A+B \\
9 &= 7+B \\
B &= 2
\end{aligned}
$$

Comparing coefficients of $x$:

$$
\begin{aligned}
3 &= B+C \\
3 &= 2+C \\
C &= 1
\end{aligned}
$$

**Step 3: Rewrite the integrand**

Substituting $A = 7$, $B = 2$, and $C = 1$ back into equation (1):

$$
\frac{9 x^{2}+3 x+29}{(x+1)\left(x^{2}+4\right)}=\frac{7}{x+1}+\frac{2 x+1}{x^{2}+4}
$$

**Step 4: Integrate term by term**

Now we integrate both sides with respect to $x$:

$$
\int \frac{9 x^{2}+3 x+29}{(x+1)\left(x^{2}+4\right)} d x = 7 \int \frac{1}{x+1} d x+\int \frac{2 x+1}{x^{2}+4} d x
$$

Split the second integral:

$$
= 7 \ln (x+1)+\int\left(\frac{2 x}{x^{2}+4}+\frac{1}{x^{2}+4}\right) d x
$$

$$
= 7 \ln (x+1)+\int \frac{2 x}{x^{2}+4} d x+\int \frac{1}{x^{2}+4} d x
$$

For the first integral, notice that the numerator is the derivative of the denominator ($\frac{d}{dx}(x^2+4) = 2x$), so:

$$\int \frac{2 x}{x^{2}+4} d x = \ln \left(x^{2}+4\right)$$

For the second integral, use the standard arctangent formula with $a = 2$:

$$\int \frac{1}{x^{2}+4} d x = \int \frac{1}{(x)^{2}+(2)^{2}} d x = \frac{1}{2} \tan ^{-1}\left(\frac{x}{2}\right)$$

**Final Answer:**

Combining all terms and adding the constant of integration:

$$= 7 \ln (x+1)+\ln \left(x^{2}+4\right)+\frac{1}{2} \tan ^{-1}\left(\frac{x}{2}\right)+c$$

---

# **Key Formulas or Methods Used**

- **Partial Fraction Decomposition**: $\frac{P(x)}{(x-a)(x^2+bx+c)} = \frac{A}{x-a} + \frac{Bx+C}{x^2+bx+c}$
- **Logarithmic Integration**: $\int \frac{f'(x)}{f(x)} dx = \ln|f(x)| + c$ (used for $\frac{2x}{x^2+4}$)
- **Arctangent Integration**: $\int \frac{1}{x^2+a^2} dx = \frac{1}{a}\tan^{-1}\left(\frac{x}{a}\right) + c$
- **Coefficient Comparison Method**: Equating coefficients of like powers of $x$ after expanding

---

# **Summary of Steps**

1. **Set up partial fractions**: Express the integrand as $\frac{A}{x+1} + \frac{Bx+C}{x^2+4}$
2. **Find $A$**: Substitute $x = -1$ to get $A = 7$
3. **Find $B$ and $C$**: Expand and compare coefficients of $x^2$ and $x$ to get $B = 2$ and $C = 1$
4. **Decompose**: Rewrite the integrand as $\frac{7}{x+1} + \frac{2x}{x^2+4} + \frac{1}{x^2+4}$
5. **Integrate**:
   - $\int \frac{7}{x+1}dx = 7\ln(x+1)$
   - $\int \frac{2x}{x^2+4}dx = \ln(x^2+4)$ (recognize derivative of denominator)
   - $\int \frac{1}{x^2+4}dx = \frac{1}{2}\tan^{-1}(\frac{x}{2})$ (arctan formula)
6. **Combine**: Add all results and include constant of integration $c$","exercise","numerical","6",,"Evaluate the integral:

$$\int \frac{9 x^{2}+3 x+29}{(x+1)\left(x^{2}+4\right)} d x$$

---","ms7b9t79j2bcjv70q49x7c4yh985qnj3",,,,,,,,,,
"maths-12","03-integration","Integration","exercise-3-5","3.5 Integration by Partial Fractions","m172t9ym5gpq1xkmagej0y81b98c7gfm","xd77zycwy0ab4er4xcbvzmxqxh8c734g","Exercise 3.5",,"false","# **Background and Explanation**

These problems involve integrating rational functions using **partial fraction decomposition**. When the degree of the numerator is less than the denominator (proper fraction), we decompose directly. When the degree of the numerator is greater (improper fraction), we first perform **polynomial long division** to separate the polynomial part from the proper rational remainder.

---

# **Solution**

## Problem 1: $\int \frac{7 x^{2}+7 x+4}{(2 x+1)\left(x^{2}+x+1\right)} d x$

Let $I=\int \frac{7 x^{2}+7 x+4}{(2 x+1)\left(x^{2}+x+1\right)} d x$

Consider the partial fraction decomposition:
$$\frac{7 x^{2}+7 x+4}{(2 x+1)\left(x^{2}+x+1\right)}=\frac{A}{2 x+1}+\frac{B x+C}{x^{2}+x+1}$$

Multiplying both sides by $(2 x+1)\left(x^{2}+x+1\right)$:
$$7 x^{2}+7 x+4=A\left(x^{2}+x+1\right)+(B x+C)(2 x+1)$$

**Step 1: Find $A$ using substitution**

Put $2 x+1=0 \Rightarrow x=\frac{-1}{2}$ in equation (2):

$$7\left(\frac{-1}{2}\right)^{2}+7\left(\frac{-1}{2}\right)+4=A\left(\left(\frac{-1}{2}\right)^{2}+\left(\frac{-1}{2}\right)+1\right)+\left(B\left(\frac{-1}{2}\right)+C\right)(0)$$

$$7\left(\frac{1}{4}\right)-\frac{7}{2}+4=A\left(\frac{1}{4}-\frac{1}{2}+1\right)+0$$

$$\frac{7-14+16}{4}=A\left(\frac{1-2+4}{4}\right)$$

$$\frac{9}{4}=A\left(\frac{3}{4}\right)$$

$$A = 3$$

**Step 2: Find $B$ by comparing coefficients**

Comparing coefficients of $x^{2}$ in equation (2):

$$7 = A+2 B$$
$$7 = 3+2 B$$
$$4 = 2 B$$
$$B = 2$$

**Step 3: Find $C$ by comparing coefficients**

From the expansion of equation (2):
$$7 x^{2}+7 x+4 = (A+2 B) x^{2}+(A+B+2 C) x+(A+C)$$

Comparing constant terms:
$$4 = A+C$$
$$4 = 3+C$$
$$C = 1$$

(Note: The integration of the resulting partial fractions $\frac{3}{2x+1} + \frac{2x+1}{x^2+x+1}$ would proceed using substitution, but the provided solution transitions to a different problem at this stage.)

---

# **Key Formulas or Methods Used**

- **Partial Fraction Decomposition**: $\frac{P(x)}{(ax+b)(cx^2+dx+e)} = \frac{A}{ax+b} + \frac{Bx+C}{cx^2+dx+e}$ for irreducible quadratic factors
- **Polynomial Long Division**: $\frac{\text{Numerator}}{\text{Denominator}} = \text{Quotient} + \frac{\text{Remainder}}{\text{Denominator}}$ when degree of numerator $\geq$ degree of denominator
- **Heaviside Cover-Up Method**: Substituting roots of linear factors to find partial fraction constants
- **Coefficient Comparison**: Equating coefficients of like powers of $x$ to solve for unknown constants
- **Standard Integrals**: $\int \frac{1}{x+a} dx = \ln|x+a| + C$ and $\int x^n dx = \frac{x^{n+1}}{n+1} + C$

---

# **Summary of Steps**

1. Set up partial fraction decomposition: $\frac{A}{2x+1} + \frac{Bx+C}{x^2+x+1}$
2. Multiply through by the denominator to clear fractions
3. Substitute $x = -\frac{1}{2}$ (root of $2x+1$) to find $A = 3$
4. Compare $x^2$ coefficients to find $B = 2$
5. Compare constant terms to find $C = 1$
6. Decomposition yields: $\frac{3}{2x+1} + \frac{2x+1}{x^2+x+1}$ (ready for integration)","exercise","numerical","7",,"**Q7.** Evaluate the integral:
$$\int \frac{7 x^{2}+7 x+4}{(2 x+1)\left(x^{2}+x+1\right)} d x$$

---","ms7b9t79j2bcjv70q49x7c4yh985qnj3",,,,,,,,,,
"maths-12","03-integration","Integration","exercise-3-5","3.5 Integration by Partial Fractions","m17by7b4hzwyg37k1e87b562vn8c7wtz","xd77zycwy0ab4er4xcbvzmxqxh8c734g","Exercise 3.5",,"false","# **Background and Explanation**

These problems involve integrating rational functions using **partial fraction decomposition**. When the degree of the numerator is less than the denominator (proper fraction), we decompose directly. When the degree of the numerator is greater (improper fraction), we first perform **polynomial long division** to separate the polynomial part from the proper rational remainder.

---

# **Solution**

$$\int \frac{x^{3}+4 x^{2}+9 x+14}{x^{2}+4 x+3} d x$$

Let $I=\int \frac{x^{3}+4 x^{2}+9 x+14}{x^{2}+4 x+3} \mathrm{~d} x$

Since the degree of the numerator (3) is greater than the degree of the denominator (2), this is an improper fraction. We use polynomial long division to convert it to a proper fraction.

**Step 1: Polynomial Long Division**

$$
\begin{array}{r}
x \\
x^{2}+4x+3  { x^{3}+4x^{2}+9x+14 } \\
\underline{x^{3}+4x^{2}+3x \phantom{+14}} \\
6x+14
\end{array}
$$

This gives:
$$\frac{x^{3}+4 x^{2}+9 x+14}{x^{2}+4 x+3} = x + \frac{6 x+14}{x^{2}+4 x+3}$$

Factor the denominator: $x^{2}+4x+3 = (x+1)(x+3)$

So the integral becomes:
$$\int \frac{x^{3}+4 x^{2}+9 x+14}{x^{2}+4 x+3} d x = \int\left(x+\frac{6 x+14}{(x+1)(x+3)}\right) d x$$

$$= \frac{x^{2}}{2}+\int \frac{6 x+14}{(x+1)(x+3)} d x$$

**Step 2: Partial Fraction Decomposition**

Consider:
$$\frac{6 x+14}{(x+1)(x+3)}=\frac{A}{x+1}+\frac{B}{x+3}$$

Multiplying both sides by $(x+1)(x+3)$:
$$6 x+14=A(x+3)+B(x+1)$$

**Step 3: Find constants $A$ and $B$**

Put $x=-1$ in equation (3):
$$6(-1)+14 = A(-1+3)+B(0)$$
$$8 = 2A$$
$$A = 4$$

Put $x=-3$ in equation (3):
$$6(-3)+14 = A(0)+B(-3+1)$$
$$-4 = -2B$$
$$B = 2$$

Substituting back into equation (2):
$$\frac{6 x+14}{(x+1)(x+3)}=\frac{4}{x+1}+\frac{2}{x+3}$$

**Step 4: Integration**

Integrating both sides with respect to $x$:
$$\int \frac{6 x+14}{(x+1)(x+3)} dx = 4 \int \frac{1}{x+1} d x+2 \int \frac{1}{x+3} d x$$

$$= 4 \ln |x+1|+2 \ln |x+3|$$

Substituting into equation (1):
$$\int \frac{x^{3}+4 x^{2}+9 x+14}{x^{2}+4 x+3} d x = \frac{x^{2}}{2}+4 \ln |x+1|+2 \ln |x+3|+C$$

---

# **Key Formulas or Methods Used**

- **Partial Fraction Decomposition**: $\frac{P(x)}{(ax+b)(cx^2+dx+e)} = \frac{A}{ax+b} + \frac{Bx+C}{cx^2+dx+e}$ for irreducible quadratic factors
- **Polynomial Long Division**: $\frac{\text{Numerator}}{\text{Denominator}} = \text{Quotient} + \frac{\text{Remainder}}{\text{Denominator}}$ when degree of numerator $\geq$ degree of denominator
- **Heaviside Cover-Up Method**: Substituting roots of linear factors to find partial fraction constants
- **Coefficient Comparison**: Equating coefficients of like powers of $x$ to solve for unknown constants
- **Standard Integrals**: $\int \frac{1}{x+a} dx = \ln|x+a| + C$ and $\int x^n dx = \frac{x^{n+1}}{n+1} + C$

---

# **Summary of Steps**

1. Perform polynomial long division to obtain $x + \frac{6x+14}{x^2+4x+3}$
2. Factor the denominator: $(x+1)(x+3)$
3. Set up partial fractions: $\frac{A}{x+1} + \frac{B}{x+3}$
4. Substitute $x = -1$ to find $A = 4$
5. Substitute $x = -3$ to find $B = 2$
6. Integrate term by term: $\int x \, dx + 4\int \frac{1}{x+1}dx + 2\int \frac{1}{x+3}dx$
7. Combine results: $\frac{x^2}{2} + 4\ln|x+1| + 2\ln|x+3| + C$","exercise","numerical","8",,"Evaluate the integral:
$$\int \frac{x^{3}+4 x^{2}+9 x+14}{x^{2}+4 x+3} d x$$

---","ms7b9t79j2bcjv70q49x7c4yh985qnj3",,,,,,,,,,
"maths-12","03-integration","Integration","exercise-3-5","3.5 Integration by Partial Fractions","m17bn0vggfb45zzsym0tcp20rd8c6e0e","xd77zycwy0ab4er4xcbvzmxqxh8c734g","Exercise 3.5",,"false","# **Background and Explanation**

This problem requires integrating a rational function where the denominator can be factored as a difference of squares. The method of **partial fraction decomposition** is used to break the complex fraction into simpler terms that can be integrated individually using basic logarithmic rules.

---

# **Solution**

We begin by recognizing that the denominator $x^2 - 9$ is a difference of squares, which factors into $(x-3)(x+3)$. This allows us to use partial fraction decomposition.

Let:

$$I = \int \frac{1}{x^{2}-9} \, dx = \int \frac{1}{(x)^{2}-(3)^{2}} \, dx = \int \frac{1}{(x-3)(x+3)} \, dx$$

To decompose the integrand, we set up partial fractions:

$$\frac{1}{(x-3)(x+3)} = \frac{A}{x-3} + \frac{B}{x+3}$$

Multiplying both sides by $(x-3)(x+3)$ to clear the denominators:

$$1 = A(x+3) + B(x-3)$$

**Finding constant $A$:**
Put $x - 3 = 0$, which means $x = 3$, in equation (2):

$$\begin{aligned}
1 &= A(3+3) + B(3-3) \\
1 &= A(6) + B(0) \\
1 &= 6A \\
A &= \frac{1}{6}
\end{aligned}$$

**Finding constant $B$:**
Put $x + 3 = 0$, which means $x = -3$, in equation (2):

$$\begin{aligned}
1 &= A(-3+3) + B(-3-3) \\
1 &= A(0) + B(-6) \\
1 &= -6B \\
B &= -\frac{1}{6}
\end{aligned}$$

**Substituting back:**
Putting the values of $A$ and $B$ into equation (1):

$$\frac{1}{(x-3)(x+3)} = \frac{\frac{1}{6}}{x-3} + \frac{-\frac{1}{6}}{x+3} = \frac{1}{6(x-3)} - \frac{1}{6(x+3)}$$

**Integrating:**
Now we integrate both sides with respect to $x$:

$$\begin{aligned}
\int \frac{1}{(x-3)(x+3)} \, dx &= \frac{1}{6} \int \frac{1}{x-3} \, dx - \frac{1}{6} \int \frac{1}{x+3} \, dx \\
\int \frac{1}{x^{2}-9} \, dx &= \frac{1}{6} \ln |x-3| - \frac{1}{6} \ln |x+3| + C \\
&= \frac{1}{6} \left[\ln |x-3| - \ln |x+3|\right] + C \\
&= \frac{1}{6} \ln \left|\frac{x-3}{x+3}\right| + C
\end{aligned}$$

*(Note: Absolute value bars are included since the logarithm is only defined for positive arguments, and the domain of the original integrand excludes $x = \pm 3$.)*

---

# **Key Formulas or Methods Used**

- **Difference of Squares:** $a^2 - b^2 = (a-b)(a+b)$
- **Partial Fraction Decomposition:** $\frac{1}{(x-a)(x+b)} = \frac{A}{x-a} + \frac{B}{x+b}$
- **Logarithmic Integration:** $\int \frac{1}{x} \, dx = \ln |x| + C$
- **Logarithm Properties:** $\ln a - \ln b = \ln \left(\frac{a}{b}\right)$

---

# **Summary of Steps**

1. **Factor the denominator:** Recognize $x^2 - 9$ as $(x-3)(x+3)$
2. **Set up partial fractions:** Write $\frac{1}{(x-3)(x+3)} = \frac{A}{x-3} + \frac{B}{x+3}$
3. **Clear denominators:** Multiply through by $(x-3)(x+3)$ to get $1 = A(x+3) + B(x-3)$
4. **Solve for constants:**
   - Substitute $x = 3$ to find $A = \frac{1}{6}$
   - Substitute $x = -3$ to find $B = -\frac{1}{6}$
5. **Rewrite integrand:** Express as $\frac{1}{6(x-3)} - \frac{1}{6(x+3)}$
6. **Integrate term by term:** Apply $\int \frac{1}{u} \, du = \ln |u|$ to each fraction
7. **Combine results:** Factor out $\frac{1}{6}$ and use logarithm properties to simplify to $\frac{1}{6} \ln \left|\frac{x-3}{x+3}\right| + C$","exercise","numerical","9",,"Evaluate the integral:

$$\int \frac{1}{x^{2}-9} \, dx$$

---","ms7b9t79j2bcjv70q49x7c4yh985qnj3",,,,,,,,,,
"maths-12","03-integration","Integration","exercise-3-6","3.6 Definite Integrals as Signed Area","m173nybepfgt8561rd2h9jaj6n85qcsb",,,,"false","First, evaluate the definite integral: $\int_{0}^{2} x \, dx = \left[\frac{x^2}{2}\right]_{0}^{2} = \frac{4}{2} - 0 = 2$. Then substitute into the given equation: $2(2) = 3k - 2$, which gives $4 = 3k - 2$. Solving for $k$: $3k = 6$, so $k = 2$.",,"mcq","9",,"If $2 \int_{0}^{2} x \, dx = 3k - 2$, then the value of '$k$' is:","ms7a6bfkqfywwa1pc5w22fz29h85qbat","A","true","Federal Board","First, evaluate the definite integral: $\int_{0}^{2} x \, dx = \left[\frac{x^2}{2}\right]_{0}^{2} = \frac{4}{2} - 0 = 2$. Then substitute into the given equation: $2(2) = 3k - 2$, which gives $4 = 3k - 2$. Solving for $k$: $3k = 6$, so $k = 2$.","[""Correctly evaluate $\\int_{0}^{2} x \\, dx$ using Fundamental Theorem of Calculus"",""Apply the antiderivative formula $\\int x \\, dx = \\frac{x^2}{2}$"",""Substitute the integral result into the given equation $2\\int_{0}^{2} x \\, dx = 3k - 2$"",""Solve the linear equation algebraically to find $k = 2$""]","1","[{""key"":""A"",""text"":""2""},{""key"":""B"",""text"":""3""},{""key"":""C"",""text"":""4""},{""key"":""D"",""text"":""6""}]","MCQ","annual","2025"
"maths-12","03-integration","Integration","exercise-3-6","3.6 Definite Integrals as Signed Area","m176q399jyffvprtz48a3v73sh8c73qp","xd71xw65h3jsshd6qwgzabbsj58c77y2","Exercise 3.6",,"false","# **Background and Explanation**

Definite integrals calculate the net area between a curve $y=f(x)$ and the $x$-axis over an interval $[a,b]$. When $f(x)$ is a linear function, the bounded region forms simple geometric shapes (triangles, rectangles, or trapezoids), allowing us to verify integration results using basic area formulas from geometry.

---

# **Solution**

## Part (i): $\displaystyle \int_{0}^{4} x \, dx$

Given $y=x$, which is a linear equation representing a straight line passing through the origin.

Find the boundary points:
- At $x=0$, $y=0$. Point is $(0,0)$
- At $x=4$, $y=4$. Point is $(4,4)$

From the figure, the region is a right-angled triangle with:
- Base $= 4$
- Height $= 4$

Using the area formula for a triangle:
$$
\text{Area} = \frac{1}{2} \times \text{base} \times \text{height} = \frac{1}{2} \times 4 \times 4 = 8 \text{ sq. units}
$$

**Verification by integration:**
$$
\begin{aligned}
\text{Area} &= \int_{0}^{4} x \, dx \\
&= \left[\frac{x^{2}}{2}\right]_{0}^{4} \\
&= \frac{1}{2}\left[x^{2}\right]_{0}^{4} \\
&= \frac{1}{2}\left[(4)^{2}-(0)^{2}\right] \\
&= \frac{1}{2}(16-0) \\
&= 8 \text{ sq. units}
\end{aligned}
$$

## Part (ii): $\displaystyle \int_{-3}^{0} x \, dx$

Given $y=x$, a straight line.

Find the boundary points:
- At $x=0$, $y=0$. Point is $(0,0)$
- At $x=-3$, $y=-3$. Point is $(-3,-3)$

From the figure, the region is a right-angled triangle in the third quadrant with:
- Base $= 3$ (absolute value of horizontal distance from $-3$ to $0$)
- Height $= 3$ (absolute value of vertical distance)

Using the geometric formula:
$$
\text{Area} = \frac{1}{2} \times 3 \times 3 = \frac{9}{2} = 4.5 \text{ sq. units}
$$

**Verification by integration:**
$$
\begin{aligned}
\text{Area} &= \int_{-3}^{0} x \, dx \\
&= \left[\frac{x^{2}}{2}\right]_{-3}^{0} \\
&= \frac{1}{2}\left[x^{2}\right]_{-3}^{0} \\
&= \frac{1}{2}\left[(0)^{2}-(-3)^{2}\right] \\
&= \frac{1}{2}(0-9) \\
&= -\frac{9}{2}
\end{aligned}
$$

Since area is always positive, we take the absolute value:
$$
\text{Area} = \frac{9}{2} = 4.5 \text{ sq. units}
$$

## Part (iii): $\displaystyle \int_{0}^{2}(x-1) \, dx$

Given $y=x-1$, a linear equation.

Find the boundary points:
- At $x=0$, $y=-1$. Point is $(0,-1)$
- At $x=2$, $y=1$. Point is $(2,1)$

The line crosses the $x$-axis at $x=1$ (where $y=0$).

From the figure, the region consists of two right-angled triangles:
- Triangle below $x$-axis from $x=0$ to $x=1$ (base 1, height 1)
- Triangle above $x$-axis from $x=1$ to $x=2$ (base 1, height 1)

Total area is the sum of absolute areas:
$$
\text{Area} = \text{Area of } \triangle OAB + \text{Area of } \triangle BCD = \frac{1}{2}(1)(1) + \frac{1}{2}(1)(1) = \frac{1}{2} + \frac{1}{2} = 1 \text{ sq. unit}
$$

**Verification by integration:**
Since $y=x-1 < 0$ for $0<x<1$ and $y=x-1 > 0$ for $1<x<2$, we split the integral:
$$
\begin{aligned}
\text{Area} &= -\int_{0}^{1}(x-1) \, dx + \int_{1}^{2}(x-1) \, dx \quad \left(\text{Area below } x\text{-axis} = -\int_{a}^{b} f(x) \, dx\right) \\
&= -\int_{0}^{1} x \, dx + \int_{0}^{1} 1 \, dx + \int_{1}^{2} x \, dx - \int_{1}^{2} 1 \, dx \\
&= -\left[\frac{x^{2}}{2}\right]_{0}^{1} + \left[x\right]_{0}^{1} + \left[\frac{x^{2}}{2}\right]_{1}^{2} - \left[x\right]_{1}^{2} \\
&= -\frac{1}{2}(1-0) + (1-0) + \frac{1}{2}(4-1) - (2-1) \\
&= -\frac{1}{2} + 1 + \frac{3}{2} - 1 \\
&= -\frac{1}{2} + \frac{3}{2} \\
&= 1 \text{ sq. unit}
\end{aligned}
$$

## Part (iv): $\displaystyle \int_{0}^{2}(x+1) \, dx$

Given $y=x+1$, a straight line.

Find the boundary points:
- At $x=0$, $y=1$. Point is $(0,1)$
- At $x=2$, $y=3$. Point is $(2,3)$

From the figure, the region is a trapezium with:
- Parallel sides (heights at $x=0$ and $x=2$): $1$ and $3$
- Distance between parallel sides (width): $2$

Using the area formula for a trapezium:
$$
\text{Area} = \frac{1}{2} \times (\text{Sum of parallel sides}) \times (\text{Distance between them}) = \frac{1}{2}(1+3)(2) = \frac{1}{2}(4)(2) = 4 \text{ sq. units}
$$

**Verification by integration:**
$$
\begin{aligned}
\text{Area} &= \int_{0}^{2}(x+1) \, dx \\
&= \int_{0}^{2} x \, dx + \int_{0}^{2} 1 \, dx \\
&= \left[\frac{x^{2}}{2}\right]_{0}^{2} + \left[x\right]_{0}^{2} \\
&= \frac{1}{2}(4-0) + (2-0) \\
&= 2 + 2 \\
&= 4 \text{ sq. units}
\end{aligned}
$$

## Part (v): $\displaystyle \int_{-3}^{3} 2 \, dx$

Given $y=2$, which represents a horizontal line parallel to the $x$-axis.

From the figure, the region is a rectangle with:
- Length (along $x$-axis): $3 - (-3) = 6$
- Width (height): $2$

Using the area formula for a rectangle:
$$
\text{Area} = \text{Length} \times \text{Width} = 6 \times 2 = 12 \text{ sq. units}
$$

**Verification by integration:**
$$
\begin{aligned}
\text{Area} &= \int_{-3}^{3} 2 \, dx \\
&= 2\left[x\right]_{-3}^{3} \\
&= 2(3-(-3)) \\
&= 2(3+3) \\
&= 2(6) \\
&= 12 \text{ sq. units}
\end{aligned}
$$

---

# **Key Formulas or Methods Used**

- **Area of Triangle:** $\displaystyle A = \frac{1}{2} \times \text{base} \times \text{height}$
- **Area of Trapezium:** $\displaystyle A = \frac{1}{2} \times (\text{sum of parallel sides}) \times \text{distance between them}$
- **Area of Rectangle:** $\displaystyle A = \text{length} \times \text{width}$
- **Fundamental Theorem of Calculus:** $\displaystyle \int_{a}^{b} f(x) \, dx = F(b) - F(a)$, where $F$ is the antiderivative of $f$
- **Signed Area Property:** For regions below the $x$-axis, the definite integral yields a negative value; geometric area requires taking the absolute value or adjusting the integral limits with a negative sign: $\displaystyle \text{Area} = -\int_{a}^{b} f(x) \, dx$ when $f(x) < 0$ on $(a,b)$

---

# **Summary of Steps**

1. **Part (i):** Identify line $y=x$ from $(0,0)$ to $(4,4)$; calculate area of right triangle with base 4, height 4: $\frac{1}{2}(4)(4) = 8$.
2. **Part (ii):** Identify line $y=x$ from $(-3,-3)$ to $(0,0)$; calculate area of right triangle with base 3, height 3: $\frac{1}{2}(3)(3) = 4.5$ (take absolute value of negative integral result).
3. **Part (iii):** Identify line $y=x-1$ from $(0,-1)$ to $(2,1)$ crossing at $(1,0)$; sum areas of two triangles (each $\frac{1}{2} \times 1 \times 1$) or split integral at $x=1$ with sign adjustment: $1$.
4. **Part (iv):** Identify line $y=x+1$ from $(0,1)$ to $(2,3)$; calculate trapezium area with parallel sides 1 and 3, width 2: $\frac{1}{2}(1+3)(2) = 4$.
5. **Part (v):** Identify horizontal line $y=2$ from $x=-3$ to $x=3$; calculate rectangle area $6 \times 2 = 12$.","exercise","numerical","1","{""blockIndex"":8,""chapterNumber"":3,""page"":107,""subjectSlug"":""maths-12""}","Sketch the region where area is represented by the definite integral and evaluate the integral using an appropriate formula from geometry.

(i) $\displaystyle \int_{0}^{4} x \, dx$

(ii) $\displaystyle \int_{-3}^{0} x \, dx$

(iii) $\displaystyle \int_{0}^{2}(x-1) \, dx$

(iv) $\displaystyle \int_{0}^{2}(x+1) \, dx$

(v) $\displaystyle \int_{-3}^{3} 2 \, dx$

---","ms7a6bfkqfywwa1pc5w22fz29h85qbat",,,,,,,,,,
"maths-12","03-integration","Integration","exercise-3-6","3.6 Definite Integrals as Signed Area","m174xrfzp5vs5xyxh28k73e6d58c7hch","xd71xw65h3jsshd6qwgzabbsj58c77y2","Exercise 3.6",,"false","# **Background and Explanation**

This problem requires integrating a piecewise function, where the definition of $f(x)$ changes at $x=1$. The key is to identify which expression for $f(x)$ applies to the interval of integration. When an interval crosses the boundary point, we use the additive property of definite integrals to split the integral into separate parts.

---

# **Solution**

## Part (i): $\displaystyle \int_{0}^{1} f(x) \, dx$

For the interval $[0,1]$, we have $x \leq 1$, so we use $f(x) = x$.

$$
\begin{aligned}
\int_{0}^{1} f(x) \, dx & =\int_{0}^{1} x \, dx \\
& =\left|\frac{x^{2}}{2}\right|_{0}^{1} \\
& =\frac{1}{2}\left((1)^{2}-(0)^{2}\right) \\
& =\frac{1}{2}(1-0) \\
& =\frac{1}{2}
\end{aligned}
$$

## Part (ii): $\displaystyle \int_{-1}^{1} f(x) \, dx$

For the interval $[-1,1]$, all values satisfy $x \leq 1$, so we use $f(x) = x$.

$$
\begin{aligned}
\int_{-1}^{1} f(x) \, dx & =\int_{-1}^{1} x \, dx \\
& =\left|\frac{x^{2}}{2}\right|_{-1}^{1} \\
& =\frac{1}{2}\left((1)^{2}-(-1)^{2}\right) \\
& =\frac{1}{2}(1-1) \\
& =\frac{1}{2}(0) \\
& =0
\end{aligned}
$$

## Part (iii): $\displaystyle \int_{1}^{4} f(x) \, dx$

For the interval $[1,4]$, we use the definition $f(x) = 3$ (valid for $x > 1$). Note that the single point $x=1$ where $f(1)=1$ does not affect the value of the definite integral.

$$
\begin{aligned}
\int_{1}^{4} f(x) \, dx & =\int_{1}^{4} 3 \, dx \\
& =3 \int_{1}^{4} 1 \, dx \\
& =3\left|x\right|_{1}^{4} \\
& =3(4-1) \\
& =3(3) \\
& =9
\end{aligned}
$$

## Part (iv): $\displaystyle \int_{-1}^{2} f(x) \, dx$

The interval $[-1,2]$ crosses the boundary at $x=1$. We split the integral into two parts: from $-1$ to $1$ (where $f(x)=x$) and from $1$ to $2$ (where $f(x)=3$).

$$
\begin{aligned}
\int_{-1}^{2} f(x) \, dx & =\int_{-1}^{1} f(x) \, dx+\int_{1}^{2} f(x) \, dx \\
& =\int_{-1}^{1} x \, dx+\int_{1}^{2} 3 \, dx \\
& =\left|\frac{x^{2}}{2}\right|_{-1}^{1}+3\left|x\right|_{1}^{2} \\
& =\frac{1}{2}\left((1)^{2}-(-1)^{2}\right)+3(2-1) \\
& =\frac{1}{2}(1-1)+3(1) \\
& =\frac{1}{2}(0)+3 \\
& =0+3 \\
& =3
\end{aligned}
$$

---

# **Key Formulas or Methods Used**

- **Power Rule for Integration:** $\displaystyle \int x \, dx = \frac{x^{2}}{2} + C$
- **Constant Rule for Integration:** $\displaystyle \int k \, dx = kx + C$ (where $k$ is a constant)
- **Additivity Property:** $\displaystyle \int_{a}^{c} f(x) \, dx = \int_{a}^{b} f(x) \, dx + \int_{b}^{c} f(x) \, dx$ for splitting integrals at boundary points
- **Fundamental Theorem of Calculus:** $\displaystyle \left|F(x)\right|_{a}^{b} = F(b) - F(a)$ for evaluating definite integrals

---

# **Summary of Steps**

1. **Identify the breakpoint:** Locate where the function definition changes ($x=1$).
2. **Analyze the interval:** Check if the integration interval lies entirely in $x \leq 1$, entirely in $x > 1$, or crosses both.
3. **Select the appropriate function:** Use $f(x)=x$ for intervals in $x \leq 1$, and $f(x)=3$ for intervals in $x > 1$.
4. **Split if necessary:** For intervals crossing $x=1$, break the integral into two separate integrals at $x=1$.
5. **Integrate and evaluate:** Apply the power rule or constant rule, then use the Fundamental Theorem of Calculus to compute the numerical value.","exercise","numerical","2","{""blockIndex"":8,""chapterNumber"":3,""page"":107,""subjectSlug"":""maths-12""}","Evaluate the integrals in each part when
$$f(x)=\begin{cases}x & \text{if } x \leq 1 \\ 3 & \text{if } x>1\end{cases}$$

(i) $\displaystyle \int_{0}^{1} f(x) \, dx$

(ii) $\displaystyle \int_{-1}^{1} f(x) \, dx$

(iii) $\displaystyle \int_{1}^{4} f(x) \, dx$

(iv) $\displaystyle \int_{-1}^{2} f(x) \, dx$

---","ms7a6bfkqfywwa1pc5w22fz29h85qbat",,,,,,,,,,
"maths-12","03-integration","Integration","exercise-3-6","3.6 Definite Integrals as Signed Area","m174nc8e422hjbh6nz43e14bv18c6cd7","xd71xw65h3jsshd6qwgzabbsj58c77y2","Exercise 3.6",,"false","# **Background and Explanation**

This problem demonstrates the geometric interpretation of definite integrals as the area under a curve. When $f(x) \geq 0$ on an interval $[a,b]$, the definite integral $\int_{a}^{b} f(x) d x$ represents the area bounded by the curve $y=f(x)$, the x-axis, and the vertical lines $x=a$ and $x=b$. Additionally, definite integrals satisfy the additive property over adjacent intervals.

---

# **Solution**

## Part (i): $\int_{a}^{b} f(x) d x$

From the figure, it is clear that the area between $a$ to $b$ is $A_{1}=2$. Since this region lies above the x-axis, the definite integral equals this geometric area:

$$\int_{a}^{b} f(x) d x = A_{1} = 2$$

## Part (ii): $\int_{b}^{c} f(x) d x$

From the figure, it is clear that the area between $b$ to $c$ is $A_{2}=3$. Therefore:

$$\int_{b}^{c} f(x) d x = A_{2} = 3$$

## Part (iii): $\int_{c}^{d} f(x) d x$

From the figure, it is clear that the area from $c$ to $d$ is $A_{3}=3.5$. Therefore:

$$\int_{c}^{d} f(x) d x = A_{3} = 3.5$$

## Part (iv): $\int_{a}^{c} f(x) d x$

To find the integral over the combined interval $[a, c]$, we apply the additive property of definite integrals by splitting the interval at point $b$:

$$
\begin{aligned}
\int_{a}^{c} f(x) d x & =\int_{a}^{b} f(x) d x+\int_{b}^{c} f(x) d x \\
& =2+(3) \quad(\text { Using part (i) \& (ii)) } \\
& =2+3 \\
& =5
\end{aligned}
$$

## Part (v): $\int_{b}^{d} f(x) d x$

Similarly, we split the interval $[b, d]$ at point $c$ and sum the areas from parts (ii) and (iii):

$$
\begin{aligned}
\int_{b}^{d} f(x) d x & =\int_{b}^{c} f(x) d x+\int_{c}^{d} f(x) d x \\
& =3+3.5 \\
& =6.5
\end{aligned}
$$

## Part (vi): $\int_{a}^{d} f(x) d x$

For the entire interval $[a, d]$, we decompose the integral into the sum of all three subintervals:

$$
\begin{aligned}
\int_{a}^{d} f(x) d x & =\int_{a}^{b} f(x) d x+\int_{b}^{c} f(x) d x+\int_{c}^{d} f(x) d x \\
& =2+(3)+3.5 \\
& =8.5
\end{aligned}
$$

---

# **Key Formulas or Methods Used**

- **Geometric interpretation of definite integrals**: $\int_{a}^{b} f(x) d x = \text{Area under curve from } a \text{ to } b$ (when $f(x) \geq 0$)
- **Additive property of definite integrals**: $\int_{a}^{c} f(x) d x = \int_{a}^{b} f(x) d x + \int_{b}^{c} f(x) d x$ for $a < b < c$
- **Interval decomposition**: Breaking larger intervals into smaller adjacent subintervals to compute total area

---

# **Summary of Steps**

1. Identify the three individual areas from the figure: $A_1 = 2$ (interval $[a,b]$), $A_2 = 3$ (interval $[b,c]$), and $A_3 = 3.5$ (interval $[c,d]$).
2. For single-interval integrals (parts i-iii), assign the corresponding area value directly to the integral.
3. For combined intervals (parts iv-vi), apply the additive property by splitting the integral at intermediate points ($b$ or $c$).
4. Substitute the known area values and sum them algebraically to obtain the final results (5, 6.5, and 8.5 respectively).","exercise","numerical","3","{""blockIndex"":9,""chapterNumber"":3,""page"":109,""subjectSlug"":""maths-12""}","Using the area shown below in the figure, evaluate the integrals:

(i) $\int_{a}^{b} f(x) d x$

(ii) $\int_{b}^{c} f(x) d x$

(iii) $\int_{c}^{d} f(x) d x$

(iv) $\int_{a}^{c} f(x) d x$

(v) $\int_{b}^{d} f(x) d x$

(vi) $\int_{a}^{d} f(x) d x$

---","ms7a6bfkqfywwa1pc5w22fz29h85qbat",,,,,,,,,,
"maths-12","03-integration","Integration","exercise-3-6","3.6 Definite Integrals as Signed Area","m17f0qm95aj6kv90nb8q0jp03x8c6c7y","xd71xw65h3jsshd6qwgzabbsj58c77y2","Exercise 3.6",,"false","# **Background and Explanation**

This problem applies the **linearity property of definite integrals**, which allows constants to be factored out and integrals to be distributed over addition and subtraction. This property is essential for breaking down complex integrals into simpler components.

---

# **Solution**

To evaluate this integral, we apply the linearity properties of definite integrals. Specifically, we use two key rules:
1. **Constant Multiple Rule**: $\int_{a}^{b} c \cdot f(x) \, dx = c\int_{a}^{b} f(x) \, dx$
2. **Difference Rule**: $\int_{a}^{b} [f(x) - g(x)] \, dx = \int_{a}^{b} f(x) \, dx - \int_{a}^{b} g(x) \, dx$

Applying these properties to separate the given integral into individual components:

$$
\begin{aligned}
\int_{1}^{5}[3 f(x)-2 g(x)] \, dx & = 3\int_{1}^{5} f(x) \, dx - 2\int_{1}^{5} g(x) \, dx \\
& = 3(4) - 2(5) \\
& = 12 - 10 \\
& = 2
\end{aligned}
$$

Thus, the value of the definite integral is $\boxed{2}$.

---

# **Key Formulas or Methods Used**

- **Linearity of Integration**: $\int_{a}^{b} [c_1 f(x) + c_2 g(x)] \, dx = c_1\int_{a}^{b} f(x) \, dx + c_2\int_{a}^{b} g(x) \, dx$
- **Constant Multiple Rule**: $\int_{a}^{b} k \cdot f(x) \, dx = k\int_{a}^{b} f(x) \, dx$ (where $k$ is a constant)
- **Integral of a Difference**: $\int_{a}^{b} [f(x) - g(x)] \, dx = \int_{a}^{b} f(x) \, dx - \int_{a}^{b} g(x) \, dx$

---

# **Summary of Steps**

1. **Apply linearity property**: Factor out the constants 3 and 2, splitting the single integral into a difference of two integrals:
   $$\int_{1}^{5}[3 f(x)-2 g(x)] \, dx = 3\int_{1}^{5} f(x) \, dx - 2\int_{1}^{5} g(x) \, dx$$

2. **Substitute given values**: Replace $\int_{1}^{5} f(x) \, dx$ with 4 and $\int_{1}^{5} g(x) \, dx$ with 5:
   $$3(4) - 2(5)$$

3. **Evaluate the expression**: Calculate $12 - 10 = 2$","exercise","unclassified","4","{""blockIndex"":9,""chapterNumber"":3,""page"":109,""subjectSlug"":""maths-12""}","Find: $\int_{1}^{5}[3 f(x)-2 g(x)] \, dx$ if $\int_{1}^{5} f(x) \, dx=4$ and $\int_{1}^{5} g(x) \, dx=5$

---","ms7a6bfkqfywwa1pc5w22fz29h85qbat",,,,,,,,,,
"maths-12","03-integration","Integration","exercise-3-6","3.6 Definite Integrals as Signed Area","m17azhsb9ehg4jvhvqwqhvjjv18c7d1h","xd71xw65h3jsshd6qwgzabbsj58c77y2","Exercise 3.6",,"false","# **Background and Explanation**

This problem relies on the **additive property of definite integrals**, which states that the integral over a larger interval can be decomposed into the sum of integrals over adjacent subintervals. This property is essential when we know the behavior of a function over specific segments but need to calculate the total accumulation over the combined range.

---

# **Solution**

The interval $[1, 4]$ can be split at the point $x = 2$ into two adjacent subintervals: $[1, 2]$ and $[2, 4]$. Since we are given the values of the integral over each of these subintervals, we can apply the additive property of definite integrals to find the total integral from $1$ to $4$.

Using the property that $\int_a^c f(x) \, dx = \int_a^b f(x) \, dx + \int_b^c f(x) \, dx$ where $a = 1$, $b = 2$, and $c = 4$:

$$
\begin{aligned}
\int_{1}^{4} f(x) \, dx & =\int_{1}^{2} f(x) \, dx+\int_{2}^{4} f(x) \, dx \\
& =1+2 \\
& =3
\end{aligned}
$$

Therefore, the value of the definite integral is $3$.

---

# **Key Formulas or Methods Used**

- **Additive Property of Definite Integrals**: $\displaystyle\int_a^c f(x) \, dx = \int_a^b f(x) \, dx + \int_b^c f(x) \, dx$ (where $a < b < c$)
- **Interval Decomposition**: Breaking a larger integration interval into contiguous subintervals at known boundary points

---

# **Summary of Steps**

1. Identify that the interval $[1, 4]$ can be split at $x = 2$ into the subintervals $[1, 2]$ and $[2, 4]$
2. Apply the additive property: $\displaystyle\int_{1}^{4} f(x) \, dx = \int_{1}^{2} f(x) \, dx + \int_{2}^{4} f(x) \, dx$
3. Substitute the given values: $1 + 2$
4. Calculate the final result: $3$","exercise","unclassified","5","{""blockIndex"":9,""chapterNumber"":3,""page"":109,""subjectSlug"":""maths-12""}","Find:
$$\int_{1}^{4} f(x) \, dx$$

given that:
$$\int_{1}^{2} f(x) \, dx = 1 \quad \text{and} \quad \int_{2}^{4} f(x) \, dx = 2$$

---","ms7a6bfkqfywwa1pc5w22fz29h85qbat",,,,,,,,,,
"maths-12","03-integration","Integration","exercise-3-6","3.6 Definite Integrals as Signed Area","m179brzn7z1ak6nncsvg5pgxj98c7kxc","xd71xw65h3jsshd6qwgzabbsj58c77y2","Exercise 3.6",,"false","# **Background and Explanation**

This problem tests your understanding of definite integral properties, specifically how to handle reversed limits of integration and how to combine integrals over adjacent intervals. You will need to apply the interval addition property to break the integral into pieces where values are known.

---

# **Solution**

We are asked to find $\int_{3}^{-2} f(x) \, dx$, but notice that the upper limit ($-2$) is less than the lower limit ($3$). This is an integral with reversed bounds.

**Step 1: Reverse the limits of integration**

When the upper limit is smaller than the lower limit, we can reverse the bounds by introducing a negative sign:

$$
\int_{3}^{-2} f(x) \, dx = -\int_{-2}^{3} f(x) \, dx
$$

This property allows us to work with a standard integral from $-2$ to $3$.

**Step 2: Split the integral using the interval addition property**

We can break the integral $\int_{-2}^{3} f(x) \, dx$ into two parts at any point between $-2$ and $3$. Since we know values at $x = 1$, we split there:

$$
-\int_{-2}^{3} f(x) \, dx = -\left[\int_{-2}^{1} f(x) \, dx + \int_{1}^{3} f(x) \, dx\right]
$$

**Step 3: Substitute the given values**

We are given that $\int_{-2}^{1} f(x) \, dx = 1$ and $\int_{1}^{3} f(x) \, dx = -5$. Substituting these values:

$$
= -[1 + (-5)]
$$

**Step 4: Simplify the arithmetic**

First, simplify inside the brackets:
$$
= -[1 - 5]
$$

$$
= -[-4]
$$

Finally, distribute the negative sign:
$$
= 4
$$

Therefore:

$$
\int_{3}^{-2} f(x) \, dx = 4
$$

---

# **Key Formulas or Methods Used**

- **Reversal of Limits:** $\displaystyle\int_{a}^{b} f(x) \, dx = -\int_{b}^{a} f(x) \, dx$
- **Interval Addition Property:** $\displaystyle\int_{a}^{c} f(x) \, dx = \int_{a}^{b} f(x) \, dx + \int_{b}^{c} f(x) \, dx$ (where $a < b < c$)
- **Definite Integral Evaluation:** Substituting known values and performing arithmetic operations

---

# **Summary of Steps**

1. Apply the reversal of limits property to convert $\int_{3}^{-2} f(x) \, dx$ to $-\int_{-2}^{3} f(x) \, dx$
2. Use the interval addition property to split $\int_{-2}^{3} f(x) \, dx$ into $\int_{-2}^{1} f(x) \, dx + \int_{1}^{3} f(x) \, dx$
3. Substitute the given values $1$ and $-5$ into the expression
4. Simplify: $-[1 + (-5)] = -[-4] = 4$","exercise","unclassified","6","{""blockIndex"":9,""chapterNumber"":3,""page"":109,""subjectSlug"":""maths-12""}","Find:

$$
\int_{3}^{-2} f(x) \, dx
$$

given that:

$$
\int_{-2}^{1} f(x) \, dx = 1 \quad \text{and} \quad \int_{1}^{3} f(x) \, dx = -5
$$

---","ms7a6bfkqfywwa1pc5w22fz29h85qbat",,,,,,,,,,
"maths-12","03-integration","Integration","exercise-3-6","3.6 Definite Integrals as Signed Area","m172pr345r64sc867ze72q5aax8c65qy","xd71xw65h3jsshd6qwgzabbsj58c77y2","Exercise 3.6",,"false","# **Background and Explanation**

Definite integrals represent the net area between a curve and the $x$-axis over a given interval. When the function graph forms simple geometric shapes (lines, circles, etc.), we can evaluate the integral using basic area formulas from geometry rather than direct integration. This requires identifying the graph, determining the relevant geometric regions, and applying area formulas for triangles, rectangles, and circles.

---

# **Solution**

## Part (i): $\int_{-1}^{4}(3-x) \, dx$

The function $y = 3 - x$ is a linear equation, so its graph is a straight line with slope $-1$.

First, identify key points on the line:
- At $x = -1$: $y = 4$, so the point is $(-1, 4)$
- At $x = 4$: $y = -1$, so the point is $(4, -1)$
- At $x = 3$: $y = 0$ (where the line crosses the $x$-axis)

The line crosses the $x$-axis at $x = 3$, dividing the interval $[-1, 4]$ into two regions:

**Region from $-1$ to $3$ (above $x$-axis):**
This forms a right triangle with base $= 4$ and height $= 4$.

**Region from $3$ to $4$ (below $x$-axis):**
This forms a right triangle with base $= 1$ and height $= 1$.

Calculating the total area:

$$
\begin{aligned}
\text{Required Area} &= \text{Area of } \triangle ACB + \text{Area of } \triangle CDE \\
&= \frac{1}{2}(4)(4) + \frac{1}{2}(1)(1) \\
&= 8 + \frac{1}{2} \\
&= \frac{17}{2} = 8.5 \text{ sq. units}
\end{aligned}
$$

**Check by Direct Integration:**

Since $y = 3-x > 0$ for $-1 < x < 3$ and $y = 3-x < 0$ for $3 < x < 4$, we split the integral:

$$
\text{Area} = \int_{-1}^{3}(3-x) \, dx + \left(-\int_{3}^{4}(3-x) \, dx\right)
$$

Evaluating step-by-step:

$$
\begin{aligned}
&= 3 \int_{-1}^{3} 1 \, dx - \int_{-1}^{3} x \, dx - 3 \int_{3}^{4} 1 \, dx + \int_{3}^{4} x \, dx \\
&= 3\left[x\right]_{-1}^{3} - \left[\frac{x^{2}}{2}\right]_{-1}^{3} - 3\left[x\right]_{3}^{4} + \left[\frac{x^{2}}{2}\right]_{3}^{4} \\
&= 3(3-(-1)) - \frac{1}{2}\left((3)^{2}-(-1)^{2}\right) - 3(4-3) + \frac{1}{2}\left((4)^{2}-(3)^{2}\right) \\
&= 3(4) - \frac{1}{2}(9-1) - 3(1) + \frac{1}{2}(16-9) \\
&= 12 - \frac{1}{2}(8) - 3 + \frac{1}{2}(7) \\
&= 12 - 4 - 3 + \frac{7}{2} \\
&= 5 + \frac{7}{2} \\
&= \frac{10+7}{2} \\
&= \frac{17}{2} \\
&= 8.5 \text{ sq. units}
\end{aligned}
$$

## Part (ii): $\int_{0}^{1}\left[2+\sqrt{1-x^{2}}\right] \, dx$

Split the integral into two separate terms:

$$
\int_{0}^{1}\left[2+\sqrt{1-x^{2}}\right] \, dx = \int_{0}^{1} 2 \, dx + \int_{0}^{1} \sqrt{1-x^{2}} \, dx
$$

**First term:** $\int_{0}^{1} 2 \, dx$

Here $y = 2$ is a line parallel to the $x$-axis. From the figure, the region from $0$ to $1$ forms a rectangle with base $= 1$ and height $= 2$.

$$
\begin{aligned}
\text{Area} &= (1) \times (2) \\
A_{1} &= 2
\end{aligned}
$$

**Second term:** $\int_{0}^{1} \sqrt{1-x^{2}} \, dx$

Here $y = \sqrt{1-x^{2}}$. Squaring both sides:

$$
\begin{aligned}
y^{2} &= 1-x^{2} \\
x^{2}+y^{2} &= 1
\end{aligned}
$$

This is the equation of a circle with center $(0,0)$ and radius $= 1$. The equation $y = \sqrt{1-x^{2}}$ represents the upper semi-circle. From the figure, the region from $0$ to $1$ is a quarter circle.

$$
\begin{aligned}
\text{Area} &= \frac{1}{4}(\text{Area of circle}) \\
A_{2} &= \frac{1}{4}\left(\pi r^{2}\right) \\
&= \frac{1}{4}\left(\pi(1)^{2}\right) \\
&= \frac{\pi}{4}
\end{aligned}
$$

**Total Area:**

$$
\begin{aligned}
\text{Required Area} &= A_{1}+A_{2} \\
&= 2+\frac{\pi}{4}
\end{aligned}
$$

**Check by Direct Integration:**

$$
\begin{aligned}
\text{Area} &= \int_{0}^{1}\left(2+\sqrt{1+x^{2}}\right) \, dx \\
&= 2 \int_{0}^{1} 1 \, dx + \int_{0}^{1} \sqrt{1-x^{2}} \, dx \\
&= 2\left[x\right]_{0}^{1} + \int_{0}^{1} \sqrt{(1)^{2}-(x)^{2}} \, dx \\
&= 2(1-0) + \left[\frac{x \sqrt{1-x^{2}}}{2}+\frac{1}{2} \sin^{-1}(x)\right]_{0}^{1}
\end{aligned}
$$

(Formula used: $\int \sqrt{a^{2}-x^{2}} \, dx = \frac{x \sqrt{a^{2}-x^{2}}}{2}+\frac{a^{2}}{2} \sin^{-1}\left(\frac{x}{a}\right)$)

$$
\begin{aligned}
&= 2(1) + \left[\left(\frac{1 \sqrt{1-1}}{2}+\frac{1}{2} \sin^{-1}(1)\right) - \left(\frac{0 \sqrt{1-0}}{2}+\frac{1}{2} \sin^{-1}(0)\right)\right] \\
&= 2 + \left[\left(0+\frac{1}{2}\left(\frac{\pi}{2}\right)\right) - \left(0+\frac{1}{2}(0)\right)\right] \\
&= 2 + \left[0+\frac{\pi}{4}-(0+0)\right] \\
&= 2+\frac{\pi}{4}
\end{aligned}
$$

## Part (iii): $\int_{2}^{2} \sqrt{x^{3}-4} \, dx$

As the integral represents the area under the curve, and if the interval has zero width (both limits are identical), then the area is zero.

$$
\text{Area} = 0
$$

**Check:**

$$
\text{Area} = \int_{2}^{2} \sqrt{x^{3}-4} \, dx
$$

Since both the upper and lower limits are the same, by the property of definite integrals:

$$
\int_{a}^{a} f(x) \, dx = 0
$$

Therefore:

$$
\text{Area} = 0
$$

---

# **Key Formulas or Methods Used**

- **Area of Triangle:** $\frac{1}{2} \times \text{base} \times \text{height}$
- **Area of Rectangle:** $\text{length} \times \text{width}$
- **Area of Circle:** $\pi r^{2}$ (quarter circle: $\frac{\pi r^{2}}{4}$)
- **Geometric Interpretation of Definite Integral:** $\int_{a}^{b} f(x) \, dx$ equals net area between curve and $x$-axis
- **Integration Formula:** $\int \sqrt{a^{2}-x^{2}} \, dx = \frac{x \sqrt{a^{2}-x^{2}}}{2}+\frac{a^{2}}{2} \sin^{-1}\left(\frac{x}{a}\right) + C$
- **Zero Interval Property:** $\int_{a}^{a} f(x) \, dx = 0$

---

# **Summary of Steps**

1. **Identify the graph:** Determine what geometric shape the function represents (line, circle, etc.) over the given interval.
2. **Find key points:** Calculate intercepts and boundaries to determine dimensions of geometric regions.
3. **Split if necessary:** If the function crosses the $x$-axis or changes behavior within the interval, break the integral into separate geometric regions.
4. **Apply area formulas:** Use standard geometric formulas (triangle, rectangle, circle areas) to calculate each component.
5. **Sum the areas:** Add the individual areas to obtain the total value of the integral.
6. **Verify (optional):** Confirm the result using direct integration techniques and fundamental theorem of calculus.","exercise","numerical","7","{""blockIndex"":9,""chapterNumber"":3,""page"":109,""subjectSlug"":""maths-12""}","Q7. Use appropriate formula from geometry to evaluate integrals:

(i) $\int_{-1}^{4}(3-x) \, dx$

(ii) $\int_{0}^{1}\left[2+\sqrt{1-x^{2}}\right] \, dx$

(iii) $\int_{2}^{2} \sqrt{x^{3}-4} \, dx$

---","ms7a6bfkqfywwa1pc5w22fz29h85qbat",,,,,,,,,,
"maths-12","03-integration","Integration","exercise-3-7","3.7 Definite Integration and the Fundamental Theorem of Calculus","m1785sr7jc3gw0tjasfnwv1q8d85qzrq",,,,"false","To evaluate $\int_{0}^{2} \frac{dx}{x^2 + 4}$, we use the standard formula $\int \frac{dx}{x^2+a^2} = \frac{1}{a}\tan^{-1}\left(\frac{x}{a}\right) + C$. Here $a^2 = 4$, so $a = 2$. Therefore: $\int_{0}^{2} \frac{dx}{x^2 + 4} = \left[\frac{1}{2}\tan^{-1}\left(\frac{x}{2}\right)\right]_{0}^{2} = \frac{1}{2}\tan^{-1}(1) - \frac{1}{2}\tan^{-1}(0) = \frac{1}{2} \cdot \frac{\pi}{4} - 0 = \frac{\pi}{8}$.",,"unclassified","8",,"Which one of the following results occurs from the integral $\int_{0}^{2} \frac{dx}{x^2 + 4}$?","ms781xa41b81wxrctexamzbz1h85p4p1","B","false","Federal Board","To evaluate $\int_{0}^{2} \frac{dx}{x^2 + 4}$, we use the standard formula $\int \frac{dx}{x^2+a^2} = \frac{1}{a}\tan^{-1}\left(\frac{x}{a}\right) + C$. Here $a^2 = 4$, so $a = 2$. Therefore: $\int_{0}^{2} \frac{dx}{x^2 + 4} = \left[\frac{1}{2}\tan^{-1}\left(\frac{x}{2}\right)\right]_{0}^{2} = \frac{1}{2}\tan^{-1}(1) - \frac{1}{2}\tan^{-1}(0) = \frac{1}{2} \cdot \frac{\pi}{4} - 0 = \frac{\pi}{8}$.","[""Identifies the standard formula $\\int \\frac{dx}{x^2+a^2} = \\frac{1}{a}\\tan^{-1}\\left(\\frac{x}{a}\\right) + C$"",""Correctly determines $a = 2$ from $x^2 + 4$"",""Applies the definite integral limits correctly"",""Evaluates $\\tan^{-1}(1) = \\frac{\\pi}{4}$ and $\\tan^{-1}(0) = 0$"",""Obtains final answer $\\frac{\\pi}{8}$""]","1","[{""key"":""A"",""text"":""$\\frac{\\pi}{6}$""},{""key"":""B"",""text"":""$\\frac{\\pi}{8}$""},{""key"":""C"",""text"":""$\\frac{\\pi}{4}$""},{""key"":""D"",""text"":""$\\frac{\\pi}{2}$""}]","MCQ","annual","2022"
"maths-12","03-integration","Integration","exercise-3-7","3.7 Definite Integration and the Fundamental Theorem of Calculus","m17epa1ge19kmz7w5r532y5t7s85pand",,,,"false","Using the linearity property of definite integrals, we have $\int_{0}^{2} (3f(x) + 4) dx = 3\int_{0}^{2} f(x) dx + \int_{0}^{2} 4 dx = 3(3) + 4(2-0) = 9 + 8 = 17$. Therefore, $k = 17$.",,"mcq","9",,"If $\int_{0}^{2} f(x) dx = 3$, then what is the value of $k$ if $\int_{0}^{2} (3f(x) + 4) dx = k$?","ms781xa41b81wxrctexamzbz1h85p4p1","B","true","Federal Board","Using the linearity property of definite integrals, we have $\int_{0}^{2} (3f(x) + 4) dx = 3\int_{0}^{2} f(x) dx + \int_{0}^{2} 4 dx = 3(3) + 4(2-0) = 9 + 8 = 17$. Therefore, $k = 17$.","[""Apply linearity property: $\\int (3f(x) + 4) dx = 3\\int f(x) dx + \\int 4 dx$"",""Substitute given value: $3\\int_{0}^{2} f(x) dx = 3(3) = 9$"",""Evaluate constant integral: $\\int_{0}^{2} 4 dx = 4[x]_{0}^{2} = 8$"",""Add results: $k = 9 + 8 = 17$""]","1","[{""key"":""A"",""text"":""11""},{""key"":""B"",""text"":""17""},{""key"":""C"",""text"":""20""},{""key"":""D"",""text"":""23""}]","MCQ","annual","2022"
"maths-12","03-integration","Integration","exercise-3-7","3.7 Definite Integration and the Fundamental Theorem of Calculus","m179ftw4fvbgbkrkfn2mwh466s8c6mtx","xd7bja6svxd5ksmc25dwmtmj6s8c6wq0","Exercise 3.7",,"false","# **Background and Explanation**

This problem involves computing a definite integral using the **linearity property of integration**, which allows us to integrate term by term. You will need the power rule for integration and the Fundamental Theorem of Calculus to evaluate the antiderivative at the given bounds.

---

# **Solution**

We begin by applying the linearity property of definite integrals, which states that $\int (af(x) + bg(x)) \, dx = a\int f(x) \, dx + b\int g(x) \, dx$. This allows us to separate the integral into two simpler parts:

$$\int_{-1}^{2}(2 x+3) \, d x = 2\int_{-1}^{2} x \, d x + 3\int_{-1}^{2} 1 \, d x$$

Next, we find the antiderivative of each term using the power rule $\int x^n \, dx = \frac{x^{n+1}}{n+1}$:
- The antiderivative of $x$ is $\frac{x^2}{2}$
- The antiderivative of $1$ is $x$

Applying the Fundamental Theorem of Calculus, we evaluate these antiderivatives at the upper bound ($2$) and lower bound ($-1$):

$$= 2\left[\frac{x^2}{2}\right]_{-1}^{2} + 3\left[x\right]_{-1}^{2}$$

In the first term, the coefficient $2$ and the denominator $2$ cancel each other:

$$= \left[x^2\right]_{-1}^{2} + 3\left[x\right]_{-1}^{2}$$

Now we substitute the bounds into each expression. For the first term: $(2)^2 - (-1)^2$. For the second term: $3 \times (2 - (-1))$:

$$= \left((2)^{2}-(-1)^{2}\right)+3(2-(-1))$$

Simplifying the arithmetic step by step:

$$= (4-1)+3(2+1)$$
$$= 3+3(3)$$
$$= 3+9$$
$$= 12$$

Therefore, the value of the definite integral is **12**.

---

# **Key Formulas or Methods Used**

- **Linearity of Integration**: $\displaystyle \int_{a}^{b} [cf(x) + dg(x)] \, dx = c\int_{a}^{b} f(x) \, dx + d\int_{a}^{b} g(x) \, dx$
- **Power Rule**: $\displaystyle \int x^n \, dx = \frac{x^{n+1}}{n+1}$ (for $n \neq -1$)
- **Fundamental Theorem of Calculus**: $\displaystyle \int_{a}^{b} f(x) \, dx = F(b) - F(a)$, where $F(x)$ is the antiderivative of $f(x)$

---

# **Summary of Steps**

1. **Separate the integral** using linearity: $2\int_{-1}^{2} x \, dx + 3\int_{-1}^{2} 1 \, dx$
2. **Integrate each term**: Find antiderivatives $\frac{x^2}{2}$ and $x$
3. **Apply FTC** (Fundamental Theorem of Calculus) and evaluate at bounds $2$ and $-1$
4. **Simplify**: $(4-1) + 3(3) = 3 + 9 = 12$","exercise","numerical","1",,"Evaluate the definite integral:

$$\int_{-1}^{2}(2 x+3) \, d x$$

---","ms781xa41b81wxrctexamzbz1h85p4p1",,,,,,,,,,
"maths-12","03-integration","Integration","exercise-3-7","3.7 Definite Integration and the Fundamental Theorem of Calculus","m176z2vj0ww055c5j116skaf2h8c6dg1","xd7bja6svxd5ksmc25dwmtmj6s8c6wq0","Exercise 3.7",,"false","# **Background and Explanation**

This problem requires the **method of substitution** (u-substitution) for definite integrals. The key insight is recognizing that the integrand contains a composite function $\cos(\sqrt{x})$ multiplied by the derivative of the inner function $\frac{1}{2\sqrt{x}}$, which allows for a natural change of variables to simplify the integral.

---

# **Solution**

Let $I$ denote the given integral:

$$I = \int_{1}^{4} \frac{\cos \sqrt{x}}{2 \sqrt{x}} \, dx$$

**Step 1: Choose the substitution**

Observe that the derivative of $\sqrt{x}$ is $\frac{1}{2\sqrt{x}}$, which appears as a factor in the integrand. This suggests the substitution:

$$t = \sqrt{x}$$

**Step 2: Transform the limits of integration**

When changing variables, we must convert the $x$-limits to $t$-limits:
- When $x = 1$: $t = \sqrt{1} = 1$
- When $x = 4$: $t = \sqrt{4} = 2$

**Step 3: Compute the differential**

Differentiating $t = \sqrt{x}$ with respect to $x$:

$$\frac{dt}{dx} = \frac{1}{2\sqrt{x}}$$

Rearranging gives:

$$\frac{1}{2\sqrt{x}} \, dx = dt$$

**Step 4: Rewrite and evaluate the integral**

Substituting $t = \sqrt{x}$, $dt = \frac{1}{2\sqrt{x}}\,dx$, and the new limits $t=1$ to $t=2$:

$$
\begin{aligned}
I &= \int_{1}^{2} \cos t \, dt \\
&= \left[ \sin t \right]_{1}^{2} \\
&= \sin 2 - \sin 1
\end{aligned}
$$

Therefore, the value of the integral is $\sin 2 - \sin 1$.

---

# **Key Formulas or Methods Used**

- **Substitution Rule for Definite Integrals:** $\int_{a}^{b} f(g(x))g'(x)\,dx = \int_{g(a)}^{g(b)} f(u)\,du$
- **Power Rule for Differentiation:** $\frac{d}{dx}(\sqrt{x}) = \frac{d}{dx}(x^{1/2}) = \frac{1}{2\sqrt{x}}$
- **Basic Trigonometric Integral:** $\int \cos(t)\,dt = \sin(t) + C$
- **Fundamental Theorem of Calculus:** $\int_{a}^{b} f(x)\,dx = F(b) - F(a)$, where $F$ is an antiderivative of $f$

---

# **Summary of Steps**

1. **Identify substitution:** Let $t = \sqrt{x}$ since $\frac{1}{2\sqrt{x}}$ (the derivative of $\sqrt{x}$) appears in the integrand.
2. **Change limits:** Convert $x=1$ to $t=1$ and $x=4$ to $t=2$.
3. **Find differential:** Establish that $dt = \frac{1}{2\sqrt{x}}\,dx$.
4. **Transform integral:** Rewrite as $\int_{1}^{2} \cos(t)\,dt$.
5. **Integrate:** Find antiderivative $\sin(t)$ and evaluate at bounds.
6. **Final evaluation:** Compute $\sin(2) - \sin(1)$.","exercise","numerical","10",,"Evaluate the definite integral:

$$\int_{1}^{4} \frac{\cos \sqrt{x}}{2 \sqrt{x}} \, dx$$

---","ms781xa41b81wxrctexamzbz1h85p4p1",,,,,,,,,,
"maths-12","03-integration","Integration","exercise-3-7","3.7 Definite Integration and the Fundamental Theorem of Calculus","m176nj138qh5jg6c7xze30sm5d8c6rhv","xd7bja6svxd5ksmc25dwmtmj6s8c6wq0","Exercise 3.7",,"false","# **Background and Explanation**

This problem involves integrating the product of sine and cosine functions over a specific interval. You can solve this using either the double-angle identity from trigonometry or by recognizing that $\cos x$ is the derivative of $\sin x$, allowing for a straightforward substitution.

---

# **Solution**

## Method 1: Using the Double-Angle Identity

We begin by applying the trigonometric identity $\sin 2x = 2\sin x \cos x$ to simplify the integrand.

$$
\begin{aligned}
\int_{\frac{\pi}{6}}^{\frac{\pi}{3}} \sin x \cos x \, dx & =\frac{1}{2} \int_{\pi / 6}^{\pi / 3} 2 \sin x \cos x \, dx \\
& =\frac{1}{2} \int_{\pi / 6}^{\pi / 3} \sin 2x \, dx
\end{aligned}
$$

Now we integrate $\sin 2x$ using the standard integral formula $\int \sin ax \, dx = -\frac{\cos ax}{a}$:

$$
\begin{aligned}
& =\frac{1}{2}\left[\frac{-\cos 2x}{2}\right]_{\pi / 6}^{\pi / 3} \\
& =\frac{-1}{4}\left[\cos 2x\right]_{\pi / 6}^{\pi / 3}
\end{aligned}
$$

Evaluate at the upper and lower limits:

$$
\begin{aligned}
& =\frac{-1}{4}\left[\cos \left(2 \cdot \frac{\pi}{3}\right)-\cos \left(2 \cdot \frac{\pi}{6}\right)\right] \\
& =\frac{-1}{4}\left(\cos \frac{2\pi}{3}-\cos \frac{\pi}{3}\right)
\end{aligned}
$$

Substitute the known values $\cos \frac{2\pi}{3} = -\frac{1}{2}$ and $\cos \frac{\pi}{3} = \frac{1}{2}$:

$$
\begin{aligned}
& =\frac{-1}{4}\left(-\frac{1}{2}-\frac{1}{2}\right) \\
& =\frac{-1}{4}\left(\frac{-1-1}{2}\right) \\
& =\frac{-1}{4}\left(\frac{-2}{2}\right) \\
& =\frac{-1}{4}(-1) \\
& =\frac{1}{4}
\end{aligned}
$$

## Method 2: Using Substitution (Power Rule)

Alternatively, recognize that $\cos x$ is the derivative of $\sin x$. We can rewrite the integral as:

$$\int_{\pi / 6}^{\pi / 3}(\sin x) \cdot \cos x \, dx$$

Using the formula $\int[f(x)]^{n} f^{\prime}(x) \, dx=\frac{[f(x)]^{n+1}}{n+1}$ where $f(x) = \sin x$, $f'(x) = \cos x$, and $n = 1$:

$$
\begin{aligned}
& =\left[\frac{\sin ^{2} x}{2}\right]_{\pi / 6}^{\pi / 3} \\
& =\frac{1}{2}\left[\sin ^{2}\left(\frac{\pi}{3}\right)-\sin ^{2}\left(\frac{\pi}{6}\right)\right]
\end{aligned}
$$

Substitute $\sin \frac{\pi}{3} = \frac{\sqrt{3}}{2}$ and $\sin \frac{\pi}{6} = \frac{1}{2}$:

$$
\begin{aligned}
& =\frac{1}{2}\left[\left(\frac{\sqrt{3}}{2}\right)^{2}-\left(\frac{1}{2}\right)^{2}\right] \\
& =\frac{1}{2}\left(\frac{3}{4}-\frac{1}{4}\right) \\
& =\frac{1}{2}\left(\frac{3-1}{4}\right) \\
& =\frac{1}{2}\left(\frac{2}{4}\right) \\
& =\frac{1}{2} \cdot \frac{1}{2} \\
& =\frac{1}{4}
\end{aligned}
$$

Both methods confirm that the value of the integral is $\boxed{\frac{1}{4}}$.

---

# **Key Formulas or Methods Used**

- **Double-angle identity**: $\sin 2x = 2\sin x \cos x$
- **Integration of sine**: $\int \sin ax \, dx = -\frac{\cos ax}{a} + C$
- **Power rule for integration**: $\int[f(x)]^{n} f^{\prime}(x) \, dx=\frac{[f(x)]^{n+1}}{n+1} + C$ (where $f'(x)$ is the derivative of $f(x)$)
- **Standard trigonometric values**:
  - $\cos \frac{\pi}{3} = \frac{1}{2}$, $\cos \frac{2\pi}{3} = -\frac{1}{2}$
  - $\sin \frac{\pi}{3} = \frac{\sqrt{3}}{2}$, $\sin \frac{\pi}{6} = \frac{1}{2}$

---

# **Summary of Steps**

1. **Identify the integral**: Definite integral of $\sin x \cos x$ from $\frac{\pi}{6}$ to $\frac{\pi}{3}$
2. **Method 1 - Double-angle**: Multiply and divide by 2 to create $\sin 2x$, integrate to get $-\frac{\cos 2x}{2}$, evaluate at bounds
3. **Method 2 - Substitution**: Recognize $\cos x \, dx$ as $d(\sin x)$, apply power rule to get $\frac{\sin^2 x}{2}$, evaluate at bounds
4. **Calculate**: Substitute trigonometric values and simplify to obtain final answer $\frac{1}{4}$","exercise","numerical","11",,"Evaluate the definite integral:

$$\int_{\frac{\pi}{6}}^{\frac{\pi}{3}} \sin x \cos x \, dx$$

---","ms781xa41b81wxrctexamzbz1h85p4p1",,,,,,,,,,
"maths-12","03-integration","Integration","exercise-3-7","3.7 Definite Integration and the Fundamental Theorem of Calculus","m17ffpvgy0q1qbvcbgqvcse72x8c66s0","xd7bja6svxd5ksmc25dwmtmj6s8c6wq0","Exercise 3.7",,"false","# **Background and Explanation**

This integral follows the pattern $\int [f(\theta)]^n \cdot f'(\theta) \, d\theta$ where the numerator is the derivative of the denominator's base function. Recognize that $\frac{d}{d\theta}(\theta + \sin \theta) = 1 + \cos \theta$, allowing direct application of the power rule for integration without explicit substitution.

---

# **Solution**

We evaluate this integral by recognizing that the numerator $(1+\cos\theta)$ is exactly the derivative of the expression $(\theta+\sin\theta)$ appearing in the denominator.

First, rewrite the integrand to make the pattern clearer:

$$\int_{\frac{\pi}{6}}^{\frac{\pi}{2}}(\theta+\sin \theta)^{-2} \cdot(1+\cos \theta) \, d \theta$$

Since $\frac{d}{d\theta}(\theta+\sin\theta) = 1+\cos\theta$, we can apply the power rule for integration $\int [f(\theta)]^n \cdot f'(\theta) \, d\theta = \frac{[f(\theta)]^{n+1}}{n+1}$ with $n = -2$:

$$
\begin{aligned}
\int_{\frac{\pi}{6}}^{\frac{\pi}{2}}(\theta+\sin \theta)^{-2} \cdot(1+\cos \theta) \, d \theta &= \left[\frac{(\theta+\sin \theta)^{-2+1}}{-2+1}\right]_{\frac{\pi}{6}}^{\frac{\pi}{2}} \\
&= \left[\frac{(\theta+\sin \theta)^{-1}}{-1}\right]_{\frac{\pi}{6}}^{\frac{\pi}{2}} \\
&= (-1)\left[\frac{1}{\theta+\sin \theta}\right]_{\frac{\pi}{6}}^{\frac{\pi}{2}}
\end{aligned}
$$

Now evaluate at the upper and lower limits:

$$
\begin{aligned}
&= (-1)\left[\frac{1}{\frac{\pi}{2}+\sin \frac{\pi}{2}}-\frac{1}{\frac{\pi}{6}+\sin \frac{\pi}{6}}\right] \\
&= (-1)\left[\frac{1}{\frac{\pi}{2}+1}-\frac{1}{\frac{\pi}{6}+\frac{1}{2}}\right] \\
&= (-1)\left[\frac{2}{\pi+2}-\frac{6}{\pi+3}\right] \\
&= \frac{-2}{\pi+2}+\frac{6}{\pi+3}
\end{aligned}
$$

To obtain a numerical approximation (using $\pi \approx 3.14$):

$$
\begin{aligned}
&= \frac{-2}{3.14+2}+\frac{6}{3.14+3} \\
&= \frac{-2}{5.14}+\frac{6}{6.14} \\
&\approx -0.3891+0.9771 \\
&\approx 0.588
\end{aligned}
$$

---

# **Key Formulas or Methods Used**

- **Power Rule for Integration:** $\int [f(x)]^{n} \cdot f'(x) \, dx = \frac{[f(x)]^{n+1}}{n+1} + C$ (for $n \neq -1$)
- **Special case:** $\int \frac{f'(x)}{[f(x)]^{2}} \, dx = -\frac{1}{f(x)} + C$
- **Fundamental Theorem of Calculus:** $\int_a^b f'(x) \, dx = f(b) - f(a)$

---

# **Summary of Steps**

1. **Identify the pattern:** Recognize that $1+\cos\theta = \frac{d}{d\theta}(\theta+\sin\theta)$
2. **Rewrite the integrand:** Express as $(\theta+\sin\theta)^{-2}(1+\cos\theta)$
3. **Apply the power rule:** Integrate to get $-\frac{1}{\theta+\sin\theta}$
4. **Evaluate at bounds:** Substitute $\theta = \frac{\pi}{2}$ and $\theta = \frac{\pi}{6}$
5. **Simplify:** Obtain $\frac{6}{\pi+3} - \frac{2}{\pi+2}$ (or combined as $\frac{4\pi+6}{(\pi+2)(\pi+3)}$)
6. **Calculate numerically:** Substitute $\pi \approx 3.14$ to get $\approx 0.588$","exercise","numerical","12",,"Evaluate the definite integral:

$$\int_{\frac{\pi}{6}}^{\frac{\pi}{2}} \frac{1+\cos \theta}{(\theta+\sin \theta)^{2}} d \theta$$

---","ms781xa41b81wxrctexamzbz1h85p4p1",,,,,,,,,,
"maths-12","03-integration","Integration","exercise-3-7","3.7 Definite Integration and the Fundamental Theorem of Calculus","m172884hj7jz49jbgfj735zgrh8c7mkp","xd7bja6svxd5ksmc25dwmtmj6s8c6wq0","Exercise 3.7",,"false","# **Background and Explanation**

This problem requires expanding a squared trigonometric expression and applying fundamental integration formulas for secant and tangent functions. You'll also need the Pythagorean identity $\tan^2 x = \sec^2 x - 1$ to simplify the integration.

---

# **Solution**

First, we expand the integrand using the algebraic identity $(a+b)^2 = a^2 + 2ab + b^2$:

$$(\sec x + \tan x)^2 = \sec^2 x + \tan^2 x + 2\sec x \tan x$$

Now we split the integral into three separate parts:

$$\int_{-\frac{\pi}{4}}^{\frac{\pi}{4}}(\sec x+\tan x)^{2} d x = \int_{-\pi / 4}^{\pi / 4} \sec ^{2} x \, d x+\int_{-\pi / 4}^{\pi / 4} \tan ^{2} x \, d x+2 \int_{-\pi / 4}^{\pi / 4} \sec x \tan x \, d x$$

**Evaluating the first integral:**

Since $\frac{d}{dx}(\tan x) = \sec^2 x$, we have:

$$\int_{-\pi / 4}^{\pi / 4} \sec ^{2} x \, d x = \left[\tan x\right]_{-\pi/4}^{\pi/4} = \tan\left(\frac{\pi}{4}\right) - \tan\left(-\frac{\pi}{4}\right) = 1 - (-1) = 2$$

**Evaluating the second integral:**

We use the identity $\tan^2 x = \sec^2 x - 1$ to rewrite this as:

$$\int_{-\pi / 4}^{\pi / 4} \tan ^{2} x \, d x = \int_{-\pi / 4}^{\pi / 4} (\sec^2 x - 1) \, d x = \int_{-\pi / 4}^{\pi / 4} \sec^2 x \, d x - \int_{-\pi / 4}^{\pi / 4} 1 \, d x$$

Computing each part:
- $\int_{-\pi / 4}^{\pi / 4} \sec^2 x \, d x = \left[\tan x\right]_{-\pi/4}^{\pi/4} = 1 - (-1) = 2$
- $\int_{-\pi / 4}^{\pi / 4} 1 \, d x = \left[x\right]_{-\pi/4}^{\pi/4} = \frac{\pi}{4} - \left(-\frac{\pi}{4}\right) = \frac{\pi}{2}$

Therefore:
$$\int_{-\pi / 4}^{\pi / 4} \tan ^{2} x \, d x = 2 - \frac{\pi}{2}$$

**Evaluating the third integral:**

Since $\frac{d}{dx}(\sec x) = \sec x \tan x$, we have:

$$2\int_{-\pi / 4}^{\pi / 4} \sec x \tan x \, d x = 2\left[\sec x\right]_{-\pi/4}^{\pi/4} = 2\left(\sec\left(\frac{\pi}{4}\right) - \sec\left(-\frac{\pi}{4}\right)\right)$$

Since $\sec(-x) = \sec(x)$ (secant is an even function), and $\sec(\frac{\pi}{4}) = \sqrt{2}$:

$$2\left(\sqrt{2} - \sqrt{2}\right) = 0$$

**Combining all results:**

Adding the three evaluated integrals together:

$$I = 2 + \left(2 - \frac{\pi}{2}\right) + 0 = 4 - \frac{\pi}{2}$$

Thus, the final answer is:

$$\boxed{4 - \frac{\pi}{2}}$$

---

# **Key Formulas or Methods Used**

- **Algebraic expansion:** $(a+b)^2 = a^2 + 2ab + b^2$
- **Pythagorean identity:** $\tan^2 x = \sec^2 x - 1$
- **Integration formulas:**
  - $\int \sec^2 x \, dx = \tan x + C$
  - $\int \sec x \tan x \, dx = \sec x + C$
  - $\int 1 \, dx = x + C$
- **Even function property:** $\sec(-x) = \sec(x)$
- **Evaluation notation:** $\left[F(x)\right]_a^b = F(b) - F(a)$

---

# **Summary of Steps**

1. **Expand** the squared term $(\sec x + \tan x)^2$ into $\sec^2 x + \tan^2 x + 2\sec x \tan x$
2. **Split** the integral into three separate definite integrals
3. **Apply identity** $\tan^2 x = \sec^2 x - 1$ to the second integral
4. **Integrate** each term:
   - $\sec^2 x \rightarrow \tan x$
   - $\tan^2 x \rightarrow \tan x - x$ (after identity substitution)
   - $\sec x \tan x \rightarrow \sec x$
5. **Evaluate** at bounds $-\frac{\pi}{4}$ and $\frac{\pi}{4}$, using $\tan(\frac{\pi}{4})=1$, $\tan(-\frac{\pi}{4})=-1$, and $\sec(\pm\frac{\pi}{4})=\sqrt{2}$
6. **Combine** results: $2 + (2 - \frac{\pi}{2}) + 0 = 4 - \frac{\pi}{2}$","exercise","numerical","13",,"Evaluate the definite integral:

$$\int_{-\frac{\pi}{4}}^{\frac{\pi}{4}}(\sec x+\tan x)^{2} d x$$

---","ms781xa41b81wxrctexamzbz1h85p4p1",,,,,,,,,,
"maths-12","03-integration","Integration","exercise-3-7","3.7 Definite Integration and the Fundamental Theorem of Calculus","m17fx7092m3a4egqksss833nt18c7a62","xd7bja6svxd5ksmc25dwmtmj6s8c6wq0","Exercise 3.7",,"false","# **Background and Explanation**

To integrate $\cos^2 x$, we cannot use the power rule directly. Instead, we apply the **power-reduction identity** to rewrite $\cos^2 x$ in terms of $\cos 2x$, which integrates easily using standard techniques.

---

# **Solution**

We begin by applying the trigonometric identity for $\cos^2 x$:

$$
\begin{aligned}
\int_{-\frac{\pi}{2}}^{\frac{\pi}{2}} \cos^{2} x \, dx &= \int_{-\pi/2}^{\pi/2} \frac{1+\cos 2x}{2} \, dx \quad \left(\because \cos^{2} x = \frac{1+\cos 2x}{2}\right) \\
&= \frac{1}{2} \int_{-\pi/2}^{\pi/2} (1+\cos 2x) \, dx
\end{aligned}
$$

Next, we split the integral into two parts and integrate each term separately:

$$
\begin{aligned}
&= \frac{1}{2}\left[\int_{-\pi/2}^{\pi/2} 1 \, dx + \int_{-\pi/2}^{\pi/2} \cos 2x \, dx\right] \\
&= \frac{1}{2}\left[\left[x\right]_{-\pi/2}^{\pi/2} + \left[\frac{\sin 2x}{2}\right]_{-\pi/2}^{\pi/2}\right]
\end{aligned}
$$

Now we evaluate at the upper and lower limits. For the first term: $x$ evaluated from $-\frac{\pi}{2}$ to $\frac{\pi}{2}$ gives $\frac{\pi}{2} - (-\frac{\pi}{2}) = \pi$. For the second term, we substitute the bounds into $\frac{\sin 2x}{2}$:

$$
\begin{aligned}
&= \frac{1}{2}\left[\left(\frac{\pi}{2} - \left(-\frac{\pi}{2}\right)\right) + \frac{1}{2}\left(\sin(\pi) - \sin(-\pi)\right)\right] \\
&= \frac{1}{2}\left[\left(\frac{\pi}{2} + \frac{\pi}{2}\right) + \frac{1}{2}(0 - 0)\right] \quad (\because \sin(\pi) = 0 \text{ and } \sin(-\pi) = 0) \\
&= \frac{1}{2}\left[\pi + 0\right] \\
&= \frac{\pi}{2}
\end{aligned}
$$

Therefore, the value of the integral is $\boxed{\frac{\pi}{2}}$.

---

# **Key Formulas or Methods Used**

- **Power-reduction formula:** $\cos^2 x = \frac{1 + \cos 2x}{2}$
- **Constant integration:** $\int 1 \, dx = x + C$
- **Cosine integration:** $\int \cos(ax) \, dx = \frac{\sin(ax)}{a} + C$
- **Sine values at multiples of $\pi$:** $\sin(\pi) = \sin(-\pi) = 0$
- **Definite integral evaluation:** $\left[F(x)\right]_{a}^{b} = F(b) - F(a)$

---

# **Summary of Steps**

1. **Apply identity:** Replace $\cos^2 x$ with $\frac{1+\cos 2x}{2}$ and factor out $\frac{1}{2}$
2. **Split integral:** Separate into $\int 1 \, dx$ and $\int \cos 2x \, dx$
3. **Integrate:** Find antiderivatives $x$ and $\frac{\sin 2x}{2}$ respectively
4. **Evaluate bounds:** Calculate $\left[x\right]_{-\pi/2}^{\pi/2} = \pi$ and $\frac{1}{2}[\sin 2x]_{-\pi/2}^{\pi/2} = 0$
5. **Combine:** Multiply by the outer factor of $\frac{1}{2}$ to get $\frac{1}{2}(\pi + 0) = \frac{\pi}{2}$","exercise","numerical","14",,"Evaluate the definite integral:

$$\int_{-\frac{\pi}{2}}^{\frac{\pi}{2}} \cos^{2} x \, dx$$

---","ms781xa41b81wxrctexamzbz1h85p4p1",,,,,,,,,,
"maths-12","03-integration","Integration","exercise-3-7","3.7 Definite Integration and the Fundamental Theorem of Calculus","m170g3g1mac3q5ekxzyetrtxex8c6103","xd7bja6svxd5ksmc25dwmtmj6s8c6wq0","Exercise 3.7",,"false","# **Background and Explanation**

This problem requires **integration by parts**, a technique for integrating products of functions. Since $\ln x$ does not have an elementary antiderivative on its own, we rewrite it as the product $\ln x \cdot 1$ and apply the integration by parts formula.

---

# **Solution**

To evaluate $\int_{1}^{3} \ln x \, dx$, we use integration by parts. The key insight is to treat $\ln x$ as a product with the constant function $1$:

$$\int_{1}^{3} \ln x \, dx = \int_{1}^{3} \ln x \cdot 1 \, dx$$

**Setting up integration by parts:**

Let $u = \ln x$ and $v = 1$ (where $v$ is the second function to be integrated).

Recall the integration by parts formula for definite integrals:
$$\int_{a}^{b} u \, v \, dx = \left[u \cdot \int v \, dx - \int \left(\int v \, dx\right) \cdot \frac{du}{dx} \, dx\right]_{a}^{b}$$

**Applying the formula:**

$$
\begin{aligned}
\int_{1}^{3} \ln x \, dx &= \left[\ln x \cdot \int 1 \, dx - \int \left(\int 1 \, dx\right) \times \frac{d}{dx}(\ln x) \, dx\right]_{1}^{3} \\
&= \left[\ln x \cdot x - \int x \cdot \frac{1}{x} \, dx\right]_{1}^{3} \\
&= \left[x \ln x - \int 1 \, dx\right]_{1}^{3} \\
&= \left[x \ln x - x\right]_{1}^{3}
\end{aligned}
$$

**Evaluating at the bounds:**

Now we substitute the upper limit ($x=3$) and lower limit ($x=1$):

$$
\begin{aligned}
&= (3 \ln 3 - 3) - (1 \cdot \ln 1 - 1) \\
&= 3 \ln 3 - 3 - (0 - 1) \quad (\text{since } \ln 1 = 0) \\
&= 3 \ln 3 - 3 + 1 \\
&= 3 \ln 3 - 2
\end{aligned}
$$

Therefore, the value of the integral is $\boxed{3 \ln 3 - 2}$.

---

# **Key Formulas or Methods Used**

- **Integration by parts formula:** $\displaystyle \int u \, dv = uv - \int v \, du$ (or equivalently $\int u \cdot v \, dx = u \int v \, dx - \int \left(\int v \, dx\right) u' \, dx$)
- **Derivative of natural logarithm:** $\displaystyle \frac{d}{dx}(\ln x) = \frac{1}{x}$
- **Logarithm property:** $\ln 1 = 0$
- **Power rule:** $\displaystyle \int 1 \, dx = x$

---

# **Summary of Steps**

1. Rewrite the integrand as $\ln x \cdot 1$ to prepare for integration by parts
2. Set $u = \ln x$ (to differentiate) and $dv = dx$ (so $v = x$)
3. Apply integration by parts: $\displaystyle \int \ln x \, dx = x\ln x - \int x \cdot \frac{1}{x} \, dx$
4. Simplify the remaining integral: $\displaystyle \int 1 \, dx = x$
5. Obtain the antiderivative: $x\ln x - x$
6. Evaluate the definite integral using the Fundamental Theorem of Calculus: $\left[x\ln x - x\right]_{1}^{3}$
7. Substitute bounds and simplify: $(3\ln 3 - 3) - (0 - 1) = 3\ln 3 - 2$","exercise","numerical","15",,"Evaluate the definite integral:

$$\int_{1}^{3} \ln x \, dx$$

---","ms781xa41b81wxrctexamzbz1h85p4p1",,,,,,,,,,
"maths-12","03-integration","Integration","exercise-3-7","3.7 Definite Integration and the Fundamental Theorem of Calculus","m17bcdb7rd8c64bgmmgqbwqsp58c708e","xd7bja6svxd5ksmc25dwmtmj6s8c6wq0","Exercise 3.7",,"false","# **Background and Explanation**

This problem involves integrating exponential functions where the exponent contains a linear function of $x$ (i.e., $ax$ form). You will apply the standard integration formula for $e^{ax}$ and evaluate the result using the Fundamental Theorem of Calculus.

---

# **Solution**

We solve this by applying the linearity property of integrals and the exponential integration formula.

**Step 1:** Use linearity to split the integral into two separate integrals:
$$\int_{2}^{4}\left(e^{\frac{x}{2}}-e^{\frac{x}{4}}\right) d x = \int_{2}^{4} e^{x / 2} \, d x - \int_{2}^{4} e^{x / 4} \, d x$$

**Step 2:** Apply the integration formula $\int e^{a x} d x=\frac{e^{a x}}{a}$ to each term.

For the first integral, $a = \frac{1}{2}$, so the antiderivative is $\frac{e^{x/2}}{1/2} = 2e^{x/2}$.
For the second integral, $a = \frac{1}{4}$, so the antiderivative is $\frac{e^{x/4}}{1/4} = 4e^{x/4}$.

Using evaluation notation $\left. F(x) \right|_{a}^{b}$ to denote $F(b) - F(a)$:
$$=\left.\frac{e^{x / 2}}{1 / 2}\right|_{2} ^{4}-\left.\frac{e^{x / 4}}{1 / 4}\right|_{2} ^{4} \quad\left(\text{Formula: } \int e^{a x} d x=\frac{e^{a x}}{a}\right)$$

Simplify the constant coefficients:
$$=2\left.e^{x / 2}\right|_{2} ^{4}-4\left.e^{x / 4}\right|_{2} ^{4}$$

**Step 3:** Evaluate at the upper limit ($x=4$) and lower limit ($x=2$):
$$=2\left(e^{4 / 2}-e^{2 / 2}\right)-4\left(e^{4 / 4}-e^{2 / 4}\right)$$

Simplify the exponents:
$$=2\left(e^{2}-e\right)-4\left(e-e^{1 / 2}\right)$$

**Step 4:** Distribute the coefficients and combine like terms:
$$=2 e^{2}-2 e-4 e+4 e^{1 / 2}$$

$$=2 e^{2}-6 e+4 e^{1 / 2}$$

Therefore, the value of the integral is $2e^{2} - 6e + 4\sqrt{e}$.

---

# **Key Formulas or Methods Used**

- **Linearity of Integration:** $\int (f(x) - g(x)) \, dx = \int f(x) \, dx - \int g(x) \, dx$
- **Exponential Integration:** $\int e^{ax} \, dx = \frac{e^{ax}}{a} + C$ (for $a \neq 0$)
- **Fundamental Theorem of Calculus:** $\int_{a}^{b} f(x) \, dx = \left. F(x) \right|_{a}^{b} = F(b) - F(a)$
- **Evaluation Notation:** $\left. F(x) \right|_{a}^{b}$ represents the antiderivative evaluated from $a$ to $b$

---

# **Summary of Steps**

1. **Separate the integral** into two parts using the difference rule for integration
2. **Integrate each exponential** using the formula $\int e^{ax} dx = \frac{e^{ax}}{a}$, giving coefficients $2$ and $4$ respectively
3. **Apply the limits** by substituting $x=4$ and $x=2$ into each antiderivative and subtracting (upper minus lower)
4. **Simplify algebraically** by distributing the constants and combining the $e$ terms to get the final answer $2e^{2} - 6e + 4e^{1/2}$","exercise","numerical","16",,"Evaluate the definite integral:
$$\int_{2}^{4}\left(e^{\frac{x}{2}}-e^{\frac{x}{4}}\right) d x$$

---","ms781xa41b81wxrctexamzbz1h85p4p1",,,,,,,,,,
"maths-12","03-integration","Integration","exercise-3-7","3.7 Definite Integration and the Fundamental Theorem of Calculus","m170wyv2kes8mahjp7nasdv3f58c7yad","xd7bja6svxd5ksmc25dwmtmj6s8c6wq0","Exercise 3.7",,"false","# **Background and Explanation**

This problem involves integrating a rational trigonometric function where the denominator contains a single sine term. The standard approach is to rationalize the denominator by multiplying by the conjugate $(1+\sin x)$, which converts the expression into terms of $\sec x$ and $\tan x$ that have straightforward antiderivatives.

---

# **Solution**

To evaluate this integral, we use the technique of rationalizing the denominator to eliminate the problematic $1-\sin x$ term in the denominator.

**Step 1: Rationalize the integrand**

Multiply the numerator and denominator by the conjugate $(1+\sin x)$:

$$
\begin{aligned}
I &= \int_{0}^{\pi / 4} \frac{1}{1-\sin x} \times \frac{1+\sin x}{1+\sin x} \, dx \\
&= \int_{0}^{\pi / 4} \frac{1+\sin x}{1-\sin ^{2} x} \, dx
\end{aligned}
$$

**Step 2: Apply the Pythagorean identity**

Using the identity $1-\sin^2 x = \cos^2 x$, we simplify the denominator:

$$
I = \int_{0}^{\pi / 4} \frac{1+\sin x}{\cos ^{2} x} \, dx
$$

**Step 3: Split the fraction and convert to secant/tangent form**

Separate the fraction into two terms and express them using $\sec x$ and $\tan x$:

$$
\begin{aligned}
I &= \int_{0}^{\pi / 4}\left(\frac{1}{\cos ^{2} x}+\frac{\sin x}{\cos ^{2} x}\right) \, dx \\
&= \int_{0}^{\pi / 4}\left(\sec ^{2} x+\sec x \tan x\right) \, dx
\end{aligned}
$$

Note that $\frac{1}{\cos^2 x} = \sec^2 x$ and $\frac{\sin x}{\cos^2 x} = \frac{1}{\cos x} \cdot \frac{\sin x}{\cos x} = \sec x \tan x$.

**Step 4: Integrate term by term**

Split the integral and apply standard integration formulas:

$$
I = \int_{0}^{\pi / 4} \sec ^{2} x \, dx+\int_{0}^{\pi / 4} \sec x \tan x \, dx
$$

Using the standard results $\int \sec^2 x \, dx = \tan x$ and $\int \sec x \tan x \, dx = \sec x$:

$$
I = \left[\tan x\right]_{0}^{\pi / 4}+\left[\sec x\right]_{0}^{\pi / 4}
$$

**Step 5: Evaluate the definite integral**

Substitute the upper and lower limits:

$$
\begin{aligned}
I &= \left(\tan \frac{\pi}{4}-\tan 0\right)+\left(\sec \frac{\pi}{4}-\sec 0\right) \\
&= (1-0)+(\sqrt{2}-1) \\
&= 1 - 0 + \sqrt{2} - 1 \\
&= \sqrt{2}
\end{aligned}
$$

Therefore, the value of the integral is $\sqrt{2}$.

---

# **Key Formulas or Methods Used**

- **Rationalization technique**: $\displaystyle \frac{1}{1-\sin x} \cdot \frac{1+\sin x}{1+\sin x} = \frac{1+\sin x}{1-\sin^2 x}$
- **Pythagorean identity**: $1-\sin^2 x = \cos^2 x$
- **Trigonometric conversions**: $\frac{1}{\cos^2 x} = \sec^2 x$ and $\frac{\sin x}{\cos^2 x} = \sec x \tan x$
- **Standard integrals**:
  - $\displaystyle \int \sec^2 x \, dx = \tan x + C$
  - $\displaystyle \int \sec x \tan x \, dx = \sec x + C$
- **Evaluation values**: $\tan(\pi/4) = 1$, $\tan(0) = 0$, $\sec(\pi/4) = \sqrt{2}$, $\sec(0) = 1$

---

# **Summary of Steps**

1. **Rationalize**: Multiply numerator and denominator by $(1+\sin x)$ to eliminate the radical-like denominator
2. **Simplify**: Apply the identity $1-\sin^2 x = \cos^2 x$ to the denominator
3. **Decompose**: Split $\frac{1+\sin x}{\cos^2 x}$ into $\sec^2 x + \sec x \tan x$
4. **Integrate**: Apply standard formulas to get $\tan x + \sec x$ evaluated from $0$ to $\pi/4$
5. **Calculate**: Substitute bounds: $(1 + \sqrt{2}) - (0 + 1) = \sqrt{2}$","exercise","numerical","17",,"Evaluate the definite integral:

$$\int_{0}^{\frac{\pi}{4}} \frac{1}{1-\sin x} \, dx$$

---","ms781xa41b81wxrctexamzbz1h85p4p1",,,,,,,,,,
"maths-12","03-integration","Integration","exercise-3-7","3.7 Definite Integration and the Fundamental Theorem of Calculus","m173jh8v3amn9av9bhaadbd64h8c74mm","xd7bja6svxd5ksmc25dwmtmj6s8c6wq0","Exercise 3.7",,"false","# **Background and Explanation**

This problem requires **integration by parts**, a technique based on the product rule for differentiation. Since $\tan^{-1} y$ doesn't have an elementary antiderivative that is immediately obvious, we treat this as a product of $\tan^{-1} y$ and $1$, choosing $u = \tan^{-1} y$ to simplify through differentiation.

---

# **Solution**

We begin by rewriting the integrand to explicitly show the product form suitable for integration by parts:

$$\int_{0}^{\frac{\pi}{4}} \tan^{-1} y \, dy = \int_{0}^{\pi / 4} \tan^{-1} y \cdot 1 \, dy$$

**Applying integration by parts** using the formula $\int u \, dv = uv - \int v \, du$:

Choose:
- $u = \tan^{-1} y \quad \Rightarrow \quad du = \frac{1}{1+y^{2}} dy$
- $dv = 1 \, dy \quad \Rightarrow \quad v = y$

Substituting into the integration by parts formula:

$$= \left[\tan^{-1} y \int 1 \, dy - \int\left(\int 1 \, dy\right) \frac{d}{dy}\left(\tan^{-1} y\right) dy\right]_{0}^{\pi / 4}$$

$$= \left[\tan^{-1} y \cdot y - \int y \cdot \frac{1}{1+y^{2}} dy\right]_{0}^{\pi / 4}$$

$$= \left[y \tan^{-1} y\right]_{0}^{\pi / 4} - \int_{0}^{\pi / 4} \frac{y}{1+y^{2}} dy$$

**Evaluating the first term** and simplifying the remaining integral:

$$= \left(\frac{\pi}{4} \tan^{-1} \frac{\pi}{4} - 0 \cdot \tan^{-1}(0)\right) - \frac{1}{2} \int_{0}^{\pi / 4} \frac{2 y}{1+y^{2}} dy$$

$$= \left(\frac{\pi}{4}(1) - 0\right) - \frac{1}{2}\left[\ln \left(1+y^{2}\right)\right]_{0}^{\pi / 4}$$

**Evaluating the definite integral:**

$$= \frac{\pi}{4} - \frac{1}{2}\left[\ln \left(1+\left(\frac{\pi}{4}\right)^{2}\right) - \ln (1+0)\right]$$

$$= \frac{\pi}{4} - \frac{1}{2}\left[\ln \left(1+\frac{\pi^{2}}{16}\right) - \ln 1\right]$$

$$= \frac{\pi}{4} - \frac{1}{2}\left[\ln \left(\frac{16+\pi^{2}}{16}\right) - 0\right]$$

$$= \frac{\pi}{4} - \frac{1}{2} \ln \left(\frac{16+\pi^{2}}{16}\right)$$

---

# **Key Formulas or Methods Used**

- **Integration by Parts**: $\displaystyle \int u \, dv = uv - \int v \, du$
- **Derivative of Inverse Tangent**: $\displaystyle \frac{d}{dy}(\tan^{-1} y) = \frac{1}{1+y^{2}}$
- **Logarithmic Integration**: $\displaystyle \int \frac{f'(y)}{f(y)} \, dy = \ln|f(y)| + C$ (specifically, recognizing $\frac{2y}{1+y^2}$ as the derivative of $\ln(1+y^2)$)
- **Logarithm Properties**: $\ln(a) - \ln(b) = \ln\left(\frac{a}{b}\right)$ and $\ln(1) = 0$

---

# **Summary of Steps**

1. Rewrite the integral as $\int_{0}^{\pi/4} \tan^{-1} y \cdot 1 \, dy$ to prepare for integration by parts
2. Choose $u = \tan^{-1} y$ (to differentiate) and $dv = dy$ (to integrate), giving $v = y$ and $du = \frac{1}{1+y^2}dy$
3. Apply the integration by parts formula: $\left[y \tan^{-1} y\right]_{0}^{\pi/4} - \int_{0}^{\pi/4} \frac{y}{1+y^2} dy$
4. Evaluate the boundary term: $\frac{\pi}{4}\tan^{-1}\left(\frac{\pi}{4}\right) - 0$
5. For the remaining integral, multiply and divide by 2 to get $\frac{1}{2}\int \frac{2y}{1+y^2}dy = \frac{1}{2}\ln(1+y^2)$
6. Evaluate the definite integral from $0$ to $\frac{\pi}{4}$: $\frac{1}{2}\left[\ln\left(1+\frac{\pi^2}{16}\right) - \ln(1)\right]$
7. Combine terms and simplify using logarithm properties to get the final result: $\frac{\pi}{4} - \frac{1}{2}\ln\left(\frac{16+\pi^2}{16}\right)$","exercise","numerical","18",,"Evaluate the definite integral:

$$\int_{0}^{\frac{\pi}{4}} \tan^{-1} y \, dy$$

---","ms781xa41b81wxrctexamzbz1h85p4p1",,,,,,,,,,
"maths-12","03-integration","Integration","exercise-3-7","3.7 Definite Integration and the Fundamental Theorem of Calculus","m17d7smgcx4qee3j7dnejv7xvs8c7w1f","xd7bja6svxd5ksmc25dwmtmj6s8c6wq0","Exercise 3.7",,"false","# **Background and Explanation**

This problem combines **integration by substitution** with **partial fraction decomposition**. The presence of $\sin x$ in the numerator and $\cos x$ in the denominator suggests substituting $t = \cos x$, while the product of linear factors in the denominator calls for breaking the rational function into simpler fractions.

---

# **Solution**

Let $I$ denote the integral:

$$I = \int_{0}^{\frac{\pi}{2}} \frac{\sin x}{(2+\cos x)(5+\cos x)} \, dx$$

## Step 1: Substitution

Put $\cos x = t$. Differentiating gives $-\sin x \, dx = dt$, or equivalently $\sin x \, dx = -dt$.

Change the limits of integration:
- When $x = 0$, $t = \cos(0) = 1$
- When $x = \frac{\pi}{2}$, $t = \cos\left(\frac{\pi}{2}\right) = 0$

Substituting into the integral:

$$I = \int_{1}^{0} \frac{-dt}{(2+t)(5+t)}$$

Using the property $\int_{a}^{b} f(x) \, dx = -\int_{b}^{a} f(x) \, dx$ to reverse the limits and cancel the negative signs:

$$I = \int_{0}^{1} \frac{1}{(2+t)(5+t)} \, dt$$

## Step 2: Partial Fraction Decomposition

We express the integrand as partial fractions:

$$\frac{1}{(2+t)(5+t)} = \frac{A}{2+t} + \frac{B}{5+t}$$

Multiplying both sides by $(2+t)(5+t)$:

$$1 = A(5+t) + B(2+t)$$

**Finding $A$:** Put $t = -2$:
$$1 = A(5-2) + B(0) \Rightarrow 1 = 3A \Rightarrow A = \frac{1}{3}$$

**Finding $B$:** Put $t = -5$:
$$1 = A(0) + B(2-5) \Rightarrow 1 = -3B \Rightarrow B = -\frac{1}{3}$$

Substituting back:

$$\frac{1}{(2+t)(5+t)} = \frac{1}{3(2+t)} - \frac{1}{3(5+t)}$$

## Step 3: Integration

Now the integral becomes:

$$I = \int_{0}^{1} \left(\frac{1}{3(2+t)} - \frac{1}{3(5+t)}\right) dt$$

Split and factor out constants:

$$I = \frac{1}{3} \int_{0}^{1} \frac{1}{2+t} \, dt - \frac{1}{3} \int_{0}^{1} \frac{1}{5+t} \, dt$$

Integrate using $\int \frac{1}{u} \, du = \ln|u|$:

$$I = \frac{1}{3} \left[\ln|2+t|\right]_{0}^{1} - \frac{1}{3} \left[\ln|5+t|\right]_{0}^{1}$$

## Step 4: Evaluation and Simplification

Apply the limits $t = 1$ and $t = 0$:

$$I = \frac{1}{3}[\ln(3) - \ln(2)] - \frac{1}{3}[\ln(6) - \ln(5)]$$

Factor out $\frac{1}{3}$ and rearrange terms:

$$I = \frac{1}{3}\left[\ln 3 - \ln 2 - \ln 6 + \ln 5\right]$$

Combine using logarithm properties $\ln a + \ln b = \ln(ab)$ and $\ln a - \ln b = \ln\left(\frac{a}{b}\right)$:

$$I = \frac{1}{3}\left[\ln\left(\frac{3 \times 5}{2 \times 6}\right)\right] = \frac{1}{3}\left[\ln\left(\frac{15}{12}\right)\right] = \frac{1}{3}\ln\left(\frac{5}{4}\right)$$

---

# **Key Formulas or Methods Used**

- **Substitution Rule:** $\int f(g(x))g'(x)\,dx = \int f(u)\,du$ where $u = g(x)$
- **Partial Fractions (distinct linear factors):** $\frac{1}{(x+a)(x+b)} = \frac{1}{b-a}\left(\frac{1}{x+a} - \frac{1}{x+b}\right)$
- **Logarithmic Integration:** $\int \frac{1}{x}\,dx = \ln|x| + C$
- **Definite Integral Property:** $\int_{a}^{b} f(x)\,dx = -\int_{b}^{a} f(x)\,dx$
- **Logarithm Properties:** $\ln a - \ln b = \ln\left(\frac{a}{b}\right)$ and $\ln a + \ln b = \ln(ab)$

---

# **Summary of Steps**

1. **Substitute** $\cos x = t$ with $\sin x\,dx = -dt$, changing limits from $[0, \frac{\pi}{2}]$ to $[1, 0]$
2. **Reverse limits** to eliminate the negative sign, obtaining $\int_{0}^{1} \frac{dt}{(2+t)(5+t)}$
3. **Decompose** using partial fractions: $\frac{1}{(2+t)(5+t)} = \frac{1}{3(2+t)} - \frac{1}{3(5+t)}$
4. **Integrate** term by term to get $\frac{1}{3}[\ln(2+t)]_{0}^{1} - \frac{1}{3}[\ln(5+t)]_{0}^{1}$
5. **Evaluate** at bounds: $\frac{1}{3}[(\ln 3 - \ln 2) - (\ln 6 - \ln 5)]$
6. **Simplify** logarithms to final answer: $\frac{1}{3}\ln\left(\frac{5}{4}\right)$","exercise","numerical","19",,"Evaluate the definite integral:

$$\int_{0}^{\frac{\pi}{2}} \frac{\sin x}{(2+\cos x)(5+\cos x)} \, dx$$

---","ms781xa41b81wxrctexamzbz1h85p4p1",,,,,,,,,,
"maths-12","03-integration","Integration","exercise-3-7","3.7 Definite Integration and the Fundamental Theorem of Calculus","m171wpjrsqsx32x66ddf9vjrbh8c7dnk","xd7bja6svxd5ksmc25dwmtmj6s8c6wq0","Exercise 3.7",,"false","# **Background and Explanation**

This problem involves integrating a radical function by first converting it to rational exponent form, then applying the power rule for integration. The key is recognizing that $\sqrt{y+4} = (y+4)^{1/2}$ and that the derivative of the inner function $(y+4)$ is simply 1, allowing direct application of the power rule without additional substitution.

---

# **Solution**

Begin by rewriting the square root as a power with a rational exponent to prepare for integration:

$$\sqrt{y+4} = (y+4)^{1/2}$$

Apply the power rule for integration $\int u^n \, du = \frac{u^{n+1}}{n+1}$ where $n = \frac{1}{2}$:

$$
\begin{aligned}
\int_{-4}^{12} \sqrt{y+4} \, dy &= \int_{-4}^{12}(y+4)^{1 / 2} \cdot 1 \, dy \\
&= \left|\frac{(y+4)^{\frac{1}{2}+1}}{\frac{1}{2}+1}\right|_{-4}^{12} \\
&= \left|\frac{(y+4)^{\frac{3}{2}}}{\frac{3}{2}}\right|_{-4}^{12}
\end{aligned}
$$

Simplify the complex fraction by multiplying by the reciprocal of the denominator:

$$
\begin{aligned}
&= \frac{2}{3}\left|(y+4)^{3 / 2}\right|_{-4}^{12}
\end{aligned}
$$

Evaluate the antiderivative at the upper limit ($y = 12$) and lower limit ($y = -4$) using the Fundamental Theorem of Calculus:

$$
\begin{aligned}
&= \frac{2}{3}\left[(12+4)^{3 / 2}-(-4+4)^{3 / 2}\right] \\
&= \frac{2}{3}\left[(16)^{3 / 2}-(0)^{3 / 2}\right]
\end{aligned}
$$

Simplify $(16)^{3/2}$ by recognizing that $16 = 4^2$ and applying exponent rules $(a^m)^n = a^{mn}$:

$$(16)^{3/2} = \left(4^{2}\right)^{3 / 2} = 4^{3} = 64$$

Substitute this value back and complete the calculation:

$$
\begin{aligned}
&= \frac{2}{3}\left[64 - 0\right] \\
&= \frac{2}{3}(64) \\
&= \frac{128}{3}
\end{aligned}
$$

---

# **Key Formulas or Methods Used**

- **Power Rule for Integration**: $\int x^n \, dx = \frac{x^{n+1}}{n+1} + C$ (for $n \neq -1$)
- **Rational Exponents**: $\sqrt[n]{x} = x^{1/n}$
- **Exponent Rules**: $(a^m)^n = a^{mn}$
- **Fundamental Theorem of Calculus**: $\int_a^b f(y) \, dy = F(b) - F(a)$ where $F$ is the antiderivative of $f$

---

# **Summary of Steps**

1. Rewrite the integrand using rational exponents: $\sqrt{y+4} = (y+4)^{1/2}$
2. Apply the power rule to find the antiderivative: $\frac{(y+4)^{3/2}}{3/2} = \frac{2}{3}(y+4)^{3/2}$
3. Evaluate the antiderivative at the upper bound ($y=12$) and lower bound ($y=-4$)
4. Calculate the powers: $(16)^{3/2} = 64$ and $(0)^{3/2} = 0$
5. Compute the final result: $\frac{2}{3}(64 - 0) = \frac{128}{3}$","exercise","numerical","2",,"Evaluate the definite integral:

$$\int_{-4}^{12} \sqrt{y+4} \, dy$$

---","ms781xa41b81wxrctexamzbz1h85p4p1",,,,,,,,,,
"maths-12","03-integration","Integration","exercise-3-7","3.7 Definite Integration and the Fundamental Theorem of Calculus","m17dbswrdefm7ga3zfb2g0595n8c6xbg","xd7bja6svxd5ksmc25dwmtmj6s8c6wq0","Exercise 3.7",,"false","# **Background and Explanation**

This problem requires **partial fraction decomposition** to rewrite the rational function as a difference of simpler fractions, which can then be integrated using the natural logarithm rule. The key is recognizing that $\frac{1}{x(x+1)}$ can be split into terms with linear denominators.

---

# **Solution**

We begin with the partial fraction decomposition already applied to the integrand:

$$\frac{1}{x(x+1)} = \frac{1}{x} - \frac{1}{x+1}$$

Now we evaluate the definite integral by splitting it into two separate integrals:

$$
\begin{aligned}
\int_{2}^{5} \frac{1}{x(x+1)} \, dx & =\int_{2}^{5} \frac{1}{x} \, dx-\int_{2}^{5} \frac{1}{x+1} \, dx \\
& =\left[\ln x\right]_{2}^{5}-\left[\ln (x+1)\right]_{2}^{5} \\
& =(\ln 5-\ln 2)-(\ln (5+1)-\ln (2+1)) \\
& =(\ln 5-\ln 2)-(\ln 6-\ln 3) \\
& =\ln 5-\ln 2-\ln 6+\ln 3 \\
& =\ln \left(\frac{5 \times 3}{2 \times 6}\right) \\
& =\ln \left(\frac{15}{12}\right) \\
& =\ln \left(\frac{5}{4}\right)
\end{aligned}
$$

**Reasoning:**
- First, we apply the partial fraction decomposition to break the complex fraction into two simpler terms that we can integrate separately.
- We integrate $\frac{1}{x}$ to get $\ln x$ and $\frac{1}{x+1}$ to get $\ln(x+1)$ (the derivative of the denominator matches the numerator structure).
- The notation $\left[\ln x\right]_{2}^{5}$ indicates we evaluate $\ln x$ at $x=5$ and subtract its value at $x=2$.
- After substituting the bounds, we apply logarithm properties: $\ln a - \ln b = \ln\frac{a}{b}$ to combine terms, and $\ln a + \ln b = \ln(ab)$ to group the positive and negative terms separately.
- Finally, we simplify the fraction $\frac{15}{12}$ to $\frac{5}{4}$.

---

# **Key Formulas or Methods Used**

- **Partial Fraction Decomposition:** $\frac{1}{x(x+1)} = \frac{1}{x} - \frac{1}{x+1}$
- **Logarithmic Integration:** $\int \frac{1}{x} \, dx = \ln|x| + C$ and $\int \frac{1}{x+a} \, dx = \ln|x+a| + C$
- **Fundamental Theorem of Calculus:** $\int_a^b f(x) \, dx = F(b) - F(a)$ where $F$ is the antiderivative of $f$
- **Logarithm Properties:**
  - $\ln a - \ln b = \ln\left(\frac{a}{b}\right)$
  - $\ln a + \ln b = \ln(ab)$

---

# **Summary of Steps**

1. **Decompose** the integrand using partial fractions: $\frac{1}{x(x+1)} = \frac{1}{x} - \frac{1}{x+1}$
2. **Split** the integral into two simpler integrals: $\int \frac{1}{x} dx - \int \frac{1}{x+1} dx$
3. **Integrate** both terms to obtain natural logarithms: $\left[\ln x\right]_{2}^{5} - \left[\ln(x+1)\right]_{2}^{5}$
4. **Evaluate** at the upper bound (5) and lower bound (2) for both terms
5. **Simplify** the resulting expression using logarithm rules to combine terms into a single logarithm
6. **Reduce** the final fraction to obtain $\ln\left(\frac{5}{4}\right)$","exercise","numerical","20",,"Evaluate the definite integral:

$$\int_{2}^{5} \frac{1}{x(x+1)} \, dx$$

---","ms781xa41b81wxrctexamzbz1h85p4p1",,,,,,,,,,
"maths-12","03-integration","Integration","exercise-3-7","3.7 Definite Integration and the Fundamental Theorem of Calculus","m171zw1jg4m9a9pgk98xe3cetx8c7ahw","xd7bja6svxd5ksmc25dwmtmj6s8c6wq0","Exercise 3.7",,"false","# **Background and Explanation**

This problem requires integrating a function of the form $(ax+b)^n$, which follows the generalized power rule for integration. When the base is a linear expression $(2x+1)$, we must account for the coefficient of $x$ (which is 2) when applying the antiderivative formula.

---

# **Solution**

To evaluate this integral, we use the power rule for integration adapted for linear expressions inside the power function.

**Step 1: Prepare the integral for substitution**

We need the derivative of the inner function $(2x+1)$, which is $2$, to appear in the numerator. We multiply and divide by 2 to maintain equality:

$$
\begin{aligned}
\int_{0}^{\frac{1}{2}}(2 x+1)^{-\frac{1}{3}} d x &=\frac{1}{2} \int_{0}^{1 / 2}(2 x+1)^{-1 / 3} \cdot 2 \, d x
\end{aligned}
$$

**Step 2: Apply the power rule**

Using the formula $\int (ax+b)^n \, dx = \frac{(ax+b)^{n+1}}{a(n+1)} + C$ with $a=2$ and $n=-\frac{1}{3}$:

$$
\begin{aligned}
&=\frac{1}{2}\left[\frac{(2 x+1)^{-\frac{1}{3}+1}}{-\frac{1}{3}+1}\right]_{0}^{1 / 2} \\
&=\frac{1}{2}\left[\frac{(2 x+1)^{2 / 3}}{\frac{2}{3}}\right]_{0}^{1 / 2}
\end{aligned}
$$

**Step 3: Simplify the constants**

Dividing by $\frac{2}{3}$ is equivalent to multiplying by $\frac{3}{2}$:

$$
\begin{aligned}
&=\frac{1}{2} \cdot \frac{3}{2}\left[(2 x+1)^{2 / 3}\right]_{0}^{1 / 2} \\
&=\frac{3}{4}\left[(2 x+1)^{2 / 3}\right]_{0}^{1 / 2}
\end{aligned}
$$

**Step 4: Evaluate at the limits**

Substitute the upper limit $x = \frac{1}{2}$ and lower limit $x = 0$:

$$
\begin{aligned}
&=\frac{3}{4}\left[\left(2\left(\frac{1}{2}\right)+1\right)^{2 / 3}-(2(0)+1)^{2 / 3}\right] \\
&=\frac{3}{4}\left[(1+1)^{2 / 3}-(0+1)^{2 / 3}\right] \\
&=\frac{3}{4}\left[2^{2 / 3}-1\right]
\end{aligned}
$$

Therefore, the value of the integral is $\boxed{\frac{3}{4}\left(2^{2/3}-1\right)}$.

---

# **Key Formulas or Methods Used**

- **Generalized Power Rule for Integration**: $\int (ax+b)^n \, dx = \frac{(ax+b)^{n+1}}{a(n+1)} + C$ (for $n \neq -1$)
- **Definite Integral Evaluation**: $\int_a^b f(x) \, dx = F(b) - F(a)$ where $F$ is the antiderivative of $f$
- **Adjustment for Chain Rule**: When the inner function has coefficient $a$, multiply by $\frac{1}{a}$ outside the integral to compensate for the factor $a$ needed in the numerator

---

# **Summary of Steps**

1. **Adjust for the chain rule**: Multiply and divide by the coefficient of $x$ (which is 2) to prepare for integration
2. **Increase the power by 1**: Apply the power rule by adding 1 to the exponent $-\frac{1}{3}$ to get $\frac{2}{3}$
3. **Divide by the new power**: Divide by $\frac{2}{3}$ (or multiply by $\frac{3}{2}$) and account for the coefficient 2 from the chain rule adjustment
4. **Simplify constants**: Combine $\frac{1}{2} \times \frac{3}{2} = \frac{3}{4}$ outside the brackets
5. **Evaluate at bounds**: Substitute $x = \frac{1}{2}$ and $x = 0$, then subtract to get the final numerical result $\frac{3}{4}(2^{2/3}-1)$","exercise","numerical","3",,"Evaluate the definite integral:

$$\int_{0}^{\frac{1}{2}}(2 x+1)^{-\frac{1}{3}} d x$$

---","ms781xa41b81wxrctexamzbz1h85p4p1",,,,,,,,,,
"maths-12","03-integration","Integration","exercise-3-7","3.7 Definite Integration and the Fundamental Theorem of Calculus","m1779837h3jp2hb6pfhda626t18c73fe","xd7bja6svxd5ksmc25dwmtmj6s8c6wq0","Exercise 3.7",,"false","# **Background and Explanation**

This problem requires computing a definite integral of a polynomial function. You'll apply the **linearity property** to break the integral into simpler parts, use the **power rule** to find antiderivatives, and then apply the **Fundamental Theorem of Calculus** to evaluate at the bounds $x=0$ and $x=3$.

---

# **Solution**

We solve this step-by-step using the properties of definite integrals.

**Step 1:** Use linearity to split the integral into three separate terms.

$$
\int_{0}^{3}\left(6 x^{2}-4 x+5\right) d x = 6 \int_{0}^{3} x^{2} \, d x - 4 \int_{0}^{3} x \, d x + 5 \int_{0}^{3} 1 \, d x
$$

**Step 2:** Apply the power rule $\int x^n \, dx = \frac{x^{n+1}}{n+1}$ to find each antiderivative, multiplying by the respective coefficients.

- For the first term: $6 \cdot \frac{x^3}{3} = 2x^3$
- For the second term: $-4 \cdot \frac{x^2}{2} = -2x^2$
- For the third term: $5 \cdot x = 5x$

This gives us:

$$
= \left[2x^{3}\right]_{0}^{3} - \left[2x^{2}\right]_{0}^{3} + \left[5x\right]_{0}^{3}
$$

**Step 3:** Evaluate each antiderivative at the upper limit ($x=3$) and lower limit ($x=0$), then subtract.

$$
= 2\left((3)^{3}-(0)^{3}\right) - 2\left((3)^{2}-(0)^{2}\right) + 5\left(3-0\right)
$$

**Step 4:** Simplify the arithmetic inside each parentheses.

$$
= 2(27-0) - 2(9-0) + 5(3)
$$

$$
= 2(27) - 2(9) + 15
$$

**Step 5:** Perform the final multiplication and addition/subtraction.

$$
= 54 - 18 + 15
$$

$$
= 51
$$

Therefore, the value of the definite integral is **51**.

---

# **Key Formulas or Methods Used**

- **Linearity of Integration:** $\int [af(x) + bg(x)] \, dx = a\int f(x) \, dx + b\int g(x) \, dx$
- **Power Rule for Integration:** $\int x^n \, dx = \frac{x^{n+1}}{n+1} + C$ (for $n \neq -1$)
- **Fundamental Theorem of Calculus:** $\int_{a}^{b} f(x) \, dx = F(b) - F(a)$, where $F(x)$ is the antiderivative of $f(x)$

---

# **Summary of Steps**

1. **Split** the integral into three separate integrals using linearity: $6\int_{0}^{3} x^2 \, dx - 4\int_{0}^{3} x \, dx + 5\int_{0}^{3} 1 \, dx$
2. **Integrate** each term using the power rule, simplifying coefficients: $2x^3$, $-2x^2$, and $5x$
3. **Evaluate** each antiderivative at the bounds $x=3$ and $x=0$
4. **Calculate** the values: $2(27) - 2(9) + 5(3) = 54 - 18 + 15$
5. **Simplify** to obtain the final result: $51$","exercise","numerical","4",,"Evaluate the definite integral:

$$\int_{0}^{3}\left(6 x^{2}-4 x+5\right) d x$$

---","ms781xa41b81wxrctexamzbz1h85p4p1",,,,,,,,,,
"maths-12","03-integration","Integration","exercise-3-7","3.7 Definite Integration and the Fundamental Theorem of Calculus","m177w65keqnb1q9n52j8g8jzcd8c78rp","xd7bja6svxd5ksmc25dwmtmj6s8c6wq0","Exercise 3.7",,"false","# **Background and Explanation**

This problem requires evaluating a definite integral of a polynomial function. You will need to apply the **linearity property** of integrals (allowing you to integrate term by term) and the **power rule** for integration to find the antiderivative before evaluating at the given bounds.

---

# **Solution**

We solve this by separating the integral into two parts, finding the antiderivative of each term, and then applying the Fundamental Theorem of Calculus.

**Step 1:** Apply linearity to separate the integral.
$$\int_{-2}^{1}\left(12 x^{5}-36\right) d x = 12\int_{-2}^{1} x^{5} \, d x - 36\int_{-2}^{1} 1 \, d x$$

**Step 2:** Integrate each term using the power rule $\int x^n \, dx = \frac{x^{n+1}}{n+1}$.
$$= 12\left[\frac{x^{5+1}}{5+1}\right]_{-2}^{1} - 36\left[x\right]_{-2}^{1}$$
$$= 12\left[\frac{x^{6}}{6}\right]_{-2}^{1} - 36\left[x\right]_{-2}^{1}$$

**Step 3:** Simplify the coefficient in the first term ($12 \div 6 = 2$).
$$= 2\left[x^{6}\right]_{-2}^{1} - 36\left[x\right]_{-2}^{1}$$

**Step 4:** Evaluate both antiderivatives at the upper limit ($x=1$) and lower limit ($x=-2$).
$$= 2\left[(1)^{6} - (-2)^{6}\right] - 36\left[1 - (-2)\right]$$

**Step 5:** Calculate the values inside the brackets.
$$= 2\left[1 - 64\right] - 36\left[1 + 2\right]$$
$$= 2(-63) - 36(3)$$

**Step 6:** Complete the arithmetic.
$$= -126 - 108$$
$$= -234$$

Therefore, the value of the definite integral is **$-234$**.

---

# **Key Formulas or Methods Used**

- **Linearity of Integration:** $\int_{a}^{b} [cf(x) + dg(x)] \, dx = c\int_{a}^{b} f(x) \, dx + d\int_{a}^{b} g(x) \, dx$
- **Power Rule for Integration:** $\int x^n \, dx = \frac{x^{n+1}}{n+1} + C$ (for $n \neq -1$)
- **Fundamental Theorem of Calculus:** $\int_{a}^{b} f(x) \, dx = F(b) - F(a)$, where $F(x)$ is the antiderivative of $f(x)$
- **Definite Integral Evaluation:** $\left[F(x)\right]_{a}^{b} = F(b) - F(a)$

---

# **Summary of Steps**

1. **Separate** the integral into two parts: $12\int x^5 \, dx$ and $-36\int 1 \, dx$
2. **Find antiderivatives**: $12x^5$ becomes $2x^6$ (since $12/6=2$) and $-36$ becomes $-36x$
3. **Evaluate** $2x^6$ from $-2$ to $1$: $2[(1)^6 - (-2)^6] = 2[1 - 64] = -126$
4. **Evaluate** $-36x$ from $-2$ to $1$: $-36[1 - (-2)] = -36(3) = -108$
5. **Add** the results: $-126 + (-108) = -234$","exercise","numerical","5",,"Evaluate the definite integral:

$$\int_{-2}^{1}\left(12 x^{5}-36\right) d x$$

---","ms781xa41b81wxrctexamzbz1h85p4p1",,,,,,,,,,
"maths-12","03-integration","Integration","exercise-3-7","3.7 Definite Integration and the Fundamental Theorem of Calculus","m176kb3d8jhhwt4rmax5hz98798c76xa","xd7bja6svxd5ksmc25dwmtmj6s8c6wq0","Exercise 3.7",,"false","# **Background and Explanation**

This problem requires knowledge of basic trigonometric integration and the Fundamental Theorem of Calculus. You need to recall that the antiderivative of $\cos \theta$ is $\sin \theta$, and how to evaluate definite integrals by substituting the upper and lower limits into the antiderivative.

---

# **Solution**

We evaluate the definite integral using the Fundamental Theorem of Calculus. The antiderivative of $\cos \theta$ is $\sin \theta$.

$$
\int_{-\frac{\pi}{3}}^{\frac{\pi}{4}} \cos \theta \, d\theta = \left[ \sin \theta \right]_{-\frac{\pi}{3}}^{\frac{\pi}{4}}
$$

Now we evaluate at the upper limit $\frac{\pi}{4}$ and subtract the evaluation at the lower limit $-\frac{\pi}{3}$:

$$
\begin{aligned}
& =\sin \frac{\pi}{4}-\sin \left(\frac{-\pi}{3}\right) \\
& =\sin \frac{\pi}{4}+\sin \frac{\pi}{3} \\
& =\frac{1}{\sqrt{2}}+\left(\frac{\sqrt{3}}{2}\right) \\
& =\frac{1}{\sqrt{2}}+\frac{\sqrt{3}}{2}
\end{aligned}
$$

Thus, the value of the definite integral is $\frac{1}{\sqrt{2}}+\frac{\sqrt{3}}{2}$.

---

# **Key Formulas or Methods Used**

- $\int \cos \theta \, d\theta = \sin \theta + C$
- Fundamental Theorem of Calculus: $\int_a^b f(x) \, dx = F(b) - F(a)$, where $F$ is an antiderivative of $f$
- Odd function property of sine: $\sin(-\theta) = -\sin(\theta)$, which means $-\sin(-\frac{\pi}{3}) = -(-\sin(\frac{\pi}{3})) = +\sin(\frac{\pi}{3})$
- Standard trigonometric values: $\sin(\frac{\pi}{4}) = \frac{1}{\sqrt{2}}$ and $\sin(\frac{\pi}{3}) = \frac{\sqrt{3}}{2}$

---

# **Summary of Steps**

1. Find the antiderivative of $\cos \theta$, which is $\sin \theta$
2. Apply the Fundamental Theorem of Calculus: evaluate $\left[ \sin \theta \right]_{-\pi/3}^{\pi/4} = \sin(\frac{\pi}{4}) - \sin(-\frac{\pi}{3})$
3. Apply the odd function property: $\sin(-\frac{\pi}{3}) = -\frac{\sqrt{3}}{2}$, so subtracting yields addition: $\frac{1}{\sqrt{2}} - (-\frac{\sqrt{3}}{2})$
4. Substitute exact values to get the final result: $\frac{1}{\sqrt{2}} + \frac{\sqrt{3}}{2}$","exercise","numerical","6",,"Evaluate the definite integral:

$$\int_{\frac{\pi}{3}}^{\frac{\pi}{4}} \cos \theta \, d\theta$$

---","ms781xa41b81wxrctexamzbz1h85p4p1",,,,,,,,,,
"maths-12","03-integration","Integration","exercise-3-7","3.7 Definite Integration and the Fundamental Theorem of Calculus","m173wq0fmmwh59gk24jh9apqpn8c7mxh","xd7bja6svxd5ksmc25dwmtmj6s8c6wq0","Exercise 3.7",,"false","# **Background and Explanation**

This problem requires evaluating a definite integral using the substitution method (u-substitution) to handle the composite function $\sec^{2}(2\theta)$. Note that this integral is improper because the integrand approaches infinity at the upper limit, which requires evaluating the behavior of the antiderivative at the boundary.

---

# **Solution**

Let

$$I = \int_{0}^{\frac{\pi}{4}} \sec^{2} 2\theta \, d\theta$$

**Step 1: Substitution**

Put $2\theta = t$. Then:
- $\theta = \frac{t}{2}$
- $d\theta = \frac{dt}{2}$

**Step 2: Change the limits of integration**

- When $\theta = 0$: $t = 2(0) = 0$
- When $\theta = \frac{\pi}{4}$: $t = 2 \cdot \frac{\pi}{4} = \frac{\pi}{2}$

**Step 3: Rewrite the integral**

Substituting into equation (1):

$$I = \int_{0}^{\frac{\pi}{2}} \sec^{2} t \cdot \frac{dt}{2}$$

$$= \frac{1}{2} \int_{0}^{\frac{\pi}{2}} \sec^{2} t \, dt$$

**Step 4: Integrate**

Using the standard integral $\int \sec^{2} t \, dt = \tan t$:

$$I = \frac{1}{2} \left[ \tan t \right]_{0}^{\frac{\pi}{2}}$$

**Step 5: Evaluate at the limits**

$$I = \frac{1}{2} \left( \tan \frac{\pi}{2} - \tan 0 \right)$$

Since $\tan \frac{\pi}{2}$ approaches infinity (is undefined) and $\tan 0 = 0$:

$$I = \frac{1}{2} (\infty - 0)$$

$$= \infty$$

**Conclusion:** The integral is **divergent** (it does not converge to a finite value).

---

# **Key Formulas or Methods Used**

- **Substitution rule for definite integrals:** If $t = g(\theta)$, then $\int_{a}^{b} f(g(\theta))g'(\theta)\,d\theta = \int_{g(a)}^{g(b)} f(t)\,dt$
- **Standard integral:** $\int \sec^{2} x \, dx = \tan x + C$
- **Improper integral evaluation:** Recognizing when antiderivatives approach infinity at boundary points

---

# **Summary of Steps**

1. Set up the integral: $I = \int_{0}^{\frac{\pi}{4}} \sec^{2} 2\theta \, d\theta$
2. Apply substitution: Let $t = 2\theta$, so $d\theta = \frac{dt}{2}$
3. Change integration limits: $0 \to 0$ and $\frac{\pi}{4} \to \frac{\pi}{2}$
4. Rewrite: $I = \frac{1}{2} \int_{0}^{\frac{\pi}{2}} \sec^{2} t \, dt$
5. Integrate: $\frac{1}{2}[\tan t]_{0}^{\frac{\pi}{2}}$
6. Evaluate limits: $\frac{1}{2}(\tan(\frac{\pi}{2}) - \tan(0)) = \frac{1}{2}(\infty - 0)$
7. Conclude the integral diverges to infinity","exercise","numerical","7",,"Evaluate the definite integral:

$$\int_{0}^{\frac{\pi}{4}} \sec^{2} 2\theta \, d\theta$$

---","ms781xa41b81wxrctexamzbz1h85p4p1",,,,,,,,,,
"maths-12","03-integration","Integration","exercise-3-7","3.7 Definite Integration and the Fundamental Theorem of Calculus","m17csqqy9bb7mzy5dwq9tx90ed8c7jfc","xd7bja6svxd5ksmc25dwmtmj6s8c6wq0","Exercise 3.7",,"false","# **Background and Explanation**

This problem involves integrating a rational function by first simplifying the integrand into separate terms. You will need to apply the power rule for integration and evaluate definite integrals using the Fundamental Theorem of Calculus.

---

# **Solution**

Begin by simplifying the integrand. Divide each term in the numerator by $x^2$ to separate the fraction:

$$
\begin{aligned}
\int_{2}^{4} \frac{x^{2}+8}{x^{2}} \, dx &= \int_{2}^{4}\left(\frac{x^{2}}{x^{2}}+\frac{8}{x^{2}}\right) dx \\
&= \int_{2}^{4}\left(1+\frac{8}{x^{2}}\right) dx \\
&= \int_{2}^{4} 1 \, dx + 8 \int_{1}^{4} x^{-2} \, dx
\end{aligned}
$$

Now apply the power rule for integration to each term. Recall that $\int x^n \, dx = \frac{x^{n+1}}{n+1}$ for $n \neq -1$, and evaluate using the fundamental theorem:

$$
\begin{aligned}
\int_{2}^{4} \frac{x^{2}+8}{x^{2}} \, dx &= \left[x\right]_{2}^{4} + 8\left[\frac{x^{-2+1}}{-2+1}\right]_{1}^{4} \\
&= \left[x\right]_{2}^{4} + 8\left[\frac{x^{-1}}{-1}\right]_{1}^{4} \\
&= (4-2) - 8\left[\frac{1}{x}\right]_{1}^{4} \\
&= 2 - 8\left(\frac{1}{4}-\frac{1}{1}\right) \\
&= 2 - 8\left(\frac{1-4}{4}\right) \\
&= 2 - 2(-3) \\
&= 2 + 6 \\
&= 8
\end{aligned}
$$

Thus, the value of the definite integral is $\boxed{8}$.

---

# **Key Formulas or Methods Used**

- **Algebraic simplification**: $\frac{a+b}{c} = \frac{a}{c} + \frac{b}{c}$
- **Power Rule for Integration**: $\int x^n \, dx = \frac{x^{n+1}}{n+1} + C$ (for $n \neq -1$)
- **Definite Integral Evaluation**: $\int_a^b f(x) \, dx = F(b) - F(a)$, where $F$ is the antiderivative of $f$
- **Linearity of Integration**: $\int (af(x) + bg(x)) \, dx = a\int f(x) \, dx + b\int g(x) \, dx$

---

# **Summary of Steps**

1. **Split the fraction**: Rewrite $\frac{x^2+8}{x^2}$ as $1 + 8x^{-2}$ (or $1 + \frac{8}{x^2}$)
2. **Separate the integral**: Break into $\int_{2}^{4} 1 \, dx + 8\int_{1}^{4} x^{-2} \, dx$
3. **Integrate each part**: Antiderivative of $1$ is $x$; antiderivative of $x^{-2}$ is $\frac{x^{-1}}{-1} = -\frac{1}{x}$
4. **Evaluate at bounds**: Calculate $(4-2) - 8\left(\frac{1}{4} - 1\right)$
5. **Simplify arithmetic**: $2 - 8\left(-\frac{3}{4}\right) = 2 + 6 = 8$","exercise","unclassified","8",,"Q8. $$\int_{2}^{4} \frac{x^{2}+8}{x^{2}} \, dx$$

---","ms781xa41b81wxrctexamzbz1h85p4p1",,,,,,,,,,
"maths-12","03-integration","Integration","exercise-3-7","3.7 Definite Integration and the Fundamental Theorem of Calculus","m172gvg23fedy2gw04s9bqdktx8c7h09","xd7bja6svxd5ksmc25dwmtmj6s8c6wq0","Exercise 3.7",,"false","# **Background and Explanation**

This problem involves computing a definite integral of a difference of functions. The key prerequisite is understanding the linearity of integration (allowing us to split the integral) and the Fundamental Theorem of Calculus (evaluating antiderivatives at the bounds).

---

# **Solution**

## Step 1: Split the Integral
Using the linearity property of definite integrals, we can separate the integral of a difference into the difference of two integrals:

$$\int_{-1/2}^{3/2} (x - \cos \pi x) \, dx = \int_{-1/2}^{3/2} x \, dx - \int_{-1/2}^{3/2} \cos \pi x \, dx$$

## Step 2: Find the Antiderivatives
For the first term, apply the power rule for integration:
$$\int x \, dx = \frac{x^2}{2}$$

For the second term, use the substitution $u = \pi x$ (so $du = \pi \, dx$ or $dx = \frac{du}{\pi}$):
$$\int \cos \pi x \, dx = \frac{\sin \pi x}{\pi}$$

## Step 3: Apply the Fundamental Theorem of Calculus
Evaluate each antiderivative at the upper bound $x = \frac{3}{2}$ and lower bound $x = -\frac{1}{2}$:

**First integral evaluation:**
$$\left[\frac{x^2}{2}\right]_{-1/2}^{3/2} = \frac{1}{2}\left[\left(\frac{3}{2}\right)^2 - \left(-\frac{1}{2}\right)^2\right]$$

Calculate the squares:
$$= \frac{1}{2}\left[\frac{9}{4} - \frac{1}{4}\right] = \frac{1}{2}\left(\frac{8}{4}\right) = \frac{1}{2}(2) = 1$$

**Second integral evaluation:**
$$\left[\frac{\sin \pi x}{\pi}\right]_{-1/2}^{3/2} = \frac{1}{\pi}\left[\sin\left(\frac{3\pi}{2}\right) - \sin\left(-\frac{\pi}{2}\right)\right]$$

Recall the sine values:
- $\sin\left(\frac{3\pi}{2}\right) = -1$
- $\sin\left(-\frac{\pi}{2}\right) = -1$ (since sine is odd: $\sin(-\theta) = -\sin(\theta)$ and $\sin(\frac{\pi}{2}) = 1$)

Substitute these values:
$$= \frac{1}{\pi}\left[-1 - (-1)\right] = \frac{1}{\pi}(0) = 0$$

*Alternative calculation shown in original:* The evaluation can also be written as:
$$\frac{1}{\pi}\left[\sin\frac{3\pi}{2} + \sin\frac{\pi}{2}\right] = \frac{1}{\pi}[-1 + 1] = 0$$

## Step 4: Combine Results
Subtract the second result from the first:

$$I = 1 - 0 = 1$$

Therefore, the value of the definite integral is **1**.

---

# **Key Formulas or Methods Used**

- **Linearity of Integration:** $\int [f(x) - g(x)] \, dx = \int f(x) \, dx - \int g(x) \, dx$
- **Power Rule:** $\int x^n \, dx = \frac{x^{n+1}}{n+1}$ (for $n \neq -1$)
- **Integral of Cosine:** $\int \cos(ax) \, dx = \frac{\sin(ax)}{a}$
- **Fundamental Theorem of Calculus:** $\int_a^b f(x) \, dx = F(b) - F(a)$ where $F'(x) = f(x)$
- **Trigonometric Values:** $\sin(3\pi/2) = -1$, $\sin(\pi/2) = 1$, and $\sin(-\theta) = -\sin(\theta)$

---

# **Summary of Steps**

1. **Split** the integral: $\int x \, dx - \int \cos \pi x \, dx$
2. **Integrate** each part: $\frac{x^2}{2}$ and $\frac{\sin \pi x}{\pi}$
3. **Evaluate** $\frac{x^2}{2}$ from $-1/2$ to $3/2$: $\frac{1}{2}(\frac{9}{4} - \frac{1}{4}) = 1$
4. **Evaluate** $\frac{\sin \pi x}{\pi}$ from $-1/2$ to $3/2$: $\frac{1}{\pi}(-1 - (-1)) = 0$
5. **Subtract** to get final answer: $1 - 0 = 1$","exercise","numerical","9",,"Evaluate the definite integral:

$$\int_{-1/2}^{3/2} (x - \cos \pi x) \, dx$$

*(Note: The original question contained $dv$ which has been corrected to $dx$ to match the solution context.)*

---","ms781xa41b81wxrctexamzbz1h85p4p1",,,,,,,,,,
"maths-12","03-integration","Integration","exercise-3-8","3.8 Applications of Definite Integrals","m17bps6zytt97htgdxmvpq69a585qx4r",,,,"false","To find the area between the x-axis and the curve $f(x) = x^2 - 2x$ from $x = 0$ to $x = 3$, we use the definite integral. First, note that $f(x) = x(x-2)$ is negative on $(0,2)$ and positive on $(2,3)$. The area is $\left|\int_0^2 (x^2-2x)\,dx\right| + \int_2^3 (x^2-2x)\,dx$. Computing: $\int(x^2-2x)\,dx = \frac{x^3}{3} - x^2 + C$. Evaluating: $\left[\frac{x^3}{3}-x^2\right]_0^2 = \frac{8}{3}-4 = -\frac{4}{3}$, so area from 0 to 2 is $\frac{4}{3}$. And $\left[\frac{x^3}{3}-x^2\right]_2^3 = (9-9)-(\frac{8}{3}-4) = \frac{4}{3}$. Total area = $\frac{4}{3} + \frac{4}{3} = \frac{8}{3}$ square units.",,"short","7",,"Find the area between the $x$-axis and the curve $f(x) = x^2 - 2x$ from $x = 0$ to $x = 3$","ms73pkt8jbb2zgdac8ecdmk0rx85qc3r",,"true","Federal Board",,"[""Identify where $f(x) = x^2 - 2x$ changes sign (at $x=0$ and $x=2$)"",""Apply power rule for integration: $\\int x^n\\,dx = \\frac{x^{n+1}}{n+1}+C$"",""Use absolute value for regions below x-axis to ensure positive area"",""Evaluate definite integral using Fundamental Theorem: $\\int_a^b f(x)\\,dx = F(b) - F(a)$"",""Add areas from separate regions where function has different signs""]","4",,"B","annual","2022"
"maths-12","03-integration","Integration","exercise-3-8","3.8 Applications of Definite Integrals","m1712pc7gn2nj6nfvtbhepr50d85pscc",,,,"false","The area between the $x$-axis and the curve $y = \sin x$ from $x=0$ to $x=\pi$ is found using the definite integral: $\int_0^{\pi} \sin x \, dx = [-\cos x]_0^{\pi} = -\cos(\pi) - (-\cos(0)) = -(-1) + 1 = 2$ square units.",,"mcq","9",,"What is the area between the $x$-axis and the curve $y = \sin x$ from $x=0$ to $x=\pi$?","ms73pkt8jbb2zgdac8ecdmk0rx85qc3r","B","true","Federal Board","The area between the $x$-axis and the curve $y = \sin x$ from $x=0$ to $x=\pi$ is found using the definite integral: $\int_0^{\pi} \sin x \, dx = [-\cos x]_0^{\pi} = -\cos(\pi) - (-\cos(0)) = -(-1) + 1 = 2$ square units.","[""Correctly applies the standard integral formula $\\int \\sin x \\, dx = -\\cos x + C$"",""Evaluates the definite integral using the Fundamental Theorem of Calculus with limits $x=0$ and $x=\\pi$"",""Correctly substitutes the upper and lower limits: $-\\cos(\\pi) - (-\\cos(0))$"",""Evaluates trigonometric values: $\\cos(\\pi) = -1$ and $\\cos(0) = 1$"",""Obtains the final answer of 2 square units""]","1","[{""key"":""A"",""text"":""1""},{""key"":""B"",""text"":""2""},{""key"":""C"",""text"":""4""},{""key"":""D"",""text"":""8""}]","MCQ","annual","2022"
"maths-12","03-integration","Integration","exercise-3-8","3.8 Applications of Definite Integrals","m17578g1t3f5fzha62p0e20eh58c79g1","xd7a70qppscabkn3fvyf4v9cy98c70nw","Exercise 3.8",,"false","# **Background and Explanation**

This problem requires calculating the area under a curve using definite integration. The area bounded by a curve $y=f(x)$, the $x$-axis, and vertical lines $x=a$ and $x=b$ is given by the definite integral $\int_{a}^{b} f(x) \, dx$.

---

# **Solution**

To find the area of the specified region, we set up a definite integral with the given function $y = x^2$ and integrate from $x = 1$ to $x = 3$.

First, we express the area as the integral of the function with respect to $x$ over the interval $[1, 3]$:

$$
\begin{aligned}
\text{Area} &= \int_{1}^{3} y \, dx \\
&= \int_{1}^{3} x^{2} \, dx
\end{aligned}
$$

Next, we find the antiderivative of $x^2$ using the power rule for integration. The antiderivative of $x^2$ is $\frac{x^3}{3}$. We evaluate this at the upper and lower limits according to the Fundamental Theorem of Calculus:

$$
\begin{aligned}
\text{Area} &= \left|\frac{x^{3}}{3}\right|_{1}^{3} \\
&= \frac{1}{3}\left((3)^{3}-(1)^{3}\right) \\
&= \frac{1}{3}(27-1) \\
&= \frac{1}{3}(26) \\
&= \frac{26}{3} \text{ sq. unit}
\end{aligned}
$$

Therefore, the area of the region bounded by the curve $y=x^{2}$, the $x$-axis, and the lines $x=1$ and $x=3$ is $\frac{26}{3}$ square units.

---

# **Key Formulas or Methods Used**

- **Area under a curve:** $\text{Area} = \int_{a}^{b} y \, dx = \int_{a}^{b} f(x) \, dx$
- **Power rule for integration:** $\int x^n \, dx = \frac{x^{n+1}}{n+1} + C$ (for $n \neq -1$)
- **Fundamental Theorem of Calculus:** $\int_{a}^{b} f(x) \, dx = \left[F(x)\right]_{a}^{b} = F(b) - F(a)$, where $F(x)$ is the antiderivative of $f(x)$

---

# **Summary of Steps**

1. Set up the definite integral $\int_{1}^{3} x^2 \, dx$ representing the area under $y=x^2$ from $x=1$ to $x=3$.
2. Find the antiderivative of $x^2$, which is $\frac{x^3}{3}$.
3. Apply the Fundamental Theorem of Calculus by evaluating $\frac{x^3}{3}$ at the upper limit ($x=3$) and lower limit ($x=1$).
4. Calculate the difference: $\frac{1}{3}(27 - 1) = \frac{26}{3}$.
5. State the final answer with appropriate units: $\frac{26}{3}$ sq. units.","exercise","unclassified","1",,"Find the area of the region bounded by the curve $y=x^{2}$, the $x$-axis, and the lines $x=1$ and $x=3$.

---","ms73pkt8jbb2zgdac8ecdmk0rx85qc3r",,,,,,,,,,
"maths-12","03-integration","Integration","exercise-3-8","3.8 Applications of Definite Integrals","m176wv3qm3ey7gq33gc6zf6btn8c6npc","xd7a70qppscabkn3fvyf4v9cy98c70nw","Exercise 3.8",,"false","# **Background and Explanation**

This problem involves calculating a volume of revolution using the disk method. When a region bounded by a curve $y=f(x)$ is rotated about the $x$-axis, it generates a solid whose volume can be found by integrating the area of circular cross-sections perpendicular to the axis of rotation.

---

# **Solution**

To find the volume, we apply the disk method formula for rotation about the $x$-axis. The radius of each disk at position $x$ is given by the function value $f(x) = \sqrt{x}$.

First, set up the volume integral using the disk method formula:

$$V = \pi \int_{a}^{b} [f(x)]^2 \, dx$$

Substituting the given function $f(x) = \sqrt{x}$ and the interval $[1,4]$:

$$V = \pi \int_{1}^{4} (\sqrt{x})^2 \, dx$$

Simplify the integrand by squaring the function. Since $(\sqrt{x})^2 = x$:

$$V = \pi \int_{1}^{4} x \, dx$$

Find the antiderivative of $x$ using the power rule for integration:

$$V = \pi \left[ \frac{x^2}{2} \right]_{1}^{4}$$

Evaluate the definite integral by substituting the upper and lower bounds:

$$V = \frac{\pi}{2} \left[ (4)^2 - (1)^2 \right]$$

Calculate the values:

$$V = \frac{\pi}{2} (16 - 1)$$

Simplify to obtain the final volume:

$$V = \frac{15\pi}{2}$$

---

# **Key Formulas or Methods Used**

- **Disk Method (rotation about x-axis):** $V = \pi \int_{a}^{b} [f(x)]^2 \, dx$
- **Power Rule for Integration:** $\int x^n \, dx = \frac{x^{n+1}}{n+1} + C$ (for $n \neq -1$)
- **Fundamental Theorem of Calculus:** $\int_{a}^{b} f(x) \, dx = F(b) - F(a)$, where $F$ is an antiderivative of $f$

---

# **Summary of Steps**

1. **Identify the method:** Recognize this as a disk method problem for volume of revolution about the $x$-axis.
2. **Set up the integral:** Write $V = \pi \int_{1}^{4} (\sqrt{x})^2 \, dx$.
3. **Simplify the integrand:** Reduce $(\sqrt{x})^2$ to $x$.
4. **Integrate:** Find the antiderivative $\frac{x^2}{2}$.
5. **Evaluate bounds:** Substitute limits to get $\frac{\pi}{2}(16 - 1)$.
6. **Calculate:** Simplify to the final answer $\frac{15\pi}{2}$ cubic units.","exercise","unclassified","10",,"Find the volume of the solid that is obtained when the region under the curve $y=\sqrt{x}$ over the interval $[1,4]$ is revolved about the $x$-axis.

---","ms73pkt8jbb2zgdac8ecdmk0rx85qc3r",,,,,,,,,,
"maths-12","03-integration","Integration","exercise-3-8","3.8 Applications of Definite Integrals","m17ekr5snypgh5ex6rgw38zesh8c7kqn","xd7a70qppscabkn3fvyf4v9cy98c70nw","Exercise 3.8",,"false","# **Background and Explanation**

These problems use the **disk method** for finding volumes of solids of revolution. When revolving a region bounded by $y=f(x)$ about the $x$-axis (or $x=g(y)$ about the $y$-axis), we integrate the cross-sectional area of circular disks along the axis of rotation. The radius of each disk is given by the function value at that point.

---

# **Solution**

## Part (i): $y=\sqrt{3-x}$ about the $x$-axis

We use the disk method formula for rotation about the $x$-axis:
$$V = \pi \int_{a}^{b} [f(x)]^2 \, dx$$

From the problem and graph, we identify:
- The function: $f(x) = \sqrt{3-x}$
- The limits of integration: $a = -1$ and $b = 3$

Substituting into the volume formula:
$$V = \pi \int_{-1}^{3} (\sqrt{3-x})^2 \, dx$$

Simplifying the integrand by squaring the square root:
$$V = \pi \int_{-1}^{3} (3-x) \, dx$$

We can split this into two separate integrals for easier evaluation:
$$V = \pi \left[ 3\int_{-1}^{3} 1 \, dx - \int_{-1}^{3} x \, dx \right]$$

Finding the antiderivatives:
$$V = \pi \left[ 3\left[x\right]_{-1}^{3} - \left[\frac{x^2}{2}\right]_{-1}^{3} \right]$$

Applying the limits of integration:
$$V = \pi \left[ 3(3 - (-1)) - \frac{1}{2}\left((3)^2 - (-1)^2\right) \right]$$

Simplifying the arithmetic inside the brackets:
$$V = \pi \left[ 3(4) - \frac{1}{2}(9 - 1) \right]$$
$$V = \pi \left[ 12 - \frac{1}{2}(8) \right]$$
$$V = \pi [12 - 4]$$
$$V = 8\pi$$

## Part (ii): $y=3-2x$ about the $y$-axis

For rotation about the $y$-axis, we must express $x$ as a function of $y$ and integrate with respect to $y$:
$$V = \pi \int_{c}^{d} [g(y)]^2 \, dy$$

First, solve the equation $y = 3-2x$ for $x$:
$$2x = 3-y$$
$$x = \frac{3-y}{2}$$

From the graph, the limits for $y$ are from $0$ to $3$, so $c = 0$ and $d = 3$. Thus $g(y) = \frac{3-y}{2}$.

Setting up the volume integral:
$$V = \pi \int_{0}^{3} \left(\frac{3-y}{2}\right)^2 \, dy$$

Expanding the squared term in the integrand:
$$V = \pi \int_{0}^{3} \frac{(3-y)^2}{4} \, dy = \frac{\pi}{4} \int_{0}^{3} (9 - 6y + y^2) \, dy$$

Separating into individual integrals:
$$V = \frac{\pi}{4} \left[ 9\int_{0}^{3} 1 \, dy + \int_{0}^{3} y^2 \, dy - 6\int_{0}^{3} y \, dy \right]$$

Evaluating each antiderivative:
$$V = \frac{\pi}{4} \left[ 9\left[y\right]_{0}^{3} + \left[\frac{y^3}{3}\right]_{0}^{3} - 6\left[\frac{y^2}{2}\right]_{0}^{3} \right]$$

Simplifying the third term ($6 \cdot \frac{y^2}{2} = 3y^2$) and applying limits:
$$V = \frac{\pi}{4} \left[ 9(3-0) + \frac{1}{3}(3^3 - 0^3) - 3(3^2 - 0^2) \right]$$

Calculating each term:
$$V = \frac{\pi}{4} \left[ 27 + \frac{1}{3}(27) - 3(9) \right]$$
$$V = \frac{\pi}{4} \left[ 27 + 9 - 27 \right]$$
$$V = \frac{\pi}{4} \cdot 9$$
$$V = \frac{9\pi}{4}$$

---

# **Key Formulas or Methods Used**

- **Disk Method about $x$-axis:** $V = \pi \int_{a}^{b} [f(x)]^2 \, dx$
- **Disk Method about $y$-axis:** $V = \pi \int_{c}^{d} [g(y)]^2 \, dy$ where $x = g(y)$
- **Power Rule for Integration:** $\int x^n \, dx = \frac{x^{n+1}}{n+1} + C$ (for $n \neq -1$)
- **Algebraic expansion:** $(3-y)^2 = 9 - 6y + y^2$

---

# **Summary of Steps**

1. **Identify the axis of rotation** to determine whether to integrate with respect to $x$ or $y$
2. **Set up the appropriate disk method formula** based on the axis of rotation
3. **Determine the limits of integration** from the given region or graph (check where the curve intersects the boundaries)
4. **Express the radius function** as $f(x)$ if rotating about the $x$-axis, or solve for $x = g(y)$ if rotating about the $y$-axis
5. **Square the radius function** and set up the definite integral
6. **Expand and separate the integral** into simpler terms if necessary
7. **Evaluate using antiderivatives** and apply the Fundamental Theorem of Calculus
8. **Simplify the arithmetic** to obtain the final volume answer","exercise","unclassified","11",,"Find the volume of the solid that results when the shaded region is revolved about the indicated axis:

(i) $y=\sqrt{3-x}$ about the $x$-axis.

(ii) $y=3-2x$ about the $y$-axis.

---","ms73pkt8jbb2zgdac8ecdmk0rx85qc3r",,,,,,,,,,
"maths-12","03-integration","Integration","exercise-3-8","3.8 Applications of Definite Integrals","m171janf0r6g40zbe5w7430ad18c7kz2","xd7a70qppscabkn3fvyf4v9cy98c70nw","Exercise 3.8",,"false","# **Background and Explanation**

Distance traveled is the total path length covered, which requires integrating the absolute value of velocity $|v(t)|$ over the time interval. Since velocity $v(t) = S'(t)$ may change sign (indicating direction reversal), we must identify where $v(t) = 0$ (turning points) and integrate separately over subintervals where velocity maintains a consistent sign.

---

# **Solution**

## Part (i): $S(t)=t^{2}-2 t$ on $[0,5]$

First, find the velocity function by differentiating position:

$$V(t) = \frac{dS}{dt} = 2t - 2$$

Find when the object changes direction by setting $V(t) = 0$:

$$2t - 2 = 0 \implies t = 1$$

Analyze the sign of velocity:
- For $t \in (0,1)$: $V(t) = 2t - 2 < 0$ (moving backward)
- For $t \in (1,5)$: $V(t) = 2t - 2 > 0$ (moving forward)

Since velocity changes sign at $t = 1$, we calculate distance by integrating the absolute value:

$$\text{Distance} = \int_{0}^{5}|V(t)| \, dt = -\int_{0}^{1}V(t) \, dt + \int_{1}^{5}V(t) \, dt$$

Substitute $V(t) = 2t - 2$:

$$= -\int_{0}^{1}(2t-2) \, dt + \int_{1}^{5}(2t-2) \, dt$$

Compute the integrals separately:

$$= -\left[t^2 - 2t\right]_{0}^{1} + \left[t^2 - 2t\right]_{1}^{5}$$

$$= -\left[(1-2) - (0-0)\right] + \left[(25-10) - (1-2)\right]$$

$$= -(-1) + \left[15 - (-1)\right]$$

$$= 1 + 16 = \boxed{17 \text{ cm}}$$

## Part (ii): $S(t)=t^{3}-3 t^{2}-9 t$ on $[0,4]$

Find the velocity function:

$$V(t) = \frac{dS}{dt} = 3t^{2} - 6t - 9$$

Find critical points where $V(t) = 0$:

$$3t^{2} - 6t - 9 = 0$$
$$3(t^{2} - 2t - 3) = 0$$
$$(t-3)(t+1) = 0$$

This gives $t = 3$ or $t = -1$. Since $t = -1 \notin [0,4]$, we only consider $t = 3$.

Analyze the sign of $V(t) = 3(t-3)(t+1)$:
- For $t \in (0,3)$: $V(t) < 0$ (negative)
- For $t \in (3,4)$: $V(t) > 0$ (positive)

Calculate distance:

$$\text{Distance} = \int_{0}^{4}|V(t)| \, dt = -\int_{0}^{3}(3t^{2}-6t-9) \, dt + \int_{3}^{4}(3t^{2}-6t-9) \, dt$$

Compute the antiderivative $\int (3t^2 - 6t - 9) \, dt = t^3 - 3t^2 - 9t$:

$$= -\left[t^3 - 3t^2 - 9t\right]_{0}^{3} + \left[t^3 - 3t^2 - 9t\right]_{3}^{4}$$

Evaluate the first integral:
$$-\left[(27 - 27 - 27) - (0 - 0 - 0)\right] = -(-27) = 27$$

Evaluate the second integral:
$$\left[(64 - 48 - 36) - (27 - 27 - 27)\right] = (-20) - (-27) = 7$$

Total distance:
$$= 27 + 7 = \boxed{34 \text{ cm}}$$

## Part (iii): $S(t)=6 \sin \pi t$ on $[1,3]$

Find the velocity function using the chain rule:

$$V(t) = \frac{dS}{dt} = 6\cos(\pi t) \cdot \pi = 6\pi \cos(\pi t)$$

Find when velocity equals zero:

$$6\pi \cos(\pi t) = 0 \implies \cos(\pi t) = 0$$

$$\pi t = \frac{\pi}{2}, \frac{3\pi}{2}, \frac{5\pi}{2}, \ldots$$

$$t = \frac{1}{2}, \frac{3}{2}, \frac{5}{2}, \ldots$$

Within the interval $[1,3]$, the relevant critical points are $t = \frac{3}{2}$ and $t = \frac{5}{2}$.

Analyze the sign of $V(t) = 6\pi \cos(\pi t)$ in each subinterval:
- For $t \in \left(1, \frac{3}{2}\right)$: $\cos(\pi t) < 0 \implies V(t) < 0$
- For $t \in \left(\frac{3}{2}, \frac{5}{2}\right)$: $\cos(\pi t) > 0 \implies V(t) > 0$
- For $t \in \left(\frac{5}{2}, 3\right)$: $\cos(\pi t) < 0 \implies V(t) < 0$

Set up the distance integral:

$$\text{Distance} = \int_{1}^{3}|V(t)| \, dt = -\int_{1}^{3/2}V(t) \, dt + \int_{3/2}^{5/2}V(t) \, dt - \int_{5/2}^{3}V(t) \, dt$$

Substitute $V(t) = 6\pi \cos(\pi t)$:

$$= -6\pi\int_{1}^{3/2}\cos(\pi t) \, dt + 6\pi\int_{3/2}^{5/2}\cos(\pi t) \, dt - 6\pi\int_{5/2}^{3}\cos(\pi t) \, dt$$

Integrate $\int \cos(\pi t) \, dt = \frac{\sin(\pi t)}{\pi}$:

$$= -6\left[\sin(\pi t)\right]_{1}^{3/2} + 6\left[\sin(\pi t)\right]_{3/2}^{5/2} - 6\left[\sin(\pi t)\right]_{5/2}^{3}$$

Evaluate using $\sin(\pi) = 0$, $\sin(3\pi/2) = -1$, $\sin(5\pi/2) = 1$, $\sin(3\pi) = 0$:

$$= -6\left(-1 - 0\right) + 6\left(1 - (-1)\right) - 6\left(0 - 1\right)$$

$$= -6(-1) + 6(2) - 6(-1)$$

$$= 6 + 12 + 6 = \boxed{24 \text{ cm}}$$

---

# **Key Formulas or Methods Used**

- **Velocity from position**: $v(t) = \frac{dS}{dt}$ (derivative of position function)
- **Distance traveled formula**: $\text{Distance} = \int_{a}^{b}|v(t)| \, dt$
- **Handling absolute value**: Split integral at points where $v(t) = 0$; negate integrals where $v(t) < 0$
- **Power rule for integration**: $\int t^n \, dt = \frac{t^{n+1}}{n+1} + C$
- **Chain rule for trigonometric functions**: $\frac{d}{dt}\sin(\pi t) = \pi\cos(\pi t)$ and $\int \cos(\pi t) \, dt = \frac{\sin(\pi t)}{\pi}$

---

# **Summary of Steps**

1. **Differentiate** the position function $S(t)$ to obtain velocity $V(t)$
2. **Find critical points** by solving $V(t) = 0$ within the given interval
3. **Test intervals** between critical points to determine where $V(t)$ is positive or negative
4. **Set up the distance integral** as $\int |V(t)| \, dt$, splitting into separate integrals at each critical point
5. **Apply absolute value** by multiplying negative-velocity intervals by $-1$
6. **Evaluate** each definite integral and sum the results to obtain total distance","exercise","unclassified","12",,"An object moves in a straight line according to the position function given below. If $S$ is measured in centimetres, find the distance travelled by the object in the indicated time interval:

(i) $S(t)=t^{2}-2 t$ ; $[0,5]$

(ii) $S(t)=t^{3}-3 t^{2}-9 t$ ; $[0,4]$

(iii) $S(t)=6 \sin \pi t$ ; $[1,3]$

---","ms73pkt8jbb2zgdac8ecdmk0rx85qc3r",,,,,,,,,,
"maths-12","03-integration","Integration","exercise-3-8","3.8 Applications of Definite Integrals","m1741pdt44xz2356cd2nt36eg98c6d7h","xd7a70qppscabkn3fvyf4v9cy98c70nw","Exercise 3.8",,"false","# **Background and Explanation**

This problem applies **Hooke's Law**, which states that the force required to stretch or compress a spring is proportional to the displacement from its natural length. Since the force varies with position, we must use integration to calculate the work done.

---

# **Solution**

## Step 1: Determine the Spring Constant

According to **Hooke's Law**, the force $F$ required to stretch a spring by distance $x$ from its natural length is:

$$F = kx$$

where $k$ is the spring constant.

Given that a force of $50 \text{ N}$ produces an extension of $0.5 \text{ m}$:

$$50 = k(0.5)$$

Solving for $k$:

$$k = \frac{50}{0.5} = 100 \text{ N/m}$$

Therefore, the force function is:

$$F(x) = 100x$$

## Step 2: Set Up the Work Integral

The work done by a variable force $F(x)$ in moving an object from position $x = a$ to $x = b$ is given by:

$$W = \int_{a}^{b} F(x) \, dx$$

For a spring stretched from its natural length ($x = 0$) to $x = 0.6 \text{ m}$:

$$W = \int_{0}^{0.6} 100x \, dx$$

## Step 3: Evaluate the Integral

Compute the definite integral:

$$
\begin{align*}
W &= 100 \int_{0}^{0.6} x \, dx \\
&= 100 \left[ \frac{x^2}{2} \right]_{0}^{0.6} \\
&= \frac{100}{2} \left[ x^2 \right]_{0}^{0.6} \\
&= 50 \left( (0.6)^2 - 0^2 \right) \\
&= 50(0.36) \\
&= 18 \text{ J}
\end{align*}
$$

## Final Answer

The work done in stretching the spring $0.6 \text{ m}$ beyond its natural length is $\boxed{18 \text{ J}}$.

---

# **Key Formulas or Methods Used**

- **Hooke's Law:** $F = kx$ (Force is proportional to displacement from natural length)
- **Spring Constant Calculation:** $k = \frac{F}{x}$
- **Work by Variable Force:** $W = \int_{x_1}^{x_2} F(x) \, dx$
- **Power Rule for Integration:** $\int x \, dx = \frac{x^2}{2} + C$

---

# **Summary of Steps**

1. **Find $k$:** Use the given force and extension to calculate the spring constant: $k = \frac{50}{0.5} = 100 \text{ N/m}$
2. **Define $F(x)$:** Write the force function: $F(x) = 100x$
3. **Set up integral:** Write the work formula with proper limits: $W = \int_{0}^{0.6} 100x \, dx$
4. **Integrate:** Evaluate to get $W = 50[x^2]_{0}^{0.6}$
5. **Calculate:** Substitute bounds: $W = 50(0.36) = 18 \text{ J}$","exercise","unclassified","13",,"It takes a force of $50 \text{ N}$ to stretch a spring $0.5 \text{ m}$. Find the work done in stretching the spring $0.6 \text{ m}$ beyond its natural length.

---","ms73pkt8jbb2zgdac8ecdmk0rx85qc3r",,,,,,,,,,
"maths-12","03-integration","Integration","exercise-3-8","3.8 Applications of Definite Integrals","m17fry3gp2s81zajvf38hcmnmh8c6akh","xd7a70qppscabkn3fvyf4v9cy98c70nw","Exercise 3.8",,"false","# **Background and Explanation**

This problem applies the concept of work done by a variable force, which requires integration rather than simple multiplication. When force varies with displacement (as described by Hooke's Law-type relationships), we calculate work by integrating the force function over the interval of stretch.

---

# **Solution**

## Interpreting the Problem

The force function is given as $F(x) = \frac{3}{2}x$ lb, where $x$ represents the additional stretch in inches beyond the spring's natural length. To find the work done in stretching the spring by 16 inches (interpreted as an additional 16 inches of stretch), we integrate from $x = 0$ to $x = 16$.

## Setting Up the Integral

The work $W$ done by a variable force is defined as:
$$W = \int_{a}^{b} F(x) \, dx$$

Substituting the given force function and limits:
$$\text{Work done} = \int_{0}^{16} \frac{3}{2}x \, dx$$

## Evaluating the Integral

Factor out the constant $\frac{3}{2}$:
$$= \frac{3}{2} \int_{0}^{16} x \, dx$$

Apply the power rule for integration $\int x \, dx = \frac{x^2}{2}$:
$$= \frac{3}{2} \left[ \frac{x^2}{2} \right]_{0}^{16}$$

Simplify the constant coefficient:
$$= \frac{3}{4} \left[ x^2 \right]_{0}^{16}$$

## Calculating the Definite Integral

Evaluate at the upper and lower limits:
$$= \frac{3}{4} \left( (16)^2 - (0)^2 \right)$$
$$= \frac{3}{4} (256 - 0)$$
$$= \frac{3}{4} (256)$$

Perform the final multiplication:
$$= 3 \times 64 = 192 \text{ lb}$$

Therefore, the work done in stretching the spring 16 inches is **192 inch-pounds** (or 192 lb).

---

# **Key Formulas or Methods Used**

- **Work by a Variable Force**: $W = \int_{a}^{b} F(x) \, dx$
- **Power Rule for Integration**: $\int x^n \, dx = \frac{x^{n+1}}{n+1} + C$ (for $n \neq -1$)
- **Definite Integral Evaluation**: $\int_{a}^{b} f(x) \, dx = F(b) - F(a)$, where $F$ is the antiderivative of $f$

---

# **Summary of Steps**

1. **Identify the force function** $F(x) = \frac{3}{2}x$ and determine the integration limits from $x = 0$ to $x = 16$ inches (representing the additional stretch).
2. **Set up the work integral**: $W = \int_{0}^{16} \frac{3}{2}x \, dx$.
3. **Factor out constants**: $\frac{3}{2} \int_{0}^{16} x \, dx$.
4. **Find the antiderivative**: $\frac{3}{2} \cdot \frac{x^2}{2} = \frac{3}{4}x^2$.
5. **Evaluate the definite integral**: $\frac{3}{4}(16^2 - 0^2) = \frac{3}{4}(256)$.
6. **Compute the final value**: $3 \times 64 = 192$ lb.","exercise","unclassified","14",,"A force $F = \frac{3}{2}x$ lb is needed to stretch a 10-inch spring an additional $x$ inches. Find the work done in stretching the spring 16 inches.

---","ms73pkt8jbb2zgdac8ecdmk0rx85qc3r",,,,,,,,,,
"maths-12","03-integration","Integration","exercise-3-8","3.8 Applications of Definite Integrals","m176tzthes5kfs59jhgspzf4zs8c7cgw","xd7a70qppscabkn3fvyf4v9cy98c70nw","Exercise 3.8",,"false","# **Background and Explanation**

Consumer surplus represents the difference between what consumers are willing to pay and what they actually pay. Producer surplus represents the difference between what producers receive and their minimum acceptable price. Both are calculated using definite integrals at market equilibrium.

---

# **Solution**

## Part (i): $S(x)=24, \quad D(x)=100-2 x$

### Finding Equilibrium Quantity

At equilibrium, supply equals demand:

$$S(x) = D(x)$$

$$24 = 100-2x$$

$$2x = 100-24 = 76$$

$$x = 38$$

Equilibrium quantity: $x_e = 38$

### Finding Equilibrium Price

Substituting $x = 38$ into both functions:

$$S(38) = 24$$

$$D(38) = 100 - 2(38) = 100 - 76 = 24$$

Equilibrium price: $p_e = 24$

### Consumer Surplus

$$CS = \int_0^{x_e} D(x)\, dx - x_e \cdot p_e$$

$$= \int_0^{38}(100-2x)\, dx - (38)(24)$$

$$= 100\int_0^{38} 1\, dx - 2\int_0^{38} x\, dx - 912$$

$$= 100\left[x\right]_0^{38} - 2\left[\frac{x^2}{2}\right]_0^{38} - 912$$

$$= 100(38-0) - \left[(38)^2 - 0\right] - 912$$

$$= 3800 - 1444 - 912$$

$$\boxed{CS = 1444}$$

### Producer Surplus

$$PS = x_e \cdot p_e - \int_0^{x_e} S(x)\, dx$$

$$= (38)(24) - \int_0^{38} 24\, dx$$

$$= 912 - 24\int_0^{38} 1\, dx$$

$$= 912 - 24\left[x\right]_0^{38}$$

$$= 912 - 24(38-0)$$

$$= 912 - 912$$

$$\boxed{PS = 0}$$

---

## Part (ii): $S(x)=x^{2}-4, \quad D(x)=-x+8$

### Finding Equilibrium Quantity

$$S(x) = D(x)$$

$$x^2 - 4 = -x + 8$$

$$x^2 + x - 12 = 0$$

$$x^2 - 3x + 4x - 12 = 0$$

$$x(x-3) + 4(x-3) = 0$$

$$(x-3)(x+4) = 0$$

This gives $x = 3$ or $x = -4$. Since quantity cannot be negative, we neglect $x = -4$.

Equilibrium quantity: $x_e = 3$

### Finding Equilibrium Price

$$S(3) = (3)^2 - 4 = 9 - 4 = 5$$

$$D(3) = -3 + 8 = 5$$

Equilibrium price: $p_e = 5$

### Consumer Surplus

$$CS = \int_0^{x_e} D(x)\, dx - x_e \cdot p_e$$

$$= \int_0^{3}(-x+8)\, dx - (3)(5)$$

$$= -\int_0^{3} x\, dx + 8\int_0^{3} 1\, dx - 15$$

$$= -\left[\frac{x^2}{2}\right]_0^{3} + 8\left[x\right]_0^{3} - 15$$

$$= -\frac{1}{2}\left[(3)^2 - 0\right] + 8(3-0) - 15$$

$$= -\frac{9}{2} + 24 - 15$$

$$= -4.5 + 9$$

$$\boxed{CS = 4.5}$$

### Producer Surplus

$$PS = x_e \cdot p_e - \int_0^{x_e} S(x)\, dx$$

$$= (3)(5) - \int_0^{3}(x^2-4)\, dx$$

$$= 15 - \int_0^{3} x^2\, dx + 4\int_0^{3} 1\, dx$$

$$= 15 - \left[\frac{x^3}{3}\right]_0^{3} + 4\left[x\right]_0^{3}$$

$$= 15 - \frac{1}{3}\left[(3)^3 - 0\right] + 4(3-0)$$

$$= 15 - 9 + 12$$

$$\boxed{PS = 18}$$

---

## Part (iii): $S(x)=2x^{2}+3x, \quad D(x)=36-x^{2}$

### Finding Equilibrium Quantity

$$S(x) = D(x)$$

$$2x^2 + 3x = 36 - x^2$$

$$3x^2 + 3x - 36 = 0$$

$$3(x^2 + x - 12) = 0$$

$$x^2 + x - 12 = 0$$

$$x^2 - 3x + 4x - 12 = 0$$

$$x(x-3) + 4(x-3) = 0$$

$$(x-3)(x+4) = 0$$

This gives $x = 3$ or $x = -4$. We neglect the negative value.

Equilibrium quantity: $x_e = 3$

### Finding Equilibrium Price

$$S(3) = 2(3)^2 + 3(3) = 18 + 9 = 27$$

$$D(3) = 36 - (3)^2 = 36 - 9 = 27$$

Equilibrium price: $p_e = 27$

### Consumer Surplus

$$CS = \int_0^{x_e} D(x)\, dx - x_e \cdot p_e$$

$$= \int_0^{3}(36-x^2)\, dx - (3)(27)$$

$$= 36\int_0^{3} 1\, dx - \int_0^{3} x^2\, dx - 81$$

$$= 36\left[x\right]_0^{3} - \left[\frac{x^3}{3}\right]_0^{3} - 81$$

$$= 36(3-0) - \frac{1}{3}\left[(3)^3 - 0\right] - 81$$

$$= 108 - 9 - 81$$

$$\boxed{CS = 18}$$

### Producer Surplus

$$PS = x_e \cdot p_e - \int_0^{x_e} S(x)\, dx$$

$$= (3)(27) - \int_0^{3}(2x^2+3x)\, dx$$

$$= 81 - 2\int_0^{3} x^2\, dx - 3\int_0^{3} x\, dx$$

$$= 81 - 2\left[\frac{x^3}{3}\right]_0^{3} - 3\left[\frac{x^2}{2}\right]_0^{3}$$

$$= 81 - \frac{2}{3}\left[(3)^3 - 0\right] - \frac{3}{2}\left[(3)^2 - 0\right]$$

$$= 81 - \frac{2}{3}(27) - \frac{3}{2}(9)$$

$$= 81 - 18 - 13.5$$

$$\boxed{PS = 49.5}$$

---

# **Key Formulas or Methods Used**

- **Equilibrium condition**: $S(x) = D(x)$
- **Consumer Surplus**: $CS = \displaystyle\int_0^{x_e} D(x)\, dx - x_e \cdot p_e$
- **Producer Surplus**: $PS = x_e \cdot p_e - \displaystyle\int_0^{x_e} S(x)\, dx$
- **Power rule for integration**: $\displaystyle\int x^n\, dx = \frac{x^{n+1}}{n+1}$

---

# **Summary of Steps**

1. **Find equilibrium quantity** by solving $S(x) = D(x)$
2. **Discard negative solutions** (quantity must be non-negative)
3. **Find equilibrium price** by substituting $x_e$ into either $S(x)$ or $D(x)$
4. **Calculate Consumer Surplus**: integrate demand from 0 to $x_e$, then subtract total expenditure $(x_e \cdot p_e)$
5. **Calculate Producer Surplus**: subtract integral of supply from 0 to $x_e$ from total revenue $(x_e \cdot p_e)$","exercise","unclassified","15",,"Find the consumer and producer surpluses for the following supply and demand functions:

**(i)** $S(x)=24, \quad D(x)=100-2 x$

**(ii)** $S(x)=x^{2}-4, \quad D(x)=-x+8$

**(iii)** $S(x)=2 x^{2}+3 x, \quad D(x)=36-x^{2}$

---","ms73pkt8jbb2zgdac8ecdmk0rx85qc3r",,,,,,,,,,
"maths-12","03-integration","Integration","exercise-3-8","3.8 Applications of Definite Integrals","m177d51r0ezb52frrnqmxpc6qs8c7nj8","xd7a70qppscabkn3fvyf4v9cy98c70nw","Exercise 3.8",,"false","# **Background and Explanation**

This problem requires finding the total accumulation of a quantity when given its rate of change over time. When you know the rate of revenue growth $f(t)$ (in dollars per year), integrating this rate function over a time interval gives the total revenue accumulated during that period.

---

# **Solution**

To find the total revenue over 4 years, we integrate the rate function $f(t)$ from $t=0$ to $t=4$:

$$
\text{Total revenue} = \int_{0}^{4} f(t) \, dt = \int_{0}^{4} 200(t-5)^{2} \, dt
$$

Factor out the constant 200:

$$
= 200 \int_{0}^{4}(t-5)^{2} \, dt
$$

Apply the power rule for integration. Recall that $\int u^n \, du = \frac{u^{n+1}}{n+1}$. Here, $u = (t-5)$ and $n = 2$:

$$
= 200 \left[ \frac{(t-5)^{3}}{3} \right]_{0}^{4}
$$

Evaluate the definite integral by substituting the upper limit ($t=4$) and lower limit ($t=0$):

$$
= \frac{200}{3}\left[(4-5)^{3}-(0-5)^{3}\right]
$$

Simplify the expressions inside the brackets:

$$
= \frac{200}{3}\left[(-1)^{3}-(-5)^{3}\right]
$$

Calculate the cubes:
- $(-1)^3 = -1$
- $(-5)^3 = -125$

$$
= \frac{200}{3}[-1-(-125)]
$$

Simplify the subtraction (note that subtracting a negative becomes addition):

$$
= \frac{200}{3}[-1+125]
$$

$$
= \frac{200}{3}[124]
$$

Multiply to get the final fraction:

$$
= \frac{24800}{3}
$$

Convert to decimal form for the final answer:

$$\text{Total Revenue} = 8266.67 \text{ dollars}$$

---

# **Key Formulas or Methods Used**

- **Definite integral for total accumulation:** $\displaystyle \text{Total amount} = \int_{a}^{b} \text{rate}(t) \, dt$
- **Power rule for integration:** $\displaystyle \int u^n \, du = \frac{u^{n+1}}{n+1} + C$ (for $n \neq -1$)
- **Constant multiple rule:** $\displaystyle \int k \cdot f(x) \, dx = k \int f(x) \, dx$
- **Fundamental Theorem of Calculus:** $\displaystyle \int_{a}^{b} f(x) \, dx = F(b) - F(a)$, where $F$ is the antiderivative of $f$

---

# **Summary of Steps**

1. **Set up the integral:** Recognize that total revenue equals $\int_{0}^{4} 200(t-5)^{2} \, dt$
2. **Factor out constants:** Move the 200 outside the integral
3. **Find the antiderivative:** Integrate $(t-5)^2$ to get $\frac{(t-5)^3}{3}$
4. **Evaluate bounds:** Substitute $t=4$ and $t=0$ into the antiderivative and subtract
5. **Simplify:** Calculate $(-1)^3 - (-5)^3 = -1 + 125 = 124$
6. **Compute final value:** Multiply $\frac{200}{3} \times 124 = \frac{24800}{3} \approx 8266.67$ dollars","exercise","unclassified","16",,"Find the total revenue obtained in 4 years if the rate of increase in dollars per year is:

$$f(t)=200(t-5)^{2}$$

---","ms73pkt8jbb2zgdac8ecdmk0rx85qc3r",,,,,,,,,,
"maths-12","03-integration","Integration","exercise-3-8","3.8 Applications of Definite Integrals","m1763qj3h95nv8zvyn32cc1bgx8c75qa","xd7a70qppscabkn3fvyf4v9cy98c70nw","Exercise 3.8",,"false","# **Background and Explanation**

When given a rate of change function $f(t)$, the total accumulation over a time interval is found by definite integration. Here, the total revenue equals the integral of the rate of revenue increase from $t=0$ to $t=8$. This requires integrating a radical function using substitution or the power rule with chain rule adjustment.

---

# **Solution**

To find the total revenue, we integrate the rate function $f(t)$ over the interval $[0, 8]$:

$$
\text{Total Revenue} = \int_{0}^{8} f(t) \, dt = \int_{0}^{8} 600 \sqrt{1+3 t} \, dt
$$

Factor out the constant and rewrite the radical as an exponent:

$$
= 600 \int_{0}^{8}(1+3 t)^{1 / 2} \, dt
$$

To integrate using the power rule, we need the derivative of the inner function $(1+3t)$, which is $3$. We multiply and divide by $3$ to prepare for substitution:

$$
= \frac{600}{3} \int_{0}^{8}(1+3 t)^{1 / 2} \cdot 3 \, dt = 200 \int_{0}^{8}(1+3 t)^{1 / 2} \cdot 3 \, dt
$$

Apply the power rule for integration $\int u^n \, du = \frac{u^{n+1}}{n+1}$. Here, $u = 1+3t$ and $n = \frac{1}{2}$:

$$
= 200 \left[ \frac{(1+3 t)^{\frac{1}{2}+1}}{\frac{1}{2}+1} \right]_{0}^{8} = 200 \left[ \frac{(1+3 t)^{3 / 2}}{3 / 2} \right]_{0}^{8}
$$

Simplify the fraction $\frac{1}{3/2} = \frac{2}{3}$ and evaluate at the bounds:

$$
= 200 \times \frac{2}{3}\left[(1+3(8))^{3 / 2}-(1+0)^{3 / 2}\right] = \frac{400}{3}\left[(25)^{3 / 2}-(1)^{3 / 2}\right]
$$

Simplify the exponents. Note that $25^{3/2} = (\sqrt{25})^3 = 5^3 = 125$ and $1^{3/2} = 1$:

$$
= \frac{400}{3}(125-1) = \frac{400}{3}(124) = \frac{49600}{3} \approx 16,533.33
$$

Therefore, the total revenue obtained in 8 years is $\$16,533.33$ (or exactly $\frac{49600}{3}$ dollars).

---

# **Key Formulas or Methods Used**

- **Total Accumulation Formula:** $\text{Total} = \int_{a}^{b} f(t) \, dt$ (integrating a rate function over time)
- **Power Rule for Integration:** $\int u^n \, du = \frac{u^{n+1}}{n+1} + C$ for $n \neq -1$
- **Substitution Method (implicit):** Adjusting for the chain rule by multiplying/dividing by the derivative of the inner function ($3$ in this case)
- **Exponent Rules:** $a^{m/n} = (\sqrt[n]{a})^m$, specifically $25^{3/2} = (\sqrt{25})^3 = 125$

---

# **Summary of Steps**

1. **Set up the integral:** Write total revenue as $\int_0^8 600\sqrt{1+3t} \, dt$
2. **Prepare for integration:** Factor out $600$ and adjust by dividing/multiplying by $3$ to match the derivative of $(1+3t)$
3. **Integrate:** Apply the power rule to get $\frac{400}{3}(1+3t)^{3/2}$ evaluated from $0$ to $8$
4. **Evaluate bounds:** Substitute $t=8$ to get $25^{3/2}$ and $t=0$ to get $1^{3/2}$
5. **Calculate:** Simplify $25^{3/2} = 125$, subtract $1$, and multiply by $\frac{400}{3}$ to get $\frac{49600}{3} \approx 16,533.33$","exercise","unclassified","17",,"Find the total revenue obtained in 8 years if the rate of increase in dollars per year is:

$$
f(t)=600 \sqrt{1+3 t}
$$

---","ms73pkt8jbb2zgdac8ecdmk0rx85qc3r",,,,,,,,,,
"maths-12","03-integration","Integration","exercise-3-8","3.8 Applications of Definite Integrals","m17ez5am5ckerk1dqkv406x1dd8c7a12","xd7a70qppscabkn3fvyf4v9cy98c70nw","Exercise 3.8",,"false","# **Background and Explanation**

This problem involves calculating the area between a cubic curve and the $x$-axis using definite integration. First, find the roots of the function to determine where the curve intersects the $x$-axis, then set up the appropriate definite integral over the interval where the function is non-negative in the first quadrant.

---

# **Solution**

Given the curve:
$$f(x)=x^{3}-2 x^{2}+1$$

## Finding the Points of Intersection with the $x$-axis

At the $x$-axis, $f(x)=0$:
$$x^{3}-2 x^{2}+1=0$$

## Finding Roots by Inspection

Take $x=1$:
$$(1)^{3}-2(1)^{2}+1 = 0$$
$$1-2+1 = 0$$
$$0 = 0$$

Therefore, $x=1$ is a root by inspection.

## Synthetic Division

Using synthetic division to factor out $(x-1)$ from the polynomial $x^3 - 2x^2 + 0x + 1$:

|  | 1 | -2 | 0 | 1 |
|:---:|:---:|:---:|:---:|:---:|
| 1 | $\downarrow$ | 1 | -1 | -1 |
|  | 1 | -1 | -1 | 0 |

The depressed equation is:
$$x^{2}-x-1=0$$

## Solving the Quadratic Equation

Here $a=1$, $b=-1$, $c=-1$. Using the quadratic formula:

$$x = \frac{-b \pm \sqrt{b^{2}-4 a c}}{2 a}$$

$$x = \frac{-(-1) \pm \sqrt{(-1)^{2}-4(1)(-1)}}{2 \times 1} = \frac{1 \pm \sqrt{1+4}}{2}$$

$$x = \frac{1 \pm \sqrt{5}}{2}$$

This yields:
$$x = \frac{1+\sqrt{5}}{2} \quad \text{and} \quad x = \frac{1-\sqrt{5}}{2}$$

Since $\frac{1-\sqrt{5}}{2}$ is negative, we neglect it for the first quadrant.

## Calculating the Area

Since the required area is in the first quadrant, and observing from the figure that the curve is above the $x$-axis from $x=0$ to $x=1$:

The area is given by:

$$\text{Area} = \int_{0}^{1}\left(x^{3}-2 x^{2}+1\right) d x$$

Breaking this into separate integrals:
$$\text{Area} = \int_{0}^{1} x^{3} \, d x - 2 \int_{0}^{1} x^{2} \, d x + \int_{0}^{1} 1 \, d x$$

Evaluating each term:
$$= \left[\frac{x^{4}}{4}\right]_{0}^{1} - 2\left[\frac{x^{3}}{3}\right]_{0}^{1} + \left[x\right]_{0}^{1}$$

Substituting the limits:
$$= \left(\frac{1}{4}-0\right) - 2\left(\frac{1}{3}-0\right) + (1-0)$$

$$= \frac{1}{4} - \frac{2}{3} + 1$$

Finding a common denominator (12):
$$= \frac{3-8+12}{12}$$

$$= \frac{7}{12} \text{ sq. unit}$$

---

# **Key Formulas or Methods Used**

- **Synthetic Division**: For polynomial factorization when one root is known
- **Quadratic Formula**: $x = \frac{-b \pm \sqrt{b^{2}-4ac}}{2a}$ for solving $ax^2 + bx + c = 0$
- **Definite Integration**: Area $= \int_{a}^{b} f(x) \, dx$ for calculating area under a curve
- **Power Rule for Integration**: $\int x^n \, dx = \frac{x^{n+1}}{n+1} + C$

---

# **Summary of Steps**

1. **Set up the equation**: Identify $f(x) = x^3 - 2x^2 + 1$ and find where $f(x) = 0$
2. **Find rational root**: Verify $x=1$ is a root by substitution
3. **Factor the polynomial**: Use synthetic division to obtain the depressed equation $x^2 - x - 1 = 0$
4. **Find remaining roots**: Apply the quadratic formula to get $x = \frac{1 \pm \sqrt{5}}{2}$
5. **Determine integration limits**: Identify that the curve is above the $x$-axis from $x=0$ to $x=1$ in the first quadrant
6. **Set up the integral**: Write $\text{Area} = \int_{0}^{1} (x^3 - 2x^2 + 1) \, dx$
7. **Evaluate**: Compute the definite integral to obtain $\frac{7}{12}$ square units","exercise","unclassified","18",,"Find the area bounded by the curve $f(x)=x^{3}-2 x^{2}+1$ and the $x$-axis in the first quadrant bounded by the line $x=1.5$.

---","ms73pkt8jbb2zgdac8ecdmk0rx85qc3r",,,,,,,,,,
"maths-12","03-integration","Integration","exercise-3-8","3.8 Applications of Definite Integrals","m17cqc8p2qbxfw04xf0whvmf3x8c6pm8","xd7a70qppscabkn3fvyf4v9cy98c70nw","Exercise 3.8",,"false","# **Background and Explanation**

To find the area under a curve $y=f(x)$ between two points, we evaluate the definite integral $\int_a^b f(x) \, dx$. This problem requires integrating a radical function using the power rule and the reverse chain rule (or substitution method).

---

# **Solution**

The area under a curve is calculated by integrating the function over the given interval.

## Setting up the Integral

$$
\text{Area} = \int_{0}^{2} y \, dx = \int_{0}^{2} \sqrt{6x+4} \, dx
$$

## Evaluating the Integral

We rewrite the integrand to prepare for integration using the power rule. Notice that the derivative of the inner function $(6x+4)$ is $6$, so we multiply and divide by $6$:

$$
= \frac{1}{6} \int_{0}^{2} (6x+4)^{1/2} \cdot 6 \, dx
$$

Now apply the power rule for integration $\int u^n \, du = \frac{u^{n+1}}{n+1}$ where $u = 6x+4$ and $n = \frac{1}{2}$:

$$
= \frac{1}{6} \cdot \left[\frac{(6x+4)^{\frac{1}{2}+1}}{\frac{1}{2}+1}\right]_{0}^{2}
$$

Simplify the exponent and denominator:

$$
= \frac{1}{6} \cdot \left[\frac{(6x+4)^{3/2}}{3/2}\right]_{0}^{2}
$$

Dividing by $\frac{3}{2}$ is equivalent to multiplying by $\frac{2}{3}$:

$$
= \frac{1}{6} \cdot \frac{2}{3} \left[(6x+4)^{3/2}\right]_{0}^{2}
$$

Simplify the constant coefficient $\frac{1}{6} \cdot \frac{2}{3} = \frac{2}{18} = \frac{1}{9}$:

$$
= \frac{1}{9}\left[(6(2)+4)^{3/2} - (6(0)+4)^{3/2}\right]
$$

## Simplifying the Expression

Evaluate the expressions inside the brackets:

$$
= \frac{1}{9}\left[(12+4)^{3/2} - (0+4)^{3/2}\right]
$$

$$
= \frac{1}{9}\left[(16)^{3/2} - (4)^{3/2}\right]
$$

Simplify the fractional exponents using the property $(a^m)^n = a^{mn}$:
- $(16)^{3/2} = (4^2)^{3/2} = 4^3 = 64$
- $(4)^{3/2} = (2^2)^{3/2} = 2^3 = 8$

Therefore:

$$
= \frac{1}{9}\left[64 - 8\right]
$$

$$
= \frac{1}{9} \cdot 56
$$

$$
= \frac{56}{9} \text{ square units}
$$

---

# **Key Formulas or Methods Used**

- **Area under curve:** $\text{Area} = \int_a^b f(x) \, dx$
- **Power rule for integration:** $\int (ax+b)^n \, dx = \frac{(ax+b)^{n+1}}{a(n+1)} + C$ for $n \neq -1$
- **Reverse chain rule:** Adjusting for the derivative of the inner linear function by multiplying/dividing by the coefficient of $x$
- **Exponent rules:** $(a^m)^n = a^{mn}$ and $a^{m/n} = \sqrt[n]{a^m}$

---

# **Summary of Steps**

1. Set up the definite integral: $\int_{0}^{2} \sqrt{6x+4} \, dx$
2. Prepare for integration by writing as $\frac{1}{6}\int_{0}^{2} (6x+4)^{1/2} \cdot 6 \, dx$
3. Apply power rule: $\frac{1}{6} \cdot \frac{2}{3}(6x+4)^{3/2}$ evaluated from $0$ to $2$
4. Simplify coefficient to $\frac{1}{9}$ and substitute limits: $\frac{1}{9}[(16)^{3/2} - (4)^{3/2}]$
5. Evaluate powers: $16^{3/2} = 64$ and $4^{3/2} = 8$
6. Calculate final result: $\frac{1}{9}(56) = \frac{56}{9}$ square units","exercise","unclassified","2",,"Find the area under the curve $y=\sqrt{6x+4}$ (above the $x$-axis) from $x=0$ to $x=2$.

---","ms73pkt8jbb2zgdac8ecdmk0rx85qc3r",,,,,,,,,,
"maths-12","03-integration","Integration","exercise-3-8","3.8 Applications of Definite Integrals","m1736g24tggfvrk84m1ny5ggas8c7xhz","xd7a70qppscabkn3fvyf4v9cy98c70nw","Exercise 3.8",,"false","# **Background and Explanation**

This problem requires calculating the area of a region bounded by a parabola and a vertical line using definite integration. The curve $y^2 = 4x$ is a right-opening parabola symmetric about the $x$-axis, so we can calculate the area of the upper half and double it to account for both the positive and negative $y$-values.

---

# **Solution**

## Setting up the Integral

The given curve is $y^2 = 4x$, which represents a parabola opening to the right with its vertex at the origin. Solving for $y$:

$$y = \pm 2\sqrt{x}$$

This gives us two branches:
- Upper branch: $y = 2\sqrt{x}$ (above the $x$-axis)
- Lower branch: $y = -2\sqrt{x}$ (below the $x$-axis)

To find where the curve intersects the $x$-axis (the starting point of our region), we set $y = 0$:

$$0 = \pm 2\sqrt{x} \implies x = 0$$

The region extends from $x = 0$ (the vertex) to $x = 3$ (the given vertical line). Due to symmetry about the $x$-axis, we calculate the area of the upper half and multiply by 2:

$$\text{Area} = 2 \int_{0}^{3} (2\sqrt{x}) \, dx = 4 \int_{0}^{3} x^{1/2} \, dx$$

## Evaluating the Integral

Using the power rule for integration $\int x^n \, dx = \frac{x^{n+1}}{n+1}$:

$$
\begin{aligned}
\text{Area} &= 4 \int_{0}^{3} x^{1/2} \, dx \\
&= 4 \left[ \frac{x^{\frac{1}{2}+1}}{\frac{1}{2}+1} \right]_{0}^{3} \\
&= 4 \left[ \frac{x^{3/2}}{3/2} \right]_{0}^{3} \\
&= 4 \cdot \frac{2}{3} \left[ x^{3/2} \right]_{0}^{3} \\
&= \frac{8}{3} \left[ (3)^{3/2} - 0 \right]
\end{aligned}
$$

## Simplifying the Result

Simplify $(3)^{3/2}$:

$$(3)^{3/2} = (3^3)^{1/2} = \sqrt{27} = \sqrt{9 \times 3} = 3\sqrt{3}$$

Substituting back:

$$
\begin{aligned}
\text{Area} &= \frac{8}{3} \cdot 3\sqrt{3} \\
&= 8\sqrt{3} \text{ sq. units}
\end{aligned}
$$

---

# **Key Formulas or Methods Used**

- **Area between curves**: $\text{Area} = \int_{a}^{b} [y_{\text{upper}} - y_{\text{lower}}] \, dx$ (or using symmetry: $2 \times \text{area of upper half}$)
- **Power rule for integration**: $\int x^n \, dx = \frac{x^{n+1}}{n+1} + C$ for $n \neq -1$
- **Exponential simplification**: $a^{m/n} = \sqrt[n]{a^m} = (\sqrt[n]{a})^m$

---

# **Summary of Steps**

1. **Identify the curve**: Recognize $y^2 = 4x$ as a parabola and solve for $y$ to get $y = \pm 2\sqrt{x}$.
2. **Determine bounds**: Find that the curve meets the $x$-axis at $x = 0$, so the region extends from $x = 0$ to $x = 3$.
3. **Set up the integral**: Use symmetry to write $\text{Area} = 2 \int_{0}^{3} 2\sqrt{x} \, dx = 4 \int_{0}^{3} x^{1/2} \, dx$.
4. **Integrate**: Apply the power rule to get $\frac{8}{3}x^{3/2}$ evaluated from 0 to 3.
5. **Evaluate and simplify**: Calculate $\frac{8}{3}(3)^{3/2} = \frac{8}{3} \cdot 3\sqrt{3} = 8\sqrt{3}$ square units.","exercise","unclassified","3",,"Find the area of the region bounded by the curve $y^{2}=4 x$ and the line $x=3$.

---","ms73pkt8jbb2zgdac8ecdmk0rx85qc3r",,,,,,,,,,
"maths-12","03-integration","Integration","exercise-3-8","3.8 Applications of Definite Integrals","m17bz3fm0e2fa3gf0997b3vs8x8c7wpx","xd7a70qppscabkn3fvyf4v9cy98c70nw","Exercise 3.8",,"false","# **Background and Explanation**

The area bounded by a curve $y=f(x)$, the $x$-axis, and the vertical lines $x=a$ and $x=b$ is calculated using the definite integral $\int_{a}^{b} y \, dx$. This requires applying the power rule for integration, $\int x^n \, dx = \frac{x^{n+1}}{n+1}$, and evaluating the antiderivative at the bounds using the Fundamental Theorem of Calculus.

---

# **Solution**

## Part (i): Area of region $A$

Region $A$ corresponds to the area under the curve from $x=1$ to $x=3$. We set up the definite integral:

$$\text{Area} = \int_{1}^{3} y \, dx = \int_{1}^{3} \frac{1}{2}\left(0.2 x^{2}+x\right) dx$$

Factor out the constant $\frac{1}{2}$ and split the integral into two terms:

$$= \frac{1}{2}(0.2) \int_{1}^{3} x^{2} \, dx + \frac{1}{2} \int_{1}^{3} x \, dx$$

$$= \frac{1}{10} \int_{1}^{3} x^{2} \, dx + \frac{1}{2} \int_{1}^{3} x \, dx$$

Apply the power rule for integration to find the antiderivatives:

$$= \frac{1}{10}\left[\frac{x^{3}}{3}\right]_{1}^{3} + \frac{1}{2}\left[\frac{x^{2}}{2}\right]_{1}^{3}$$

Evaluate at the upper bound ($x=3$) and lower bound ($x=1$):

$$= \frac{1}{30}\left(3^{3} - 1^{3}\right) + \frac{1}{4}\left(3^{2} - 1^{2}\right)$$

$$= \frac{1}{30}(27 - 1) + \frac{1}{4}(9 - 1)$$

$$= \frac{26}{30} + \frac{8}{4}$$

Simplify the fractions:

$$= \frac{13}{15} + 2 = \frac{13}{15} + \frac{30}{15} = \frac{43}{15} \approx 2.87 \text{ sq. units}$$

## Part (ii): Area of region $B$

Region $B$ extends from $x=3$ to $x=4$. Using the same antiderivatives:

$$\text{Area} = \int_{3}^{4} \frac{1}{2}\left(0.2 x^{2}+x\right) dx$$

$$= \frac{1}{10}\left[\frac{x^{3}}{3}\right]_{3}^{4} + \frac{1}{4}\left[\frac{x^{2}}{2}\right]_{3}^{4}$$

$$= \frac{1}{30}\left(4^{3} - 3^{3}\right) + \frac{1}{4}\left(4^{2} - 3^{2}\right)$$

$$= \frac{1}{30}(64 - 27) + \frac{1}{4}(16 - 9)$$

$$= \frac{37}{30} + \frac{7}{4}$$

Converting to decimal form for the final sum:

$$= 1.233... + 1.75 = 2.983 \text{ sq. units}$$

*(Exact value: $\frac{179}{60}$ sq. units)*

## Part (iii): Area from $x=1$ to $x=4$

This represents the total area covering both regions $A$ and $B$. By the additive property of definite integrals:

$$\text{Area} = \int_{1}^{4} y \, dx = \int_{1}^{3} y \, dx + \int_{3}^{4} y \, dx$$

Substituting the values from parts (i) and (ii):

$$= 2.87 + 2.983 = 5.853 \text{ sq. units}$$

## Part (iv): Area from $x=-1$ to $x=-4$

**Note:** When calculating geometric area, we integrate from the lower limit to the upper limit. Here we integrate from $x=-4$ to $x=-1$ (since $-4 < -1$). If the function lies below the $x$-axis in this interval, the integral will be negative, and we take the absolute value for the physical area.

$$\text{Area} = \int_{-4}^{-1} \frac{1}{2}\left(0.2 x^{2}+x\right) dx$$

$$= \frac{1}{10}\left[\frac{x^{3}}{3}\right]_{-4}^{-1} + \frac{1}{4}\left[\frac{x^{2}}{2}\right]_{-4}^{-1}$$

$$= \frac{1}{30}\left((-1)^{3} - (-4)^{3}\right) + \frac{1}{4}\left((-1)^{2} - (-4)^{2}\right)$$

$$= \frac{1}{30}(-1 - (-64)) + \frac{1}{4}(1 - 16)$$

$$= \frac{1}{30}(63) + \frac{1}{4}(-15)$$

$$= 2.1 - 3.75 = -1.65$$

Since area is always positive, we take the absolute value:

$$\therefore \text{Area} = 1.65 \text{ sq. units}$$

---

# **Key Formulas or Methods Used**

- **Definite Integral for Area:** $\text{Area} = \int_{a}^{b} f(x) \, dx$
- **Power Rule:** $\int x^n \, dx = \frac{x^{n+1}}{n+1} + C$
- **Fundamental Theorem of Calculus:** $\int_{a}^{b} f(x) \, dx = F(b) - F(a)$, where $F$ is the antiderivative of $f$
- **Additive Property:** $\int_{a}^{c} f(x) \, dx = \int_{a}^{b} f(x) \, dx + \int_{b}^{c} f(x) \, dx$
- **Geometric Area:** Always non-negative; take $|\text{integral}|$ if the region is below the $x$-axis

---

# **Summary of Steps**

1. **Set up the integral:** Identify the bounds for each region and write $\int_{a}^{b} \frac{1}{2}(0.2x^2 + x) \, dx$.
2. **Simplify the integrand:** Factor out constants to get $\frac{1}{10}x^2 + \frac{1}{2}x$.
3. **Integrate term by term:** Apply the power rule to obtain antiderivatives $\frac{x^3}{30} + \frac{x^2}{4}$.
4. **Evaluate bounds:** Substitute upper and lower limits using $F(b) - F(a)$ for each part.
5. **Calculate numerical values:** Simplify fractions and sum the results.
6. **Handle negative regions:** For intervals where the curve is below the $x$-axis (yielding a negative integral), take the absolute value to report the geometric area.
7. **Combine regions:** For part (iii), add the areas of regions $A$ and $B$ obtained previously.","exercise","unclassified","4",,"In the figure, a sketch of the function $y=\frac{1}{2}\left(0.2 x^{2}+x\right)$ is shown. Find:

(i) the area of region $A$ (from $x=1$ to $x=3$).

(ii) the area of region $B$ (from $x=3$ to $x=4$).

(iii) the area of the region from $x=1$ to $x=4$.

(iv) the area of the region from $x=-1$ to $x=-4$.

---","ms73pkt8jbb2zgdac8ecdmk0rx85qc3r",,,,,,,,,,
"maths-12","03-integration","Integration","exercise-3-8","3.8 Applications of Definite Integrals","m17bvdxgq7ggghge1j50gpp7ts8c7c1k","xd7a70qppscabkn3fvyf4v9cy98c70nw","Exercise 3.8",,"false","# **Background and Explanation**

The area bounded by a curve $y = f(x)$ and the x-axis over an interval $[a, b]$ is given by the definite integral $\int_a^b f(x) \, dx$ when the curve lies above the x-axis. If the curve lies below the x-axis, we must take the absolute value (negate the integral) to obtain a positive area measurement.

---

# **Solution**

## Part (i): $y = 1 + \cos x$ on $[0, 3\pi]$

Since $\cos x \geq -1$ for all $x$, we have $y = 1 + \cos x \geq 0$. The graph lies entirely above the x-axis, so the area is:

$$
\begin{aligned}
\text{Area} &= \int_{0}^{3\pi} y \, dx \\
&= \int_{0}^{3\pi} (1+\cos x) \, dx \\
&= \int_{0}^{3\pi} 1 \, dx + \int_{0}^{3\pi} \cos x \, dx \\
&= \left[x\right]_{0}^{3\pi} + \left[\sin x\right]_{0}^{3\pi} \\
&= (3\pi - 0) + (\sin 3\pi - \sin 0) \\
&= 3\pi + (0 - 0) \\
&= 3\pi
\end{aligned}
$$

## Part (ii): $y = -1 + \sin x$ on $\left[-\frac{3\pi}{2}, \frac{3\pi}{2}\right]$

Since $-1 \leq \sin x \leq 1$, we have $-2 \leq -1 + \sin x \leq 0$. The graph lies entirely below (or on) the x-axis. Therefore, we take the absolute value by negating the integral:

$$
\begin{aligned}
\text{Area} &= \int_{-3\pi/2}^{3\pi/2} |y| \, dx \\
&= -\int_{-3\pi/2}^{3\pi/2} (-1+\sin x) \, dx \\
&= \int_{-3\pi/2}^{3\pi/2} 1 \, dx - \int_{-3\pi/2}^{3\pi/2} \sin x \, dx \\
&= \left[x\right]_{-3\pi/2}^{3\pi/2} + \left[(-\cos x)\right]_{-3\pi/2}^{3\pi/2} \\
&= \left(\frac{3\pi}{2} - \left(-\frac{3\pi}{2}\right)\right) - \left(\cos\frac{3\pi}{2} - \cos\left(-\frac{3\pi}{2}\right)\right) \\
&= \frac{3\pi}{2} + \frac{3\pi}{2} - (0 - 0) \\
&= 3\pi
\end{aligned}
$$

---

# **Key Formulas or Methods Used**

- **Definite integral for area**: $\text{Area} = \int_a^b f(x) \, dx$ (when $f(x) \geq 0$)
- **Absolute value adjustment**: $\text{Area} = -\int_a^b f(x) \, dx$ (when $f(x) \leq 0$ on $[a,b]$)
- **Antiderivatives**: $\int 1 \, dx = x$, $\int \cos x \, dx = \sin x$, $\int \sin x \, dx = -\cos x$
- **Fundamental Theorem of Calculus**: $\int_a^b f(x) \, dx = F(b) - F(a)$ where $F$ is the antiderivative of $f$
- **Trigonometric values**: $\sin(3\pi) = \sin(0) = 0$ and $\cos(\pm 3\pi/2) = 0$

---

# **Summary of Steps**

1. **Identify the interval** and determine if the function is positive or negative throughout
2. **Set up the definite integral**, adding a negative sign if the graph lies below the x-axis
3. **Split the integral** into simpler terms (constant and trigonometric parts)
4. **Integrate each term** using standard antiderivative rules
5. **Evaluate the bounds** by substituting upper and lower limits
6. **Simplify** using known trigonometric values at multiples of $\pi/2$
7. **Combine terms** to obtain the final area (both parts equal $3\pi$ square units)","exercise","unclassified","5",,"Find the area bounded by the graph:

(i) $y = 1 + \cos x$ on the interval $[0, 3\pi]$

(ii) $y = -1 + \sin x$ on the interval $\left[-\frac{3\pi}{2}, \frac{3\pi}{2}\right]$

---","ms73pkt8jbb2zgdac8ecdmk0rx85qc3r",,,,,,,,,,
"maths-12","03-integration","Integration","exercise-3-8","3.8 Applications of Definite Integrals","m17ambr6fqh3jr000wjpfk47g18c6fq7","xd7a70qppscabkn3fvyf4v9cy98c70nw","Exercise 3.8",,"false","# **Background and Explanation**

This problem involves finding the area between two curves using definite integration. To solve this, you need to identify where the curves intersect to determine the limits of integration, then integrate the vertical distance between the upper and lower functions over that interval.

---

# **Solution**

First, identify the bounding curves:
$$y = x \quad \text{(line 1)}$$
$$y = -2x \quad \text{(line 2)}$$

**Step 1: Find the intersection point**

To locate where these lines meet, set the equations equal to each other:

$$
\begin{aligned}
x &= -2x \\
3x &= 0 \\
x &= 0
\end{aligned}
$$

The curves intersect at $x = 0$ (the origin). The vertical line $x = 3$ provides the right boundary, so our integration interval is $[0, 3]$.

**Step 2: Determine the upper and lower functions**

On the interval $[0, 3]$, we check which function has greater values. For any $x > 0$:
- $y = x$ produces positive values
- $y = -2x$ produces negative values

Therefore, $f(x) = x$ is the upper function and $g(x) = -2x$ is the lower function.

**Step 3: Set up the definite integral**

The area between two curves is given by $\int_{a}^{b} [f(x) - g(x)] \, dx$. Substituting our functions:

$$
\begin{aligned}
\text{Area} &= \int_{0}^{3}(f(x)-g(x)) \, dx \\
&= \int_{0}^{3}(x-(-2x)) \, dx \\
&= \int_{0}^{3}(x+2x) \, dx \\
&= \int_{0}^{3} 3x \, dx
\end{aligned}
$$

**Step 4: Evaluate the integral**

Factor out the constant and apply the power rule:

$$
\begin{aligned}
\text{Area} &= 3 \int_{0}^{3} x \, dx \\
&= 3\left|\frac{x^{2}}{2}\right|_{0}^{3} \\
&= \frac{3}{2}\left((3)^{2}-0\right) \\
&= \frac{3}{2}(9) \\
&= \frac{27}{2} \text{ sq. unit}
\end{aligned}
$$

Thus, the area of the bounded region is $\boxed{\dfrac{27}{2}}$ square units (or $13.5$ square units).

---

# **Key Formulas or Methods Used**

- **Area between two curves:** $\displaystyle \text{Area} = \int_{a}^{b} [f(x) - g(x)] \, dx$, where $f(x) \geq g(x)$ on $[a, b]$
- **Power rule for integration:** $\displaystyle \int x^n \, dx = \frac{x^{n+1}}{n+1}$ (for $n \neq -1$)
- **Fundamental Theorem of Calculus:** $\displaystyle \int_{a}^{b} f(x) \, dx = F(b) - F(a)$, where $F$ is the antiderivative of $f$

---

# **Summary of Steps**

1. **Find intersection:** Set $x = -2x$ to find the curves meet at $x = 0$
2. **Establish limits:** Region spans from $x = 0$ to $x = 3$
3. **Identify upper/lower:** On $[0, 3]$, $y = x$ is above $y = -2x$
4. **Set up integral:** $\int_{0}^{3} [x - (-2x)] \, dx = \int_{0}^{3} 3x \, dx$
5. **Evaluate:** $3 \cdot \frac{x^2}{2} \big|_0^3 = \frac{3}{2}(9) = \frac{27}{2}$","exercise","unclassified","6",,"Find the area of the region bounded by the graphs of $y=x$, $y=-2x$ and $x=3$.

---","ms73pkt8jbb2zgdac8ecdmk0rx85qc3r",,,,,,,,,,
"maths-12","03-integration","Integration","exercise-3-8","3.8 Applications of Definite Integrals","m17dmm1jyx98w8c6qwyze9a1ch8c765g","xd7a70qppscabkn3fvyf4v9cy98c70nw","Exercise 3.8",,"false","# **Background and Explanation**

This problem requires calculating the area between two curves using definite integration. When a region is bounded above by $f(x)$ and below by $g(x)$ over an interval $[a, b]$, the area is given by integrating the difference $f(x) - g(x)$ between the specified limits.

---

# **Solution**

First, identify the bounding functions:
- Upper function: $f(x) = x + 6$
- Lower function: $g(x) = x^{2}$
- Vertical bounds: $x = 0$ to $x = 2$

The area between curves is given by the formula:
$$
\text{Area} = \int_{0}^{2}(f(x)-g(x)) d x
$$

Substituting the functions and evaluating step-by-step:

$$
\begin{aligned}
&= \int_{0}^{2}\left(x+6-x^{2}\right) d x \\
&= \int_{0}^{2} x d x+6 \int_{0}^{2} 1 d x-\int_{0}^{2} x^{2} d x \\
&= \left|\frac{x^{2}}{2}\right|_{0}^{2}+6|x|_{0}^{2}-\left|\frac{x^{3}}{3}\right|_{0}^{2} \\
&= \frac{1}{2}\left((2)^{2}-0\right)+6(2-0)-\frac{1}{3}\left((2)^{3}-(0)^{3}\right) \\
&= \frac{1}{2}(4-0)+6(2)-\frac{1}{3}(8-0) \\
&= 2+12-\frac{8}{3} \\
&= 14-\frac{8}{3} \\
&= \frac{42-8}{3}=\frac{34}{3} \text{ sq. unit}
\end{aligned}
$$

Here, the vertical bar notation $\left|F(x)\right|_{a}^{b}$ denotes the evaluation $F(b) - F(a)$ according to the Fundamental Theorem of Calculus.

Therefore, the area of the region is $\frac{34}{3}$ square units.

---

# **Key Formulas or Methods Used**

- **Area between curves:** $\displaystyle A = \int_{a}^{b} [f(x) - g(x)] \, dx$ where $f(x)$ is the upper function and $g(x)$ is the lower function over $[a,b]$
- **Power rule for integration:** $\displaystyle \int x^{n} d x = \frac{x^{n+1}}{n+1} + C$ for $n \neq -1$
- **Linearity of integration:** $\displaystyle \int [\alpha f(x) + \beta g(x)] d x = \alpha\int f(x) d x + \beta\int g(x) d x$
- **Fundamental Theorem of Calculus:** $\displaystyle \int_{a}^{b} f(x) d x = F(b) - F(a)$ where $F$ is an antiderivative of $f$

---

# **Summary of Steps**

1. Identify the upper function ($y = x + 6$), lower function ($y = x^{2}$), and interval $[0, 2]$
2. Set up the definite integral: $\displaystyle \int_{0}^{2} [(x+6) - x^{2}] d x$
3. Separate into individual integrals using the linearity property
4. Find the antiderivatives: $\frac{x^{2}}{2}$, $6x$, and $\frac{x^{3}}{3}$
5. Evaluate each antiderivative at the upper bound ($x=2$) and lower bound ($x=0$), then subtract
6. Simplify the resulting arithmetic expression: $2 + 12 - \frac{8}{3} = \frac{34}{3}$
7. State the final answer with appropriate units: $\frac{34}{3}$ square units","exercise","unclassified","7",,"Find the area of the region bounded above by $y=x+6$, bounded below by $y=x^{2}$ and bounded on the sides by the lines $x=0$ and $x=2$.

---","ms73pkt8jbb2zgdac8ecdmk0rx85qc3r",,,,,,,,,,
"maths-12","03-integration","Integration","exercise-3-8","3.8 Applications of Definite Integrals","m170mgh2bx9aq8z9cz3zm0v6yn8c7qe9","xd7a70qppscabkn3fvyf4v9cy98c70nw","Exercise 3.8",,"false","# **Background and Explanation**

To find the area bounded by a curve and the $x$-axis, we evaluate the definite integral of the function over the interval where the curve lies above the axis. First, determine the left and right boundaries by finding where the curve intersects the $x$-axis and identifying any given vertical lines.

---

# **Solution**

## Finding the Limits of Integration

We begin with the curve:
$$y = x^{3}+1$$

The region is bounded on the right by the line $x=1$. To find the left boundary, we determine where the curve intersects the $x$-axis by setting $y=0$:

$$
\begin{aligned}
x^{3}+1 &= 0 \\
(x+1)\left(x^{2}+x+1\right) &= 0
\end{aligned}
$$

This yields:
$$x+1=0 \quad \Rightarrow \quad x=-1$$

For the quadratic factor $x^{2}+x+1=0$, we apply the quadratic formula:

$$
\begin{aligned}
x &= \frac{-1 \pm \sqrt{(1)^{2}-4(1)(1)}}{2} \\
&= \frac{-1 \pm \sqrt{1-4}}{2} \\
&= \frac{-1 \pm \sqrt{-3}}{2}
\end{aligned}
$$

Since the discriminant is negative, these roots are imaginary. Therefore, the only real intersection with the $x$-axis occurs at $x=-1$.

The area is bounded between $x=-1$ and $x=1$.

## Setting Up and Evaluating the Integral

The area is given by the definite integral:

$$
\begin{aligned}
\text{Area} &= \int_{-1}^{1} y \, dx \\
&= \int_{-1}^{1}\left(x^{3}+1\right) dx
\end{aligned}
$$

Using the linearity of integration, we split this into two separate integrals:

$$
\text{Area} = \int_{-1}^{1} x^{3} \, dx + \int_{-1}^{1} 1 \, dx
$$

Evaluating the first integral using the power rule:

$$
\begin{aligned}
\int_{-1}^{1} x^{3} \, dx &= \left|\frac{x^{4}}{4}\right|_{-1}^{1} \\
&= \frac{1}{4}\left((1)^{4}-(-1)^{4}\right) \\
&= \frac{1}{4}(1-1) \\
&= \frac{1}{4}(0) \\
&= 0
\end{aligned}
$$

Evaluating the second integral:

$$
\begin{aligned}
\int_{-1}^{1} 1 \, dx &= |x|_{-1}^{1} \\
&= (1-(-1)) \\
&= 1+1 \\
&= 2
\end{aligned}
$$

Combining both results:

$$
\begin{aligned}
\text{Area} &= 0 + 2 \\
&= 2 \text{ sq. unit}
\end{aligned}
$$

---

# **Key Formulas or Methods Used**

- **Area under a curve**: $A = \int_{a}^{b} f(x) \, dx$ where $a$ and $b$ are the horizontal boundaries
- **Power rule for integration**: $\int x^{n} \, dx = \frac{x^{n+1}}{n+1}$ (for $n \neq -1$)
- **Quadratic formula**: $x = \frac{-b \pm \sqrt{b^{2}-4ac}}{2a}$ for solving $ax^{2}+bx+c=0$
- **Linearity of integration**: $\int [f(x) + g(x)] \, dx = \int f(x) \, dx + \int g(x) \, dx$

---

# **Summary of Steps**

1. **Find x-intercept**: Set $y=0$ and solve $x^{3}+1=0$ to find the left boundary at $x=-1$ (discarding imaginary roots)
2. **Identify boundaries**: The region extends from $x=-1$ (x-intercept) to $x=1$ (given line)
3. **Set up integral**: Write $\text{Area} = \int_{-1}^{1} (x^{3}+1) \, dx$
4. **Split the integral**: Separate into $\int_{-1}^{1} x^{3} \, dx + \int_{-1}^{1} 1 \, dx$
5. **Integrate**: Apply the power rule to get $\left[\frac{x^{4}}{4}\right]_{-1}^{1} + [x]_{-1}^{1}$
6. **Evaluate limits**: Substitute bounds to obtain $\frac{1}{4}(1-1) + (1-(-1)) = 0 + 2$
7. **Final answer**: The area equals $2$ square units","exercise","unclassified","8",,"Find the area bounded by the curve $y=x^{3}+1$, the $x$-axis and the line $x=1$.

---","ms73pkt8jbb2zgdac8ecdmk0rx85qc3r",,,,,,,,,,
"maths-12","03-integration","Integration","exercise-3-8","3.8 Applications of Definite Integrals","m173mf5x6g8gwn6db2bs1hw2v98c6jmc","xd7a70qppscabkn3fvyf4v9cy98c70nw","Exercise 3.8",,"false","# **Background and Explanation**

When finding areas between curves, integrating with respect to $y$ is advantageous when the region is bounded by functions of the form $x = f(y)$. This approach uses horizontal strips where the width is the difference between the rightmost and leftmost $x$-values at each $y$.

---

# **Solution**

First, express both curves as functions of $x$ in terms of $y$:
- The parabola: $x = y^2$
- The line: From $y = x - 2$, we get $x = y + 2$

**Finding the limits of integration:**

To find where the curves intersect, set the $x$-values equal:
$$y^2 = y + 2$$

Rearranging into standard quadratic form:
$$y^2 - y - 2 = 0$$

Factoring the quadratic:
$$(y - 2)(y + 1) = 0$$

Therefore, the curves intersect at $y = 2$ and $y = -1$. These are our limits of integration.

**Setting up the integral:**

For $y \in [-1, 2]$, test a point (say $y = 0$) to determine which curve is on the right:
- Line: $x = 0 + 2 = 2$
- Parabola: $x = 0^2 = 0$

Thus, $x = y + 2$ is the right curve and $x = y^2$ is the left curve. The area is:

$$\text{Area} = \int_{-1}^{2} \left[(y + 2) - y^2\right] dy = \int_{-1}^{2} (y + 2 - y^2) \, dy$$

**Evaluating the integral:**

Split the integral into three separate terms for easier computation:
$$\text{Area} = \int_{-1}^{2} y \, dy + 2\int_{-1}^{2} 1 \, dy - \int_{-1}^{2} y^2 \, dy$$

Compute each definite integral using the Fundamental Theorem of Calculus:

1. For $\int_{-1}^{2} y \, dy$:
   $$\left[\frac{y^2}{2}\right]_{-1}^{2} = \frac{1}{2}\left[(2)^2 - (-1)^2\right] = \frac{1}{2}(4 - 1) = \frac{3}{2}$$

2. For $2\int_{-1}^{2} 1 \, dy$:
   $$2\left[y\right]_{-1}^{2} = 2\left[2 - (-1)\right] = 2(3) = 6$$

3. For $\int_{-1}^{2} y^2 \, dy$:
   $$\left[\frac{y^3}{3}\right]_{-1}^{2} = \frac{1}{3}\left[(2)^3 - (-1)^3\right] = \frac{1}{3}(8 - (-1)) = \frac{1}{3}(9) = 3$$

**Combining the results:**

$$\text{Area} = \frac{3}{2} + 6 - 3 = \frac{3}{2} + 3 = \frac{3 + 6}{2} = \frac{9}{2}$$

Therefore, the area of the enclosed region is $\boxed{\dfrac{9}{2}}$ square units.

---

# **Key Formulas or Methods Used**

- **Area between curves (horizontal strips):** $A = \int_{c}^{d} \left[x_{\text{right}}(y) - x_{\text{left}}(y)\right] \, dy$
- **Finding intersection points:** Solve simultaneous equations by setting $x$-values equal
- **Power rule for integration:** $\int y^n \, dy = \dfrac{y^{n+1}}{n+1} + C$ (for $n \neq -1$)
- **Fundamental Theorem of Calculus:** $\int_{a}^{b} f(y) \, dy = F(b) - F(a)$ where $F$ is the antiderivative of $f$

---

# **Summary of Steps**

1. Rewrite both equations as $x$ in terms of $y$: $x = y^2$ and $x = y + 2$
2. Find intersection points by solving $y^2 = y + 2$, yielding $y = -1$ and $y = 2$
3. Identify the right curve ($x = y + 2$) and left curve ($x = y^2$) by testing a point between the intersection values
4. Set up the area integral: $\displaystyle \int_{-1}^{2} \left[(y + 2) - y^2\right] dy$
5. Expand and integrate term by term using the power rule
6. Evaluate the antiderivatives at the bounds $y = 2$ and $y = -1$
7. Combine the numerical results to obtain the final answer: $\dfrac{9}{2}$ square units","exercise","unclassified","9",,"Find the area of the region enclosed by $x=y^{2}$ and $y=x-2$ integrating with respect to $y$.

---","ms73pkt8jbb2zgdac8ecdmk0rx85qc3r",,,,,,,,,,