subjectSlug,chapterSlug,chapterTitle,topicSlug,topicTitle,_id,correctKeyVerified,examBoard,keyPoints,lastAttempt,locked,marks,modelAnswer,partType,questionKind,questionNumber,session,stem,topicId,year,correctKey,exerciseId,exerciseTitle,explanation,options,origin,sectionLabel,sourceRef
"chemistry-11","05-states-and-phases-of-matter","States And Phases Of Matter","5-1-kinetic-molecular-interpretation-of-liquids","5.1 Kinetic Molecular Interpretation of Liquids","m1745zp3m3tetm7ewv9an3qtss85p4tm","true","Federal Board","[""Solute reduces vapour pressure of solvent by lowering mole fraction of solvent molecules at surface"",""Boiling point elevation formula: $\\Delta T_b = K_b \\times m$ where $K_b$ is ebullioscopic constant and $m$ is molality"",""Derivation showing $\\Delta T_b = \\frac{K_b \\times w}{M_{solute} \\times m_{solvent}}$ proves inverse proportionality to molar mass"",""For fixed solute mass, smaller molar mass produces more particles and greater boiling point elevation"",""Inverse relationship ($\\Delta T_b \\propto \\frac{1}{M_{solute}}$) is characteristic of colligative properties""]",,"false","6","The addition of solute increases the boiling point of a solution because solute particles reduce the vapour pressure of the solvent. According to Raoult's Law, the presence of non-volatile solute molecules lowers the mole fraction of solvent molecules at the liquid surface, decreasing the number of solvent molecules that can escape into the vapour phase. Consequently, a higher temperature is required to restore the vapour pressure to atmospheric pressure, resulting in boiling point elevation. The elevation of boiling point ($\Delta T_b$) is given by: $\Delta T_b = K_b \times m$, where $K_b$ is the ebullioscopic constant and $m$ is the molality of the solution. Since molality is defined as $m = \frac{n_{solute}}{M_{solute} \times m_{solvent}}$, where $n_{solute}$ is the number of moles and $M_{solute}$ is the molar mass of solute, we can derive: $\Delta T_b = \frac{K_b \times w}{M_{solute} \times m_{solvent}}$, where $w$ is the mass of solute. This equation demonstrates that $\Delta T_b$ is inversely proportional to the molar mass of the solute ($\Delta T_b \propto \frac{1}{M_{solute}}$). For a fixed mass of solute, a smaller molar mass produces more solute particles, resulting in greater boiling point elevation. Conversely, a larger molar mass produces fewer particles and less elevation. This inverse relationship is fundamental to colligative properties and is used in molar mass determination through boiling point elevation experiments.","C","long","6","annual","Why does the addition of solute increase the boiling point of a solution? Explain the quantitative aspects of elevation of boiling point and prove that $\Delta T_b$ is inversely proportional to the molar mass of the solute.","ms7cvb83gdfqr4gn9mhrmx6dns85q2qd","2022",,,,,,,,
"chemistry-11","05-states-and-phases-of-matter","States And Phases Of Matter","5-1-kinetic-molecular-interpretation-of-liquids","5.1 Kinetic Molecular Interpretation of Liquids","m17ejqnv4atwdhdhap3kkc5hch8e03fc",,,,,"false",,,"MCQ","mcq","v",,"A thermostat is an instrument which:","ms7cvb83gdfqr4gn9mhrmx6dns85q2qd",,"C","xd746zzjtrs6wra74sensvek8s8e087c","Exercise: Choose the Correct Answer","A thermostat maintains a system at a constant, set temperature.","[{""key"":""A"",""text"":""Increases the temperature""},{""key"":""B"",""text"":""Decreases the temperature""},{""key"":""C"",""text"":""Maintains the temperature""},{""key"":""D"",""text"":""Fluctuates the temperature""}]","exercise","Choose the Correct Answer","{""blockIndex"":2,""chapterNumber"":5,""subjectSlug"":""chemistry-11""}"
"chemistry-11","05-states-and-phases-of-matter","States And Phases Of Matter","5-1-kinetic-molecular-interpretation-of-liquids","5.1 Kinetic Molecular Interpretation of Liquids","m170b98etdvjg7e2qywyhb11yd8e0hym",,,,,"false",,,"MCQ","mcq","x",,"In which of the following are the particles the most disordered?","ms7cvb83gdfqr4gn9mhrmx6dns85q2qd",,"B","xd746zzjtrs6wra74sensvek8s8e087c","Exercise: Choose the Correct Answer","Steam (gas phase) has the most disordered, randomly moving particles compared to liquid water at any temperature.","[{""key"":""A"",""text"":""Water at 100 C""},{""key"":""B"",""text"":""Steam at 100 C""},{""key"":""C"",""text"":""Impure water at 102 C""},{""key"":""D"",""text"":""Water at 10 C""}]","exercise","Choose the Correct Answer","{""blockIndex"":2,""chapterNumber"":5,""subjectSlug"":""chemistry-11""}"
"chemistry-11","05-states-and-phases-of-matter","States And Phases Of Matter","5-1-kinetic-molecular-interpretation-of-liquids","5.1 Kinetic Molecular Interpretation of Liquids","m17e8xf273gvzwnhhajar21hf58e0r6p",,,,,"false",,,"MCQ","mcq","xi",,"Which of these statements best supports the idea that matter is made up of particles: (a) liquids always fill the space available to them, (b) liquids are easily compressible, (c) 1 cm3 of water produces nearly 1700 cm3 of steam, (d) if a bottle of perfume is opened, the smell spreads quickly?","ms7cvb83gdfqr4gn9mhrmx6dns85q2qd",,"D","xd746zzjtrs6wra74sensvek8s8e087c","Exercise: Choose the Correct Answer","Perfume smell spreading quickly through air demonstrates diffusion of discrete moving particles, directly supporting particle theory.","[{""key"":""A"",""text"":""Liquids always fill the space available to them""},{""key"":""B"",""text"":""Liquids are easily compressible""},{""key"":""C"",""text"":""1 cm3 of water produces nearly 1700 cm3 of steam""},{""key"":""D"",""text"":""If a bottle of perfume is opened, the smell spreads quickly""}]","exercise","Choose the Correct Answer","{""blockIndex"":3,""chapterNumber"":5,""subjectSlug"":""chemistry-11""}"
"chemistry-11","05-states-and-phases-of-matter","States And Phases Of Matter","5-1-kinetic-molecular-interpretation-of-liquids","5.1 Kinetic Molecular Interpretation of Liquids","m17dawdsb08f1qqtcvp6hr24gx8e1cgj",,,,,"false",,,"MCQ","mcq","xii",,"Which of these processes involves a weakening of the attraction between particles?","ms7cvb83gdfqr4gn9mhrmx6dns85q2qd",,"D","xd746zzjtrs6wra74sensvek8s8e087c","Exercise: Choose the Correct Answer","Evaporation involves particles gaining enough energy to overcome (weaken/break) attractive forces and escape into the gas phase, unlike condensation, freezing or crystallization which involve particles coming together.","[{""key"":""A"",""text"":""Condensation""},{""key"":""B"",""text"":""Freezing""},{""key"":""C"",""text"":""Crystallization""},{""key"":""D"",""text"":""Evaporation""}]","exercise","Choose the Correct Answer","{""blockIndex"":3,""chapterNumber"":5,""subjectSlug"":""chemistry-11""}"
"chemistry-11","05-states-and-phases-of-matter","States And Phases Of Matter","5-1-kinetic-molecular-interpretation-of-liquids","5.1 Kinetic Molecular Interpretation of Liquids","m170awdg3gtv29797dyaqzdmeh8e1pqm",,,"[""Liquids diffuse slowly, are nearly incompressible, expand slightly on heating, have moderate intermolecular forces (stronger than gases, weaker than solids), and their particles have kinetic energy intermediate between gases and solids."",""At the boiling point, all the heat supplied goes into overcoming intermolecular forces (as latent heat of vaporization) to convert liquid to vapour, rather than raising the kinetic energy/temperature further, so temperature stays constant until all the liquid has vaporized.""]",,"false",,,,"long","3",,"(a) Give the simple properties of liquids with special reference to diffusion, compression, expansion, intermolecular forces, and kinetic energy. (b) Explain, on the basis of kinetic molecular theory, why the boiling point of a liquid remains constant although heat is continuously supplied.","ms7cvb83gdfqr4gn9mhrmx6dns85q2qd",,,"xd7bmv9r54qpbf8nhm3dvq49eh8e184j","Exercise: Long Answer",,,"exercise","Long Answer","{""blockIndex"":3,""chapterNumber"":5,""subjectSlug"":""chemistry-11""}"
"chemistry-11","05-states-and-phases-of-matter","States And Phases Of Matter","5-2-physical-properties-of-liquids","5.2 Physical Properties of Liquids","m17a286rwcrys3ja5hrsww7m6d85qq0a","true","Federal Board","[""Identifies high boiling point and explains it results from strong hydrogen bonding requiring energy to break intermolecular forces"",""Identifies high surface tension and relates it to cohesive forces from hydrogen bonding between surface molecules"",""Identifies solvent properties and explains hydrogen bonding allows dissolution of polar and ionic compounds"",""Correctly attributes each property to hydrogen bonding as the underlying cause"",""Uses appropriate FBISE terminology (hydrogen bonding, intermolecular forces, cohesive forces, polar)""]",,"false","3","Three properties of water due to hydrogen bonding are: (1) **High boiling point** - Hydrogen bonds between water molecules require significant energy to break, resulting in a boiling point of 100°C, much higher than expected for a molecule of its molar mass. (2) **High surface tension** - Hydrogen bonding creates strong cohesive forces between water molecules at the surface, allowing water to form droplets and support small objects. (3) **Excellent solvent properties** - Hydrogen bonds form between water molecules and polar solutes, enabling water to dissolve a wide range of ionic and polar compounds, making it the universal solvent.","B","short","6","annual","Describe any three properties of water which are due to hydrogen bonding.","ms76k3m00s5b0s899ts5qqda2585pxzc","2025",,,,,,,,
"chemistry-11","05-states-and-phases-of-matter","States And Phases Of Matter","5-2-physical-properties-of-liquids","5.2 Physical Properties of Liquids","m17a0anvbk9jng9vtxkpf22fbs85pk85","true","Federal Board","[""Vapor pressure is inversely related to the strength of intermolecular forces"",""Stronger intermolecular forces (especially hydrogen bonding) result in lower vapor pressure"",""Fewer molecules have sufficient kinetic energy to escape the liquid phase when intermolecular forces are strong"",""At constant temperature, the substance with the strongest intermolecular attractions will have the lowest vapor pressure""]",,"false","1","The substance with the lowest vapor pressure at 50°C will be the one with the strongest intermolecular forces. According to kinetic molecular theory, molecules with higher intermolecular attractive forces require more energy to escape the liquid phase. Therefore, the compound exhibiting the strongest hydrogen bonding or other intermolecular forces will have the lowest vapor pressure at the given temperature.","MCQ","mcq","14","annual","Which of the following will contain the **lowest** vapor pressure at $50^{\circ}C$?","ms76k3m00s5b0s899ts5qqda2585pxzc","2022","C",,,"The substance with the lowest vapor pressure at 50°C will be the one with the strongest intermolecular forces. According to kinetic molecular theory, molecules with higher intermolecular attractive forces require more energy to escape the liquid phase. Therefore, the compound exhibiting the strongest hydrogen bonding or other intermolecular forces will have the lowest vapor pressure at the given temperature.","[{""key"":""A"",""text"":""$CH_4$""},{""key"":""B"",""text"":""$HF$""},{""key"":""C"",""text"":""$NH_3$""},{""key"":""D"",""text"":""$H_2O$""}]",,,
"chemistry-11","05-states-and-phases-of-matter","States And Phases Of Matter","5-2-physical-properties-of-liquids","5.2 Physical Properties of Liquids","m170556mkxx1h89x33nyhj81vd85q8he","true","Federal Board","[""Osmotic pressure is independent of the nature/type of solute particles"",""Osmotic pressure is independent of the size of solute molecules"",""Osmotic pressure depends only on colligative properties: concentration of solute and absolute temperature"",""Follows van't Hoff equation: $\\pi = iCRT$ where only C, T, and i (van't Hoff factor) matter"",""Does not depend on molecular weight or chemical identity of the solute""]",,"false","1","Osmotic pressure ($\pi$) depends on the number of solute particles (concentration), absolute temperature, and the gas constant. It does NOT depend on the nature or identity of the solute particles, the size of the solute molecules, or the type of solvent used (as long as it is a pure solvent).","MCQ","mcq","7","annual","**Osmotic pressure** ($\pi$) does NOT depend on:","ms76k3m00s5b0s899ts5qqda2585pxzc","2022","A",,,"Osmotic pressure ($\pi$) depends on the number of solute particles (concentration), absolute temperature, and the gas constant. It does NOT depend on the nature or identity of the solute particles, the size of the solute molecules, or the type of solvent used (as long as it is a pure solvent).","[{""key"":""A"",""text"":""Molarity""},{""key"":""B"",""text"":""Universal gas constant""},{""key"":""C"",""text"":""Temperature""},{""key"":""D"",""text"":""Radius""}]",,,
"chemistry-11","05-states-and-phases-of-matter","States And Phases Of Matter","5-2-physical-properties-of-liquids","5.2 Physical Properties of Liquids","m170ykmk7c2rqc1kaftjydmczx85pvvm","true","Federal Board","[""Correct calculation of molar mass of CHBr₃ = 253 g/mol"",""Correct conversion of molecules to moles using Avogadro's number (N_A = 6.022 × 10²³)"",""Correct calculation of mass from moles using M = n × M"",""Correct application of density formula V = m/ρ to find volume"",""Final answer: 700 cm³ (or 0.70 L)""]",,"false","3","First, calculate the molar mass of CHBr₃: M = 12 + 1 + 3(80) = 253 g/mol. Next, find the number of moles using Avogadro's number: $n = \frac{4.8 \times 10^{24}}{6.022 \times 10^{23}} = 7.97 \approx 8$ moles. Calculate the mass required: $m = n \times M = 8 \times 253 = 2024$ g. Finally, use density to find volume: $V = \frac{m}{\rho} = \frac{2024}{2.89} = 700$ cm³ or 0.70 L.","B","short","1","annual","The liquid $CHBr_3$ has a density of $2.89\text{ g/cm}^3$. What volume of this liquid should be measured to contain a total of $4.8 \times 10^{24}$ molecules of $CHBr_3$? (M.Wt: $C=12, H=1, Br=80$)","ms76k3m00s5b0s899ts5qqda2585pxzc","2022",,,,,,,,
"chemistry-11","05-states-and-phases-of-matter","States And Phases Of Matter","5-2-physical-properties-of-liquids","5.2 Physical Properties of Liquids","m1752v8jkxzf5d6s41amgfw4zd85q011","true","Federal Board","[""Reduced pressure lowers the boiling point of liquids"",""Lower temperatures prevent thermal decomposition of heat-sensitive compounds"",""Vapour pressure decreases under reduced pressure, allowing vaporization at lower temperatures"",""Sensitive liquids can be purified without degradation"",""Process involves applying vacuum to the distillation apparatus""]",,"false","3","Distillation under reduced pressure is used for purifying sensitive liquids because lowering the pressure reduces the boiling point of the liquid. This allows heat-sensitive compounds to vaporize and be separated at lower temperatures, preventing thermal decomposition or degradation. The process works by applying vacuum to the system, which decreases the vapour pressure required for boiling, enabling purification without exposing the sensitive material to excessive heat.","B","short","19","annual","**Distillation under reduced pressure** is often used for purification of sensitive liquids. Describe the process giving reasons.","ms76k3m00s5b0s899ts5qqda2585pxzc","2022",,,,,,,,
"chemistry-11","05-states-and-phases-of-matter","States And Phases Of Matter","5-2-physical-properties-of-liquids","5.2 Physical Properties of Liquids","m1745zp3m3tetm7ewv9an3qtss85p4tm","true","Federal Board","[""Solute reduces vapour pressure of solvent by lowering mole fraction of solvent molecules at surface"",""Boiling point elevation formula: $\\Delta T_b = K_b \\times m$ where $K_b$ is ebullioscopic constant and $m$ is molality"",""Derivation showing $\\Delta T_b = \\frac{K_b \\times w}{M_{solute} \\times m_{solvent}}$ proves inverse proportionality to molar mass"",""For fixed solute mass, smaller molar mass produces more particles and greater boiling point elevation"",""Inverse relationship ($\\Delta T_b \\propto \\frac{1}{M_{solute}}$) is characteristic of colligative properties""]",,"false","6","The addition of solute increases the boiling point of a solution because solute particles reduce the vapour pressure of the solvent. According to Raoult's Law, the presence of non-volatile solute molecules lowers the mole fraction of solvent molecules at the liquid surface, decreasing the number of solvent molecules that can escape into the vapour phase. Consequently, a higher temperature is required to restore the vapour pressure to atmospheric pressure, resulting in boiling point elevation. The elevation of boiling point ($\Delta T_b$) is given by: $\Delta T_b = K_b \times m$, where $K_b$ is the ebullioscopic constant and $m$ is the molality of the solution. Since molality is defined as $m = \frac{n_{solute}}{M_{solute} \times m_{solvent}}$, where $n_{solute}$ is the number of moles and $M_{solute}$ is the molar mass of solute, we can derive: $\Delta T_b = \frac{K_b \times w}{M_{solute} \times m_{solvent}}$, where $w$ is the mass of solute. This equation demonstrates that $\Delta T_b$ is inversely proportional to the molar mass of the solute ($\Delta T_b \propto \frac{1}{M_{solute}}$). For a fixed mass of solute, a smaller molar mass produces more solute particles, resulting in greater boiling point elevation. Conversely, a larger molar mass produces fewer particles and less elevation. This inverse relationship is fundamental to colligative properties and is used in molar mass determination through boiling point elevation experiments.","C","long","6","annual","Why does the addition of solute increase the boiling point of a solution? Explain the quantitative aspects of elevation of boiling point and prove that $\Delta T_b$ is inversely proportional to the molar mass of the solute.","ms76k3m00s5b0s899ts5qqda2585pxzc","2022",,,,,,,,
"chemistry-11","05-states-and-phases-of-matter","States And Phases Of Matter","5-2-physical-properties-of-liquids","5.2 Physical Properties of Liquids","m179jegxqeg4s0kh1t51k5rcs985pgcj",,"Federal Board","[""Solute molecules reduce the number of solvent molecules at the liquid surface available for evaporation"",""Vapour pressure is proportional to the mole fraction of solvent (Raoult's Law application)"",""Solute particles decrease the mole fraction of solvent in the solution"",""Intermolecular interactions between solute and solvent molecules increase the energy required for solvent molecules to escape"",""This is a colligative property dependent on the number of solute particles, not their identity""]",,"false","3","When a non-volatile, non-electrolyte solute is dissolved in a solvent, the vapour pressure of the solvent decreases because solute molecules occupy space at the liquid surface, reducing the number of solvent molecules available to evaporate. According to Raoult's Law, the vapour pressure of the solvent is directly proportional to its mole fraction in the solution. As solute particles are added, the mole fraction of the solvent decreases, resulting in a lower vapour pressure. Additionally, solute molecules interact with solvent molecules through intermolecular forces, making it more difficult for solvent molecules to escape from the liquid phase into the vapour phase.","B","short","14","annual","Why does the vapour pressure of a solvent decrease when a non-volatile, non-electrolyte solute is dissolved in it?","ms76k3m00s5b0s899ts5qqda2585pxzc","2023",,,,,,,,
"chemistry-11","05-states-and-phases-of-matter","States And Phases Of Matter","5-2-physical-properties-of-liquids","5.2 Physical Properties of Liquids","m17e22ga2p6fca7b5zh5ykf2ys85qkbc","true","Federal Board","[""Boiling point determination is the standard method for testing liquid purity"",""Pure ethanol boils at a constant temperature of 78.4°C"",""Impurities cause boiling point elevation or depression and variable boiling behavior"",""Constant boiling point indicates purity; variable boiling point indicates presence of impurities"",""This method is based on the colligative property of boiling point elevation""]",,"false","1","The best way to test the purity of ethanol is to determine its boiling point. Pure ethanol has a characteristic boiling point of 78.4°C. If the liquid boils at this exact temperature and maintains a constant boiling point throughout the process, it is pure. If the boiling point is different or varies during boiling, the liquid contains impurities.","MCQ","mcq","1","annual","A liquid is thought to be pure ethanol. Which of the following is the best way to test its purity?","ms76k3m00s5b0s899ts5qqda2585pxzc","2024","A",,,"The best way to test the purity of ethanol is to determine its boiling point. Pure ethanol has a characteristic boiling point of 78.4°C. If the liquid boils at this exact temperature and maintains a constant boiling point throughout the process, it is pure. If the boiling point is different or varies during boiling, the liquid contains impurities.","[{""key"":""A"",""text"":""Dehydrating it with $H_2SO_4$""},{""key"":""B"",""text"":""Measuring its boiling point""},{""key"":""C"",""text"":""Reacting with ethanol""},{""key"":""D"",""text"":""Burning it completely""}]",,,
"chemistry-11","05-states-and-phases-of-matter","States And Phases Of Matter","5-2-physical-properties-of-liquids","5.2 Physical Properties of Liquids","m17cm766b0y9twmvr8b4wt9d9n85q34n","true","Federal Board","[""Petrol has weaker intermolecular forces (van der Waals) than water's hydrogen bonds, so molecules escape more easily"",""Lower energy molecules can overcome intermolecular forces in petrol, causing earlier evaporation"",""Water's strong hydrogen bonding creates greater intermolecular attractive forces, reducing vapour pressure"",""Ethyl alcohol has fewer/weaker hydrogen bonds than water, allowing easier molecular escape and higher vapour pressure"",""Vapour pressure is inversely related to strength of intermolecular forces""]",,"false","3","Petrol evaporates earlier than water because petrol has weaker intermolecular forces (van der Waals forces) compared to water's strong hydrogen bonding. Molecules with lower kinetic energy can escape from petrol's surface, requiring less energy for evaporation. Water has lower vapour pressure than ethyl alcohol because water forms strong hydrogen bonds between its molecules, creating greater intermolecular attractive forces. Ethyl alcohol has weaker hydrogen bonding due to fewer hydrogen bond donors, allowing its molecules to escape more readily into the vapour phase at a given temperature.","B","short","12","annual","Justify the following statements: (i) Petrol evaporates earlier than water (ii) Water has lower vapour pressure than ethyl alcohol.","ms76k3m00s5b0s899ts5qqda2585pxzc","2024",,,,,,,,
"chemistry-11","05-states-and-phases-of-matter","States And Phases Of Matter","5-2-physical-properties-of-liquids","5.2 Physical Properties of Liquids","m173pvr7qdskabfhb3rcavvbsd85pzc7","true","Federal Board","[""Relative lowering of vapour pressure defined as $\\frac{\\Delta P}{P^\\circ} = X_2$ (mole fraction of solute)"",""Mole fraction relationship: $X_2 = \\frac{n_2}{n_1 + n_2} \\approx \\frac{n_2}{n_1}$ for dilute solutions"",""Rearrangement to find moles of solute: $n_2 = \\frac{\\Delta P}{P^\\circ} \\times n_1$"",""Molar mass calculation: $M_2 = \\frac{m_2}{n_2}$ using measured mass and calculated moles"",""Application as colligative property for determining molar mass of non-volatile solutes""]",,"false","3","Relative lowering of vapour pressure is expressed as $\frac{\Delta P}{P^\circ} = X_2$, where $\Delta P$ is the decrease in vapour pressure and $X_2$ is the mole fraction of solute. Since $X_2 = \frac{n_2}{n_1 + n_2}$ and for dilute solutions $X_2 \approx \frac{n_2}{n_1}$, we can rearrange to find $n_2 = \frac{\Delta P}{P^\circ} \times n_1$. By measuring the mass of solute ($m_2$) and solvent ($m_1$), calculating $n_1$ from the known molar mass of solvent, and determining $\frac{\Delta P}{P^\circ}$ experimentally, the molar mass of solute is calculated as: $M_2 = \frac{m_2}{n_2} = \frac{m_2 \times P^\circ}{\Delta P \times n_1}$. This colligative property method is particularly useful for non-volatile solutes in volatile solvents.","B","short","24","annual","How relative lowering of vapour pressure ($\frac{\Delta P}{P^\circ} = X_2$) can be used to calculate molar mass of solute?","ms76k3m00s5b0s899ts5qqda2585pxzc","2024",,,,,,,,
"chemistry-11","05-states-and-phases-of-matter","States And Phases Of Matter","5-2-physical-properties-of-liquids","5.2 Physical Properties of Liquids","m176c355qw7x2yq73ysgxcgw2x85px98","true","Federal Board","[""Definition of phenol-water system as a partially miscible binary liquid mixture"",""Upper consolute temperature defined as the maximum temperature for phase separation/complete miscibility point"",""Explanation that below UCST, two immiscible liquid phases form (phenol-rich and water-rich layers)"",""Role of hydrogen bonding in determining miscibility and how it weakens with increasing temperature"",""Above UCST, phenol and water are completely miscible in all proportions forming single phase""]",,"false","3","The phenol-water system is a binary liquid mixture that exhibits partial miscibility at room temperature, forming two separate liquid phases. The upper consolute temperature (or upper critical solution temperature, UCST) is the maximum temperature above which phenol and water become completely miscible in all proportions, forming a single homogeneous phase. Below this temperature, the system separates into two liquid layers: one rich in phenol and one rich in water. This phenomenon occurs because hydrogen bonding between phenol and water molecules weakens at higher temperatures, allowing complete mixing.","B","short","25","annual","Describe phenol water system and explain upper consulate temperature.","ms76k3m00s5b0s899ts5qqda2585pxzc","2024",,,,,,,,
"chemistry-11","05-states-and-phases-of-matter","States And Phases Of Matter","5-2-physical-properties-of-liquids","5.2 Physical Properties of Liquids","m171jkxym0msn2s7z52gxgqesh85q72t","true","Federal Board","[""Definition of colligative properties and identification of four types (freezing point depression, boiling point elevation, osmotic pressure, vapor pressure lowering)"",""Explanation of freezing point depression mechanism: solute particles disrupt solvent crystallization"",""Mathematical relationship: $\\Delta T_f = K_f \\times m$ with correct identification of variables"",""Derivation of molar mass formula: $M = \\frac{K_f \\times w_2 \\times 1000}{\\Delta T_f \\times w_1}$ with proper explanation"",""Graphical representation showing linear relationship between concentration and freezing point depression with correct interpretation of slope and intercept""]",,"false","6","Colligative properties are physical properties of solutions that depend only on the number of solute particles present, not on their identity. These include freezing point depression, boiling point elevation, osmotic pressure, and vapor pressure lowering. Freezing point depression occurs because solute particles disrupt the crystalline structure of the solvent, requiring lower temperatures to form solid. The quantitative relationship is expressed as $\Delta T_f = K_f \times m$, where $\Delta T_f$ is the freezing point depression, $K_f$ is the cryoscopic constant, and $m$ is molality. By plotting freezing point against solute concentration and determining the slope, we can calculate the molar mass of an unknown solute using $M = \frac{K_f \times w_2 \times 1000}{\Delta T_f \times w_1}$, where $w_2$ is mass of solute and $w_1$ is mass of solvent. The graphical representation shows a linear relationship between concentration and freezing point depression, with the x-intercept at pure solvent's freezing point and slope equal to $K_f \times m$. This method is widely used in analytical chemistry to determine molecular weights of unknown compounds.","C","long","6","annual","What are colligative properties of solutions? Explain quantitative aspects of freezing point depression with general graphical representation to derive the molar mass of solute.","ms76k3m00s5b0s899ts5qqda2585pxzc","2024",,,,,,,,
"chemistry-11","05-states-and-phases-of-matter","States And Phases Of Matter","5-2-physical-properties-of-liquids","5.2 Physical Properties of Liquids","m1710bg8e00ekptydqe23bzv2h8e07k4",,,,,"false",,,"MCQ","mcq","i",,"Van der Waal's forces are effective:","ms76k3m00s5b0s899ts5qqda2585pxzc",,"C","xd746zzjtrs6wra74sensvek8s8e087c","Exercise: Choose the Correct Answer","Van der Waal's forces are short-range forces, significant only when molecules are very close together.","[{""key"":""A"",""text"":""At long distance""},{""key"":""B"",""text"":""Both at long as well as short distance""},{""key"":""C"",""text"":""Only at short distance""},{""key"":""D"",""text"":""Independent of distance""}]","exercise","Choose the Correct Answer","{""blockIndex"":1,""chapterNumber"":5,""subjectSlug"":""chemistry-11""}"
"chemistry-11","05-states-and-phases-of-matter","States And Phases Of Matter","5-2-physical-properties-of-liquids","5.2 Physical Properties of Liquids","m17cfnxr1eszf8vf9j0gmdkvrn8e1228",,,,,"false",,,"MCQ","mcq","ii",,"Which one of the following forces is also called London forces?","ms76k3m00s5b0s899ts5qqda2585pxzc",,"D","xd746zzjtrs6wra74sensvek8s8e087c","Exercise: Choose the Correct Answer","London forces are another name for dispersion forces, arising from temporary induced dipoles.","[{""key"":""A"",""text"":""Ion-dipole forces""},{""key"":""B"",""text"":""Dipole-induced dipole forces""},{""key"":""C"",""text"":""Dipole-dipole forces""},{""key"":""D"",""text"":""Dispersion forces""}]","exercise","Choose the Correct Answer","{""blockIndex"":2,""chapterNumber"":5,""subjectSlug"":""chemistry-11""}"
"chemistry-11","05-states-and-phases-of-matter","States And Phases Of Matter","5-2-physical-properties-of-liquids","5.2 Physical Properties of Liquids","m17fm845v6mxw4p75zgm0cyqbs8e1bkp",,,,,"false",,,"MCQ","mcq","iii",,"Which of the following two halogens are gases at room temperature?","ms76k3m00s5b0s899ts5qqda2585pxzc",,"C","xd746zzjtrs6wra74sensvek8s8e087c","Exercise: Choose the Correct Answer","Fluorine and chlorine are gases at room temperature; bromine is a liquid and iodine is a solid.","[{""key"":""A"",""text"":""Fluorine and Iodine""},{""key"":""B"",""text"":""Chlorine and Bromine""},{""key"":""C"",""text"":""Fluorine and Chlorine""},{""key"":""D"",""text"":""Iodine and Bromine""}]","exercise","Choose the Correct Answer","{""blockIndex"":2,""chapterNumber"":5,""subjectSlug"":""chemistry-11""}"
"chemistry-11","05-states-and-phases-of-matter","States And Phases Of Matter","5-2-physical-properties-of-liquids","5.2 Physical Properties of Liquids","m176gzy77v1yhrmc7en8x9zcd18e14e0",,,,,"false",,,"MCQ","mcq","iv",,"Intermolecular forces (Van der Waal's forces) are of:","ms76k3m00s5b0s899ts5qqda2585pxzc",,"B","xd746zzjtrs6wra74sensvek8s8e087c","Exercise: Choose the Correct Answer","Van der Waal's forces comprise three types: dipole-dipole, dipole-induced dipole, and dispersion (London) forces.","[{""key"":""A"",""text"":""Two types""},{""key"":""B"",""text"":""Three types""},{""key"":""C"",""text"":""Four types""},{""key"":""D"",""text"":""Five types""}]","exercise","Choose the Correct Answer","{""blockIndex"":2,""chapterNumber"":5,""subjectSlug"":""chemistry-11""}"
"chemistry-11","05-states-and-phases-of-matter","States And Phases Of Matter","5-2-physical-properties-of-liquids","5.2 Physical Properties of Liquids","m170v31e9bt3y0a9hfhy283x8x8e1qsm",,,,,"false",,,"MCQ","mcq","vi",,"The scientist who discussed the phenomenon of viscosity is:","ms76k3m00s5b0s899ts5qqda2585pxzc",,"A","xd746zzjtrs6wra74sensvek8s8e087c","Exercise: Choose the Correct Answer","Poiseuille's law describes the flow of viscous fluids through a tube.","[{""key"":""A"",""text"":""Poiseuille""},{""key"":""B"",""text"":""Newton""},{""key"":""C"",""text"":""Fritz""},{""key"":""D"",""text"":""Vander Wall""}]","exercise","Choose the Correct Answer","{""blockIndex"":2,""chapterNumber"":5,""subjectSlug"":""chemistry-11""}"
"chemistry-11","05-states-and-phases-of-matter","States And Phases Of Matter","5-2-physical-properties-of-liquids","5.2 Physical Properties of Liquids","m175wkxmzw4kyqc4a90z6kp6dn8e1bmf",,,,,"false",,,"MCQ","mcq","vii",,"Distillation under reduced pressure is called:","ms76k3m00s5b0s899ts5qqda2585pxzc",,"B","xd746zzjtrs6wra74sensvek8s8e087c","Exercise: Choose the Correct Answer","Distillation carried out under reduced pressure (vacuum) is called vacuum distillation, used to lower the boiling point of heat-sensitive substances.","[{""key"":""A"",""text"":""Fractional distillation""},{""key"":""B"",""text"":""Vacuum distillation""},{""key"":""C"",""text"":""Steam distillation""},{""key"":""D"",""text"":""Pressure distillation""}]","exercise","Choose the Correct Answer","{""blockIndex"":2,""chapterNumber"":5,""subjectSlug"":""chemistry-11""}"
"chemistry-11","05-states-and-phases-of-matter","States And Phases Of Matter","5-2-physical-properties-of-liquids","5.2 Physical Properties of Liquids","m17btc125vzvan6jt7fbjtcm118e18ma",,,,,"false",,,"MCQ","mcq","viii",,"The unit of surface tension is:","ms76k3m00s5b0s899ts5qqda2585pxzc",,"A","xd746zzjtrs6wra74sensvek8s8e087c","Exercise: Choose the Correct Answer","Surface tension is force per unit length, so its SI unit is newton per metre (N/m).","[{""key"":""A"",""text"":""Newton per metre""},{""key"":""B"",""text"":""Newton per metre square""},{""key"":""C"",""text"":""760 mmHg""},{""key"":""D"",""text"":""Newton square per metre""}]","exercise","Choose the Correct Answer","{""blockIndex"":2,""chapterNumber"":5,""subjectSlug"":""chemistry-11""}"
"chemistry-11","05-states-and-phases-of-matter","States And Phases Of Matter","5-2-physical-properties-of-liquids","5.2 Physical Properties of Liquids","m174np3bjeyva4zw64d1r1xaxx8e1hj2",,,,,"false",,,"MCQ","mcq","ix",,"The intermediate phase lying between the solid phase and the normal liquid phase is called:","ms76k3m00s5b0s899ts5qqda2585pxzc",,"B","xd746zzjtrs6wra74sensvek8s8e087c","Exercise: Choose the Correct Answer","Liquid crystals are a phase intermediate between the solid and liquid states, having some order like a solid but flowing like a liquid.","[{""key"":""A"",""text"":""Crystalline solid""},{""key"":""B"",""text"":""Liquid crystals""},{""key"":""C"",""text"":""Mesogens""},{""key"":""D"",""text"":""Crystal lattice""}]","exercise","Choose the Correct Answer","{""blockIndex"":2,""chapterNumber"":5,""subjectSlug"":""chemistry-11""}"
"chemistry-11","05-states-and-phases-of-matter","States And Phases Of Matter","5-2-physical-properties-of-liquids","5.2 Physical Properties of Liquids","m17fnrf1jm5fxf7mkf4makrxp58e1vfh",,,,,"false",,"Liquids diffuse, but much more slowly than gases, since their particles are close together with stronger intermolecular forces. Liquids are only very slightly compressible because their particles are already closely packed with little empty space between them.",,"short","i",,"Give the general properties of liquids as to (a) diffusion, (b) compression.","ms76k3m00s5b0s899ts5qqda2585pxzc",,,"xd75cptch79jq6s0t7wkhaecy98e04fb","Exercise: Give Short Answer",,,"exercise","Give Short Answer","{""blockIndex"":3,""chapterNumber"":5,""subjectSlug"":""chemistry-11""}"
"chemistry-11","05-states-and-phases-of-matter","States And Phases Of Matter","5-2-physical-properties-of-liquids","5.2 Physical Properties of Liquids","m177qmswrgcm0twqya3pj44qh58e1pcy",,,,,"false",,"The three types of Van der Waal's forces are: dipole-dipole forces (e.g. between HCl molecules), dipole-induced dipole forces (e.g. between HCl and Ar), and dispersion/London forces (e.g. between nonpolar molecules like Cl2 or noble gas atoms). Hydrogen bonding is a special, stronger dipole-dipole interaction (e.g. in water).",,"short","ii",,"What are the types of intermolecular forces? Give examples.","ms76k3m00s5b0s899ts5qqda2585pxzc",,,"xd75cptch79jq6s0t7wkhaecy98e04fb","Exercise: Give Short Answer",,,"exercise","Give Short Answer","{""blockIndex"":3,""chapterNumber"":5,""subjectSlug"":""chemistry-11""}"
"chemistry-11","05-states-and-phases-of-matter","States And Phases Of Matter","5-2-physical-properties-of-liquids","5.2 Physical Properties of Liquids","m178qb2nheggkkxtvrg69sz0td8e0s4t",,,,,"false",,"Hydrogen bonding is a strong dipole-dipole attraction between a hydrogen atom bonded to a highly electronegative atom (N, O, F) and a lone pair on a nearby electronegative atom. Examples include the H-bonds between water molecules (H2O...H2O) and between ammonia molecules (NH3...NH3).",,"short","iii",,"What is hydrogen bonding? Give particular examples.","ms76k3m00s5b0s899ts5qqda2585pxzc",,,"xd75cptch79jq6s0t7wkhaecy98e04fb","Exercise: Give Short Answer",,,"exercise","Give Short Answer","{""blockIndex"":3,""chapterNumber"":5,""subjectSlug"":""chemistry-11""}"
"chemistry-11","05-states-and-phases-of-matter","States And Phases Of Matter","5-2-physical-properties-of-liquids","5.2 Physical Properties of Liquids","m17erzwg7c4egd1ra61p9m2w5h8e0g6f",,,,,"false",,"Hydrogen bonding explains water's unusually high boiling point, high surface tension and high heat of vaporization; it is responsible for ice being less dense than liquid water; and it stabilises the double-helix structure of DNA and the secondary structure of proteins.",,"short","iv",,"What are the applications of hydrogen bonding?","ms76k3m00s5b0s899ts5qqda2585pxzc",,,"xd75cptch79jq6s0t7wkhaecy98e04fb","Exercise: Give Short Answer",,,"exercise","Give Short Answer","{""blockIndex"":3,""chapterNumber"":5,""subjectSlug"":""chemistry-11""}"
"chemistry-11","05-states-and-phases-of-matter","States And Phases Of Matter","5-2-physical-properties-of-liquids","5.2 Physical Properties of Liquids","m17f40cbjqczt9rdfz05gbhryd8e0asn",,,,,"false",,"Physical properties of liquids include vapour pressure, boiling point, viscosity, surface tension, and diffusion/evaporation behaviour.",,"short","v",,"What are the different types of physical properties of liquids?","ms76k3m00s5b0s899ts5qqda2585pxzc",,,"xd75cptch79jq6s0t7wkhaecy98e04fb","Exercise: Give Short Answer",,,"exercise","Give Short Answer","{""blockIndex"":3,""chapterNumber"":5,""subjectSlug"":""chemistry-11""}"
"chemistry-11","05-states-and-phases-of-matter","States And Phases Of Matter","5-2-physical-properties-of-liquids","5.2 Physical Properties of Liquids","m175dg2m3rqhq6p69f01eavv9s8e0spj",,,,,"false",,"Viscosity is a liquid's resistance to flow, arising from internal friction between its layers. Surface tension is the force per unit length acting along the surface of a liquid, causing it to minimise its surface area, arising from unbalanced intermolecular attraction at the surface.",,"short","vii",,"What is (a) viscosity, (b) surface tension?","ms76k3m00s5b0s899ts5qqda2585pxzc",,,"xd75cptch79jq6s0t7wkhaecy98e04fb","Exercise: Give Short Answer",,,"exercise","Give Short Answer","{""blockIndex"":3,""chapterNumber"":5,""subjectSlug"":""chemistry-11""}"
"chemistry-11","05-states-and-phases-of-matter","States And Phases Of Matter","5-2-physical-properties-of-liquids","5.2 Physical Properties of Liquids","m177skqb2k1k1qmj8h7dn4qz8s8e03d6",,,,,"false",,"Liquid crystals retain some ordered molecular arrangement (like a solid) while still flowing (like a liquid), giving them direction-dependent (anisotropic) optical properties. Pure liquids have no long-range order and are isotropic.",,"short","ix",,"How will you differentiate liquid crystals from pure liquids?","ms76k3m00s5b0s899ts5qqda2585pxzc",,,"xd75cptch79jq6s0t7wkhaecy98e04fb","Exercise: Give Short Answer",,,"exercise","Give Short Answer","{""blockIndex"":3,""chapterNumber"":5,""subjectSlug"":""chemistry-11""}"
"chemistry-11","05-states-and-phases-of-matter","States And Phases Of Matter","5-2-physical-properties-of-liquids","5.2 Physical Properties of Liquids","m1701wwjgx05yv4fg94tt0d30s8e1sgp",,,,,"false",,"Reducing the pressure lowers a liquid's boiling point, allowing heat-sensitive or high-boiling compounds to be distilled and purified at a lower temperature, avoiding thermal decomposition.",,"short","x",,"Why is distillation under reduced pressure often used in the purification of chemicals?","ms76k3m00s5b0s899ts5qqda2585pxzc",,,"xd75cptch79jq6s0t7wkhaecy98e04fb","Exercise: Give Short Answer",,,"exercise","Give Short Answer","{""blockIndex"":3,""chapterNumber"":5,""subjectSlug"":""chemistry-11""}"
"chemistry-11","05-states-and-phases-of-matter","States And Phases Of Matter","5-2-physical-properties-of-liquids","5.2 Physical Properties of Liquids","m17d3p88gj5sq4h1d34wxr1bk58e1m2d",,,"[""Evaporation is the escape of high-energy molecules from a liquid's surface into the vapour phase below the boiling point."",""Factors affecting evaporation: temperature, surface area, intermolecular forces, and air flow/humidity above the liquid."",""Ether has weaker intermolecular (dispersion) forces than alcohol (which has hydrogen bonding), so ether evaporates much faster than alcohol.""]",,"false",,,,"long","4",,"(a) Define and explain evaporation. (b) What are the factors affecting evaporation? (c) Different liquids have different rates of evaporation; explain with reference to ether and alcohol.","ms76k3m00s5b0s899ts5qqda2585pxzc",,,"xd7bmv9r54qpbf8nhm3dvq49eh8e184j","Exercise: Long Answer",,,"exercise","Long Answer","{""blockIndex"":4,""chapterNumber"":5,""subjectSlug"":""chemistry-11""}"
"chemistry-11","05-states-and-phases-of-matter","States And Phases Of Matter","5-2-physical-properties-of-liquids","5.2 Physical Properties of Liquids","m172x2ncnxkfa16er3bjhcxtj58e06yf",,,"[""Viscosity is a liquid's resistance to flow; internal friction between adjacent moving layers of molecules (due to intermolecular attraction) causes this resistance."",""Factors affecting viscosity: temperature (viscosity decreases as temperature rises), strength of intermolecular forces, and molecular size/shape."",""Extensive hydrogen bonding between water molecules requires extra energy to separate them and creates strong surface attraction, explaining water's high surface tension, high heat of vaporization, and high boiling point relative to its small molecular size.""]",,"false",,,,"long","7",,"(a) Define and explain the term viscosity of a liquid. How does resistance between layers cause viscosity? (b) What are the factors affecting the viscosity of a liquid? (c) Use the concept of hydrogen bonding to explain water's (i) high surface tension, (ii) high heat of vaporization, (iii) high boiling point.","ms76k3m00s5b0s899ts5qqda2585pxzc",,,"xd7bmv9r54qpbf8nhm3dvq49eh8e184j","Exercise: Long Answer",,,"exercise","Long Answer","{""blockIndex"":4,""chapterNumber"":5,""subjectSlug"":""chemistry-11""}"
"chemistry-11","05-states-and-phases-of-matter","States And Phases Of Matter","5-2-physical-properties-of-liquids","5.2 Physical Properties of Liquids","m172b66nyax6ns2htc51rmc1x18e1bqm",,,"[""A liquid crystal is a substance in an intermediate phase between solid and liquid, having some molecular order (like a solid) while still able to flow (like a liquid)."",""Uses: liquid crystal displays (LCDs) in watches, calculators, phone and TV screens, and thermometers/mood rings that respond to temperature changes."",""Unlike pure liquids (no order, isotropic) and crystalline solids (full 3D order, fixed shape), liquid crystals have partial molecular order and flow like a liquid, giving direction-dependent (anisotropic) optical properties.""]",,"false",,,,"long","9",,"(a) Define a liquid crystal. (b) What are the uses of liquid crystals in daily life? (c) How will you differentiate liquid crystals from pure liquids and crystalline solids?","ms76k3m00s5b0s899ts5qqda2585pxzc",,,"xd7bmv9r54qpbf8nhm3dvq49eh8e184j","Exercise: Long Answer",,,"exercise","Long Answer","{""blockIndex"":5,""chapterNumber"":5,""subjectSlug"":""chemistry-11""}"
"chemistry-11","05-states-and-phases-of-matter","States And Phases Of Matter","5-2-physical-properties-of-liquids","5.2 Physical Properties of Liquids","m1702gzqzyn19j7s7svreek0ch8e04fe",,,"[""Water is denser as a liquid than as a solid (ice floats) because hydrogen bonding forces water molecules into an open hexagonal lattice in ice, which is less dense than the more randomly packed liquid."",""Water also has an unusually high boiling point, surface tension and heat of vaporization for its small molecular size, all attributable to extensive hydrogen bonding.""]",,"false",,,,"long","12",,"How can you interpret the anomalous behaviour of water?","ms76k3m00s5b0s899ts5qqda2585pxzc",,,"xd7bmv9r54qpbf8nhm3dvq49eh8e184j","Exercise: Long Answer",,,"exercise","Long Answer","{""blockIndex"":5,""chapterNumber"":5,""subjectSlug"":""chemistry-11""}"
"chemistry-11","05-states-and-phases-of-matter","States And Phases Of Matter","5-2-physical-properties-of-liquids","5.2 Physical Properties of Liquids","m17e3y9ke7g8znh7s2vv62jbax8e1sjj",,,"[""As temperature increases, molecules gain kinetic energy that partially overcomes intermolecular attraction at the surface, so surface tension decreases with increasing temperature.""]",,"false",,,,"long","13",,"Evaluate the impact of temperature on the surface tension of liquids.","ms76k3m00s5b0s899ts5qqda2585pxzc",,,"xd7bmv9r54qpbf8nhm3dvq49eh8e184j","Exercise: Long Answer",,,"exercise","Long Answer","{""blockIndex"":5,""chapterNumber"":5,""subjectSlug"":""chemistry-11""}"
"chemistry-11","05-states-and-phases-of-matter","States And Phases Of Matter","5-2-physical-properties-of-liquids","5.2 Physical Properties of Liquids","m17dn27c10zqvhgtb0ebxhqv8h8e0htx",,,"[""Hydrogen bonding explains water's anomalously high boiling point, high surface tension, high heat of vaporization, and the fact that ice is less dense than liquid water."",""Without accounting for hydrogen bonding, water's physical properties (given its small molecular mass) would be predicted to resemble other small molecules like H2S, which are gases at room temperature.""]",,"false",,,,"long","15",,"Evaluate the importance of hydrogen bonding in understanding the physical properties of water.","ms76k3m00s5b0s899ts5qqda2585pxzc",,,"xd7bmv9r54qpbf8nhm3dvq49eh8e184j","Exercise: Long Answer",,,"exercise","Long Answer","{""blockIndex"":5,""chapterNumber"":5,""subjectSlug"":""chemistry-11""}"
"chemistry-11","05-states-and-phases-of-matter","States And Phases Of Matter","5-2-physical-properties-of-liquids","5.2 Physical Properties of Liquids","m17e2cfq72cczj7kcz5axk1esh8e09m1",,,"[""LCDs work by using an electric field to change the orientation of rod-shaped liquid crystal molecules, controlling how polarised light passes through each pixel."",""A report should cover the liquid crystal phase itself (intermediate order between solid and liquid), how voltage controls light transmission per pixel, and common applications (screens, watches, calculators).""]",,"false",,,,"long","1",,"Explore the science behind LCDs (liquid crystal displays) and prepare a report about it.","ms76k3m00s5b0s899ts5qqda2585pxzc",,,"xd7ccmw5mj1e7z38yekbvycjph8e029n","Project",,,"exercise","Project","{""blockIndex"":6,""chapterNumber"":5,""subjectSlug"":""chemistry-11""}"
"chemistry-11","05-states-and-phases-of-matter","States And Phases Of Matter","5-3-energetic-of-phase-changes","5.3 Energetics of Phase Changes","m1770wc6s8mxa6jbr8chmbrpwh85pjx2","false","Federal Board","[""Identifies that molar heat of fusion is positive (endothermic process)"",""Recognizes that average KE of liquid = average KE of vapor at constant temperature"",""Understands evaporation involves highest-energy molecules escaping"",""Distinguishes between correct thermodynamic relationships and incorrect ones"",""Applies FBISE chemistry principles on phase changes and energetics""]",,"false","1","Without seeing the specific relationship options provided in your question, I cannot identify which relationship is incorrect. However, based on the notes, key correct relationships include: (1) $\Delta H_f$ for ice = +6.02 kJ mol⁻¹ (endothermic), (2) average kinetic energy of liquid molecules equals that of vapor molecules at constant temperature, and (3) evaporation causes cooling due to loss of high-energy molecules. An incorrect relationship would contradict these established principles from the notes.","MCQ","unclassified","14","annual","Which of the following relationships is **incorrect**?","ms704s5gnh9sh0m1qwpb2mztgs85qfn1","2022","A",,,"Without seeing the specific relationship options provided in your question, I cannot identify which relationship is incorrect. However, based on the notes, key correct relationships include: (1) $\Delta H_f$ for ice = +6.02 kJ mol⁻¹ (endothermic), (2) average kinetic energy of liquid molecules equals that of vapor molecules at constant temperature, and (3) evaporation causes cooling due to loss of high-energy molecules. An incorrect relationship would contradict these established principles from the notes.","[{""key"":""A"",""text"":""$\\Delta H_v > \\Delta H_f$""},{""key"":""B"",""text"":""$\\Delta H_f > \\Delta H_v$""},{""key"":""C"",""text"":""$\\Delta H_s > \\Delta H_f$""},{""key"":""D"",""text"":""$\\Delta H_s > \\Delta H_v$""}]",,,
"chemistry-11","05-states-and-phases-of-matter","States And Phases Of Matter","5-3-energetic-of-phase-changes","5.3 Energetics of Phase Changes","m17cj90wjhvwjc2014asqb9sc585qsjx","true","Federal Board","[""Identifies that exothermic processes are NOT endothermic"",""Provides examples of exothermic phase changes (condensation, freezing)"",""Contrasts with endothermic processes (melting, vaporization, evaporation)"",""References negative enthalpy change ($\\Delta H < 0$) for exothermic processes"",""Demonstrates understanding of energy flow direction in phase changes""]",,"false","1","Exothermic processes are NOT endothermic. Examples include condensation (gas to liquid), freezing (liquid to solid), and crystallization, where heat is released to the surroundings ($\Delta H < 0$). Endothermic processes such as melting, vaporization, and evaporation require heat absorption ($\Delta H > 0$).","MCQ","unclassified","10","annual","Which of the following processes is **NOT** endothermic?","ms704s5gnh9sh0m1qwpb2mztgs85qfn1","2024",,,,"Exothermic processes are NOT endothermic. Examples include condensation (gas to liquid), freezing (liquid to solid), and crystallization, where heat is released to the surroundings ($\Delta H < 0$). Endothermic processes such as melting, vaporization, and evaporation require heat absorption ($\Delta H > 0$).","[{""key"":""A"",""text"":""Vaporization""},{""key"":""B"",""text"":""Condensation""},{""key"":""C"",""text"":""Fusion""},{""key"":""D"",""text"":""Sublimation""}]",,,
"chemistry-11","05-states-and-phases-of-matter","States And Phases Of Matter","5-3-energetic-of-phase-changes","5.3 Energetics of Phase Changes","m17d7v3c5cexa62yryn4jv2m5n85qzpc","true","Federal Board","[""Fusion only requires breaking some intermolecular forces to allow molecular motion within liquid state"",""Vaporization requires complete separation of molecules and breaking all intermolecular forces"",""In solid, molecules are held in fixed crystal lattice positions; in liquid, molecules remain close but can move; in gas, molecules are completely separated"",""The degree of intermolecular force disruption is greater for vaporization than fusion"",""Therefore, $\\Delta H_v > \\Delta H_f$ for any substance""]",,"false","3","The heat of vaporization ($\Delta H_v$) is always greater than heat of fusion ($\Delta H_f$) because vaporization requires breaking all intermolecular forces to convert liquid into gas, whereas fusion only requires partial disruption of the crystal lattice structure to convert solid into liquid. Since gas molecules are completely separated and move freely, significantly more energy is needed to overcome the stronger intermolecular attractions in the liquid phase compared to the energy needed to overcome the fixed positional constraints in the solid phase.","B","short","14","annual","Why heat of vaporization ($\Delta H_v$) is always greater than heat of fusion ($\Delta H_f$) for a substance?","ms704s5gnh9sh0m1qwpb2mztgs85qfn1","2024",,,,,,,,
"chemistry-11","05-states-and-phases-of-matter","States And Phases Of Matter","5-3-energetic-of-phase-changes","5.3 Energetics of Phase Changes","m171jkxym0msn2s7z52gxgqesh85q72t","true","Federal Board","[""Definition of colligative properties and identification of four types (freezing point depression, boiling point elevation, osmotic pressure, vapor pressure lowering)"",""Explanation of freezing point depression mechanism: solute particles disrupt solvent crystallization"",""Mathematical relationship: $\\Delta T_f = K_f \\times m$ with correct identification of variables"",""Derivation of molar mass formula: $M = \\frac{K_f \\times w_2 \\times 1000}{\\Delta T_f \\times w_1}$ with proper explanation"",""Graphical representation showing linear relationship between concentration and freezing point depression with correct interpretation of slope and intercept""]",,"false","6","Colligative properties are physical properties of solutions that depend only on the number of solute particles present, not on their identity. These include freezing point depression, boiling point elevation, osmotic pressure, and vapor pressure lowering. Freezing point depression occurs because solute particles disrupt the crystalline structure of the solvent, requiring lower temperatures to form solid. The quantitative relationship is expressed as $\Delta T_f = K_f \times m$, where $\Delta T_f$ is the freezing point depression, $K_f$ is the cryoscopic constant, and $m$ is molality. By plotting freezing point against solute concentration and determining the slope, we can calculate the molar mass of an unknown solute using $M = \frac{K_f \times w_2 \times 1000}{\Delta T_f \times w_1}$, where $w_2$ is mass of solute and $w_1$ is mass of solvent. The graphical representation shows a linear relationship between concentration and freezing point depression, with the x-intercept at pure solvent's freezing point and slope equal to $K_f \times m$. This method is widely used in analytical chemistry to determine molecular weights of unknown compounds.","C","long","6","annual","What are colligative properties of solutions? Explain quantitative aspects of freezing point depression with general graphical representation to derive the molar mass of solute.","ms704s5gnh9sh0m1qwpb2mztgs85qfn1","2024",,,,,,,,
"chemistry-11","05-states-and-phases-of-matter","States And Phases Of Matter","5-3-energetic-of-phase-changes","5.3 Energetics of Phase Changes","m1740wv6vq0sj5kgrybpt6v8218e0mh1",,,,,"false",,,"MCQ","mcq","xiii",,"A liquid is thought to be pure ethanoic acid (acetic acid). Which of the following is the best way to test its purity: (a) measure its boiling point, (b) react it with ethanol, (c) burn it completely in oxygen, (d) dehydrate it with concentrated H2SO4?","ms704s5gnh9sh0m1qwpb2mztgs85qfn1",,"A","xd746zzjtrs6wra74sensvek8s8e087c","Exercise: Choose the Correct Answer","A pure substance has a sharp, fixed boiling point; measuring the boiling point and comparing it to the known value for pure acetic acid is the standard purity test.","[{""key"":""A"",""text"":""Measure its boiling point""},{""key"":""B"",""text"":""React it with ethanol""},{""key"":""C"",""text"":""Burn it completely in oxygen""},{""key"":""D"",""text"":""Dehydrate it with concentrated H2SO4""}]","exercise","Choose the Correct Answer","{""blockIndex"":3,""chapterNumber"":5,""subjectSlug"":""chemistry-11""}"
"chemistry-11","05-states-and-phases-of-matter","States And Phases Of Matter","5-3-energetic-of-phase-changes","5.3 Energetics of Phase Changes","m1749gzk7cb6apwr3jrc7hd26h8e1tv8",,,,,"false",,"Vapour pressure is the pressure exerted by a vapour in equilibrium with its liquid at a given temperature. It is affected by temperature (higher temperature increases vapour pressure) and the nature/strength of intermolecular forces (stronger forces give lower vapour pressure).",,"short","vi",,"Define vapour pressure. What are the factors affecting vapour pressure?","ms704s5gnh9sh0m1qwpb2mztgs85qfn1",,,"xd75cptch79jq6s0t7wkhaecy98e04fb","Exercise: Give Short Answer",,,"exercise","Give Short Answer","{""blockIndex"":3,""chapterNumber"":5,""subjectSlug"":""chemistry-11""}"
"chemistry-11","05-states-and-phases-of-matter","States And Phases Of Matter","5-3-energetic-of-phase-changes","5.3 Energetics of Phase Changes","m17f64hne3kg2annbb56r93mch8e06sg",,,,,"false",,"Molar heat of fusion is the heat required to convert one mole of a solid into a liquid at its melting point. Molar heat of vaporization is the heat required to convert one mole of a liquid into a vapour at its boiling point.",,"short","viii",,"Define molar heat of fusion and molar heat of vaporization.","ms704s5gnh9sh0m1qwpb2mztgs85qfn1",,,"xd75cptch79jq6s0t7wkhaecy98e04fb","Exercise: Give Short Answer",,,"exercise","Give Short Answer","{""blockIndex"":3,""chapterNumber"":5,""subjectSlug"":""chemistry-11""}"
"chemistry-11","05-states-and-phases-of-matter","States And Phases Of Matter","5-3-energetic-of-phase-changes","5.3 Energetics of Phase Changes","m176197ady7g69w6t29zg0frcn8e0wvk",,,"[""Vapour pressure is the pressure exerted by vapour in equilibrium with its liquid in a closed container; equilibrium is reached when the rate of evaporation equals the rate of condensation."",""Factors: temperature (increases vapour pressure) and the strength of intermolecular forces (stronger forces lower vapour pressure)."",""Higher temperature gives more molecules sufficient kinetic energy to escape the liquid surface, increasing the rate of evaporation and hence vapour pressure until a new, higher equilibrium is reached.""]",,"false",,,,"long","5",,"(a) Define and explain vapour pressure. How is equilibrium established between evaporation and condensation? (b) What are the factors affecting vapour pressure of a liquid? (c) Kinetically, how will you explain the effect of temperature on vapour pressure?","ms704s5gnh9sh0m1qwpb2mztgs85qfn1",,,"xd7bmv9r54qpbf8nhm3dvq49eh8e184j","Exercise: Long Answer",,,"exercise","Long Answer","{""blockIndex"":4,""chapterNumber"":5,""subjectSlug"":""chemistry-11""}"
"chemistry-11","05-states-and-phases-of-matter","States And Phases Of Matter","5-3-energetic-of-phase-changes","5.3 Energetics of Phase Changes","m176h17jgj7833qmh41nns7qp18e10j6",,,"[""Boiling point is the temperature at which a liquid's vapour pressure equals the external (atmospheric) pressure."",""Increasing external pressure raises the boiling point (more energy needed for vapour pressure to match the higher pressure); decreasing pressure lowers the boiling point."",""Practically: a pressure cooker raises pressure to cook food faster at a higher boiling point; boiling at high altitude (lower atmospheric pressure) occurs at a lower temperature.""]",,"false",,,,"long","6",,"(a) Define and explain the boiling point of a liquid. (b) How will you explain the effect of pressure on the boiling point of a liquid? (c) Practically, how will you explain (i) the effect of increase of pressure on boiling point, (ii) the effect of decrease of pressure on boiling point?","ms704s5gnh9sh0m1qwpb2mztgs85qfn1",,,"xd7bmv9r54qpbf8nhm3dvq49eh8e184j","Exercise: Long Answer",,,"exercise","Long Answer","{""blockIndex"":4,""chapterNumber"":5,""subjectSlug"":""chemistry-11""}"
"chemistry-11","05-states-and-phases-of-matter","States And Phases Of Matter","5-3-energetic-of-phase-changes","5.3 Energetics of Phase Changes","m17fwdpq74b2nay3yhq4czg8ks8e1q5m",,,"[""Surface tension arises because surface molecules experience a net inward pull (unbalanced attraction) from molecules below, causing the surface to behave like a stretched elastic film and minimise its area."",""Factors affecting surface tension: temperature (decreases as temperature rises) and strength of intermolecular forces (stronger forces give higher surface tension)."",""Dynamic equilibrium between two physical states is a state where the forward and reverse processes (e.g. evaporation and condensation) occur at equal rates, so the amounts of each phase remain constant even though molecules keep transitioning both ways."",""Molar heat of fusion: heat to melt one mole of solid at its melting point. Molar heat of vaporization: heat to vaporize one mole of liquid at its boiling point.""]",,"false",,,,"long","8",,"(a) Define and explain the phenomenon of surface tension. (b) What are the factors affecting surface tension? (c) Define dynamic equilibrium between two physical states. (d) Define (i) molar heat of fusion, (ii) molar heat of vaporization.","ms704s5gnh9sh0m1qwpb2mztgs85qfn1",,,"xd7bmv9r54qpbf8nhm3dvq49eh8e184j","Exercise: Long Answer",,,"exercise","Long Answer","{""blockIndex"":4,""chapterNumber"":5,""subjectSlug"":""chemistry-11""}"
"chemistry-11","05-states-and-phases-of-matter","States And Phases Of Matter","5-3-energetic-of-phase-changes","5.3 Energetics of Phase Changes","m177a3p1vp17bbq3wgtv0nq67n8e02bd",,,"[""Phase changes involve absorbing or releasing latent heat without a change in temperature: melting and vaporization absorb heat (endothermic), while freezing and condensation release heat (exothermic)."",""The amount of energy exchanged is given by the molar heat of fusion (solid-liquid) and molar heat of vaporization (liquid-gas), reflecting the energy needed to overcome (or released on forming) intermolecular attractions.""]",,"false",,,,"long","10",,"What are the energetics of phase changes?","ms704s5gnh9sh0m1qwpb2mztgs85qfn1",,,"xd7bmv9r54qpbf8nhm3dvq49eh8e184j","Exercise: Long Answer",,,"exercise","Long Answer","{""blockIndex"":5,""chapterNumber"":5,""subjectSlug"":""chemistry-11""}"
"chemistry-11","05-states-and-phases-of-matter","States And Phases Of Matter","5-3-energetic-of-phase-changes","5.3 Energetics of Phase Changes","m1702ss4te4z0d4xxpjw4jjwgd8e0h71",,,"[""Boiling point is the temperature at which a liquid's vapour pressure equals the surrounding atmospheric pressure."",""Practical applications: pressure cookers use increased pressure to raise the boiling point of water and cook food faster; vacuum distillation uses reduced pressure to lower the boiling point and purify heat-sensitive compounds at lower temperature.""]",,"false",,,,"long","11",,"(a) Define and explain the boiling point of a liquid. (b) Explain two practical applications regarding the effect of pressure on the boiling point of a liquid.","ms704s5gnh9sh0m1qwpb2mztgs85qfn1",,,"xd7bmv9r54qpbf8nhm3dvq49eh8e184j","Exercise: Long Answer",,,"exercise","Long Answer","{""blockIndex"":5,""chapterNumber"":5,""subjectSlug"":""chemistry-11""}"
"chemistry-11","05-states-and-phases-of-matter","States And Phases Of Matter","5-3-energetic-of-phase-changes","5.3 Energetics of Phase Changes","m176xqgyj1qrzh5yc8r74kjqt58e04pm",,,"[""Stronger intermolecular forces hold molecules more tightly in the liquid, lowering vapour pressure at a given temperature."",""Stronger intermolecular forces also mean more energy (higher temperature) is needed for vapour pressure to reach atmospheric pressure, so boiling point increases with stronger intermolecular forces.""]",,"false",,,,"long","14",,"Interpret the influence of intermolecular forces on the following properties of liquids: (a) vapour pressure, (b) boiling point.","ms704s5gnh9sh0m1qwpb2mztgs85qfn1",,,"xd7bmv9r54qpbf8nhm3dvq49eh8e184j","Exercise: Long Answer",,,"exercise","Long Answer","{""blockIndex"":5,""chapterNumber"":5,""subjectSlug"":""chemistry-11""}"
"chemistry-11","05-states-and-phases-of-matter","States And Phases Of Matter","5-3-energetic-of-phase-changes","5.3 Energetics of Phase Changes","m17embdke3sf55sht3pjd2tz758e02p5",,,"[""Molar heat of fusion is the energy needed to convert one mole of solid to liquid at the melting point; molar heat of vaporization is the energy needed to convert one mole of liquid to gas at the boiling point."",""Molar heat of vaporization is typically much larger than molar heat of fusion, since vaporization requires completely overcoming intermolecular forces, while fusion only needs to loosen the rigid solid structure.""]",,"false",,,,"long","16",,"Differentiate between molar heat of fusion and molar heat of vaporization.","ms704s5gnh9sh0m1qwpb2mztgs85qfn1",,,"xd7bmv9r54qpbf8nhm3dvq49eh8e184j","Exercise: Long Answer",,,"exercise","Long Answer","{""blockIndex"":5,""chapterNumber"":5,""subjectSlug"":""chemistry-11""}"
"chemistry-11","05-states-and-phases-of-matter","States And Phases Of Matter","5-4-general-properties-of-gases","5.4 General Properties of Gases","m1774rwqffk6gpwa98saf5m5mn85q5g8","true","Federal Board","[""Correctly identifies Avogadro's number ($6.022 \\times 10^{23}$) and uses it to convert molecules to moles"",""Accurately calculates number of moles: 5 moles"",""Applies molar volume at STP (22.4 L/mol) correctly"",""Performs final calculation to obtain volume: 112 L"",""Shows all steps with proper units and mathematical operations""]",,"false","3","To find the volume of NH₃ gas at STP, first convert molecules to moles using Avogadro's number: Number of moles = $\frac{3.011 \times 10^{24}}{6.022 \times 10^{23}} = 5$ moles. At STP, one mole of any gas occupies 22.4 L, so Volume = $5 \times 22.4 = 112$ L.","B","short","21","annual","Calculate the volume occupied by $3.011 \times 10^{24}$ molecules of $NH_3$ gas enclosed in a container at STP.","ms79gy9847bb4fxkdwrtv95xeh85q58s","2025",,,,,,,,
"chemistry-11","05-states-and-phases-of-matter","States And Phases Of Matter","5-4-general-properties-of-gases","5.4 General Properties of Gases","m17fqs15ymybssg8nk50mfj0yh85ptj8","true","Federal Board","[""Graham's law states rate of diffusion is inversely proportional to square root of molar mass"",""Mathematical relationship: $r \\propto \\frac{1}{\\sqrt{M}}$ or $\\frac{r_1}{r_2} = \\sqrt{\\frac{M_2}{M_1}}$"",""H₂ has lowest molar mass (2) compared to other gases, so highest diffusion rate"",""Lighter gas molecules move faster and diffuse more readily through spaces""]",,"false","1","According to Graham's law, the rate of diffusion is inversely proportional to the square root of molar mass: $r \propto \frac{1}{\sqrt{M}}$. Among the given gases, H₂ (M = 2) has the lowest molar mass and therefore the highest rate of diffusion.","MCQ","mcq","10","annual","According to **Graham's law**, which one has the highest rate of diffusion? (M.Wt: $S=32, O=16, H=1$)","ms79gy9847bb4fxkdwrtv95xeh85q58s","2022","A",,,"According to Graham's law, the rate of diffusion is inversely proportional to the square root of molar mass: $r \propto \frac{1}{\sqrt{M}}$. Among the given gases, H₂ (M = 2) has the lowest molar mass and therefore the highest rate of diffusion.","[{""key"":""A"",""text"":""$SO_2$""},{""key"":""B"",""text"":""$SO_3$""},{""key"":""C"",""text"":""$H_2S$""},{""key"":""D"",""text"":""$SCl_2$""}]",,,
"chemistry-11","05-states-and-phases-of-matter","States And Phases Of Matter","5-4-general-properties-of-gases","5.4 General Properties of Gases","m17cm1pe79trt5j5hs5789aph585p7j7","true","Federal Board","[""Dalton's Law states partial pressure depends on mole fraction, not mass"",""Calculate moles using: n = mass/molar mass"",""CO₂ has 1 mole (highest), therefore highest partial pressure"",""Partial pressure is proportional to number of moles of gas present""]",,"false","1","According to Dalton's Law of Partial Pressures, the partial pressure of a gas in a mixture depends on the number of moles present, not the mass. Calculating moles: CO₂ = 44/44 = 1 mol, SO₂ = 44/64 = 0.69 mol, SO₃ = 44/80 = 0.55 mol, Cl₂ = 44/71 = 0.62 mol. Since CO₂ has the highest number of moles (1 mol), it will have the highest partial pressure.","MCQ","unclassified","17","annual","In a mixture containing 44 g each of CO₂, SO₂, SO₃ and Cl₂ gases, which of the following will have the highest partial pressure according to Dalton's Law? (Molar masses: CO₂=44, SO₂=64, SO₃=80, Cl₂=71)","ms79gy9847bb4fxkdwrtv95xeh85q58s","2022",,,,"According to Dalton's Law of Partial Pressures, the partial pressure of a gas in a mixture depends on the number of moles present, not the mass. Calculating moles: CO₂ = 44/44 = 1 mol, SO₂ = 44/64 = 0.69 mol, SO₃ = 44/80 = 0.55 mol, Cl₂ = 44/71 = 0.62 mol. Since CO₂ has the highest number of moles (1 mol), it will have the highest partial pressure.","[{""key"":""A"",""text"":""$CO_2$""},{""key"":""B"",""text"":""$SO_2$""},{""key"":""C"",""text"":""$SO_3$""},{""key"":""D"",""text"":""$Cl_2$""}]",,,
"chemistry-11","05-states-and-phases-of-matter","States And Phases Of Matter","5-4-general-properties-of-gases","5.4 General Properties of Gases","m17003dcek4t3vwkjc35rb0vh985py10","false","Federal Board","[""Monatomic gas molecules (He, Ne, Ar) possess only translational motion"",""Single atoms cannot undergo rotational or vibrational motion"",""All kinetic energy in monatomic gases is translational"",""Polyatomic molecules show translational, rotational, and vibrational motion in addition"",""Translational motion refers to movement of particles from one point to another in space""]",,"false","1","A monatomic gas molecule (such as He, Ne, or Ar) will only show translational motion. Monatomic gases consist of single atoms that cannot rotate or vibrate, so their kinetic energy is entirely due to translational motion of the particles through space.","MCQ","unclassified","5","annual","Which one of the following gas molecules will only show translational motion?","ms79gy9847bb4fxkdwrtv95xeh85q58s","2022",,,,"A monatomic gas molecule (such as He, Ne, or Ar) will only show translational motion. Monatomic gases consist of single atoms that cannot rotate or vibrate, so their kinetic energy is entirely due to translational motion of the particles through space.","[{""key"":""A"",""text"":""$H_2$""},{""key"":""B"",""text"":""$NH_3$""},{""key"":""C"",""text"":""He""},{""key"":""D"",""text"":""$CO_2$""}]",,,
"chemistry-11","05-states-and-phases-of-matter","States And Phases Of Matter","5-4-general-properties-of-gases","5.4 General Properties of Gases","m17fhpbkye826hxmg7gvwt12wh85p33v","true","Federal Board","[""Correct statement of inverse relationship between diffusion rate and square root of mass"",""Mathematical expression: $v \\propto \\frac{1}{\\sqrt{m}}$"",""Explanation that lighter molecules diffuse faster due to higher average velocity"",""Reference to kinetic molecular theory basis""]",,"false","1","According to Graham's Law of Diffusion, the rate of diffusion (v) is inversely proportional to the square root of mass: $v \propto \frac{1}{\sqrt{m}}$ or $v = k\frac{1}{\sqrt{m}}$, where k is a constant. This means lighter gas molecules diffuse faster than heavier ones because they move with greater average velocity at the same temperature.","MCQ","mcq","6","annual","According to **Graham's Law of Diffusion**, the rate of diffusion ($v$) is related to mass ($m$) as:","ms79gy9847bb4fxkdwrtv95xeh85q58s","2022","C",,,"According to Graham's Law of Diffusion, the rate of diffusion (v) is inversely proportional to the square root of mass: $v \propto \frac{1}{\sqrt{m}}$ or $v = k\frac{1}{\sqrt{m}}$, where k is a constant. This means lighter gas molecules diffuse faster than heavier ones because they move with greater average velocity at the same temperature.","[{""key"":""A"",""text"":""$v \\propto \\sqrt{m}$""},{""key"":""B"",""text"":""$v \\propto m$""},{""key"":""C"",""text"":""$v \\propto \\sqrt{\\frac{1}{m}}$""},{""key"":""D"",""text"":""$v \\propto \\frac{1}{m}$""}]",,,
"chemistry-11","05-states-and-phases-of-matter","States And Phases Of Matter","5-4-general-properties-of-gases","5.4 General Properties of Gases","m175zfnchdd3w10wc0bt4hcjt985psvw","true","Federal Board","[""Identifies that non-ideality increases when intermolecular forces are strong"",""Recognizes that lower temperatures favor non-ideal behavior"",""Selects gas with highest boiling point (strongest intermolecular forces)"",""Explains that at -10°C, such gases approach liquefaction where PV=nRT deviates significantly"",""Understands that molecular volume becomes significant relative to total volume at lower temperatures""]",,"false","1","A gas will be most non-ideal when intermolecular forces are strongest and molecular volume becomes significant relative to container volume. At -10°C, the gas with the strongest intermolecular forces (highest boiling point) will deviate most from ideal behavior. Among common gases, CO₂ or NH₃ would be most non-ideal at this temperature due to their strong intermolecular forces, making them approach liquefaction conditions where ideal gas assumptions fail.","MCQ","mcq","12","annual","Which of the following gases will be most **non-ideal** at $-10^{\circ}C$?","ms79gy9847bb4fxkdwrtv95xeh85q58s","2022","C",,,"A gas will be most non-ideal when intermolecular forces are strongest and molecular volume becomes significant relative to container volume. At -10°C, the gas with the strongest intermolecular forces (highest boiling point) will deviate most from ideal behavior. Among common gases, CO₂ or NH₃ would be most non-ideal at this temperature due to their strong intermolecular forces, making them approach liquefaction conditions where ideal gas assumptions fail.","[{""key"":""A"",""text"":""$H_2$""},{""key"":""B"",""text"":""$O_2$""},{""key"":""C"",""text"":""$N_2$""},{""key"":""D"",""text"":""$NH_3$""}]",,,
"chemistry-11","05-states-and-phases-of-matter","States And Phases Of Matter","5-4-general-properties-of-gases","5.4 General Properties of Gases","m170ckz1bpvwwvdv1ydh20jycs85ppm3","true","Federal Board","[""Rearrangement of ideal gas equation $PV = nRT$ to $PV = \\frac{m}{M}RT$ where m is mass and M is molar mass"",""Derivation of molar mass formula: $M = \\frac{mRT}{PV}$ by measuring mass, pressure, volume, and temperature"",""Relationship between density and molar mass: $\\rho = \\frac{PM}{RT}$ showing density is directly proportional to molar mass"",""Experimental determination requires measurement of gas pressure, volume, temperature, and mass of gas sample"",""Application of gas equation to calculate unknown molar mass or density from known experimental parameters""]",,"false","3","The molar mass and density of a gas can be determined using the general gas equation $PV = nRT$. By rearranging this equation and incorporating the relationship between mass, molar mass, and density, we can derive expressions that allow calculation of these properties from measurable quantities like pressure, volume, and temperature.","B","short","7","annual","How can the **molar mass** and **density** of a gas be determined with the help of the general gas equation?","ms79gy9847bb4fxkdwrtv95xeh85q58s","2022",,,,,,,,
"chemistry-11","05-states-and-phases-of-matter","States And Phases Of Matter","5-4-general-properties-of-gases","5.4 General Properties of Gases","m17e35vy3r010nfwmtwrfkq5t185pxrd","true","Federal Board","[""Defines diffusion as spontaneous mixing of gases due to random molecular motion and large intermolecular spaces"",""States Graham's law: rate of diffusion/effusion is inversely proportional to square root of molar mass"",""Provides correct mathematical expression showing inverse relationship with molar mass"",""Explains that lighter gases diffuse/effuse faster than heavier gases""]",,"false","3","Diffusion is the spontaneous mixing of gas molecules with molecules of another gas due to their random motion and the large intermolecular spaces between them. Graham's law of effusion and diffusion states that the rate of effusion or diffusion of a gas is inversely proportional to the square root of its molar mass. Mathematically, this is expressed as: $\text{Rate} \propto \frac{1}{\sqrt{M}}$ or $\frac{\text{Rate}_1}{\text{Rate}_2} = \sqrt{\frac{M_2}{M_1}}$, where M represents the molar mass of the gas.","B","short","15","annual","What is **diffusion**? Also state **Graham's law** of effusion and diffusion with its mathematical expression.","ms79gy9847bb4fxkdwrtv95xeh85q58s","2022",,,,,,,,
"chemistry-11","05-states-and-phases-of-matter","States And Phases Of Matter","5-4-general-properties-of-gases","5.4 General Properties of Gases","m172yg81yw7f4h0dbckt8c5sm585p0k4","false","Federal Board","[""Definition of isobar as a constant pressure process for ideal gas"",""Isobar appears as straight line on V-T graph passing through origin at 1 atm"",""Isobar follows Charles's Law relationship: V ∝ T (P constant)"",""With increased pressure, isobar shifts downward/leftward on V-T diagram"",""Higher pressure results in smaller volume at same temperature (inverse P-V relationship)""]",,"false","3","An isobar is a curve on a graph representing the relationship between volume and temperature of a given mass of an ideal gas at constant pressure. For an ideal gas at 1 atm, the isobar is a straight line passing through the origin when plotted on a V-T graph (absolute temperature), following Charles's Law: V ∝ T at constant pressure. As pressure increases, the isobar shifts downward (toward the origin), indicating that at higher pressures, the volume of gas decreases for the same temperature, since pressure and volume are inversely related at constant temperature.","B","short","6","annual","What is an **Isobar**? Draw an isobar for a given mass of an ideal gas at 1 atm. How does the position of isobar change with increase in pressure?","ms79gy9847bb4fxkdwrtv95xeh85q58s","2023",,,,,,,,
"chemistry-11","05-states-and-phases-of-matter","States And Phases Of Matter","5-4-general-properties-of-gases","5.4 General Properties of Gases","m171aqays3rm59txjx7jgak4en85pyfq","true","Federal Board","[""Correctly states Dalton's law with clear explanation of independent behavior of gases"",""Derives relationship $P_i = \\frac{n_iRT}{V}$ showing direct proportionality between partial pressure and moles"",""Derives relationship $P_i = X_i × P_{total}$ connecting partial pressure to mole fraction"",""Shows proper mathematical steps and uses correct notation throughout"",""Explains physical significance that each gas behaves independently in mixture""]",,"false","7","**Dalton's Law of Partial Pressure:** The total pressure exerted by a mixture of non-reacting gases is equal to the sum of the partial pressures that each gas would exert if it occupied the entire volume alone at the same temperature.

**Mathematical Expression:** $P_{total} = P_1 + P_2 + P_3 + ... + P_n$

where $P_1, P_2, P_3...P_n$ are partial pressures of individual gases.

**Explanation:** Each gas in a mixture behaves independently and exerts pressure as if other gases are absent. The partial pressure of a gas depends only on the number of its molecules, temperature, and volume, not on the presence of other gases.

**(i) Relationship between Partial Pressure and Number of Moles:**

For a gas in a mixture occupying total volume V at temperature T:

Using ideal gas equation: $P_iV = n_iRT$

Therefore: $P_i = \frac{n_iRT}{V}$

This shows partial pressure is directly proportional to the number of moles of that gas.

**(ii) Relationship between Partial Pressure and Mole Fraction:**

For the total mixture: $P_{total}V = n_{total}RT$

Dividing the equation for individual gas by total pressure equation:

$\frac{P_i}{P_{total}} = \frac{n_i}{n_{total}} = X_i$ (mole fraction)

Therefore: $P_i = X_i × P_{total}$

This demonstrates that partial pressure equals the mole fraction multiplied by total pressure. The mole fraction represents the proportion of molecules of a particular gas in the mixture.","C","long","5","annual","State and explain Dalton's law of partial pressure. Derive a relationship between: (i) Partial pressure and number of moles (ii) Partial pressure and mole fraction.","ms79gy9847bb4fxkdwrtv95xeh85q58s","2023",,,,,,,,
"chemistry-11","05-states-and-phases-of-matter","States And Phases Of Matter","5-4-general-properties-of-gases","5.4 General Properties of Gases","m1740sk6kppn74v7hy6kvbrgn585qzb1","true","Federal Board","[""Correctly calculate molar mass of SO₂ as 64 g/mol"",""Convert mass to moles using n = m/M formula"",""Apply molar volume at S.T.P (22.4 L/mol)"",""Perform accurate calculation to get 0.7 L or 700 mL""]",,"false","1","To find the volume of 2 g of SO₂ at S.T.P, first calculate moles using molar mass. Molar mass of SO₂ = 32 + 2(16) = 64 g/mol. Moles = 2 g ÷ 64 g/mol = 0.03125 mol. At S.T.P, one mole of any gas occupies 22.4 L. Therefore, volume = 0.03125 mol × 22.4 L/mol = 0.7 L or 700 mL.","MCQ","unclassified","2","annual","Volume occupied by $2\text{ g}$ of $SO_2$ gas at S.T.P will be:","ms79gy9847bb4fxkdwrtv95xeh85q58s","2024",,,,"To find the volume of 2 g of SO₂ at S.T.P, first calculate moles using molar mass. Molar mass of SO₂ = 32 + 2(16) = 64 g/mol. Moles = 2 g ÷ 64 g/mol = 0.03125 mol. At S.T.P, one mole of any gas occupies 22.4 L. Therefore, volume = 0.03125 mol × 22.4 L/mol = 0.7 L or 700 mL.","[{""key"":""A"",""text"":""$17\\text{ dm}^3$""},{""key"":""B"",""text"":""$0.7\\text{ dm}^3$""},{""key"":""C"",""text"":""$0.7\\text{ cm}^3$""},{""key"":""D"",""text"":""$700\\text{ dm}^3$""}]",,,
"chemistry-11","05-states-and-phases-of-matter","States And Phases Of Matter","5-4-general-properties-of-gases","5.4 General Properties of Gases","m178c4c2tvq7vggz8gfbq7203s85qtxe","true","Federal Board","[""Understanding of Graham's law of diffusion"",""Rate of diffusion is inversely proportional to √(molar mass)"",""Gases with same molar mass diffuse at same rate"",""Condition: same temperature and pressure must be maintained"",""Mathematical relationship: rate ∝ 1/√M""]",,"false","1","Two gases diffuse at the same rate at the same temperature and pressure if they have the same molar mass. According to Graham's law of diffusion, the rate of diffusion is inversely proportional to the square root of molar mass. Therefore, gases with equal molar masses will have equal diffusion rates under identical conditions of temperature and pressure.","MCQ","unclassified","8","annual","Which pair of gases diffuses with the same rate at same temperature and pressure?","ms79gy9847bb4fxkdwrtv95xeh85q58s","2024",,,,"Two gases diffuse at the same rate at the same temperature and pressure if they have the same molar mass. According to Graham's law of diffusion, the rate of diffusion is inversely proportional to the square root of molar mass. Therefore, gases with equal molar masses will have equal diffusion rates under identical conditions of temperature and pressure.","[{""key"":""A"",""text"":""$CO$ and $PH_3$""},{""key"":""B"",""text"":""$CO$ and $NO$""},{""key"":""C"",""text"":""$NO$ and $C_2H_6$""},{""key"":""D"",""text"":""$NH_3$ and $PH_3$""}]",,,
"chemistry-11","05-states-and-phases-of-matter","States And Phases Of Matter","5-4-general-properties-of-gases","5.4 General Properties of Gases","m177nqvhc3p3t96gg21r2gjy4585p9af","true","Federal Board","[""Question requires information about plasma composition not provided in notes"",""Notes focus on gas properties rather than plasma"",""Cannot identify which option is NOT present in plasma without relevant reference material""]",,"false","1","I cannot answer this question based on the provided notes. The notes discuss general properties of gases (indefinite shape, low density, diffusion, effusion, and thermal expansion) but do not contain information about plasma composition or what is/is not present in plasma. To answer this question accurately, notes on plasma properties and composition would be required.","MCQ","mcq","9","annual","Which of the following is **NOT** present in plasma?","ms79gy9847bb4fxkdwrtv95xeh85q58s","2024","A",,,"Option A is correct: Neutral atoms.","[{""key"":""A"",""text"":""Neutral atoms""},{""key"":""B"",""text"":""Electrons""},{""key"":""C"",""text"":""Cations""},{""key"":""D"",""text"":""Anions""}]",,,
"chemistry-11","05-states-and-phases-of-matter","States And Phases Of Matter","5-4-general-properties-of-gases","5.4 General Properties of Gases","m175ch3grywet58khtj654bhp985pzsk","true","Federal Board","[""Correctly identifies molar volume at S.T.P. as 22.4 dm³/mol or 22,400 cm³/mol"",""Converts volume from cm³ to dm³ (or uses 22,400 cm³/mol directly)"",""Calculates number of moles using $n = \\frac{V}{V_m}$"",""Applies Avogadro's number ($6.022 \\times 10^{23}$) to find total molecules"",""Arrives at final answer: approximately $1.34 \\times 10^{22}$ molecules""]",,"false","3","At S.T.P., one mole of any gas occupies 22.4 dm³ (or 22,400 cm³). First, convert the volume: 500 cm³ = 0.5 dm³. Calculate moles of SO₂: $n = \frac{V}{V_m} = \frac{0.5}{22.4} = 0.0223$ mol. Using Avogadro's number, the number of molecules = $0.0223 \times 6.022 \times 10^{23} = 1.34 \times 10^{22}$ molecules.","B","short","5","annual","Calculate the number of molecules of $SO_2$ gas if its volume is $500\text{ cm}^3$ at S.T.P.","ms79gy9847bb4fxkdwrtv95xeh85q58s","2024",,,,,,,,
"chemistry-11","05-states-and-phases-of-matter","States And Phases Of Matter","5-4-general-properties-of-gases","5.4 General Properties of Gases","m1721pzedsfh8h4tnfg3bh7ans85pqbp","true","Federal Board","[""Correctly applies ideal gas law in the form $PV = nRT$ rearranged to $M = \\frac{\\rho RT}{P}$"",""Identifies and uses correct values: pressure at sea level (101325 Pa), temperature (273.15 K), density (1.29 kg/m³), and gas constant (8.314 J/(mol·K))"",""Performs accurate calculation and converts to appropriate units (g/mol)"",""Obtains final answer of approximately 29 g/mol"",""Relates result to actual composition of air or validates reasonableness of answer""]",,"false","3","Using the ideal gas equation rearranged for molar mass: $M = \frac{\rho RT}{P}$. At sea level, $P = 101325$ Pa, $T = 273.15$ K, $\rho = 1.29$ kg/m³, and $R = 8.314$ J/(mol·K). Substituting: $M = \frac{1.29 \times 8.314 \times 273.15}{101325} = \frac{2927.8}{101325} = 0.0289$ kg/mol or approximately $29$ g/mol. This value represents the average molar mass of air at standard conditions, which matches the known composition of air (approximately 79% N₂ and 21% O₂).","B","short","11","annual","Calculate the average molar mass of air at sea level at $0^\circ C$, if density of air is $1.29\text{ kg/m}^3$.","ms79gy9847bb4fxkdwrtv95xeh85q58s","2024",,,,,,,,
"chemistry-11","05-states-and-phases-of-matter","States And Phases Of Matter","5-4-general-properties-of-gases","5.4 General Properties of Gases","m176g7t61ttmy43ecwm8100am585pc3y","true","Federal Board","[""Correctly applies ideal gas law equation PV = nRT or V ∝ T/P"",""For case (i): identifies that halving pressure increases volume 2× and doubling temperature increases volume 2×, resulting in net 4× increase"",""For case (ii): identifies that doubling pressure decreases volume to 1/2 and halving temperature decreases volume to 1/2, resulting in net 1/4 decrease"",""Shows mathematical reasoning with proportional relationships between variables"",""Correctly interprets inverse relationship with pressure and direct relationship with absolute temperature""]",,"false","3","Using the ideal gas law PV = nRT, we can determine volume changes by rearranging to V = nRT/P. (i) When pressure is halved and kelvin temperature is doubled: V = nR(2T)/(P/2) = 4nRT/P, so volume increases 4 times. (ii) When pressure is doubled and kelvin temperature is halved: V = nR(T/2)/(2P) = nRT/4P, so volume decreases to 1/4 of original value.","B","short","13","annual","What is the effect on the volume of gas if you simultaneously: (i) Its pressure is halved and its kelvin temperature is doubled (ii) Its pressure is doubled and its kelvin temperature is halved.","ms79gy9847bb4fxkdwrtv95xeh85q58s","2024",,,,,,,,
"chemistry-11","05-states-and-phases-of-matter","States And Phases Of Matter","5-4-general-properties-of-gases","5.4 General Properties of Gases","m17bsykxpbpehqw9814mbqqnkd85qxpp","true","Federal Board","[""Correctly identifies S.T.P. conditions: P = 101.325 kPa (1 atm), V = 22.4 L (22.4 dm³), T = 273.15 K, n = 1 mol"",""Applies ideal gas equation PV = nRT and rearranges to R = PV/nT"",""Calculates R in SI units as 8.314 J mol⁻¹ K⁻¹ with proper unit conversion"",""Calculates R in atm and dm³ as 0.0821 atm dm³ mol⁻¹ K⁻¹"",""Shows clear mathematical steps and maintains dimensional analysis throughout""]",,"false","3","The general gas constant R can be calculated using the ideal gas equation PV = nRT. At S.T.P. (Standard Temperature and Pressure), for one mole of gas: P = 101.325 kPa (or 1 atm), V = 22.4 L (or 22.4 dm³), T = 273.15 K, n = 1 mol.

(i) **In SI units:** R = PV/nT = (101,325 Pa × 0.0224 m³)/(1 mol × 273.15 K) = **8.314 J mol⁻¹ K⁻¹**

(ii) **In atm and dm³:** R = PV/nT = (1 atm × 22.4 dm³)/(1 mol × 273.15 K) = **0.0821 atm dm³ mol⁻¹ K⁻¹** (or 0.0821 L atm mol⁻¹ K⁻¹)","B","short","15","annual","Calculate the numerical value of general gas constant **R** for one mole of gas at S.T.P: (i) In SI units (ii) Pressure in atm, volume in $dm^3$.","ms79gy9847bb4fxkdwrtv95xeh85q58s","2024",,,,,,,,
"chemistry-11","05-states-and-phases-of-matter","States And Phases Of Matter","5-4-general-properties-of-gases","5.4 General Properties of Gases","m171ktrem906bb48jss5k0w61h85q722","true","Federal Board","[""Identifies plasma as ionized gas with free electrons and positive ions"",""Explains electrical conductivity due to presence of free charge carriers"",""Describes response to electromagnetic fields for manipulation and confinement"",""Mentions quasi-neutral state of plasma"",""Provides relevant applications or examples of plasma""]",,"false","3","Plasma is the fourth state of matter with three key characteristics: (1) It consists of ionized gas containing free electrons and positive ions in a quasi-neutral state. (2) It exhibits electrical conductivity due to the presence of free charge carriers (electrons and ions). (3) It responds to electromagnetic fields, allowing manipulation and confinement of plasma through magnetic or electric fields, making it useful in applications like fluorescent lamps and plasma displays.","B","short","16","annual","Write any three characteristics of Plasma.","ms79gy9847bb4fxkdwrtv95xeh85q58s","2024",,,,,,,,
"chemistry-11","05-states-and-phases-of-matter","States And Phases Of Matter","5-4-general-properties-of-gases","5.4 General Properties of Gases","m17ff9fnj2mq8dw607frxqj7c585q208",,"Federal Board","[""Real gases deviate due to significant intermolecular forces at low temperature and molecular volume effects at high pressure"",""Compressibility factor Z = PV/nRT equals 1 for ideal gases but deviates for real gases"",""Z < 1 indicates attractive intermolecular forces dominate (low to moderate pressure)"",""Z > 1 indicates repulsive forces and excluded molecular volume dominate (very high pressure)"",""Graphical representation shows Z-curve dipping below 1 then rising above 1 with increasing pressure, demonstrating transition from attractive to repulsive dominance""]",,"false","7","Real gases deviate from ideal gas laws at low temperatures and high pressures because intermolecular forces become significant and molecular volume becomes comparable to container volume. At low temperatures, kinetic energy decreases, allowing attractive forces (van der Waals forces) to dominate, causing molecules to deviate from random motion. At high pressures, molecules are forced close together, making their actual volume substantial relative to total volume, violating the ideal gas assumption of negligible molecular size. The compressibility factor (Z = PV/nRT) graphically represents these deviations: Z = 1 for ideal gases, but real gases show Z < 1 at moderate pressures (attractive forces dominate) and Z > 1 at very high pressures (repulsive forces and molecular volume dominate). The curve typically dips below unity before rising above it, with the minimum deviation occurring at intermediate pressures where attractive and repulsive effects balance.","C","long","2","annual","Why do real gases deviate from gas laws at low temperature and high pressure? Also explain the deviation by general graphical representation of compressibility factor versus pressure.","ms79gy9847bb4fxkdwrtv95xeh85q58s","2024",,,,,,,,
"chemistry-11","05-states-and-phases-of-matter","States And Phases Of Matter","5-5-general-properties-of-solids","5.5 General Properties of Solids","m175cn7d75arve1hb92vc9mx9d85q5we","true","Federal Board","[""Crystalline solids have definite geometric shape and sharp melting points; non-crystalline solids lack regular shape and melt over temperature range"",""Crystalline solids possess long-range order with repeating 3D pattern; non-crystalline solids have only short-range order with random arrangement"",""Crystalline solids are anisotropic with distinct cleavage planes; non-crystalline solids are isotropic and break irregularly""]",,"false","3","Crystalline solids have a definite geometric shape with sharp melting points, while non-crystalline solids lack regular shape and melt over a range of temperatures. Crystalline solids possess long-range order with particles arranged in a repeating three-dimensional pattern, whereas non-crystalline solids have only short-range order with random particle arrangement. Crystalline solids are anisotropic (properties vary with direction) and have distinct cleavage planes, while non-crystalline solids are isotropic (uniform properties in all directions) and break irregularly.","B","short","9","annual","State any three differences between crystalline and non-crystalline solids.","ms7dxj7f2vk4vs22expbdfbqws85pngx","2025",,,,,,,,
"chemistry-11","05-states-and-phases-of-matter","States And Phases Of Matter","5-5-general-properties-of-solids","5.5 General Properties of Solids","m17djehta8vvfvrazetmz7ygt185pqa6","true","Federal Board","[""Mercury is a liquid metal that conducts electricity"",""Malleability requires solid crystalline structure that can be deformed without breaking"",""Mercury cannot be shaped by hammering or drawing due to its liquid state"",""Conductivity and malleability are independent properties in different states of matter""]",,"false","1","Mercury is a conductor but not malleable. Although mercury conducts electricity due to the presence of free electrons in its liquid metallic structure, it cannot be hammered or drawn into sheets because it exists as a liquid at room temperature, lacking the solid crystalline structure necessary for malleability.","MCQ","mcq","12","annual","Which one is a conductor but not malleable?","ms7dxj7f2vk4vs22expbdfbqws85pngx","2022","A",,,"Mercury is a conductor but not malleable. Although mercury conducts electricity due to the presence of free electrons in its liquid metallic structure, it cannot be hammered or drawn into sheets because it exists as a liquid at room temperature, lacking the solid crystalline structure necessary for malleability.","[{""key"":""A"",""text"":""Iron""},{""key"":""B"",""text"":""Graphite""},{""key"":""C"",""text"":""Silver""},{""key"":""D"",""text"":""Copper""}]",,,
"chemistry-11","05-states-and-phases-of-matter","States And Phases Of Matter","5-5-general-properties-of-solids","5.5 General Properties of Solids","m173jhs1rhhb62v5qa2dvasyx985pwef","true","Federal Board","[""Identifies hydrogen bonding as the strongest intermolecular force"",""Explains that hydrogen bonding involves H bonded to highly electronegative atoms (N, O, F)"",""Distinguishes between intermolecular forces and intramolecular bonds"",""References the three types of IMFs and correctly ranks their relative strengths"",""Connects to observable properties (boiling/melting points) affected by IMF strength""]",,"false","1","Hydrogen bonding has the strongest intermolecular forces of attraction among the three primary types (permanent dipole-dipole forces, London dispersion forces, and hydrogen bonding). Hydrogen bonding occurs between molecules containing hydrogen bonded to highly electronegative atoms (N, O, or F), creating exceptionally strong intermolecular attractions that significantly affect physical properties like boiling and melting points.","MCQ","unclassified","16","annual","Which of the following has the **strongest intermolecular forces** of attraction?","ms7dxj7f2vk4vs22expbdfbqws85pngx","2022",,,,"Hydrogen bonding has the strongest intermolecular forces of attraction among the three primary types (permanent dipole-dipole forces, London dispersion forces, and hydrogen bonding). Hydrogen bonding occurs between molecules containing hydrogen bonded to highly electronegative atoms (N, O, or F), creating exceptionally strong intermolecular attractions that significantly affect physical properties like boiling and melting points.","[{""key"":""A"",""text"":""$H_{2(g)}$""},{""key"":""B"",""text"":""$Cl_{2(g)}$""},{""key"":""C"",""text"":""$I_{2(s)}$""},{""key"":""D"",""text"":""$CH_{4(g)}$""}]",,,
"chemistry-11","05-states-and-phases-of-matter","States And Phases Of Matter","5-5-general-properties-of-solids","5.5 General Properties of Solids","m178gzxgaxm1fgp70pphqzwb5n85pcr8","true","Federal Board","[""Isomorphism: same molecular formula, different structures, different compounds"",""Polymorphism: same compound, different crystalline forms, different physical properties"",""Isomorphism example: C₂H₆O (ethanol vs dimethyl ether)"",""Polymorphism example: carbon (diamond vs graphite)"",""Key distinction: isomorphism involves different substances; polymorphism involves one substance in different forms""]",,"false","3","Isomorphism refers to two different compounds having the same molecular formula but different structural arrangements, resulting in different properties. For example, C₂H₆O exists as both ethanol (CH₃CH₂OH) and dimethyl ether (CH₃OCH₃). Polymorphism, however, describes the same chemical compound existing in different crystalline forms with different physical properties due to different arrangements of atoms in the solid state. For instance, carbon exists as diamond and graphite, both pure carbon but with distinct crystal structures and properties.","B","short","9","annual","Differentiate between **Isomorphism** and **Polymorphism** with suitable examples.","ms7dxj7f2vk4vs22expbdfbqws85pngx","2022",,,,,,,,
"chemistry-11","05-states-and-phases-of-matter","States And Phases Of Matter","5-5-general-properties-of-solids","5.5 General Properties of Solids","m17c33pj3226e4bt8qzw056g1985pekk","true","Federal Board","[""Defines transition temperature as temperature of structural/property change in solid state"",""Identifies that transition occurs without melting or change of state"",""Provides sulfur (rhombic to monoclinic) at 95.5°C as valid example"",""Provides iron/Curie temperature (768°C) as valid example"",""Explains the physical change occurring during transition""]",,"false","3","Transition temperature is the specific temperature at which a solid undergoes a change in its crystal structure or physical properties without melting. Example 1: Sulfur transitions from rhombic to monoclinic form at 95.5°C. Example 2: Iron undergoes transition from ferromagnetic to paramagnetic state at its Curie temperature (768°C), losing permanent magnetic properties.","B","short","10","annual","Describe **transition temperature** by giving two examples.","ms7dxj7f2vk4vs22expbdfbqws85pngx","2023",,,,,,,,
"chemistry-11","05-states-and-phases-of-matter","States And Phases Of Matter","5-5-general-properties-of-solids","5.5 General Properties of Solids","m170svvevstthw9em7jts7773d85qv3w","false","Federal Board","[""NaCl maintains its cubic crystal structure regardless of urea presence"",""Crystal shape is determined by the arrangement of Na⁺ and Cl⁻ ions in FCC lattice"",""Urea is an impurity that does not change the fundamental crystal geometry"",""Impurities may affect crystal size or growth rate but not the basic shape"",""The answer is cubic (or normal cubic form)""]",,"false","1","When NaCl crystallization occurs in the presence of urea, the shape of crystals will be **cubic** (or normal cubic form). Urea acts as an impurity that does not significantly alter the fundamental crystal structure of NaCl, which is determined by the ionic arrangement of Na⁺ and Cl⁻ ions in a face-centered cubic (FCC) lattice. The presence of urea may affect crystal size or growth rate, but the geometric shape remains cubic.","MCQ","unclassified","11","annual","If crystallization of **NaCl** is carried out in the presence of urea then its shape will be:","ms7dxj7f2vk4vs22expbdfbqws85pngx","2024","B",,,"When NaCl crystallization occurs in the presence of urea, the shape of crystals will be **cubic** (or normal cubic form). Urea acts as an impurity that does not significantly alter the fundamental crystal structure of NaCl, which is determined by the ionic arrangement of Na⁺ and Cl⁻ ions in a face-centered cubic (FCC) lattice. The presence of urea may affect crystal size or growth rate, but the geometric shape remains cubic.","[{""key"":""A"",""text"":""Octahedral""},{""key"":""B"",""text"":""Cubic""},{""key"":""C"",""text"":""Tetrahedral""},{""key"":""D"",""text"":""Pyramidal""}]",,,
"chemistry-11","05-states-and-phases-of-matter","States And Phases Of Matter","5-5-general-properties-of-solids","5.5 General Properties of Solids","m171z23ghxc4snwv6jt3xrgfp985p7nd","true","Federal Board","[""Correct calculation of radius ratio: r⁺/r⁻ = 74/184 = 0.40"",""Application of radius ratio rule to predict coordination number and geometry"",""Identification of tetrahedral/zinc blende structure based on radius ratio value"",""Understanding that radius ratio determines crystal structure and coordination geometry"",""Recognition that ZnS exhibits tetrahedral coordination despite ratio being near boundary value""]",,"false","3","The radius ratio of Zn²⁺ to S²⁻ is calculated as 74 pm ÷ 184 pm = 0.40. According to the radius ratio rule, when the radius ratio falls between 0.41 and 0.73, the coordination number is 6 and the crystal structure is octahedral. Since the calculated ratio (0.40) is slightly below this range but closest to it, ZnS adopts a tetrahedral zinc blende structure where each Zn²⁺ ion is surrounded by four S²⁻ ions in a tetrahedral arrangement, and vice versa.","B","short","17","annual","Predict the shape of ZnS by using formula of radius ratio, if radius of Zn²⁺ is 74 pm and radius of S²⁻ is 184 pm.","ms7dxj7f2vk4vs22expbdfbqws85pngx","2024",,,,,,,,
"chemistry-11","05-states-and-phases-of-matter","States And Phases Of Matter","5-5-general-properties-of-solids","5.5 General Properties of Solids","m175d6w089yd5nbeczzvptt7s185py2w",,"Federal Board","[""CCP has ABCABC stacking pattern with face-centered cubic structure; HCP has ABABAB pattern with hexagonal structure"",""Both CCP and HCP achieve 74% packing efficiency and coordination number 12"",""Metallic solids have metallic bonding with delocalized electrons; molecular solids have intermolecular forces between molecules"",""Metallic solids are malleable, ductile, and conduct electricity; molecular solids are brittle and non-conducting"",""Metallic solids have high melting points and low solubility; molecular solids have lower melting points and higher solubility in polar solvents""]",,"false","7","Cubic close packing (CCP) and hexagonal close packing (HCP) are two efficient crystal structures in metals. In CCP, layers of atoms are arranged in an ABCABC... pattern where the third layer repeats the first, creating a face-centered cubic unit cell with coordination number 12. In HCP, layers follow an ABABAB... pattern where only two distinct layers repeat, forming a hexagonal unit cell, also with coordination number 12. Both achieve 74% packing efficiency but differ in stacking sequence and symmetry.

Metallic solids and molecular solids differ significantly: (1) **Bonding and Structure:** Metallic solids consist of metal atoms held by metallic bonding with delocalized electrons, while molecular solids are held by weak intermolecular forces (van der Waals, hydrogen bonds) between discrete molecules. (2) **Physical Properties:** Metallic solids are typically hard, malleable, ductile, and conduct electricity in solid state due to mobile electrons; molecular solids are generally soft, brittle, and non-conducting in solid state. (3) **Melting Points and Solubility:** Metallic solids have high melting points and are insoluble in polar solvents; molecular solids have low to moderate melting points and many are soluble in polar solvents like water. These fundamental differences arise from the nature of bonding and particle interactions within each solid type.","C","long","8","annual","Differentiate between cubic close packing and hexagonal close packing in metals. Also compare metallic solids with molecular solids in three ways.","ms7dxj7f2vk4vs22expbdfbqws85pngx","2024",,,,,,,,