subjectSlug,chapterSlug,chapterTitle,topicSlug,topicTitle,_id,correctKey,correctKeyVerified,examBoard,explanation,keyPoints,lastAttempt,locked,marks,modelAnswer,options,partType,questionKind,questionNumber,session,stem,topicId,year,exerciseId,exerciseTitle,origin,sourceRef
"maths-12","09-solution-of-trigonometric-equations","Solution Of Trigonometric Equations","exercise-9-1","9.1 General Solutions of Trigonometric Equations","m170w73rjzrc05yx5f8grar6mn85pn48","B","true","Federal Board","The range of $4\sin 4x$ is $[-4, 4]$. Since the range of $\sin 4x$ is $[-1, 1]$, multiplying by the coefficient 4 scales both the minimum and maximum values by 4, giving minimum value $4 \times (-1) = -4$ and maximum value $4 \times 1 = 4$.","[""Identifies that the range of $\\sin 4x$ is $[-1, 1]$"",""Applies the scaling rule: multiply both endpoints by the coefficient 4"",""Correctly determines minimum value as $-4$"",""Correctly determines maximum value as $4$"",""Expresses final answer in interval notation $[-4, 4]$""]",,"false","1","The range of $4\sin 4x$ is $[-4, 4]$. Since the range of $\sin 4x$ is $[-1, 1]$, multiplying by the coefficient 4 scales both the minimum and maximum values by 4, giving minimum value $4 \times (-1) = -4$ and maximum value $4 \times 1 = 4$.","[{""key"":""A"",""text"":""$[-1, 1]$""},{""key"":""B"",""text"":""$[-4, 4]$""},{""key"":""C"",""text"":""$[-16, 16]$""},{""key"":""D"",""text"":""$(-\\infty, +\\infty)$""}]","MCQ","mcq","17","annual","The range of a trigonometric function $4 \sin 4x$ is:","ms7cfj2zcpbv4j0ay2ensdja2d85q28p","2025",,,,
"maths-12","09-solution-of-trigonometric-equations","Solution Of Trigonometric Equations","exercise-9-1","9.1 General Solutions of Trigonometric Equations","m1750yr2q1fe8k5ps04p35yegh85pz90",,"true","Federal Board",,"[""Simplify $\\cos(2\\theta+\\pi) = -\\cos(2\\theta)$ to rewrite denominator as $3-5\\cos(2\\theta)$"",""Find range of denominator: minimum is $3-5(1)=-2$ when $\\cos(2\\theta)=1$; maximum is $3-5(-1)=8$ when $\\cos(2\\theta)=-1$"",""Apply reciprocal rule: for reciprocal function, maximum of $f$ equals $\\frac{1}{\\text{minimum of denominator}}$ and minimum of $f$ equals $\\frac{1}{\\text{maximum of denominator}}$"",""State final answer: Maximum value $= -\\frac{1}{2}$, Minimum value $= \\frac{1}{8}$""]",,"false","4","To find the maximum and minimum values of $f(\theta) = \frac{1}{3+5\cos(2\theta+\pi)}$, we first simplify the denominator. Since $\cos(2\theta+\pi) = -\cos(2\theta)$, we have $f(\theta) = \frac{1}{3-5\cos(2\theta)}$. The denominator $g(\theta) = 3-5\cos(2\theta)$ has range determined by $\cos(2\theta) \in [-1,1]$: when $\cos(2\theta) = 1$, $g(\theta) = -2$; when $\cos(2\theta) = -1$, $g(\theta) = 8$. Since the denominator ranges from $-2$ to $8$, and using the reciprocal relationship, the maximum of $f(\theta)$ is $\frac{1}{-2} = -\frac{1}{2}$ and the minimum is $\frac{1}{8}$.",,"B","short","6","annual","Find the maximum and minimum values of the function $f(\theta) = \frac{1}{3+5 \cos (2\theta+\pi)}$","ms7cfj2zcpbv4j0ay2ensdja2d85q28p","2025",,,,
"maths-12","09-solution-of-trigonometric-equations","Solution Of Trigonometric Equations","exercise-9-1","9.1 General Solutions of Trigonometric Equations","m17c8nhmmvaq1t0m8jvw5mbbbn85p90e",,"true","Federal Board",,"[""Correctly identifies all ordered pairs satisfying $x + y = 5$ from set $A$"",""Domain correctly stated as the set of all first elements: $\\{1, 2, 3, 4\\}$"",""Range correctly stated as the set of all second elements: $\\{1, 2, 3, 4\\}$"",""Shows systematic verification of each pair or clear enumeration method""]",,"false","4","Given $A = \{1, 2, 3, 4\}$ and $R = \{(x, y) \mid x + y = 5\}$ where $x, y \in A$.

To find the relation, we identify ordered pairs where $x + y = 5$:
- $(1, 4)$: $1 + 4 = 5$ ✓
- $(2, 3)$: $2 + 3 = 5$ ✓
- $(3, 2)$: $3 + 2 = 5$ ✓
- $(4, 1)$: $4 + 1 = 5$ ✓

Therefore, $R = \{(1, 4), (2, 3), (3, 2), (4, 1)\}$.

**Domain of $R$:** The set of all first coordinates (x-values) = $\{1, 2, 3, 4\}$

**Range of $R$:** The set of all second coordinates (y-values) = $\{1, 2, 3, 4\}$",,"B","short","3","annual","If $A = \{1, 2, 3, 4\}$, state the domain and range of the relation $R = \{(x, y) \mid x + y = 5\}$.","ms7cfj2zcpbv4j0ay2ensdja2d85q28p","2022",,,,
"maths-12","09-solution-of-trigonometric-equations","Solution Of Trigonometric Equations","exercise-9-1","9.1 General Solutions of Trigonometric Equations","m177eesxqn53h2x1fxjwvhma3x85p4s0",,"true","Federal Board","The period of $\frac{8}{7}\sec(x - \pi)$ is $2\pi$. The coefficient $\frac{8}{7}$ affects only the amplitude (range), not the period. Since the argument is $(x - \pi)$, the coefficient of $x$ is 1, so the period is $\frac{2\pi}{1} = 2\pi$.","[""Identifies that the amplitude coefficient $\\frac{8}{7}$ does not affect the period"",""Recognizes that $\\sec x$ has period $2\\pi$"",""Correctly applies the period formula: period $= \\frac{2\\pi}{|\\text{coefficient of } x|}$"",""Understands that horizontal shifts (like $x - \\pi$) do not change the period""]",,"false","1","The period of $\frac{8}{7}\sec(x - \pi)$ is $2\pi$. The coefficient $\frac{8}{7}$ affects only the amplitude (range), not the period. Since the argument is $(x - \pi)$, the coefficient of $x$ is 1, so the period is $\frac{2\pi}{1} = 2\pi$.","[{""key"":""A"",""text"":""$-\\pi$""},{""key"":""B"",""text"":""$\\pi$""},{""key"":""C"",""text"":""$3\\pi$""},{""key"":""D"",""text"":""$\\frac{8\\pi}{7}$""}]","MCQ","unclassified","17","annual","The period of $\frac{8}{7} \sec(x - \pi)$ is:","ms7cfj2zcpbv4j0ay2ensdja2d85q28p","2023",,,,
"maths-12","09-solution-of-trigonometric-equations","Solution Of Trigonometric Equations","exercise-9-1","9.1 General Solutions of Trigonometric Equations","m172sbfmqht4cw14c8g2113sm185qbte",,,"Federal Board",,"[""Correctly applies sum-to-product formula: $\\cos A + \\cos B = 2\\cos\\frac{A+B}{2}\\cos\\frac{A-B}{2}$"",""Factors the resulting equation into $\\cos 3\\theta(2\\cos 2\\theta - 1) = 0$"",""Solves $\\cos 3\\theta = 0$ to find $\\theta = \\frac{\\pi}{6}, \\frac{\\pi}{2}, \\frac{5\\pi}{6}$"",""Solves $\\cos 2\\theta = \\frac{1}{2}$ to find $\\theta = \\frac{\\pi}{6}, \\frac{5\\pi}{6}$"",""Identifies all distinct solutions within the given interval $[0, \\pi]$""]",,"false","4","Using the sum-to-product formula, rewrite $\cos 5\theta + \cos \theta = 2\cos 3\theta \cos 2\theta$. The equation becomes $2\cos 3\theta \cos 2\theta = \cos 3\theta$, which factors as $\cos 3\theta(2\cos 2\theta - 1) = 0$. This gives $\cos 3\theta = 0$ or $\cos 2\theta = \frac{1}{2}$. From $\cos 3\theta = 0$: $3\theta = \frac{\pi}{2}, \frac{3\pi}{2}, \frac{5\pi}{2}$, so $\theta = \frac{\pi}{6}, \frac{\pi}{2}, \frac{5\pi}{6}$. From $\cos 2\theta = \frac{1}{2}$: $2\theta = \frac{\pi}{3}, \frac{5\pi}{3}$, so $\theta = \frac{\pi}{6}, \frac{5\pi}{6}$. Therefore, the solutions in $[0, \pi]$ are $\theta = \frac{\pi}{6}, \frac{\pi}{2}, \frac{5\pi}{6}$.",,"B","short","16","annual","Solve the trigonometric equation $\cos 5\theta + \cos \theta = \cos 3\theta$ where $\theta \in [0, \pi]$.","ms7cfj2zcpbv4j0ay2ensdja2d85q28p","2023",,,,
"maths-12","09-solution-of-trigonometric-equations","Solution Of Trigonometric Equations","exercise-9-1","9.1 General Solutions of Trigonometric Equations","m17bvj5shm4rz0fbkyzytpcd1185q8ey","A","true","Federal Board","The period of $3\sin\left(\frac{x}{5}\right)$ is $10\pi$. For a function of the form $a\sin(bx)$, the period is $\frac{2\pi}{|b|}$. Here, $b = \frac{1}{5}$, so the period is $\frac{2\pi}{\frac{1}{5}} = 10\pi$. The amplitude coefficient 3 does not affect the period.","[""Identifies the coefficient $b = \\frac{1}{5}$ from the argument of sine"",""Applies the period formula $\\frac{2\\pi}{|b|}$ correctly"",""Calculates $\\frac{2\\pi}{\\frac{1}{5}} = 10\\pi$"",""Recognizes that amplitude does not affect period""]",,"false","1","The period of $3\sin\left(\frac{x}{5}\right)$ is $10\pi$. For a function of the form $a\sin(bx)$, the period is $\frac{2\pi}{|b|}$. Here, $b = \frac{1}{5}$, so the period is $\frac{2\pi}{\frac{1}{5}} = 10\pi$. The amplitude coefficient 3 does not affect the period.","[{""key"":""A"",""text"":""$10 \\pi$""},{""key"":""B"",""text"":""$30 \\pi$""},{""key"":""C"",""text"":""$\\frac{\\pi}{5}$""},{""key"":""D"",""text"":""$5 \\pi$""}]","MCQ","mcq","1","annual","What is the period of $3 \sin\left(\frac{x}{5}\right)$?","ms7cfj2zcpbv4j0ay2ensdja2d85q28p","2024",,,,
"maths-12","09-solution-of-trigonometric-equations","Solution Of Trigonometric Equations","exercise-9-1","9.1 General Solutions of Trigonometric Equations","m1736q2kfvfaz9c52v0d4rv3f185q5nr",,"true","Federal Board",,"[""Correctly set up equation $y = \\frac{5x-2}{x+2}$ and rearranged to solve for $x$"",""Obtained inverse function $f^{-1}(x) = \\frac{2x+2}{5-x}$ in simplified form"",""Identified domain of $f^{-1}(x)$ as $\\mathbb{R} \\setminus \\{5\\}$ (restriction where denominator equals zero)"",""Identified range of $f^{-1}(x)$ as $\\mathbb{R} \\setminus \\{-2\\}$ (equals domain of original function)"",""Recognized relationship: domain of $f^{-1}$ equals range of $f$, and range of $f^{-1}$ equals domain of $f$""]",,"false","4","To find $f^{-1}(x)$ for $f(x) = \frac{5x-2}{x+2}$, let $y = \frac{5x-2}{x+2}$ and solve for $x$: $y(x+2) = 5x-2 \Rightarrow yx + 2y = 5x - 2 \Rightarrow yx - 5x = -2 - 2y \Rightarrow x(y-5) = -2-2y \Rightarrow x = \frac{-2-2y}{y-5} = \frac{2y+2}{5-y}$. Therefore, $f^{-1}(x) = \frac{2x+2}{5-x}$ where $x \neq 5$. The domain of $f^{-1}(x)$ is $\mathbb{R} \setminus \{5\}$ (all real numbers except 5), which equals the range of $f(x)$. The range of $f^{-1}(x)$ is $\mathbb{R} \setminus \{-2\}$ (all real numbers except $-2$), which equals the domain of $f(x)$.",,"B","short","13","annual","For a real valued function $f(x) = \frac{5x-2}{x+2}, x \neq -2$ find $f^{-1}(x)$ and determine its domain and range.","ms7cfj2zcpbv4j0ay2ensdja2d85q28p","2024",,,,
"maths-12","09-solution-of-trigonometric-equations","Solution Of Trigonometric Equations","exercise-9-1","9.1 General Solutions of Trigonometric Equations","m1794r18wahdms81knyjwy9srx85pe61",,,"Federal Board",,"[""Correctly plots the linear function $f(x) = -x + 6$ as a straight line with slope $-1$ and y-intercept $6$"",""Correctly plots the quadratic function $g(x) = x^2 - 4x + 6$ as a parabola with vertex at $(2, 2)$ opening upward"",""Identifies both intersection points $(0, 6)$ and $(3, 3)$ where the two curves meet on the graph"",""Shows clear labeling of axes, curves, and intersection points on the coordinate system"",""Verifies solutions algebraically by solving $-x + 6 = x^2 - 4x + 6$ to obtain $x = 0$ and $x = 3$""]",,"false","8","To find the point of intersection of $f(x) = -x + 6$ and $g(x) = x^2 - 4x + 6$ graphically, we plot both functions on the same coordinate system. The function $f(x)$ is a straight line with slope $-1$ and y-intercept $6$. The function $g(x)$ is a parabola opening upward with vertex at $(2, 2)$. By sketching both curves, the points where they intersect represent the solutions. Setting $f(x) = g(x)$: $-x + 6 = x^2 - 4x + 6$ simplifies to $x^2 - 3x = 0$, giving $x(x-3) = 0$, so $x = 0$ or $x = 3$. The intersection points are $(0, 6)$ and $(3, 3)$, which can be verified on the graph where the line and parabola meet at these coordinates.",,"C","long","5","annual","Find point of intersection of the functions $f(x) = -x + 6$ and $g(x) = x^2 - 4x + 6$ graphically.","ms7cfj2zcpbv4j0ay2ensdja2d85q28p","2024",,,,
"maths-12","09-solution-of-trigonometric-equations","Solution Of Trigonometric Equations","exercise-9-1","9.1 General Solutions of Trigonometric Equations","m176vfg9y5qzf7w6pj6xkmsp2s85q0mx",,"true","Federal Board",,"[""Convert $\\sin^2 x$ to $1 - \\cos^2 x$ using Pythagorean identity"",""Rearrange to form quadratic equation $2\\cos^2 x + 3\\cos x + 1 = 0$"",""Factor as $(2\\cos x + 1)(\\cos x + 1) = 0$ to find $\\cos x = -\\frac{1}{2}$ and $\\cos x = -1$"",""Write general solutions for each case using $x = \\theta + 2n\\pi$ format"",""Express final answer with all solutions in standard form with $n \\in \\mathbb{Z}$""]",,"false","8","To find the general solution of $3\cos x + 3 = 2\sin^2 x$:

First, use the identity $\sin^2 x = 1 - \cos^2 x$ to rewrite the equation as:
$$3\cos x + 3 = 2(1 - \cos^2 x)$$
$$3\cos x + 3 = 2 - 2\cos^2 x$$
$$2\cos^2 x + 3\cos x + 1 = 0$$

This is a quadratic equation in $\cos x$. Factoring:
$$(2\cos x + 1)(\cos x + 1) = 0$$

This gives $\cos x = -\frac{1}{2}$ or $\cos x = -1$.

**Case 1:** $\cos x = -\frac{1}{2}$
$$x = \pm\frac{2\pi}{3} + 2n\pi, \quad n \in \mathbb{Z}$$

**Case 2:** $\cos x = -1$
$$x = \pi + 2n\pi = (2n+1)\pi, \quad n \in \mathbb{Z}$$

**General Solution:**
$$x = \frac{2\pi}{3} + 2n\pi, \quad x = -\frac{2\pi}{3} + 2n\pi, \quad x = (2n+1)\pi, \quad n \in \mathbb{Z}$$

Or equivalently: $x = \pm\frac{2\pi}{3} + 2n\pi$ or $x = (2n+1)\pi$, where $n \in \mathbb{Z}$.",,"C","long","6","annual","Find general solution of a trigonometric equation $3 \cos x + 3 = 2 \sin^2 x$.","ms7cfj2zcpbv4j0ay2ensdja2d85q28p","2024",,,,
"maths-12","09-solution-of-trigonometric-equations","Solution Of Trigonometric Equations","exercise-9-1","9.1 General Solutions of Trigonometric Equations","m17667wfre0zzq2s9xyxfp3rq585qkgd",,"true","Federal Board",,"[""Identify all corner points of the feasible region by solving pairs of constraint equations"",""Evaluate the objective function $f(x, y) = 2x + 3y$ at each corner point"",""Compare all values to determine maximum and minimum"",""Verify corner points satisfy all constraints"",""Maximum occurs at interior or boundary corner point; minimum at origin or boundary""]",,"false","8","This is a linear programming problem. We find the feasible region by graphing the constraints, then evaluate the objective function $f(x, y) = 2x + 3y$ at each corner point.

**Finding Corner Points:**
The constraints are: $x + 2y \leq 10$, $3x + y \leq 9$, $9x + 8y \leq 72$, $x \geq 0$, $y \geq 0$.

Corner points of the feasible region:
- $(0, 0)$: $f(0, 0) = 0$
- $(3, 0)$: intersection of $3x + y = 9$ and $y = 0$; $f(3, 0) = 6$
- $(0, 5)$: intersection of $x + 2y = 10$ and $x = 0$; $f(0, 5) = 15$
- $(2, 4)$: intersection of $x + 2y = 10$ and $3x + y = 9$; solving: $x + 2y = 10$ and $3x + y = 9$ gives $x = 2, y = 4$; $f(2, 4) = 2(2) + 3(4) = 16$

**Verification:** Check $(2, 4)$ satisfies all constraints: $2 + 8 = 10$ ✓, $6 + 4 = 10 \leq 9$ ✗. Recalculate: From $3x + y = 9$ and $x + 2y = 10$: $y = 9 - 3x$, so $x + 2(9 - 3x) = 10$ gives $x + 18 - 6x = 10$, thus $x = \frac{8}{5}, y = \frac{27}{5}$; $f(\frac{8}{5}, \frac{27}{5}) = \frac{16 + 81}{5} = \frac{97}{5} = 19.4$.

**Maximum value: $19.4$ (or $\frac{97}{5}$) at $(\frac{8}{5}, \frac{27}{5})$**

**Minimum value: $0$ at $(0, 0)$**",,"C","long","7","annual","Find maximum and minimum values of a function $f(x, y) = 2x + 3y$ subject to the constraints $x + 2y \leq 10, \quad 3x + y \leq 9, \quad 9x + 8y \leq 72, \quad x \geq 0, y \geq 0$.","ms7cfj2zcpbv4j0ay2ensdja2d85q28p","2024",,,,
"maths-12","09-solution-of-trigonometric-equations","Solution Of Trigonometric Equations","exercise-9-1","9.1 General Solutions of Trigonometric Equations","m17c4tdz3xwbntcpj7f1cyj5js8c75bh",,,,,,,"false",,"# **Background and Explanation**

To solve these equations, we first isolate the trigonometric function. We then determine the reference angle (the acute angle relative to the x-axis) and identify which quadrants the solutions lie in based on whether the value is positive or negative (using the CAST rule). Finally, we calculate the specific angles within the $[0, 2\pi]$ range.

---

# **Solution**

## Part (i)
$$
\begin{aligned}
\sqrt{2} \sin x &= 1 \\
\sin x &= \frac{1}{\sqrt{2}}
\end{aligned}
$$
Since $\sin x$ is positive, the angle lies in the $1^{\text{st}}$ or $2^{\text{nd}}$ quadrant.
The reference angle is $\frac{\pi}{4}$.

*   **In 1st quadrant:**
    $$x = \frac{\pi}{4}$$
*   **In 2nd quadrant:**
    $$x = \pi - \frac{\pi}{4} = \frac{3\pi}{4}$$

**Solution Set:** $S.S = \left\{\frac{\pi}{4}, \frac{3\pi}{4}\right\}$

---

## Part (ii)
$$
\begin{aligned}
5 \sin x &= 2 \\
\sin x &= \frac{2}{5}
\end{aligned}
$$
Since $\sin x$ is positive, the angle lies in the $1^{\text{st}}$ or $2^{\text{nd}}$ quadrant.
The reference angle is $x = \sin^{-1}\left(\frac{2}{5}\right) = 23.57^{\circ}$.
Converting to radians: $23.57 \times \frac{\pi}{180} = \frac{23.57\pi}{180} \text{ rad}$.

*   **In 1st quadrant:**
    $$x = \frac{23.57\pi}{180}$$
*   **In 2nd quadrant:**
    $$x = \pi - \frac{23.57\pi}{180} = \frac{156.43\pi}{180}$$

**Solution Set:** $S.S = \left\{\frac{23.57\pi}{180}, \frac{156.43\pi}{180}\right\}$

---

## Part (iii)
$$
\begin{aligned}
2 \cos \theta + 1 &= 0 \\
2 \cos \theta &= -1 \\
\cos \theta &= -\frac{1}{2}
\end{aligned}
$$
Since $\cos \theta$ is negative, $\theta$ lies in the $2^{\text{nd}}$ or $3^{\text{rd}}$ quadrant.
The reference angle is $\frac{\pi}{3}$.

*   **In 2nd quadrant:**
    $$\theta = \pi - \frac{\pi}{3} = \frac{2\pi}{3}$$
*   **In 3rd quadrant:**
    $$\theta = \pi + \frac{\pi}{3} = \frac{4\pi}{3}$$

**Solution Set:** $S.S = \left\{\frac{2\pi}{3}, \frac{4\pi}{3}\right\}$

---

## Part (iv)
$$
\begin{aligned}
\cot x + \sqrt{3} &= 0 \\
\cot x &= -\sqrt{3} \\
\tan x &= -\frac{1}{\sqrt{3}}
\end{aligned}
$$
Since $\tan x$ is negative, the angle lies in the $2^{\text{nd}}$ or $4^{\text{th}}$ quadrant.
The reference angle is $\frac{\pi}{6}$.

*   **In 2nd quadrant:**
    $$x = \pi - \frac{\pi}{6} = \frac{5\pi}{6}$$
*   **In 4th quadrant:**
    $$x = 2\pi - \frac{\pi}{6} = \frac{11\pi}{6}$$

**Solution Set:** $S.S = \left\{\frac{5\pi}{6}, \frac{11\pi}{6}\right\}$

---

## Part (v)
$$
\cos x = 0.71
$$
Since $\cos x$ is positive, the angle lies in the $1^{\text{st}}$ or $4^{\text{th}}$ quadrant.
The reference angle is $x = \cos^{-1}(0.71) \approx 44.765^{\circ} \approx 45^{\circ}$.
In radians, $45^{\circ} = \frac{\pi}{4} \text{ rad}$.

*   **In 1st quadrant:**
    $$x = \frac{\pi}{4}$$
*   **In 4th quadrant:**
    $$x = 2\pi - \frac{\pi}{4} = \frac{7\pi}{4}$$

**Solution Set:** $S.S = \left\{\frac{\pi}{4}, \frac{7\pi}{4}\right\}$

---

## Part (vi)
$$
\begin{aligned}
\sqrt{6} \csc x &= \sqrt{8} \\
\csc x &= \frac{\sqrt{8}}{\sqrt{6}} = \sqrt{\frac{8}{6}} = \sqrt{\frac{4}{3}} \\
\csc x &= \frac{2}{\sqrt{3}} \\
\sin x &= \frac{\sqrt{3}}{2}
\end{aligned}
$$
Since $\sin x$ is positive, the angle lies in the $1^{\text{st}}$ or $2^{\text{nd}}$ quadrant.
The reference angle is $\frac{\pi}{3}$.

*   **In 1st quadrant:**
    $$x = \frac{\pi}{3}$$
*   **In 2nd quadrant:**
    $$x = \pi - \frac{\pi}{3} = \frac{2\pi}{3}$$

**Solution Set:** $S.S = \left\{\frac{\pi}{3}, \frac{2\pi}{3}\right\}$

---

## Part (vii)
$$
\begin{aligned}
4 \cos x - 3 &= 0 \\
4 \cos x &= 3 \\
\cos x &= \frac{3}{4}
\end{aligned}
$$
Since $\cos x$ is positive, the angle lies in the $1^{\text{st}}$ or $4^{\text{th}}$ quadrant.
The reference angle is $x = \cos^{-1}\left(\frac{3}{4}\right) = 41.41^{\circ}$.
In radians: $\frac{41.41\pi}{180} \text{ rad}$.

*   **In 1st quadrant:**
    $$x = \frac{41.41\pi}{180}$$
*   **In 4th quadrant:**
    $$x = 2\pi - \frac{41.41\pi}{180} = \frac{318.59\pi}{180}$$

**Solution Set:** $S.S = \left\{\frac{41.41\pi}{180}, \frac{318.59\pi}{180}\right\}$

---

## Part (viii)
$$
\begin{aligned}
\sqrt{2} \csc x + 2 &= 0 \\
\sqrt{2} \csc x &= -2 \\
\csc x &= -\frac{2}{\sqrt{2}} = -\sqrt{2} \\
\sin x &= -\frac{1}{\sqrt{2}}
\end{aligned}
$$
Since $\sin x$ is negative, the angle lies in the $3^{\text{rd}}$ or $4^{\text{th}}$ quadrant.
The reference angle is $\frac{\pi}{4}$.

*   **In 3rd quadrant:**
    $$x = \pi + \frac{\pi}{4} = \frac{5\pi}{4}$$
*   **In 4th quadrant:**
    $$x = 2\pi - \frac{\pi}{4} = \frac{7\pi}{4}$$

**Solution Set:** $S.S = \left\{\frac{5\pi}{4}, \frac{7\pi}{4}\right\}$

---

## Part (ix)
$$
\tan^2 \rho = 3
$$
Taking the square root of both sides:
$$\tan \rho = \pm \sqrt{3}$$

**Case 1: $\tan \rho = \sqrt{3}$ (Positive)**
Angle lies in $1^{\text{st}}$ or $3^{\text{rd}}$ quadrant. Reference angle is $\frac{\pi}{3}$.
*   **1st quad:** $\rho = \frac{\pi}{3}$
*   **3rd quad:** $\rho = \pi + \frac{\pi}{3} = \frac{4\pi}{3}$

**Case 2: $\tan \rho = -\sqrt{3}$ (Negative)**
Angle lies in $2^{\text{nd}}$ or $4^{\text{th}}$ quadrant. Reference angle is $\frac{\pi}{3}$.
*   **2nd quad:** $\rho = \pi - \frac{\pi}{3} = \frac{2\pi}{3}$
*   **4th quad:** $\rho = 2\pi - \frac{\pi}{3} = \frac{5\pi}{3}$

**Solution Set:** $S.S = \left\{\frac{\pi}{3}, \frac{2\pi}{3}, \frac{4\pi}{3}, \frac{5\pi}{3}\right\}$

---

# **Key Formulas or Methods Used**

*   **Reciprocal Identities:** $\sin x = \frac{1}{\csc x}$, $\cos x = \frac{1}{\sec x}$, $\tan x = \frac{1}{\cot x}$.
*   **Reference Angle ($\theta_{ref}$):** The acute angle formed with the x-axis.
*   **Quadrant Rules for $[0, 2\pi]$:**
    *   Quadrant I: $\theta = \theta_{ref}$
    *   Quadrant II: $\theta = \pi - \theta_{ref}$
    *   Quadrant III: $\theta = \pi + \theta_{ref}$
    *   Quadrant IV: $\theta = 2\pi - \theta_{ref}$
*   **Degree to Radian Conversion:** $\text{Radians} = \text{Degrees} \times \frac{\pi}{180}$.

---

# **Summary of Steps**

1.  Isolate the trigonometric function (e.g., $\sin x = a$).
2.  Determine the sign of the value to identify the possible quadrants.
3.  Find the reference angle using the inverse function of the absolute value.
4.  Apply the quadrant formulas to find all angles within $[0, 2\pi]$.
5.  Combine all valid angles into the Solution Set ($S.S$).",,,"unclassified","1",,"Solve the following trigonometric equations within the domain $[0, 2\pi]$:

(i) $\sqrt{2} \sin x = 1$
(ii) $5 \sin x = 2$
(iii) $2 \cos \theta + 1 = 0$
(iv) $\cot x + \sqrt{3} = 0$
(v) $\cos x = 0.71$
(vi) $\sqrt{6} \csc x = \sqrt{8}$
(vii) $4 \cos x - 3 = 0$
(viii) $\sqrt{2} \csc x + 2 = 0$
(ix) $\tan^2 \rho = 3$

---","ms7cfj2zcpbv4j0ay2ensdja2d85q28p",,"xd78gvej5vg7xx3hf87x4qfh0x8c7d06","Exercise 9.1","exercise",
"maths-12","09-solution-of-trigonometric-equations","Solution Of Trigonometric Equations","exercise-9-1","9.1 General Solutions of Trigonometric Equations","m171c2v7p8xbg4qjvrq9v4zshn8c7wx2",,,,,,,"false",,"# **Background and Explanation**

To solve trigonometric equations, we use fundamental identities (like double-angle or sum-to-product formulas) to simplify the expression into a single trigonometric ratio. Once simplified, we determine the reference angle and identify the specific quadrants where the solution exists within the given interval $[0, 2\pi)$.

---

# **Solution**

## Part (i)
Given: $\sin 3 \theta+\sin \theta=0$

Using the sum-to-product formula: $\sin \alpha+\sin \beta=2 \sin \left(\frac{\alpha+\beta}{2}\right) \cos \left(\frac{\alpha-\beta}{2}\right)$

$$
\begin{aligned}
2 \sin \left(\frac{3 \theta+\theta}{2}\right) \cos \left(\frac{3 \theta-\theta}{2}\right) & =0 \\
2 \sin \left(\frac{4 \theta}{2}\right) \cos \left(\frac{2 \theta}{2}\right) & =0 \\
2 \sin 2 \theta \cos \theta & =0
\end{aligned}
$$

This implies $\sin 2 \theta \cdot \cos \theta=0$. We solve the two cases:

1. $\sin 2 \theta = 0$
   $$
   \begin{aligned}
   2 \theta & =\sin ^{-1}(0) \\
   2 \theta & =0 \text{ or } 2 \theta=\pi \\
   \theta & =0, \theta=\frac{\pi}{2}
   \end{aligned}
   $$

2. $\cos \theta = 0$
   $$
   \begin{aligned}
   \theta & =\cos ^{-1}(0) \\
   \theta & =\frac{\pi}{2} \text{ or } \theta=\frac{3 \pi}{2}
   \end{aligned}
   $$

$\therefore \text{Solution Set (S.S)} = \left\{0, \frac{\pi}{2}, \frac{3 \pi}{2}\right\}$

## Part (ii)
Given: $\sin 2 \theta=2 \cos \theta$

$$
\begin{aligned}
\sin 2 \theta-2 \cos \theta & =0 \\
2 \sin \theta \cos \theta-2 \cos \theta & =0 \\
2 \cos \theta(\sin \theta-1) & =0
\end{aligned}
$$

Setting each factor to zero:
- $2 \cos \theta = 0 \Rightarrow \cos \theta = 0 \Rightarrow \theta = \frac{\pi}{2}, \frac{3 \pi}{2}$
- $\sin \theta - 1 = 0 \Rightarrow \sin \theta = 1 \Rightarrow \theta = \frac{\pi}{2}$

$\therefore \text{S.S} = \left\{\frac{\pi}{2}, \frac{3 \pi}{2}\right\}$

## Part (iii)
Given: $\sin 2 \theta+\sin \theta=0$

$$
\begin{aligned}
2 \sin \theta \cos \theta+\sin \theta & =0 \\
\sin \theta(2 \cos \theta+1) & =0
\end{aligned}
$$

1. $\sin \theta = 0 \Rightarrow \theta = 0, \pi$
2. $2 \cos \theta + 1 = 0 \Rightarrow \cos \theta = -\frac{1}{2}$

Since $\cos \theta$ is negative, $\theta$ lies in the 2nd or 3rd quadrant. The reference angle is $\frac{\pi}{3}$.
- In 2nd quadrant: $\theta = \pi - \frac{\pi}{3} = \frac{2\pi}{3}$
- In 3rd quadrant: $\theta = \pi + \frac{\pi}{3} = \frac{4\pi}{3}$

$\therefore \text{S.S} = \left\{0, \pi, \frac{2 \pi}{3}, \frac{4 \pi}{3}\right\}$

## Part (iv)
Given: $\cos 2 \theta+\cos \theta=0$

Using the formula: $\cos \alpha+\cos \beta=2 \cos \left(\frac{\alpha+\beta}{2}\right) \cos \left(\frac{\alpha-\beta}{2}\right)$

$$
\begin{aligned}
2 \cos \left(\frac{2 \theta+\theta}{2}\right) \cos \left(\frac{2 \theta-\theta}{2}\right) & =0 \\
2 \cos \left(\frac{3 \theta}{2}\right) \cdot \cos \left(\frac{\theta}{2}\right) & =0
\end{aligned}
$$

1. $\cos \frac{3 \theta}{2}=0 \Rightarrow \frac{3 \theta}{2}=\frac{\pi}{2}, \frac{3\pi}{2} \Rightarrow 3\theta = \pi, 3\pi \Rightarrow \theta = \frac{\pi}{3}, \pi$
2. $\cos \frac{\theta}{2}=0 \Rightarrow \frac{\theta}{2}=\frac{\pi}{2}, \frac{3\pi}{2} \Rightarrow \theta = \pi, 3\pi$

$\therefore \text{S.S} = \left\{\frac{\pi}{3}, \pi, 3 \pi\right\}$

## Part (v)
Given: $2 \sin ^{3} \theta=\sin ^{2} \theta$

$$
\begin{aligned}
2 \sin ^{3} \theta-\sin ^{2} \theta & =0 \\
\sin ^{2} \theta(2 \sin \theta-1) & =0
\end{aligned}
$$

1. $\sin^2 \theta = 0 \Rightarrow \sin \theta = 0 \Rightarrow \theta = 0, \pi$
2. $2 \sin \theta - 1 = 0 \Rightarrow \sin \theta = \frac{1}{2}$

Since $\sin \theta$ is positive, $\theta$ lies in the 1st or 2nd quadrant. Reference angle is $\frac{\pi}{6}$.
- In 1st quadrant: $\theta = \frac{\pi}{6}$
- In 2nd quadrant: $\theta = \pi - \frac{\pi}{6} = \frac{5\pi}{6}$

$\therefore \text{S.S} = \left\{0, \pi, \frac{\pi}{6}, \frac{5 \pi}{6}\right\}$

## Part (vi)
Given: $\cos 2 \theta=3 \cos \theta-2$

Using $\cos 2 \theta=2 \cos ^{2} \theta-1$:

$$
\begin{aligned}
2 \cos ^{2} \theta-1 & =3 \cos \theta-2 \\
2 \cos ^{2} \theta-3 \cos \theta+1 & =0 \\
2 \cos ^{2} \theta-2 \cos \theta-\cos \theta+1 & =0 \\
2 \cos \theta(\cos \theta-1)-1(\cos \theta-1) & =0 \\
(\cos \theta-1)(2 \cos \theta-1) & =0
\end{aligned}
$$

1. $\cos \theta - 1 = 0 \Rightarrow \cos \theta = 1 \Rightarrow \theta = 0$ (Note: $2\pi$ is excluded from $[0, 2\pi)$)
2. $2 \cos \theta - 1 = 0 \Rightarrow \cos \theta = \frac{1}{2}$

Since $\cos \theta$ is positive, $\theta$ lies in the 1st or 4th quadrant. Reference angle is $\frac{\pi}{3}$.
- In 1st quadrant: $\theta = \frac{\pi}{3}$
- In 4th quadrant: $\theta = 2\pi - \frac{\pi}{3} = \frac{5\pi}{3}$

$\therefore \text{S.S} = \left\{0, \frac{\pi}{3}, \frac{5 \pi}{3}\right\}$

## Part (vii)
Given: $\cos 3 \theta=2-\cos \theta$

Using $\cos 3 \theta=4 \cos ^{3} \theta-3 \cos \theta$:

$$
\begin{aligned}
4 \cos ^{3} \theta-3 \cos \theta & =2-\cos \theta \\
4 \cos ^{3} \theta-2 \cos \theta-2 & =0 \quad \dots (1)
\end{aligned}
$$

Testing $\cos \theta = 1$: $4(1)^3 - 2(1) - 2 = 0$, which is true.
Using synthetic division for $\cos \theta = 1$:

The depressed equation is $4 \cos ^{2} \theta+4 \cos \theta+2=0$.
Using the quadratic formula:
$$
\cos \theta = \frac{-4 \pm \sqrt{16-32}}{8} = \frac{-4 \pm 4i}{8}
$$
These roots are imaginary and are neglected.
Thus, $\cos \theta = 1 \Rightarrow \theta = 0$ ($2\pi$ is excluded).

$\therefore \text{S.S} = \{0\}$

## Part (viii)
Given: $\cos 3 \theta=\cos 5 \theta \Rightarrow \cos 5 \theta-\cos 3 \theta=0$

Using $\cos \alpha-\cos \beta=-2 \sin \left(\frac{\alpha+\beta}{2}\right) \sin \left(\frac{\alpha-\beta}{2}\right)$:

$$
\begin{aligned}
-2 \sin \left(\frac{5 \theta+3 \theta}{2}\right) \sin \left(\frac{5 \theta-3 \theta}{2}\right) & =0 \\
-2 \sin 4 \theta \sin \theta & =0
\end{aligned}
$$

1. $\sin 4 \theta = 0 \Rightarrow 4\theta = 0, \pi \Rightarrow \theta = 0, \frac{\pi}{4}$
2. $\sin \theta = 0 \Rightarrow \theta = 0, \pi$

$\therefore \text{S.S} = \left\{0, \frac{\pi}{4}, \pi\right\}$

## Part (ix)
Given: $\cos \theta \sin \theta=\frac{1}{2}$

$$
\begin{aligned}
2 \cos \theta \sin \theta & =1 \\
\sin 2 \theta & =1 \\
2 \theta & =\frac{\pi}{2} \\
\theta & =\frac{\pi}{4}
\end{aligned}
$$

$\therefore \text{S.S} = \left\{\frac{\pi}{4}\right\}$

## Part (x)
Given: $\cos ^{2} \theta+4 \sin \theta=4$

$$
\begin{aligned}
(1-\sin ^{2} \theta)+4 \sin \theta-4 & =0 \\
-\sin ^{2} \theta+4 \sin \theta-3 & =0 \\
\sin ^{2} \theta-4 \sin \theta+3 & =0 \\
(\sin \theta-3)(\sin \theta-1) & =0
\end{aligned}
$$

1. $\sin \theta = 3$ (Impossible, as $-1 \leq \sin \theta \leq 1$)
2. $\sin \theta = 1 \Rightarrow \theta = \frac{\pi}{2}$

$\therefore \text{S.S} = \left\{\frac{\pi}{2}\right\}$

## Part (xi)
Given: $\cos \rho-\sqrt{3} \sin \rho=2$

$$
\cos \rho-2 = \sqrt{3} \sin \rho
$$

Squaring both sides:
$$
\begin{aligned}
(\cos \rho-2)^{2} & =3 \sin ^{2} \rho \\
\cos ^{2} \rho-4 \cos \rho+4 & =3(1-\cos ^{2} \rho) \\
4 \cos ^{2} \rho-4 \cos \rho+1 & =0 \\
(2 \cos \rho-1)^{2} & =0 \\
\cos \rho & = \frac{1}{2}
\end{aligned}
$$

Reference angle is $\frac{\pi}{3}$.
- In 1st quadrant: $\rho = \frac{\pi}{3}$
- In 4th quadrant: $\rho = 2\pi - \frac{\pi}{3} = \frac{5\pi}{3}$

$\therefore \text{S.S} = \left\{\frac{\pi}{3}, \frac{5 \pi}{3}\right\}$

## Part (xii)
Given: $3 \tan ^{2} \theta-1=0$

$$
\begin{aligned}
\tan^2 \theta = \frac{1}{3} \Rightarrow \tan \theta = \pm \frac{1}{\sqrt{3}}
\end{aligned}
$$

Reference angle is $\frac{\pi}{6}$.
- For $\tan \theta = \frac{1}{\sqrt{3}}$ (1st and 3rd quadrants): $\theta = \frac{\pi}{6}, \frac{7\pi}{6}$
- For $\tan \theta = -\frac{1}{\sqrt{3}}$ (2nd and 4th quadrants): $\theta = \frac{5\pi}{6}, \frac{11\pi}{6}$

$\therefore \text{S.S} = \left\{\frac{\pi}{6}, \frac{5 \pi}{6}, \frac{7 \pi}{6}, \frac{11 \pi}{6}\right\}$

---

# **Key Formulas or Methods Used**

*   **Sum-to-Product Formulas:**
    *   $\sin \alpha + \sin \beta = 2 \sin \left(\frac{\alpha+\beta}{2}\right) \cos \left(\frac{\alpha-\beta}{2}\right)$
    *   $\cos \alpha + \cos \beta = 2 \cos \left(\frac{\alpha+\beta}{2}\right) \cos \left(\frac{\alpha-\beta}{2}\right)$
    *   $\cos \alpha - \cos \beta = -2 \sin \left(\frac{\alpha+\beta}{2}\right) \sin \left(\frac{\alpha-\beta}{2}\right)$
*   **Double Angle Formulas:** $\sin 2\theta = 2 \sin \theta \cos \theta$, $\cos 2\theta = 2 \cos^2 \theta - 1$
*   **Triple Angle Formula:** $\cos 3\theta = 4 \cos^3 \theta - 3 \cos \theta$
*   **Pythagorean Identity:** $\cos^2 \theta + \sin^2 \theta = 1$
*   **Synthetic Division:** Used to factor higher-degree polynomials.

---

# **Summary of Steps**

1.  Simplify the equation using trigonometric identities to isolate a single function or factorable expression.
2.  Set each factor to zero to find basic trigonometric equations (e.g., $\sin \theta = k$).
3.  Find the reference angle using the inverse trigonometric function.
4.  Determine the specific solutions within the interval $[0, 2\pi)$ by applying the reference angle to the appropriate quadrants based on the sign of the function.
5.  Check for extraneous solutions (especially when squaring both sides) and ensure all values fall within the required interval.",,,"unclassified","2",,"Determine the solution for each of the following trigonometric equations over the interval $[0, 2\pi)$:

(i) $\sin 3 \theta+\sin \theta=0$
(ii) $\sin 2 \theta=2 \cos \theta$
(iii) $\sin 2 \theta+\sin \theta=0$
(iv) $\cos 2 \theta+\cos \theta=0$
(v) $2 \sin ^{3} \theta=\sin ^{2} \theta$
(vi) $\cos 2 \theta=3 \cos \theta-2$
(vii) $\cos 3 \theta=2-\cos \theta$
(viii) $\cos 3 \theta=\cos 5 \theta$
(ix) $\cos \theta \sin \theta=\frac{1}{2}$
(x) $\cos ^{2} \theta+4 \sin \theta=4$
(xi) $\cos \rho-\sqrt{3} \sin \rho=2$
(xii) $3 \tan ^{2} \theta-1=0$

---","ms7cfj2zcpbv4j0ay2ensdja2d85q28p",,"xd78gvej5vg7xx3hf87x4qfh0x8c7d06","Exercise 9.1","exercise",
"maths-12","09-solution-of-trigonometric-equations","Solution Of Trigonometric Equations","exercise-9-1","9.1 General Solutions of Trigonometric Equations","m175fxqsr68j1qxaawr6rmwwnh8c7m4n",,,,,,,"false",,"# **Background and Explanation**

Solving trigonometric equations requires reducing the expression to a single trigonometric ratio using fundamental identities (like $\sin^2 \theta + \cos^2 \theta = 1$) or sum-to-product formulas. Once simplified, we solve for the variable within a specific interval, often by finding a reference angle and determining the appropriate quadrants. For equations involving squaring, it is essential to check for extraneous solutions.

---

# **Solution**

## **Q3. Solutions for $\phi \in [0, 2\pi]$**

### ## Part (i)
$$6 \sin \phi+8 \cos \phi=7$$
Squaring both sides:
$$(6 \sin \phi+8 \cos \phi)^{2} = (7)^{2}$$
$$36 \sin ^{2} \phi+64 \cos ^{2} \phi+96 \sin \phi \cos \phi = 49$$
Dividing both sides by $\cos ^{2} \phi$:
$$36 \tan ^{2} \phi+64+96 \tan \phi = 49 \sec ^{2} \phi$$
$$36 \tan ^{2} \phi+64+96 \tan \phi = 49(1+\tan ^{2} \phi)$$
$$13 \tan ^{2} \phi-96 \tan \phi-15 = 0$$
Using the quadratic formula:
$$\tan \phi = \frac{96 \pm \sqrt{(-96)^{2}-4(13)(-15)}}{2 \times 13} = \frac{96 \pm 14 \sqrt{51}}{26} = \frac{48 \pm 7 \sqrt{51}}{13}$$
$\tan \phi \approx 7.537$ or $\tan \phi \approx -0.153$
$\phi = 82.44^\circ$ or $\phi = -8.703^\circ$
Converting to radians:
$$S.S = \left\{\frac{82.44 \pi}{180}, \frac{-8.703 \pi}{180}\right\}$$

### ## Part (ii)
$$\cos 3\phi + \cos \phi = 0$$
Using $\cos \alpha+\cos \beta=2 \cos\left(\frac{\alpha+\beta}{2}\right) \cos\left(\frac{\alpha-\beta}{2}\right)$:
$$2 \cos(2\phi) \cos(\phi) = 0$$
1. $\cos 2\phi = 0 \Rightarrow 2\phi = \frac{\pi}{2}, \frac{3\pi}{2} \Rightarrow \phi = \frac{\pi}{4}, \frac{3\pi}{4}$
2. $\cos \phi = 0 \Rightarrow \phi = \frac{\pi}{2}, \frac{3\pi}{2}$
$$S.S = \left\{\frac{\pi}{4}, \frac{\pi}{2}, \frac{3\pi}{4}, \frac{3\pi}{2}\right\}$$

### ## Part (iii)
$$\sin 4\phi + \sin 3\phi = 0$$
Using sum-to-product formula:
$$2 \sin\left(\frac{7\phi}{2}\right) \cos\left(\frac{\phi}{2}\right) = 0$$
1. $\sin\left(\frac{7\phi}{2}\right) = 0 \Rightarrow \frac{7\phi}{2} = 0, \pi, 2\pi \Rightarrow \phi = 0, \frac{2\pi}{7}, \frac{4\pi}{7}$
2. $\cos\left(\frac{\phi}{2}\right) = 0 \Rightarrow \frac{\phi}{2} = \frac{\pi}{2} \Rightarrow \phi = \pi$
$$S.S = \left\{0, \pi, \frac{2\pi}{7}, \frac{4\pi}{7}\right\}$$

### ## Part (iv)
$$\sin 3\phi + \sin \phi = \sin 2\phi$$
$$2 \sin 2\phi \cos \phi = \sin 2\phi$$
$$\sin 2\phi (2 \cos \phi - 1) = 0$$
1. $\sin 2\phi = 0 \Rightarrow 2\phi = 0, \pi, 2\pi \Rightarrow \phi = 0, \frac{\pi}{2}, \pi$
2. $2 \cos \phi = 1 \Rightarrow \cos \phi = \frac{1}{2} \Rightarrow \phi = \frac{\pi}{3}, \frac{5\pi}{3}$
$$S.S = \left\{0, \frac{\pi}{2}, \pi, \frac{\pi}{3}, \frac{5\pi}{3}\right\}$$

### ## Part (v)
$$\tan \phi + \cot \phi = 8 \cos 2\phi$$
$$\frac{\sin^2 \phi + \cos^2 \phi}{\sin \phi \cos \phi} = 8 \cos 2\phi \Rightarrow \frac{1}{\sin \phi \cos \phi} = 8 \cos 2\phi$$
$$1 = 4(2 \sin \phi \cos \phi) \cos 2\phi \Rightarrow 1 = 4 \sin 2\phi \cos 2\phi$$
$$1 = 2 \sin 4\phi \Rightarrow \sin 4\phi = \frac{1}{2}$$
Reference angle is $\frac{\pi}{6}$.
1. $4\phi = \frac{\pi}{6} \Rightarrow \phi = \frac{\pi}{24}$
2. $4\phi = \pi - \frac{\pi}{6} = \frac{5\pi}{6} \Rightarrow \phi = \frac{5\pi}{24}$
$$S.S = \left\{\frac{\pi}{24}, \frac{5\pi}{24}\right\}$$

### ## Part (vi)
$$\sin 5\phi + \sin 3\phi + \sin 2\phi = 0$$
$$2 \sin 4\phi \cos \phi + \sin 2\phi = 0$$
$$2(2 \sin 2\phi \cos 2\phi) \cos \phi + \sin 2\phi = 0$$
$$\sin 2\phi [4 \cos 2\phi \cos \phi + 1] = 0$$
1. $\sin 2\phi = 0 \Rightarrow \phi = 0, \frac{\pi}{2}, \pi$
2. $4(2 \cos^2 \phi - 1) \cos \phi + 1 = 0 \Rightarrow 8 \cos^3 \phi - 4 \cos \phi + 1 = 0$
By inspection, $\cos \phi = \frac{1}{2}$ is a root. Using synthetic division:
Depressed equation: $8 \cos^2 \phi + 4 \cos \phi - 2 = 0$.
- From $\cos \phi = \frac{1}{2}$, $\phi = \frac{\pi}{3}, \frac{5\pi}{3}$.
- From quadratic: $\cos \phi = \frac{-1 \pm \sqrt{5}}{4}$.
- $\cos \phi = \frac{-1+\sqrt{5}}{4} \Rightarrow \phi = 72^\circ = \frac{2\pi}{5}$.
- $\cos \phi = \frac{-1-\sqrt{5}}{4} \Rightarrow \phi = 144^\circ = \frac{4\pi}{5}$.
$$S.S = \left\{0, \frac{\pi}{2}, \pi, \frac{\pi}{3}, \frac{5\pi}{3}, \frac{2\pi}{5}, \frac{4\pi}{5}\right\}$$

### ## Part (vii)
$$5 \cos \phi+4 = 2(1 - \cos^2 \phi)$$
$$2 \cos^2 \phi + 5 \cos \phi + 2 = 0$$
$$(2 \cos \phi + 1)(\cos \phi + 2) = 0$$
1. $\cos \phi = -2$ (Impossible)
2. $\cos \phi = -1/2 \Rightarrow \phi = \pi - \frac{\pi}{3}, \pi + \frac{\pi}{3} \Rightarrow \phi = \frac{2\pi}{3}, \frac{4\pi}{3}$
$$S.S = \left\{\frac{2\pi}{3}, \frac{4\pi}{3}\right\}$$

### ## Part (viii)
$$(2 \cos^2 \phi - 1) + 3 = 5 \cos \phi$$
$$2 \cos^2 \phi - 5 \cos \phi + 2 = 0$$
$$(2 \cos \phi - 1)(\cos \phi - 2) = 0$$
1. $\cos \phi = 2$ (Impossible)
2. $\cos \phi = 1/2 \Rightarrow \phi = \frac{\pi}{3}, \frac{5\pi}{3}$
$$S.S = \left\{\frac{\pi}{3}, \frac{5\pi}{3}\right\}$$

### ## Part (ix)
$$\sin^2 \phi = 3 \cos^2 \phi \Rightarrow \tan^2 \phi = 3$$
$$\tan \phi = \pm \sqrt{3}$$
$\phi = \frac{\pi}{3}, \frac{2\pi}{3}, \frac{4\pi}{3}, \frac{5\pi}{3}$
$$S.S = \left\{\frac{\pi}{3}, \frac{2\pi}{3}, \frac{4\pi}{3}, \frac{5\pi}{3}\right\}$$

### ## Part (x)
$$(\cos \phi - 1)^2 = 0 \Rightarrow \cos \phi = 1$$
$\phi = 0, 2\pi$
$$S.S = \{0, 2\pi\}$$

### ## Part (xi)
$$\tan^2 \phi - \tan \phi - 6 = 0$$
$$(\tan \phi - 3)(\tan \phi + 2) = 0$$
1. $\tan \phi = 3 \Rightarrow \phi = \frac{71.56\pi}{180}, \frac{251.56\pi}{180}$
2. $\tan \phi = -2 \Rightarrow \phi = \frac{116.57\pi}{180}, \frac{296.57\pi}{180}$
$$S.S = \left\{\frac{71.56\pi}{180}, \frac{116.57\pi}{180}, \frac{251.56\pi}{180}, \frac{296.57\pi}{180}\right\}$$

---

## **Q4. Solutions for $x \in [-\pi, \pi]$**

### ## Part (i)
$$3 \cos x + \sin x = 2 \Rightarrow 3 \cos x = 2 - \sin x$$
Squaring: $9(1-\sin^2 x) = 4 + \sin^2 x - 4 \sin x \Rightarrow 10 \sin^2 x - 4 \sin x - 5 = 0$
$\sin x = \frac{2 \pm 3 \sqrt{6}}{10}$.
- $\sin x \approx 0.9348 \Rightarrow x = 69.2^\circ, 110.8^\circ$. Checking: $x = 69.2^\circ$ satisfies.
- $\sin x \approx -0.5348 \Rightarrow x = -32.33^\circ, -147.67^\circ$. Checking: $x = -32.33^\circ$ satisfies.
$$S.S = \left\{\frac{-32.33\pi}{180}, \frac{69.2\pi}{180}\right\}$$

### ## Part (ii)
$$4 \cos x + 3 \sin x = 2 \Rightarrow 25 \sin^2 x - 12 \sin x - 12 = 0$$
$\sin x = \frac{6 \pm 4 \sqrt{21}}{25}$.
- $\sin x \approx 0.9732 \Rightarrow x = 76.7^\circ, 103.3^\circ$. Checking: $x = 103.3^\circ$ satisfies.
- $\sin x \approx -0.4932 \Rightarrow x = -29.55^\circ, -150.45^\circ$. Checking: $x = -29.55^\circ$ satisfies.
$$S.S = \left\{\frac{-29.55\pi}{180}, \frac{103.3\pi}{180}\right\}$$

### ## Part (iii)
$$3 \sin x - 2 \cos x = 1 \Rightarrow 13 \sin^2 x - 6 \sin x - 3 = 0$$
$\sin x = \frac{3 \pm 4 \sqrt{3}}{13}$.
- $\sin x \approx 0.76 \Rightarrow x = 49.46^\circ, 130.54^\circ$. Checking: $x = 49.46^\circ$ satisfies.
- $\sin x \approx -0.30 \Rightarrow x = -17.46^\circ, -162.54^\circ$. Checking: $x = -162.54^\circ$ satisfies.
$$S.S = \left\{\frac{-162.54\pi}{180}, \frac{49.46\pi}{180}\right\}$$

### ## Part (iv)
$$\sqrt{3} \cos x + \sin x = \sqrt{2} \Rightarrow 4 \sin^2 x - 2 \sqrt{2} \sin x - 1 = 0$$
$\sin x = \frac{\sqrt{2} \pm \sqrt{6}}{4}$.
- $\sin x \approx 0.9659 \Rightarrow x = 75^\circ (\frac{5\pi}{12}), 105^\circ$. Checking: $x = \frac{5\pi}{12}$ satisfies.
- $\sin x \approx -0.2588 \Rightarrow x = -15^\circ (-\frac{\pi}{12}), -165^\circ$. Checking: $x = -\frac{\pi}{12}$ satisfies.
$$S.S = \left\{\frac{-\pi}{12}, \frac{5\pi}{12}\right\}$$

### ## Part (v)
$$7 \cos x - 6 \sin x = 4 \Rightarrow 85 \sin^2 x + 48 \sin x - 33 = 0$$
$\sin x = \frac{-24 \pm 7 \sqrt{69}}{85}$.
- $\sin x \approx 0.4017 \Rightarrow x = 23.68^\circ$. Checking: Satisfied.
- $\sin x \approx -0.9664 \Rightarrow x = -75.10^\circ, -104.9^\circ$. Checking: Neither satisfies.
$$S.S = \left\{\frac{23.68\pi}{180}\right\}$$

### ## Part (vi)
$$4 \cos x + 2 \sin x = \sqrt{5} \Rightarrow 20 \sin^2 x - 4 \sqrt{5} \sin x - 11 = 0$$
$\sin x = \frac{\sqrt{5} \pm 2 \sqrt{15}}{10}$.
- $\sin x \approx 0.9982 \Rightarrow x = 86.56^\circ$. Checking: Satisfied.
- $\sin x \approx -0.5509 \Rightarrow x = -33.43^\circ$. Checking: Satisfied.
$$S.S = \left\{\frac{-33.43\pi}{180}, \frac{86.56\pi}{180}\right\}$$

### ## Part (vii)
$$\sec x + 5 \tan x + 12 = 0 \Rightarrow 169 \sin^2 x + 10 \sin x - 143 = 0$$
$\sin x = \frac{-5 \pm 24 \sqrt{42}}{169}$.
- $\sin x \approx 0.8907 \Rightarrow x = 117.04^\circ$. Checking: Satisfied.
- $\sin x \approx -0.9499 \Rightarrow x = -71.78^\circ$. Checking: Satisfied.
$$S.S = \left\{\frac{-71.78\pi}{180}, \frac{117.04\pi}{180}\right\}$$

### ## Part (viii)
$$2 \sin x \cos x - \cos x = 0 \Rightarrow \cos x (2 \sin x - 1) = 0$$
1. $\cos x = 0 \Rightarrow x = \frac{\pi}{2}$ (within domain)
2. $\sin x = 1/2 \Rightarrow x = \frac{\pi}{6}, \frac{5\pi}{6}$
$$S.S = \left\{\frac{\pi}{2}, \frac{\pi}{6}, \frac{5\pi}{6}\right\}$$

### ## Part (ix)
$$\cos^2 x - \sin^2 x = 1 \Rightarrow \cos 2x = 1$$
$2x = 0 \Rightarrow x = 0, \pm \pi$
$$S.S = \{0, \pm \pi\}$$

### ## Part (x)
$$\sin x (3 \sin x - 2) = 0$$
1. $\sin x = 0 \Rightarrow x = 0, \pm \pi$
2. $\sin x = 2/3 \Rightarrow x = 41.81^\circ, 138.19^\circ$
$$S.S = \left\{0, \pm \pi, \frac{41.81\pi}{180}, \frac{138.19\pi}{180}\right\}$$

---

# **Key Formulas or Methods Used**

*   **Pythagorean Identity:** $\sin^2 \theta + \cos^2 \theta = 1$
*   **Sum-to-Product Formulas:**
    *   $\cos \alpha + \cos \beta = 2 \cos\left(\frac{\alpha+\beta}{2}\right) \cos\left(\frac{\alpha-\beta}{2}\right)$
    *   $\sin \alpha + \sin \beta = 2 \sin\left(\frac{\alpha+\beta}{2}\right) \cos\left(\frac{\alpha-\beta}{2}\right)$
*   **Double Angle Formulas:**
    *   $\sin 2\theta = 2 \sin \theta \cos \theta$
    *   $\cos 2\theta = 2 \cos^2 \theta - 1 = 1 - 2 \sin^2 \theta$
*   **Quadratic Formula:** $x = \frac{-b \pm \sqrt{b^2 - 4ac}}{2a}$
*   **Synthetic Division:** Used for solving higher-degree polynomial equations in terms of trig ratios.

---

# **Summary of Steps**

1.  **Simplify the Equation:** Use trigonometric identities to express the equation in terms of a single trigonometric function or a factorable form.
2.  **Solve Algebraically:** Treat the trigonometric ratio as a variable (e.g., let $u = \sin x$) and solve the resulting linear or quadratic equation.
3.  **Find Reference Angles:** Use the inverse trigonometric function to find the base angle in the first quadrant.
4.  **Identify Quadrants:** Based on the sign of the ratio, determine which quadrants the solutions lie in.
5.  **Apply Domain Constraints:** Calculate the final angles within the specified range ($[0, 2\pi]$ or $[-\pi, \pi]$).
6.  **Verify Solutions:** If squaring was used during the process, substitute the values back into the original equation to eliminate extraneous roots.",,,"unclassified","3",,"**Q3. Solve the following trigonometric equations when $\phi \in[0,2 \pi]$:**
(i) $6 \sin \phi+8 \cos \phi=7$
(ii) $\cos \phi+\cos 3 \phi=0$
(iii) $\sin 4 \phi+\sin 3 \phi=0$
(iv) $\sin \phi+\sin 3 \phi=\sin 2 \phi$
(v) $\tan \phi+\cot \phi=8 \cos 2 \phi$
(vi) $\sin 2 \phi+\sin 3 \phi+\sin 5 \phi=0$
(vii) $5 \cos \phi+4=2 \sin ^{2} \phi$
(viii) $\cos 2 \phi+3=5 \cos \phi$
(ix) $\sin ^{2} \phi=3 \cos ^{2} \phi$
(x) $\cos ^{2} \phi-2 \cos \phi+1=0$
(xi) $\tan ^{2} \phi-\tan \phi=6$

**Q4. Solve the following trigonometric equations when $x \in[-\pi, \pi]$:**
(i) $3 \cos x+\sin x=2$
(ii) $4 \cos x+3 \sin x=2$
(iii) $3 \sin x-2 \cos x=1$
(iv) $\sqrt{3} \cos x+\sin x=\sqrt{2}$
(v) $7 \cos x-6 \sin x=4$
(vi) $4 \cos x+2 \sin x=\sqrt{5}$
(vii) $\sec x+5 \tan x+12=0$
(viii) $\sin 2 x-\cos x=0$
(ix) $\cos ^{2} x-\sin ^{2} x=1$
(x) $3 \sin ^{2} x-2 \sin x=0$

---","ms7cfj2zcpbv4j0ay2ensdja2d85q28p",,"xd78gvej5vg7xx3hf87x4qfh0x8c7d06","Exercise 9.1","exercise",
"maths-12","09-solution-of-trigonometric-equations","Solution Of Trigonometric Equations","exercise-9-1","9.1 General Solutions of Trigonometric Equations","m17c6ny6car7apnpfrzs5907x98c6q1w",,,,,,,"false",,"# **Background and Explanation**

To solve these equations, we use trigonometric identities to simplify expressions into a factorable form or a single trigonometric ratio. Key techniques include using sum-to-product formulas, double and triple angle identities, and determining the reference angle to find all solutions within the specified quadrants.

---

# **Solution**

## Part (i)
$$\cos 5 \theta+\cos \theta=\cos 3 \theta$$

Using the sum-to-product formula $\cos \alpha + \cos \beta = 2 \cos \left(\frac{\alpha+\beta}{2}\right) \cos \left(\frac{\alpha-\beta}{2}\right)$:
$$2 \cos \left(\frac{5 \theta+\theta}{2}\right) \cos \left(\frac{5 \theta-\theta}{2}\right) = \cos 3 \theta$$
$$2 \cos 3 \theta \cos 2 \theta - \cos 3 \theta = 0$$
$$\cos 3 \theta(2 \cos 2 \theta - 1) = 0$$

**Case 1: $\cos 3 \theta = 0$**
$$3 \theta = \frac{\pi}{2}, \frac{3\pi}{2}, \frac{5\pi}{2} \dots$$
$$\theta = \frac{\pi}{6}, \frac{\pi}{2}, \frac{5\pi}{6} \dots$$

**Case 2: $2 \cos 2 \theta - 1 = 0 \Rightarrow \cos 2 \theta = \frac{1}{2}$**
The reference angle is $\frac{\pi}{3}$. Since cosine is positive, $2\theta$ is in the 1st or 4th quadrant.
*   **1st Quad:** $2\theta = \frac{\pi}{3} \Rightarrow \theta = \frac{\pi}{6}$
*   **4th Quad:** $2\theta = 2\pi - \frac{\pi}{3} = \frac{5\pi}{3} \Rightarrow \theta = \frac{5\pi}{6}$

**Solution Set:** $S.S = \left\{\frac{\pi}{6}, \frac{\pi}{2}, \frac{5\pi}{6}\right\}$ (within the first few rotations).

---

## Part (ii)
$$\sin \theta=2 \sin \left(\frac{\pi}{3}-\theta\right)$$

Using the subtraction formula $\sin(A-B) = \sin A \cos B - \cos A \sin B$:
$$\sin \theta = 2\left[\sin \frac{\pi}{3} \cos \theta - \cos \frac{\pi}{3} \sin \theta\right]$$
$$\sin \theta = 2\left[\frac{\sqrt{3}}{2} \cos \theta - \frac{1}{2} \sin \theta\right]$$
$$\sin \theta = \sqrt{3} \cos \theta - \sin \theta$$
$$2 \sin \theta = \sqrt{3} \cos \theta$$
$$\tan \theta = \frac{\sqrt{3}}{2}$$

Since $\tan \theta$ is positive, $\theta$ lies in the 1st or 3rd quadrant.
Reference angle: $\theta = \tan^{-1}\left(\frac{\sqrt{3}}{2}\right) \approx 40.89^{\circ}$
*   **1st Quad:** $\theta \approx 40.89^{\circ} \approx \frac{40.89\pi}{180} \text{ rad}$
*   **3rd Quad:** $\theta = 180^{\circ} + 40.89^{\circ} = 220.89^{\circ} \approx \frac{220.89\pi}{180} \text{ rad}$

**Solution Set:** $S.S = \left\{\frac{40.89\pi}{180}, \frac{220.89\pi}{180}\right\}$

---

## Part (iii)
$$\cos 3 \theta+2 \cos \theta=0$$

Using the triple angle formula $\cos 3\theta = 4\cos^3 \theta - 3\cos \theta$:
$$(4 \cos^3 \theta - 3 \cos \theta) + 2 \cos \theta = 0$$
$$4 \cos^3 \theta - \cos \theta = 0$$
$$\cos \theta(4 \cos^2 \theta - 1) = 0$$

**Case 1: $\cos \theta = 0$**
$$\theta = \frac{\pi}{2}, \frac{3\pi}{2}$$

**Case 2: $4 \cos^2 \theta - 1 = 0 \Rightarrow \cos \theta = \pm \frac{1}{2}$**
*   If $\cos \theta = \frac{1}{2}$, $\theta = \frac{\pi}{3}, \frac{5\pi}{3}$ (Q1, Q4)
*   If $\cos \theta = -\frac{1}{2}$, $\theta = \frac{2\pi}{3}, \frac{4\pi}{3}$ (Q2, Q3)

**Solution Set:** $S.S = \left\{\frac{\pi}{3}, \frac{\pi}{2}, \frac{2\pi}{3}, \frac{4\pi}{3}, \frac{3\pi}{2}, \frac{5\pi}{3}\right\}$

---

## Part (iv)
$$\sin 3 \theta=3 \sin 2 \theta$$

Using $\sin 3\theta = 3\sin \theta - 4\sin^3 \theta$ and $\sin 2\theta = 2\sin \theta \cos \theta$:
$$3 \sin \theta - 4 \sin^3 \theta = 3(2 \sin \theta \cos \theta)$$
$$3 \sin \theta - 4 \sin^3 \theta - 6 \sin \theta \cos \theta = 0$$
$$\sin \theta(3 - 4 \sin^2 \theta - 6 \cos \theta) = 0$$

**Case 1: $\sin \theta = 0$**
$$\theta = 0, \pi$$

**Case 2: $3 - 4(1 - \cos^2 \theta) - 6 \cos \theta = 0$**
$$3 - 4 + 4 \cos^2 \theta - 6 \cos \theta = 0$$
$$4 \cos^2 \theta - 6 \cos \theta - 1 = 0$$
Using the quadratic formula: $\cos \theta = \frac{6 \pm \sqrt{36 - 4(4)(-1)}}{8} = \frac{6 \pm \sqrt{52}}{8} = \frac{3 \pm \sqrt{13}}{4}$
*   $\cos \theta = \frac{3 + \sqrt{13}}{4} \approx 1.65$ (Impossible, as $|\cos \theta| \leq 1$)
*   $\cos \theta = \frac{3 - \sqrt{13}}{4} \approx -0.15$
    Reference angle: $\cos^{-1}(0.15) \approx 81.37^{\circ}$
    *   **2nd Quad:** $\theta = 180 - 81.37 = 98.63^{\circ}$
    *   **3rd Quad:** $\theta = 180 + 81.37 = 261.37^{\circ}$

**Solution Set:** $S.S = \{0, \pi, 98.63^{\circ}, 261.37^{\circ}\}$

---

## Part (v)
$$\cos \theta-\cos 3 \theta=\tan ^{2} \theta$$

Using $\cos \alpha - \cos \beta = -2 \sin \left(\frac{\alpha+\beta}{2}\right) \sin \left(\frac{\alpha-\beta}{2}\right)$:
$$-2 \sin(2\theta) \sin(-\theta) = \frac{\sin^2 \theta}{\cos^2 \theta}$$
$$2(2 \sin \theta \cos \theta) \sin \theta = \frac{\sin^2 \theta}{\cos^2 \theta}$$
$$4 \sin^2 \theta \cos \theta - \frac{\sin^2 \theta}{\cos^2 \theta} = 0$$
$$\sin^2 \theta \left( \frac{4 \cos^3 \theta - 1}{\cos^2 \theta} \right) = 0$$

**Case 1: $\sin^2 \theta = 0 \Rightarrow \theta = 0, \pi, 2\pi$** ($0^{\circ}, 180^{\circ}, 360^{\circ}$)

**Case 2: $4 \cos^3 \theta - 1 = 0 \Rightarrow \cos \theta = \sqrt[3]{1/4} \approx 0.63$**
Reference angle: $\cos^{-1}(0.63) \approx 50.95^{\circ}$
*   **1st Quad:** $\theta = 50.95^{\circ}$
*   **4th Quad:** $\theta = 360^{\circ} - 50.95^{\circ} = 309.05^{\circ}$

**Solution Set:** $S.S = \{0^{\circ}, 50.95^{\circ}, 180^{\circ}, 309.05^{\circ}, 360^{\circ}\}$

---

## Part (vi)
$$\sin 4 \theta+\cos 3 \theta=0$$

Convert $\cos 3\theta$ to $\sin$: $\cos 3\theta = \sin(\frac{\pi}{2} - 3\theta)$
$$\sin 4 \theta + \sin\left(\frac{\pi}{2} - 3\theta\right) = 0$$
Using sum-to-product:
$$2 \sin \left(\frac{4\theta + \frac{\pi}{2} - 3\theta}{2}\right) \cos \left(\frac{4\theta - (\frac{\pi}{2} - 3\theta)}{2}\right) = 0$$
$$2 \sin \left(\frac{\theta + \frac{\pi}{2}}{2}\right) \cos \left(\frac{7\theta - \frac{\pi}{2}}{2}\right) = 0$$

**Case 1: $\sin \left(\frac{\theta + \pi/2}{2}\right) = 0$**
$\frac{\theta + \pi/2}{2} = 0 \Rightarrow \theta = -\pi/2$ (Outside range)
$\frac{\theta + \pi/2}{2} = \pi \Rightarrow \theta = 3\pi/2$

**Case 2: $\cos \left(\frac{7\theta - \pi/2}{2}\right) = 0$**
$\frac{7\theta - \pi/2}{2} = \frac{\pi}{2} \Rightarrow 7\theta = \frac{3\pi}{2} \Rightarrow \theta = \frac{3\pi}{14}$
$\frac{7\theta - \pi/2}{2} = \frac{3\pi}{2} \Rightarrow 7\theta = \frac{7\pi}{2} \Rightarrow \theta = \frac{\pi}{2}$

---

## Part (vii)
$$2 \sin \theta-\tan \theta=6 \cot \frac{\theta}{2}$$

Using $\cot \frac{\theta}{2} = \frac{1+\cos \theta}{\sin \theta}$ and $\tan \theta = \frac{\sin \theta}{\cos \theta}$:
$$\frac{2 \sin \theta \cos \theta - \sin \theta}{\cos \theta} = \frac{6(1+\cos \theta)}{\sin \theta}$$
$$\sin \theta(2 \sin \theta \cos \theta - \sin \theta) = 6 \cos \theta(1 + \cos \theta)$$
$$2 \sin^2 \theta \cos \theta - \sin^2 \theta = 6 \cos \theta + 6 \cos^2 \theta$$
$$2(1-\cos^2 \theta)\cos \theta - (1-\cos^2 \theta) = 6 \cos \theta + 6 \cos^2 \theta$$
$$2 \cos^3 \theta + 5 \cos^2 \theta + 4 \cos \theta + 1 = 0$$

By inspection, $\cos \theta = -1$ is a root. Using synthetic division:
$2\cos^2 \theta + 3\cos \theta + 1 = 0$
$(2\cos \theta + 1)(\cos \theta + 1) = 0$
*   $\cos \theta = -1 \Rightarrow \theta = 180^{\circ}$
*   $\cos \theta = -1/2 \Rightarrow \theta = 120^{\circ}, 240^{\circ}$

**Solution Set:** $S.S = \{120^{\circ}, 180^{\circ}, 240^{\circ}\}$

---

## Part (viii)
$$\cos 2 \theta+\csc ^{2} \theta=0$$
$$(1 - 2 \sin^2 \theta) + \frac{1}{\sin^2 \theta} = 0$$
$$\sin^2 \theta - 2 \sin^4 \theta + 1 = 0$$
$$2 \sin^4 \theta - \sin^2 \theta - 1 = 0$$
$$(2 \sin^2 \theta + 1)(\sin^2 \theta - 1) = 0$$

**Case 1: $\sin^2 \theta = 1 \Rightarrow \sin \theta = \pm 1$**
$$\theta = 90^{\circ}, 270^{\circ}$$

**Case 2: $\sin^2 \theta = -1/2$** (Imaginary, neglect)

**Solution Set:** $S.S = \{90^{\circ}, 270^{\circ}\}$

---

# **Key Formulas or Methods Used**

*   **Sum-to-Product:** $\cos \alpha + \cos \beta = 2 \cos \frac{\alpha+\beta}{2} \cos \frac{\alpha-\beta}{2}$
*   **Triple Angle:** $\cos 3\theta = 4\cos^3 \theta - 3\cos \theta$
*   **Double Angle:** $\sin 2\theta = 2\sin \theta \cos \theta$
*   **Half Angle/Identity:** $\cot \frac{\theta}{2} = \frac{1+\cos \theta}{\sin \theta}$
*   **Quadratic Formula:** $x = \frac{-b \pm \sqrt{b^2-4ac}}{2a}$
*   **Synthetic Division:** Used for solving higher-degree polynomial equations in $\cos \theta$.

---

# **Summary of Steps**

1.  **Simplify:** Use identities to convert the equation into a single trig function or a product of factors.
2.  **Factorize:** Set the equation to zero and factor out common terms.
3.  **Solve Basic Equations:** Solve for the trig ratio (e.g., $\cos \theta = k$).
4.  **Find Reference Angles:** Determine the primary angle and use quadrant rules (ASTC) to find all values in $[0, 360^\circ]$.
5.  **Check Validity:** Ensure values do not make the original equation undefined (e.g., $\tan \theta$ at $90^\circ$).",,,"unclassified","5",,"Solve the following trigonometric equations for the values of $\theta$ in the range $0^{\circ} \leq \theta \leq 360^{\circ}$ (or $0 \leq \theta \leq 2\pi$):

(i) $\cos 5 \theta+\cos \theta=\cos 3 \theta$
(ii) $\sin \theta=2 \sin \left(\frac{\pi}{3}-\theta\right)$
(iii) $\cos 3 \theta+2 \cos \theta=0$
(iv) $\sin 3 \theta=3 \sin 2 \theta$
(v) $\cos \theta-\cos 3 \theta=\tan ^{2} \theta$
(vi) $\sin 4 \theta+\cos 3 \theta=0$
(vii) $2 \sin \theta-\tan \theta=6 \cot \frac{\theta}{2}$
(viii) $\cos 2 \theta+\csc ^{2} \theta=0$

---","ms7cfj2zcpbv4j0ay2ensdja2d85q28p",,"xd78gvej5vg7xx3hf87x4qfh0x8c7d06","Exercise 9.1","exercise",
"maths-12","09-solution-of-trigonometric-equations","Solution Of Trigonometric Equations","exercise-9-1","9.1 General Solutions of Trigonometric Equations","m17c85nk3xeq7bbfbesmwaz7n18c7bxa",,,,,,,"false",,"# **Background and Explanation**

To solve trigonometric equations of the form $a \sin x + b \cos x = c$, we often use the method of squaring both sides to create a quadratic equation in terms of a single trigonometric function (using $\sin^2 x + \cos^2 x = 1$). However, squaring can introduce extraneous solutions, so all results must be checked against the original equation. For equations involving multiple angles, we use sum-to-product identities or double-angle formulas to factorize the expression.

---

# **Solution**

## Part (i)
$10 \cos x - 24 \sin x = 13$

Isolate one term and square:
$$10 \cos x = 13 + 24 \sin x$$
$$(10 \cos x)^2 = (13 + 24 \sin x)^2$$
$$100 \cos^2 x = 169 + 576 \sin^2 x + 624 \sin x$$
$$100(1 - \sin^2 x) = 169 + 576 \sin^2 x + 624 \sin x$$
$$676 \sin^2 x + 624 \sin x + 69 = 0$$

Using the quadratic formula:
$$\sin x = \frac{-624 \pm \sqrt{(624)^2 - 4(676)(69)}}{2 \times 676} = \frac{-624 \pm \sqrt{202800}}{1352}$$
$$\sin x \approx \frac{-624 \pm 450.33}{1352}$$

**Case 1: $\sin x \approx -0.13$**
Reference angle $\approx 7.38^\circ = \frac{7.38\pi}{180}$ rad.
*   3rd Quad: $x = \pi + \frac{7.38\pi}{180}$ (Check: Not satisfied)
*   4th Quad: $x = 2\pi - \frac{7.38\pi}{180} = \frac{352.62\pi}{180}$ (Check: Satisfied)

**Case 2: $\sin x \approx -0.79$**
Reference angle $\approx 52.18^\circ = \frac{52.18\pi}{180}$ rad.
*   3rd Quad: $x = \pi + \frac{52.18\pi}{180} = \frac{232.18\pi}{180}$ (Check: Satisfied)
*   4th Quad: $x = 2\pi - \frac{52.18\pi}{180}$ (Check: Not satisfied)

**General Solution:** $x = \frac{232.18\pi}{180} + 2n\pi$ and $x = \frac{352.62\pi}{180} + 2n\pi$

## Part (ii)
$8 \sin x + 15 \cos x = 6$

$$15 \cos x = 6 - 8 \sin x$$
$$225(1 - \sin^2 x) = 36 + 64 \sin^2 x - 96 \sin x$$
$$289 \sin^2 x - 96 \sin x - 189 = 0$$
$$\sin x = \frac{48 \pm 15\sqrt{253}}{289}$$

**Case 1: $\sin x \approx 0.9916$**
*   1st Quad: $x = \frac{82.56\pi}{180}$ (Check: Not satisfied)
*   2nd Quad: $x = \pi - \frac{82.56\pi}{180} = \frac{97.44\pi}{180}$ (Check: Satisfied)

**Case 2: $\sin x \approx -0.6595$**
*   3rd Quad: $x = \pi + \frac{41.26\pi}{180}$ (Check: Not satisfied)
*   4th Quad: $x = 2\pi - \frac{41.26\pi}{180} = \frac{318.74\pi}{180}$ (Check: Satisfied)

**General Solution:** $x = \frac{97.44\pi}{180} + 2n\pi \cup \frac{318.74\pi}{180} + 2n\pi$

## Part (iii)
$\cos x - \sin 4x = 0$

$$\cos x - 2 \sin 2x \cos 2x = 0$$
$$\cos x - 2(2 \sin x \cos x) \cos 2x = 0$$
$$\cos x (1 - 4 \sin x \cos 2x) = 0$$

**Case 1: $\cos x = 0$**
$x = \frac{\pi}{2} + 2n\pi, \frac{3\pi}{2} + 2n\pi$

**Case 2: $1 - 4 \sin x (1 - 2 \sin^2 x) = 0 \Rightarrow 8 \sin^3 x - 4 \sin x + 1 = 0$**
By inspection, $\sin x = 1/2$ is a root.
Using synthetic division:
| $1/2$ | 8 | 0 | -4 | 1 |
| :--- | :--- | :--- | :--- | :--- |
| | | 4 | 2 | -1 |
| | 8 | 4 | -2 | 0 |

Depressed equation: $4 \sin^2 x + 2 \sin x - 1 = 0$
*   From $\sin x = 1/2$: $x = \frac{\pi}{6} + 2n\pi, \frac{5\pi}{6} + 2n\pi$
*   From $4 \sin^2 x + 2 \sin x - 1 = 0$: $\sin x = \frac{-1 \pm \sqrt{5}}{4}$
    *   $\sin x \approx 0.309 \Rightarrow x = \frac{\pi}{10} + 2n\pi, \frac{9\pi}{10} + 2n\pi$
    *   $\sin x \approx -0.809 \Rightarrow x = \frac{13\pi}{10} + 2n\pi, \frac{17\pi}{10} + 2n\pi$

## Part (iv)
$5 \sin x + 3 \cos x = 4$

Squaring leads to $34 \sin^2 x - 40 \sin x + 7 = 0$.
$\sin x = \frac{20 \pm 9\sqrt{2}}{34}$
*   $\sin x \approx 0.9625 \Rightarrow x = \frac{105.74\pi}{180}$ (Satisfied)
*   $\sin x \approx 0.2138 \Rightarrow x = \frac{12.34\pi}{180}$ (Satisfied)

**General Solution:** $x = \frac{105.74\pi}{180} + 2n\pi \cup \frac{12.34\pi}{180} + 2n\pi$

## Part (v)
$4 \cos x + 3 \sin x = 2$

Squaring leads to $25 \sin^2 x - 12 \sin x - 12 = 0$.
$\sin x = \frac{6 \pm 4\sqrt{21}}{25}$
*   $\sin x \approx 0.9732 \Rightarrow x = \frac{103.30\pi}{180}$ (Satisfied)
*   $\sin x \approx -0.4932 \Rightarrow x = \frac{330.45\pi}{180}$ (Satisfied)

**General Solution:** $x = \frac{103.30\pi}{180} + 2n\pi \cup \frac{330.45\pi}{180} + 2n\pi$

## Part (vi)
$\sin 7x - \sin x = \cos 4x$

Using $\sin \alpha - \sin \beta = 2 \cos(\frac{\alpha+\beta}{2}) \sin(\frac{\alpha-\beta}{2})$:
$$2 \cos 4x \sin 3x = \cos 4x$$
$$\cos 4x (2 \sin 3x - 1) = 0$$
*   $\cos 4x = 0 \Rightarrow 4x = \frac{\pi}{2}, \frac{3\pi}{2} \Rightarrow x = \frac{\pi}{8} + \frac{n\pi}{2}$
*   $\sin 3x = 1/2 \Rightarrow 3x = \frac{\pi}{6}, \frac{5\pi}{6} \Rightarrow x = \frac{\pi}{18} + \frac{2n\pi}{3}, \frac{5\pi}{18} + \frac{2n\pi}{3}$

## Part (vii)
$\tan k = 3 \sin 2k$

$$\frac{\sin k}{\cos k} = 6 \sin k \cos k$$
$$\sin k (1 - 6 \cos^2 k) = 0$$
*   $\sin k = 0 \Rightarrow k = n\pi$
*   $\cos^2 k = 1/6 \Rightarrow \cos k = \pm \frac{1}{\sqrt{6}}$
    *   $k \approx \frac{65.90\pi}{180}, \frac{114.10\pi}{180}, \frac{245.90\pi}{180}, \frac{294.10\pi}{180}$ (all $+ 2n\pi$)

## Part (viii)
$5 \sin 3\beta + 6 \cos 3\beta = 1$

Squaring leads to $61 \sin^2 3\beta - 10 \sin 3\beta - 35 = 0$.
$\sin 3\beta = \frac{5 \pm 12\sqrt{15}}{61}$
*   $\sin 3\beta \approx 0.8438 \Rightarrow 3\beta = \frac{122.46\pi}{180} \Rightarrow \beta = \frac{40.82\pi}{180}$
*   $\sin 3\beta \approx -0.6799 \Rightarrow 3\beta = \frac{317.16\pi}{180} \Rightarrow \beta = \frac{105.72\pi}{180}$

**General Solution:** $\beta = \frac{40.82\pi}{180} + 2n\pi \cup \frac{105.72\pi}{180} + 2n\pi$

## Part (ix)
$2 \cos 4x + 8 \cos 2x = 3$

$$2(2 \cos^2 2x - 1) + 8 \cos 2x - 3 = 0$$
$$4 \cos^2 2x + 8 \cos 2x - 5 = 0$$
Let $u = \cos 2x$: $4u^2 + 8u - 5 = 0 \Rightarrow (2u - 1)(2u + 5) = 0$
*   $\cos 2x = 1/2 \Rightarrow 2x = \frac{\pi}{3}, \frac{5\pi}{3} \Rightarrow x = \frac{\pi}{6} + n\pi, \frac{5\pi}{6} + n\pi$
*   $\cos 2x = -5/2$ (Impossible)

## Part (x)
$\tan 3x = \sqrt{3}$

$$3x = \frac{\pi}{3} + n\pi \Rightarrow x = \frac{\pi}{9} + \frac{n\pi}{3}$$

## Part (xi)
$\tan^2 4x = 3 \Rightarrow \tan 4x = \pm \sqrt{3}$

*   $4x = \frac{\pi}{3} + n\pi \Rightarrow x = \frac{\pi}{12} + \frac{n\pi}{4}$
*   $4x = -\frac{\pi}{3} + n\pi \Rightarrow x = -\frac{\pi}{12} + \frac{n\pi}{4}$

## Part (xii)
$\sec \mu + \tan \mu = 3$

$$\frac{1 + \sin \mu}{\cos \mu} = 3 \Rightarrow (1 + \sin \mu)^2 = 9(1 - \sin^2 \mu)$$
$$10 \sin^2 \mu + 2 \sin \mu - 8 = 0 \Rightarrow (\sin \mu + 1)(5 \sin \mu - 4) = 0$$
*   $\sin \mu = -1 \Rightarrow \mu = \frac{3\pi}{2}$ (Extraneous, $\sec$ undefined)
*   $\sin \mu = 0.8 \Rightarrow \mu = \frac{53.13\pi}{180} + 2n\pi$ (Satisfied)

## Part (xiii)
$4 \sin 2x - 3 \cos 2x = 2$

Squaring leads to $25 \sin^2 2x - 16 \sin 2x - 5 = 0$.
$\sin 2x = \frac{16 \pm 6\sqrt{21}}{50}$
*   $\sin 2x \approx 0.8699 \Rightarrow 2x = 60.44^\circ \Rightarrow x = \frac{30.22\pi}{180}$
*   $\sin 2x \approx -0.2299 \Rightarrow 2x = 193.29^\circ \Rightarrow x = \frac{96.64\pi}{180}$

## Part (xiv)
$\cos 4x + \cos 6x = \cos 5x$

$$2 \cos 5x \cos x = \cos 5x \Rightarrow \cos 5x (2 \cos x - 1) = 0$$
*   $\cos 5x = 0 \Rightarrow 5x = (2n+1)\frac{\pi}{2} \Rightarrow x = (2n+1)\frac{\pi}{10}$
*   $\cos x = 1/2 \Rightarrow x = \frac{\pi}{3} + 2n\pi, \frac{5\pi}{3} + 2n\pi$

## Part (xv)
$4 \cos^2 x - 4 \cos x + 1 = 0$

$$(2 \cos x - 1)^2 = 0 \Rightarrow \cos x = 1/2$$
$$x = \frac{\pi}{3} + 2n\pi, \frac{5\pi}{3} + 2n\pi$$

## Part (xvi)
$3 \tan^2 x + 5 \sec x + 1 = 0$

$$3(\sec^2 x - 1) + 5 \sec x + 1 = 0 \Rightarrow 3 \sec^2 x + 5 \sec x - 2 = 0$$
$$(3 \sec x - 1)(\sec x + 2) = 0$$
*   $\sec x = 1/3 \Rightarrow \cos x = 3$ (Impossible)
*   $\sec x = -2 \Rightarrow \cos x = -1/2 \Rightarrow x = \frac{2\pi}{3} + 2n\pi, \frac{4\pi}{3} + 2n\pi$

## Part (xvii)
$\sqrt{2} \tan x \cos x - \tan x = 0$

$$\tan x (\sqrt{2} \cos x - 1) = 0$$
*   $\tan x = 0 \Rightarrow x = n\pi$
*   $\cos x = \frac{1}{\sqrt{2}} \Rightarrow x = \frac{\pi}{4} + 2n\pi, \frac{7\pi}{4} + 2n\pi$

---

# **Key Formulas or Methods Used**

*   **Pythagorean Identity:** $\sin^2 x + \cos^2 x = 1$ or $\tan^2 x + 1 = \sec^2 x$
*   **Double Angle Formulas:**
    *   $\sin 2x = 2 \sin x \cos x$
    *   $\cos 2x = 2 \cos^2 x - 1 = 1 - 2 \sin^2 x$
*   **Sum-to-Product Identities:**
    *   $\sin \alpha - \sin \beta = 2 \cos(\frac{\alpha+\beta}{2}) \sin(\frac{\alpha-\beta}{2})$
    *   $\cos \alpha + \cos \beta = 2 \cos(\frac{\alpha+\beta}{2}) \cos(\frac{\alpha-\beta}{2})$
*   **Quadratic Formula:** $x = \frac{-b \pm \sqrt{b^2 - 4ac}}{2a}$
*   **General Solution:** Adding $2n\pi$ for $\sin/\cos$ and $n\pi$ for $\tan$.

---

# **Summary of Steps**

1.  **Simplify the Equation:** Use identities to reduce the equation to a single trigonometric function or a product of factors.
2.  **Solve for the Trig Function:** Use algebraic methods like factoring or the quadratic formula.
3.  **Find Reference Angles:** Determine the basic angle in the first quadrant.
4.  **Identify Quadrants:** Based on the sign (positive/negative), find the angles in the relevant quadrants ($[0, 2\pi]$).
5.  **Check for Extraneous Solutions:** Especially important if you squared both sides during step 1.
6.  **Write General Solution:** Add the appropriate period ($2n\pi$ or $n\pi$) to the valid solutions.",,,"unclassified","6",,"Find the general solution, in radians, of the following equations:

(i) $10 \cos x - 24 \sin x = 13$
(ii) $8 \sin x + 15 \cos x = 6$
(iii) $\cos x - \sin 4x = 0$
(iv) $5 \sin x + 3 \cos x = 4$
(v) $4 \cos x + 3 \sin x = 2$
(vi) $\sin 7x - \sin x = \cos 4x$
(vii) $\tan k = 3 \sin 2k$
(viii) $5 \sin 3\beta + 6 \cos 3\beta = 1$
(ix) $2 \cos 4x + 8 \cos 2x = 3$
(x) $\tan 3x = \sqrt{3}$
(xi) $\tan^2 4x = 3$
(xii) $\sec \mu + \tan \mu = 3$
(xiii) $4 \sin 2x - 3 \cos 2x = 2$
(xiv) $\cos 4x + \cos 6x = \cos 5x$
(xv) $4 \cos^2 x + 1 = 4 \cos x$
(xvi) $3 \tan^2 x + 5 \sec x + 1 = 0$
(xvii) $\sqrt{2} \tan x \cos x - \tan x = 0$

---","ms7cfj2zcpbv4j0ay2ensdja2d85q28p",,"xd78gvej5vg7xx3hf87x4qfh0x8c7d06","Exercise 9.1","exercise",
"maths-12","09-solution-of-trigonometric-equations","Solution Of Trigonometric Equations","exercise-9-1","9.1 General Solutions of Trigonometric Equations","m17a5kne2khyzdty6czxhxgdv18c6fyk",,,,,,,"false",,"# **Background and Explanation**

To solve trigonometric equations, we identify the reference angle and determine the quadrants where the function has the given sign. We then apply the period of the function ($2\pi$ for $\sin, \cos, \sec, \csc$ and $\pi$ for $\tan, \cot$) to find the general solution.

---

# **Solution**

## Part (i)
**Equation:** $\cos x = \frac{1}{\sqrt{2}}$

As $\cos x$ is positive, the angle lies in the $1^{\text{st}}$ or $4^{\text{th}}$ quadrant.
The reference angle is $\frac{\pi}{4}$.

**In $1^{\text{st}}$ quadrant:**
$$x = \frac{\pi}{4}$$
General value: $x = \frac{\pi}{4} + 2m\pi$

**In $4^{\text{th}}$ quadrant:**
$$x = 2\pi - \frac{\pi}{4} = \frac{8\pi - \pi}{4} = \frac{7\pi}{4}$$
General value: $x = \frac{7\pi}{4} + 2m\pi$

---

## Part (ii)
**Equation logic:** Based on $\sin x$ with period $2\pi$.

$$x = \frac{3\pi}{2} + n(2\pi) = \frac{3\pi}{2} + 2n\pi$$
Replace $x$ by $2\theta$:
$$2\theta = \frac{3\pi}{2} + 2m\pi$$
$$\theta = \frac{3\pi}{4} + m\pi$$
General solution: $\left\{\frac{3\pi}{4} + m\pi\right\}$

---

## Part (iii)
**Equation:** $\sin \theta = \sin\left(\frac{2\pi}{3}\right)$

As $\sin \theta$ is positive, $\theta$ lies in the $1^{\text{st}}$ or $2^{\text{nd}}$ quadrant.
Reference angle $= \frac{\pi}{3}$.

**In $1^{\text{st}}$ quadrant:**
$$\theta = \frac{\pi}{3}$$

**In $2^{\text{nd}}$ quadrant:**
$$\theta = \pi - \frac{\pi}{3} = \frac{2\pi}{3}$$
Solution set in $[0, 2\pi)$: $\left\{\frac{\pi}{3}, \frac{2\pi}{3}\right\}$

---

## Part (iv)
**Equation:** $\sin \theta = \sin 3\theta$

$$\sin \theta - \sin 3\theta = 0$$
Using sum-to-product formula: $2 \cos\left(\frac{\theta + 3\theta}{2}\right) \sin\left(\frac{\theta - 3\theta}{2}\right) = 0$
$$2 \cos\left(\frac{4\theta}{2}\right) \sin\left(\frac{-2\theta}{2}\right) = 0$$
$$2 \cos(2\theta) \cdot \sin(-\theta) = 0$$
Since $\sin(-\theta) = -\sin \theta$ (odd function):
$$-2 \cos 2\theta \sin \theta = 0$$

**Case 1:** $\sin \theta = 0$
$$\theta = \sin^{-1}(0) \implies \theta = n\pi$$

**Case 2:** $\cos 2\theta = 0$
$$2\theta = \cos^{-1}(0) \implies 2\theta = (2n+1)\frac{\pi}{2}$$
$$\theta = (2n+1)\frac{\pi}{4}$$
General solution: $\{n\pi\} \cup \left\{(2n+1)\frac{\pi}{4}\right\}$

---

## Part (v)
**Equation:** $\sin 3\theta = 0$

Let $x = 3\theta$. The base function is $\sin x = 0$.
$$x = \sin^{-1}(0) \implies x = n\pi$$
Replace $x$ by $3\theta$:
$$3\theta = n\pi \implies \theta = \frac{n\pi}{3}$$

---

## Part (vi)
**Equation:** $\cos 2\theta = \frac{\sqrt{2}}{2} = \frac{1}{\sqrt{2}}$

Let $x = 2\theta$. Base function: $\cos x = \frac{1}{\sqrt{2}}$.
$\cos x$ is positive, so $x$ is in $1^{\text{st}}$ or $4^{\text{th}}$ quadrant. Reference angle $= \frac{\pi}{4}$.

**In $1^{\text{st}}$ quadrant:**
$$x = \frac{\pi}{4} + 2n\pi$$
Replace $x$ by $2\theta$:
$$2\theta = \frac{\pi}{4} + 2m\pi \implies \theta = \frac{\pi}{8} + m\pi$$

**In $4^{\text{th}}$ quadrant:**
$$x = 2\pi - \frac{\pi}{4} = \frac{7\pi}{4}$$
General value: $x = \frac{7\pi}{4} + 2n\pi$
Replace $x$ by $2\theta$:
$$2\theta = \frac{7\pi}{4} + 2n\pi \implies \theta = \frac{7\pi}{8} + n\pi$$
General solution: $\left\{\frac{\pi}{8} + m\pi\right\} \cup \left\{\frac{7\pi}{8} + n\pi\right\}$

---

## Part (vii)
**Equation:** $\tan\left(\theta + \frac{\pi}{4}\right) = 0$ in $[0, 2\pi)$

Let $x = \theta + \frac{\pi}{4}$. Base function: $\tan x = 0$.
$$x = 0, \pi, 2\pi$$

**If $x = \pi$:**
$$\theta + \frac{\pi}{4} = \pi \implies \theta = \pi - \frac{\pi}{4} = \frac{3\pi}{4}$$

**If $x = 2\pi$:**
$$\theta + \frac{\pi}{4} = 2\pi \implies \theta = 2\pi - \frac{\pi}{4} = \frac{7\pi}{4}$$
Solution Set: $\left\{\frac{3\pi}{4}, \frac{7\pi}{4}\right\}$

---

## Part (viii)
**Equation:** $\tan(2x) = \sqrt{3}$

Let $\theta = 2x$. $\tan \theta$ is positive, so $\theta$ is in $1^{\text{st}}$ or $3^{\text{rd}}$ quadrant. Reference angle $= \frac{\pi}{3}$.

**In $1^{\text{st}}$ quadrant:**
$$\theta = \frac{\pi}{3} + n\pi$$
Replace $\theta$ by $2x$:
$$2x = \frac{\pi}{3} + n\pi \implies x = \frac{\pi}{6} + \frac{n\pi}{2}$$

**In $3^{\text{rd}}$ quadrant:**
$$\theta = \pi + \frac{\pi}{3} = \frac{4\pi}{3}$$
General value: $\theta = \frac{4\pi}{3} + n\pi$
Replace $\theta$ by $2x$:
$$2x = \frac{4\pi}{3} + n\pi \implies x = \frac{2\pi}{3} + \frac{n\pi}{2}$$
General solution: $\left\{\frac{\pi}{6} + \frac{n\pi}{2}\right\} \cup \left\{\frac{2\pi}{3} + \frac{n\pi}{2}\right\}$

---

## Part (ix)
**Equation:** $\tan(3\theta) = -\frac{1}{\sqrt{3}}$ in $[0, 2\pi)$

Let $x = 3\theta$. $\tan x$ is negative, so $x$ is in $2^{\text{nd}}$ or $4^{\text{th}}$ quadrant. Reference angle $= \frac{\pi}{6}$.

**In $2^{\text{nd}}$ quadrant:**
$$x = \pi - \frac{\pi}{6} = \frac{5\pi}{6}$$
Replace $x$ by $3\theta$:
$$3\theta = \frac{5\pi}{6} \implies \theta = \frac{5\pi}{18}$$

**In $4^{\text{th}}$ quadrant:**
$$x = 2\pi - \frac{\pi}{6} = \frac{11\pi}{6}$$
Replace $x$ by $3\theta$:
$$3\theta = \frac{11\pi}{6} \implies \theta = \frac{11\pi}{18}$$
Solution Set: $\left\{\frac{5\pi}{18}, \frac{11\pi}{18}\right\}$

---

## Part (x)
**Equation:** $\sec(2x) = -2$

Convert to cosine: $\cos(2x) = -\frac{1}{2}$.
Let $\theta = 2x$. $\cos \theta$ is negative, so $\theta$ is in $2^{\text{nd}}$ or $3^{\text{rd}}$ quadrant. Reference angle $= \frac{\pi}{3}$.

**In $2^{\text{nd}}$ quadrant:**
$$\theta = \pi - \frac{\pi}{3} = \frac{2\pi}{3}$$
General value: $\theta = \frac{2\pi}{3} + 2n\pi$
Replace $\theta$ by $2x$:
$$2x = \frac{2\pi}{3} + 2n\pi \implies x = \frac{\pi}{3} + n\pi$$

**In $3^{\text{rd}}$ quadrant:**
$$\theta = \pi + \frac{\pi}{3} = \frac{4\pi}{3}$$
General value: $\theta = \frac{4\pi}{3} + 2n\pi$
Replace $\theta$ by $2x$:
$$2x = \frac{4\pi}{3} + 2n\pi \implies x = \frac{2\pi}{3} + n\pi$$
General solution: $\left\{\frac{\pi}{3} + n\pi\right\} \cup \left\{\frac{2\pi}{3} + n\pi\right\}$

---

## Part (xi)
**Equation:** $\sin(\theta + \pi) = -\frac{1}{2}$

Let $x = \theta + \pi$. $\sin x = -\frac{1}{2}$.
$\sin x$ is negative, so $x$ is in $3^{\text{rd}}$ or $4^{\text{th}}$ quadrant. Reference angle $= \frac{\pi}{6}$.

**In $3^{\text{rd}}$ quadrant:**
$$x = \pi + \frac{\pi}{6} = \frac{7\pi}{6}$$
Replace $x$ by $\theta + \pi$:
$$\theta + \pi = \frac{7\pi}{6} \implies \theta = \frac{7\pi}{6} - \pi = \frac{\pi}{6}$$

**In $4^{\text{th}}$ quadrant:**
$$x = 2\pi - \frac{\pi}{6} = \frac{11\pi}{6}$$
Replace $x$ by $\theta + \pi$:
$$\theta + \pi = \frac{11\pi}{6} \implies \theta = \frac{11\pi}{6} - \pi = \frac{5\pi}{6}$$
Solution Set: $\left\{\frac{\pi}{6}, \frac{5\pi}{6}\right\}$

---

## Part (xii)
**Equation:** $\sin\left(\theta - \frac{\pi}{6}\right) = \sin\left(\theta + \frac{\pi}{6}\right)$

$$\sin\left(\theta - \frac{\pi}{6}\right) - \sin\left(\theta + \frac{\pi}{6}\right) = 0$$
Using sum-to-product: $2 \cos\left(\frac{\theta - \frac{\pi}{6} + \theta + \frac{\pi}{6}}{2}\right) \sin\left(\frac{\theta - \frac{\pi}{6} - (\theta + \frac{\pi}{6})}{2}\right) = 0$
$$2 \cos\left(\frac{2\theta}{2}\right) \sin\left(\frac{-2\pi/6}{2}\right) = 0$$
$$2 \cos \theta \sin\left(-\frac{\pi}{6}\right) = 0$$
$$2 \cos \theta \left(-\frac{1}{2}\right) = 0$$
$$-\cos \theta = 0 \implies \cos \theta = 0$$
$$\theta = (2n+1)\frac{\pi}{2} \text{ or } \theta = n\pi + \frac{\pi}{2}$$

---

## Part (xiii)
**Equation:** $\cos\left(\theta - \frac{\pi}{3}\right) = \frac{1}{2}$ in $[0, 2\pi)$

Let $x = \theta - \frac{\pi}{3}$. $\cos x = \frac{1}{2}$.
$\cos x$ is positive, so $x$ is in $1^{\text{st}}$ or $4^{\text{th}}$ quadrant. Reference angle $= \frac{\pi}{3}$.

**In $1^{\text{st}}$ quadrant:**
$$x = \frac{\pi}{3}$$
Replace $x$ by $\theta - \frac{\pi}{3}$:
$$\theta - \frac{\pi}{3} = \frac{\pi}{3} \implies \theta = \frac{2\pi}{3}$$

**In $4^{\text{th}}$ quadrant:**
$$x = 2\pi - \frac{\pi}{3} = \frac{5\pi}{3}$$
Replace $x$ by $\theta - \frac{\pi}{3}$:
$$\theta - \frac{\pi}{3} = \frac{5\pi}{3} \implies \theta = \frac{5\pi}{3} + \frac{\pi}{3} = 2\pi$$
Since the interval is $[0, 2\pi)$, $2\pi$ is excluded.
Solution Set: $\left\{\frac{2\pi}{3}\right\}$

---

# **Key Formulas or Methods Used**

*   **Reference Angle:** The acute angle formed with the x-axis.
*   **General Solution for Sine/Cosine:** $\theta + 2n\pi$.
*   **General Solution for Tangent:** $\theta + n\pi$.
*   **Sum-to-Product Formula:** $\sin A - \sin B = 2 \cos\left(\frac{A+B}{2}\right) \sin\left(\frac{A-B}{2}\right)$.
*   **Odd Function Property:** $\sin(-\theta) = -\sin \theta$.

---

# **Summary of Steps**

1.  Identify the trigonometric function and its value.
2.  Determine the reference angle and the quadrants based on the sign (+/-).
3.  Find the specific angles within one period.
4.  Add the appropriate multiple of the period ($2n\pi$ or $n\pi$) for general solutions.
5.  If the argument is modified (e.g., $2\theta$ or $\theta + \pi$), solve for $\theta$ algebraically.
6.  Filter results if a specific interval like $[0, 2\pi)$ is required.",,,"numerical","7",,"Answer the following questions using periodicity, even/odd properties, and translation properties of trigonometric functions:

(i) Find the general solution for $\cos x = \frac{1}{\sqrt{2}}$.
(ii) Find the general solution for $x$ where the base function involves $\sin x$ such that $x = \frac{3\pi}{2} + 2n\pi$, then solve for $\theta$ by replacing $x$ with $2\theta$.
(iii) Find $\theta$ in the interval $[0, 2\pi)$ such that $\sin \theta = \sin\left(\frac{2\pi}{3}\right)$.
(iv) Determine the general solution for $\sin \theta = \sin(3\theta)$.
(v) Determine $\theta$ such that $\sin(3\theta) = 0$.
(vi) Determine the general solution for $\cos(2\theta) = \frac{\sqrt{2}}{2}$.
(vii) Find all values of $\theta$ in the interval $[0, 2\pi)$ such that $\tan\left(\theta + \frac{\pi}{4}\right) = 0$.
(viii) Determine the general solution for $\tan(2x) = \sqrt{3}$.
(ix) Determine $\theta$ in $[0, 2\pi)$ such that $\tan(3\theta) = -\frac{1}{\sqrt{3}}$.
(x) Determine the general solution for $\sec(2x) = -2$.
(xi) Solve for $\theta$ if $\sin(\theta + \pi) = -\frac{1}{2}$.
(xii) Find the values of $\theta$ where $\sin\left(\theta - \frac{\pi}{6}\right) = \sin\left(\theta + \frac{\pi}{6}\right)$.
(xiii) Find all values of $\theta$ in the interval $[0, 2\pi)$ such that $\cos\left(\theta - \frac{\pi}{3}\right) = \frac{1}{2}$.

---","ms7cfj2zcpbv4j0ay2ensdja2d85q28p",,"xd78gvej5vg7xx3hf87x4qfh0x8c7d06","Exercise 9.1","exercise",
"maths-12","09-solution-of-trigonometric-equations","Solution Of Trigonometric Equations","exercise-9-2","9.2 Graphical Solution of Trigonometric Equations","m173wkstzyp68d8qrgk8t7wcdd8c7c1j",,,,,,,"false",,"# **Background and Explanation**

To solve an equation of the form $f(\theta) = g(\theta)$ graphically, we plot the curves $y = f(\theta)$ and $y = g(\theta)$ on the same set of axes. The solutions to the equation are the $\theta$-coordinates of the points where the two graphs intersect.

---

# **Solution**

## Part (i)
**Equation:** $\cos \theta = \frac{\theta}{2}$ for $\theta \in \left[-\frac{\pi}{2}, \frac{\pi}{2}\right]$

To solve this, we plot $y = \cos \theta$ and $y = \frac{\theta}{2}$.

| $\theta$ | $-\frac{\pi}{2}$ | $-\frac{\pi}{3}$ | $-\frac{\pi}{6}$ | $0$ | $\frac{\pi}{6}$ | $\frac{\pi}{3}$ | $\frac{\pi}{2}$ |
| :--- | :--- | :--- | :--- | :--- | :--- | :--- | :--- |
| $y = \cos \theta$ | $0$ | $0.866$ | $0.5$ | $0$ | $0.5$ | $0.866$ | $0$ |
| $y = \frac{\theta}{2}$ | $-\frac{\pi}{4}$ | $-\frac{\pi}{6}$ | $-\frac{\pi}{12}$ | $0$ | $\frac{\pi}{12}$ | $\frac{\pi}{6}$ | $\frac{\pi}{2}$ |

The solution is the point of intersection of the curves as shown in the graph.

## Part (ii)
**Equation:** $\tan \theta = \frac{\theta}{2}$ for $\theta \in \left[-\frac{\pi}{2}, \frac{\pi}{2}\right]$

We plot $y = \tan \theta$ and $y = \frac{\theta}{2}$.

| $\theta$ | $-\frac{\pi}{2}$ | $-\frac{\pi}{3}$ | $-\frac{\pi}{6}$ | $0$ | $\frac{\pi}{6}$ | $\frac{\pi}{3}$ | $\frac{\pi}{2}$ |
| :--- | :--- | :--- | :--- | :--- | :--- | :--- | :--- |
| $y = \tan \theta$ | $-\infty$ | $-1.732$ | $-0.577$ | $0$ | $0.577$ | $1.732$ | $\infty$ |
| $y = \frac{\theta}{2}$ | $-\frac{\pi}{4}$ | $-\frac{\pi}{6}$ | $-\frac{\pi}{12}$ | $0$ | $\frac{\pi}{12}$ | $\frac{\pi}{6}$ | $\frac{\pi}{2}$ |

The solution is the point of intersection of the curves as shown in the graph.

## Part (iii)
**Equation:** $\sin \theta = \theta$ for $\theta \in \left[-\frac{\pi}{2}, \frac{\pi}{2}\right]$

We plot $y = \sin \theta$ and $y = \theta$.

| $\theta$ | $-\frac{\pi}{2}$ | $-\frac{\pi}{3}$ | $-\frac{\pi}{6}$ | $0$ | $\frac{\pi}{6}$ | $\frac{\pi}{3}$ | $\frac{\pi}{2}$ |
| :---: | :---: | :---: | :---: | :---: | :---: | :---: | :---: |
| $y = \sin \theta$ | $-1$ | $-0.866$ | $-0.5$ | $0$ | $0.5$ | $0.866$ | $1$ |
| $y = \theta$ | $-\frac{\pi}{2}$ | $-\frac{\pi}{3}$ | $-\frac{\pi}{6}$ | $0$ | $\frac{\pi}{6}$ | $\frac{\pi}{3}$ | $\frac{\pi}{2}$ |

The solution is the point of intersection of the curves as shown in the graph.

## Part (iv)
**Equation:** $\tan \theta = \theta$ for $\theta \in \left[-\frac{\pi}{2}, \frac{\pi}{2}\right]$

We plot $y = \tan \theta$ and $y = \theta$.

| $\theta$ | $-\frac{\pi}{2}$ | $-\frac{\pi}{3}$ | $-\frac{\pi}{6}$ | $0$ | $\frac{\pi}{6}$ | $\frac{\pi}{3}$ | $\frac{\pi}{2}$ |
| :---: | :---: | :---: | :---: | :---: | :---: | :---: | :---: |
| $y = \tan \theta$ | $-\infty$ | $-1.732$ | $-0.577$ | $0$ | $0.577$ | $1.732$ | $\infty$ |
| $y = \theta$ | $-\frac{\pi}{2}$ | $-\frac{\pi}{3}$ | $-\frac{\pi}{6}$ | $0$ | $\frac{\pi}{6}$ | $\frac{\pi}{3}$ | $\frac{\pi}{2}$ |

The solution is the point of intersection of the curves as shown in the graph.

## Part (v)
**Equation:** $\sin \theta = 2\theta$ for $\theta \in \left[-\frac{\pi}{2}, \frac{\pi}{2}\right]$

We plot $y = \sin \theta$ and $y = 2\theta$.

| $\theta$ | $-\frac{\pi}{2}$ | $-\frac{\pi}{3}$ | $-\frac{\pi}{6}$ | $0$ | $\frac{\pi}{6}$ | $\frac{\pi}{3}$ | $\frac{\pi}{2}$ |
| :--- | :--- | :--- | :--- | :--- | :--- | :--- | :--- |
| $y = \sin \theta$ | $-1$ | $-0.866$ | $-0.5$ | $0$ | $0.5$ | $0.866$ | $1$ |
| $y = 2\theta$ | $-\pi$ | $-\frac{2\pi}{3}$ | $-\frac{\pi}{3}$ | $0$ | $\frac{\pi}{3}$ | $\frac{2\pi}{3}$ | $\pi$ |

The solution is the point of intersection of the curves as shown in the graph.

## Part (vi)
**Equation:** $\cos \theta = 2\theta$ for $\theta \in \left[-\frac{\pi}{2}, \frac{\pi}{2}\right]$

We plot $y = \cos \theta$ and $y = 2\theta$.

| $\theta$ | $-\frac{\pi}{2}$ | $-\frac{\pi}{3}$ | $-\frac{\pi}{6}$ | $0$ | $\frac{\pi}{6}$ | $\frac{\pi}{3}$ | $\frac{\pi}{2}$ |
| :--- | :--- | :--- | :--- | :--- | :--- | :--- | :--- |
| $y = \cos \theta$ | $0$ | $0.5$ | $0.866$ | $1$ | $0.866$ | $0.5$ | $0$ |
| $y = 2\theta$ | $-\pi$ | $-\frac{2\pi}{3}$ | $-\frac{\pi}{3}$ | $0$ | $\frac{\pi}{3}$ | $\frac{2\pi}{3}$ | $\pi$ |

The solution is the point of intersection of the curves as shown in the graph.

## Part (vii)
**Equation:** $\sin \left(\frac{\theta}{2}\right) = \theta$ for $\theta \in \left[-\frac{\pi}{2}, \frac{\pi}{2}\right]$

We plot $y = \sin \frac{\theta}{2}$ and $y = \theta$.

| $\theta$ | $-\frac{\pi}{2}$ | $-\frac{\pi}{3}$ | $-\frac{\pi}{6}$ | $0$ | $\frac{\pi}{6}$ | $\frac{\pi}{3}$ | $\frac{\pi}{2}$ |
| :--- | :--- | :--- | :--- | :--- | :--- | :--- | :--- |
| $y = \sin \frac{\theta}{2}$ | $-0.707$ | $-0.5$ | $-0.259$ | $0$ | $0.259$ | $0.5$ | $0.707$ |
| $y = \theta$ | $-\frac{\pi}{2}$ | $-\frac{\pi}{3}$ | $-\frac{\pi}{6}$ | $0$ | $\frac{\pi}{6}$ | $\frac{\pi}{3}$ | $\frac{\pi}{2}$ |

The solution is the point of intersection of the curves as shown in the graph.

## Part (viii)
**Equation:** $\cos \left(\frac{\theta}{2}\right) = \theta$ for $\theta \in \left[-\frac{\pi}{2}, \frac{\pi}{2}\right]$

We plot $y = \cos \frac{\theta}{2}$ and $y = \theta$.

| $\theta$ | $-\frac{\pi}{2}$ | $-\frac{\pi}{3}$ | $-\frac{\pi}{6}$ | $0$ | $\frac{\pi}{6}$ | $\frac{\pi}{3}$ | $\frac{\pi}{2}$ |
| :--- | :--- | :--- | :--- | :--- | :--- | :--- | :--- |
| $y = \cos \frac{\theta}{2}$ | $0.707$ | $0.866$ | $0.97$ | $1$ | $0.97$ | $0.866$ | $0.707$ |
| $y = \theta$ | $-\frac{\pi}{2}$ | $-\frac{\pi}{3}$ | $-\frac{\pi}{6}$ | $0$ | $\frac{\pi}{6}$ | $\frac{\pi}{3}$ | $\frac{\pi}{2}$ |

The solution is the point of intersection of the curves as shown in the graph.

## Part (ix)
**Equation:** $\tan \left(\frac{\theta}{2}\right) = \theta$ for $\theta \in \left[-\frac{\pi}{2}, \frac{\pi}{2}\right]$

We plot $y = \tan \left(\frac{\theta}{2}\right)$ and $y = \theta$.

| $\theta$ | $-\frac{\pi}{2}$ | $-\frac{\pi}{3}$ | $-\frac{\pi}{6}$ | $0$ | $\frac{\pi}{6}$ | $\frac{\pi}{3}$ | $\frac{\pi}{2}$ |
| :--- | :--- | :--- | :--- | :--- | :--- | :--- | :--- |
| $y = \tan \left(\frac{\theta}{2}\right)$ | $-1$ | $-0.577$ | $-0.27$ | $0$ | $0.27$ | $0.577$ | $1$ |
| $\theta$ | $-\frac{\pi}{2}$ | $-\frac{\pi}{3}$ | $-\frac{\pi}{6}$ | $0$ | $\frac{\pi}{6}$ | $\frac{\pi}{3}$ | $\frac{\pi}{2}$ |

The solution is the point of intersection of the curves as shown in the graph.

## Part (x)
**Equation:** $\cos \left(\frac{\theta}{2}\right) = 2\theta$ for $\theta \in \left[-\frac{\pi}{2}, \frac{\pi}{2}\right]$

We plot $y = \cos \left(\frac{\theta}{2}\right)$ and $y = 2\theta$.

| $\theta$ | $-\frac{\pi}{2}$ | $-\frac{\pi}{3}$ | $-\frac{\pi}{6}$ | $0$ | $\frac{\pi}{6}$ | $\frac{\pi}{3}$ | $\frac{\pi}{2}$ |
| :--- | :--- | :--- | :--- | :--- | :--- | :--- | :--- |
| $y = \cos \left(\frac{\theta}{2}\right)$ | $0.707$ | $0.866$ | $0.97$ | $0$ | $0.97$ | $0.866$ | $0.707$ |
| $y = 2\theta$ | $-\frac{\pi}{2}$ | $-\frac{\pi}{3}$ | $-\frac{\pi}{6}$ | $0$ | $\frac{\pi}{6}$ | $\frac{\pi}{3}$ | $\frac{\pi}{2}$ |

The solution is the point of intersection of the curves as shown in the graph.

## Part (xi)
**Equation:** $\sin \theta = \cos \theta$ for $\theta \in [0, \pi]$

We plot $y = \sin \theta$ and $y = \cos \theta$.

| $\theta$ | $0$ | $\frac{\pi}{6}$ | $\frac{\pi}{3}$ | $\frac{\pi}{2}$ | $\frac{2\pi}{3}$ | $\frac{5\pi}{6}$ | $\pi$ |
| :---: | :---: | :---: | :---: | :---: | :---: | :---: | :---: |
| $y = \sin \theta$ | $0$ | $0.5$ | $0.866$ | $1$ | $0.866$ | $0.5$ | $0$ |
| $y = \cos \theta$ | $1$ | $0.866$ | $0.5$ | $0$ | $-0.5$ | $-0.866$ | $-1$ |

The solution is the point of intersection of the curves as shown in the graph.

## Part (xii)
**Equation:** $\sin \theta = \tan \theta$ for $\theta \in [0, \pi]$

We plot $y = \sin \theta$ and $y = \tan \theta$.

| $\theta$ | $0$ | $\frac{\pi}{6}$ | $\frac{\pi}{3}$ | $\frac{\pi}{2}$ | $\frac{2\pi}{3}$ | $\frac{5\pi}{6}$ | $\pi$ |
| :--- | :--- | :--- | :--- | :--- | :--- | :--- | :--- |
| $y = \sin \theta$ | $0$ | $0.5$ | $0.866$ | $1$ | $0.866$ | $0.5$ | $0$ |
| $y = \tan \theta$ | $0$ | $0.577$ | $1.732$ | $\infty$ | $-1.732$ | $-0.5$ | $0$ |

The solution is the point of intersection of the curves as shown in the graph.

---

# **Key Formulas or Methods Used**

*   **Graphical Method:** Solving $f(\theta) = g(\theta)$ by finding the intersection of $y = f(\theta)$ and $y = g(\theta)$.
*   **Trigonometric Values:** Standard values for $\sin \theta, \cos \theta,$ and $\tan \theta$ at multiples of $\frac{\pi}{6}$ and $\frac{\pi}{4}$.
*   **Linear Functions:** Plotting lines of the form $y = m\theta$.

---

# **Summary of Steps**

1.  Identify the two functions $y_1$ and $y_2$ that make up the equation.
2.  Create a table of values for both functions over the specified interval (e.g., $[-\frac{\pi}{2}, \frac{\pi}{2}]$).
3.  Plot the points from the table on a coordinate system where the horizontal axis represents $\theta$.
4.  Draw the curves/lines connecting the points.
5.  Locate the intersection point(s); the $\theta$-value at these points is the solution to the equation.",,,"unclassified","1",,"Solve the following trigonometric equations graphically:

(i) $\cos \theta = \frac{\theta}{2} ; \theta \in \left[-\frac{\pi}{2}, \frac{\pi}{2}\right]$
(ii) $\tan \theta = \frac{\theta}{2} ; \theta \in \left[-\frac{\pi}{2}, \frac{\pi}{2}\right]$
(iii) $\sin \theta = \theta ; \theta \in \left[-\frac{\pi}{2}, \frac{\pi}{2}\right]$
(iv) $\tan \theta = \theta ; \theta \in \left[-\frac{\pi}{2}, \frac{\pi}{2}\right]$
(v) $\sin \theta = 2\theta ; \theta \in \left[-\frac{\pi}{2}, \frac{\pi}{2}\right]$
(vi) $\cos \theta = 2\theta ; \theta \in \left[-\frac{\pi}{2}, \frac{\pi}{2}\right]$
(vii) $\sin \left(\frac{\theta}{2}\right) = \theta ; \theta \in \left[-\frac{\pi}{2}, \frac{\pi}{2}\right]$
(viii) $\cos \left(\frac{\theta}{2}\right) = \theta ; \theta \in \left[-\frac{\pi}{2}, \frac{\pi}{2}\right]$
(ix) $\tan \left(\frac{\theta}{2}\right) = \theta ; \theta \in \left[-\frac{\pi}{2}, \frac{\pi}{2}\right]$
(x) $\cos \left(\frac{\theta}{2}\right) = 2\theta ; \theta \in \left[-\frac{\pi}{2}, \frac{\pi}{2}\right]$
(xi) $\sin \theta = \cos \theta ; \theta \in [0, \pi]$
(xii) $\sin \theta = \tan \theta ; \theta \in [0, \pi]$

---","ms76j6jg19nwx99h6jhvpev0nx85psr1",,"xd75dxwgq13zh1j0rg9ptjx9ds8c731r","Exercise 9.2","exercise",
"maths-12","09-solution-of-trigonometric-equations","Solution Of Trigonometric Equations","exercise-9-3","9.3 Angles of Elevation and Depression","m176nnm3hmffeg9v8j8g1h6mvx8c6bp8",,,,,,,"false",,"# **Background and Explanation**

This problem utilizes right-angle trigonometry to find an unknown height. By representing the scenario as a right triangle, we can use the tangent ratio, which relates the angle of elevation to the opposite side (height) and the adjacent side (distance).

---

# **Solution**

To solve for the height of the building, we first identify the components of the right triangle formed by the surveyor and the building:

*   **$AB$**: Height of the building (represented as $y$)
*   **$AC$**: Distance of the surveyor from the building ($50 \text{ m}$)
*   **$\theta$**: Angle of elevation ($35^{\circ}$)

The relationship between the angle and the sides is defined by the inverse tangent function:

$$
\theta = \tan^{-1}\left(\frac{AB}{AC}\right)
$$

By taking the tangent of both sides, we get the standard tangent ratio:

$$
\tan \theta = \frac{AB}{AC}
$$

Now, we substitute the known values into the equation:

$$
\tan 35^{\circ} = \frac{AB}{50}
$$

To isolate $AB$ (the height), we multiply both sides by 50:

$$
AB = 50 \times \tan 35^{\circ}
$$

Using a calculator to find $\tan 35^{\circ} \approx 0.7002$:

$$
AB \approx 35.01 \approx 35 \text{ m}
$$

The height of the building is approximately $35 \text{ meters}$.

---

# **Key Formulas or Methods Used**

*   **Tangent Ratio**: $\tan(\theta) = \frac{\text{Opposite}}{\text{Adjacent}}$
*   **Inverse Tangent**: $\theta = \tan^{-1}\left(\frac{\text{Opposite}}{\text{Adjacent}}\right)$
*   **Algebraic Rearrangement**: Multiplying by the denominator to solve for the unknown side.

---

# **Summary of Steps**

1.  Identify the height as the opposite side ($AB$) and the distance as the adjacent side ($AC$).
2.  Set up the trigonometric relationship using $\tan \theta = \frac{\text{Opposite}}{\text{Adjacent}}$.
3.  Substitute the given angle ($35^{\circ}$) and the distance ($50 \text{ m}$) into the formula.
4.  Solve for $AB$ by multiplying the distance by the tangent of the angle.
5.  Calculate the final result and round to the nearest whole number.",,,"unclassified","1",,"A surveyor is standing 50 meters away from a building and measures the angle of elevation to the top of the building as $35^{\circ}$. What is the height of the building? Use the inverse tangent function to find the height.

---","ms7b97k9jtt2h324t4f5f08gpx85pag5",,"xd7cv18w5mrpjmsbwbqntahy8n8c7pkk","Exercise 9.3","exercise",
"maths-12","09-solution-of-trigonometric-equations","Solution Of Trigonometric Equations","exercise-9-3","9.3 Angles of Elevation and Depression","m1759p7te1d8hs80828hsq9ard8c65fr",,,,,,,"false",,"# **Background and Explanation**

This problem utilizes right-angled trigonometry and the properties of isosceles triangles. By identifying the relationship between the height of the deck, the distance along the ground, and the length of the cable (the hypotenuse), we can apply trigonometric ratios to find the missing length.

---

# **Solution**

To solve this, we first define the components of the triangle formed by the deck, the ground, and the cable:
* Let $AB$ be the height of the deck ($30 \text{ m}$).
* Let $BC$ be the length of the cable (the hypotenuse).
* Let $AC$ be the distance from the anchor point to the base of the deck (the base).
* Let $\angle ACB = \theta = 45^{\circ}$ be the angle the cable makes with the ground.

**Step 1: Identify the triangle type**
Because the angle with the ground is $45^{\circ}$ in a right-angled triangle, the remaining angle is also $45^{\circ}$. This makes it an isosceles triangle where the height and the base are equal:
$$AB = AC = 30 \text{ m}$$

**Step 2: Set up the inverse cosine equation**
The cosine of an angle is the ratio of the adjacent side (Base) to the hypotenuse. The inverse cosine function relates the angle to this ratio:
$$\theta = \cos^{-1}\left(\frac{\text{Base}}{\text{Hypotenuse}}\right)$$

Substituting our known values:
$$45^{\circ} = \cos^{-1}\left(\frac{AC}{BC}\right)$$
$$45^{\circ} = \cos^{-1}\left(\frac{30}{BC}\right)$$

**Step 3: Solve for the cable length ($BC$)**
To isolate $BC$, we take the cosine of both sides:
$$\cos 45^{\circ} = \frac{30}{BC}$$

Now, rearrange the equation to solve for $BC$:
$$BC \times \cos 45^{\circ} = 30$$
$$BC = \frac{30}{\cos 45^{\circ}}$$

**Step 4: Calculate the final value**
Using the value of $\cos 45^{\circ} \approx 0.7071$:
$$BC = \frac{30}{0.7071} \approx 42.43 \text{ m}$$

The length of the cable needed is $42.43 \text{ m}$.

---

# **Key Formulas or Methods Used**

*   **Inverse Cosine Definition:** $\theta = \cos^{-1}\left(\frac{\text{Adjacent}}{\text{Hypotenuse}}\right)$
*   **Cosine Ratio:** $\cos(\theta) = \frac{\text{Adjacent}}{\text{Hypotenuse}}$
*   **Isosceles Right Triangle Property:** In a $45^{\circ}-45^{\circ}-90^{\circ}$ triangle, the legs are equal in length.

---

# **Summary of Steps**

1.  Identify the height of the deck ($30 \text{ m}$) and the angle of the cable ($45^{\circ}$).
2.  Recognize that in a $45^{\circ}$ right triangle, the base ($AC$) equals the height ($AB = 30 \text{ m}$).
3.  Apply the inverse cosine formula: $45^{\circ} = \cos^{-1}(\frac{30}{BC})$.
4.  Rearrange the formula to solve for the hypotenuse: $BC = \frac{30}{\cos 45^{\circ}}$.
5.  Calculate the final length to arrive at $42.43 \text{ m}$.",,,"unclassified","10",,"A suspension cable supports a bridge deck and forms a $45^{\circ}$ angle with the ground. If the deck is 30 meters above the ground, determine the length of the cable needed using the inverse cosine function.

---","ms7b97k9jtt2h324t4f5f08gpx85pag5",,"xd7cv18w5mrpjmsbwbqntahy8n8c7pkk","Exercise 9.3","exercise",
"maths-12","09-solution-of-trigonometric-equations","Solution Of Trigonometric Equations","exercise-9-3","9.3 Angles of Elevation and Depression","m17cabwy1e4he7e4qtf5t5bvh18c7w71",,,,,,,"false",,"# **Background and Explanation**

This problem uses trigonometry based on the principle that at the same time of day, the sun's rays hit the earth at the same angle ($\theta$). By using the tangent ratio, which relates the height of an object (perpendicular) to its shadow length (base), we can find this angle and use it to determine unknown heights.

---

# **Solution**

To solve this problem, we represent the flagpole and the building as two right-angled triangles. Since the measurements are taken at the same time, the angle of elevation of the sun, $\theta$, is identical for both.

### **1. Identify the given values for the flagpole**
Let the flagpole be represented by triangle $ABC$:
*   $AB = \text{Height of flagpole} = 20 \text{ m}$
*   $AC = \text{Length of shadow} = 15 \text{ m}$
*   $\angle ACB = \theta$ (Angle of elevation)

### **2. Calculate the angle of elevation ($\theta$)**
Using the tangent ratio for triangle $ABC$:
$$ \tan \theta = \frac{\text{Perpendicular}}{\text{Base}} = \frac{AB}{AC} $$
$$ \tan \theta = \frac{20}{15} $$

To find the angle $\theta$, we use the inverse tangent function:
$$ \theta = \tan^{-1}\left(\frac{20}{15}\right) $$
$$ \theta \approx 53.13^{\circ} $$

### **3. Identify the values for the building**
Let the building be represented by triangle $PQR$:
*   $PQ = \text{Height of building} = y$
*   $PR = \text{Length of shadow} = 50 \text{ m}$
*   $\angle PRQ = \theta = 53.13^{\circ}$

### **4. Calculate the height of the building**
Using the tangent ratio for triangle $PQR$:
$$ \theta = \tan^{-1}\left(\frac{\text{Perp}}{\text{Base}}\right) $$
$$ \theta = \tan^{-1}\left(\frac{PQ}{PR}\right) $$

Substituting the known values:
$$ \tan 53.13^{\circ} = \frac{PQ}{50} $$

Since we know $\tan 53.13^{\circ} = \frac{20}{15}$ from the previous step:
$$ PQ = 50 \times \frac{20}{15} $$
$$ PQ = 50 \times 1.333... $$
$$ PQ = 66.67 \text{ m} $$

**The height of the building is $66.67$ meters.**

---

# **Key Formulas or Methods Used**

*   **Tangent Ratio:** $\tan \theta = \frac{\text{Opposite (Perpendicular)}}{\text{Adjacent (Base)}}$
*   **Inverse Tangent Function:** $\theta = \tan^{-1}\left(\frac{\text{Opposite}}{\text{Adjacent}}\right)$
*   **Similar Triangles:** Objects and their shadows form proportional triangles when the light source angle is the same.

---

# **Summary of Steps**

1.  Use the flagpole's height ($20\text{ m}$) and shadow ($15\text{ m}$) to set up the tangent ratio.
2.  Apply the inverse tangent function to find the sun's angle of elevation ($\theta \approx 53.13^{\circ}$).
3.  Set up the tangent ratio for the building using the same angle $\theta$ and its shadow length ($50\text{ m}$).
4.  Solve for the unknown height ($PQ$) by multiplying the shadow length by the tangent of the angle.",,,"unclassified","11",,"At a certain time of day, a $20$ meters tall flagpole casts a shadow of $15$ meters. If a nearby building casts a shadow of $50$ meters at the same time, find the height of the building using the inverse tangent function.

---","ms7b97k9jtt2h324t4f5f08gpx85pag5",,"xd7cv18w5mrpjmsbwbqntahy8n8c7pkk","Exercise 9.3","exercise","{""blockIndex"":2,""chapterNumber"":9,""page"":271,""subjectSlug"":""maths-12""}"
"maths-12","09-solution-of-trigonometric-equations","Solution Of Trigonometric Equations","exercise-9-3","9.3 Angles of Elevation and Depression","m17fgezrnfbhkf5jng061pwdg58c6ak4",,,,,,,"false",,"# **Background and Explanation**

To find the dimensions of a roof, we use right-angled trigonometry. The roof forms a right triangle where:
- The **half-width** of the building is the adjacent side (base)
- The **rise** (height) is the opposite side
- The **pitch angle** is the angle between the slope and the horizontal

Since the roof is symmetric, the half-width $= \frac{12}{2} = 6$ m.

---

# **Solution**

We identify the following parameters:
- Half-width (adjacent side) $= 6$ m
- Rise (opposite side) $= y$
- Pitch angle $\theta = 20^{\circ}$

## Step 1: Set Up the Trigonometric Ratio

Using the tangent ratio (opposite over adjacent):
$$\tan 20^{\circ} = \frac{y}{6}$$

## Step 2: Solve for the Rise

Rearranging:
$$y = 6 \tan 20^{\circ}$$

## Step 3: Calculate

$$y = 6 \times 0.364 = 2.18 \text{ m}$$

**The rise of the roof is $\approx 2.18$ meters.**

---

**Alternative using inverse trigonometry:** If instead we know the slope length $L$ and the rise $y$, we can find the pitch angle:
$$\theta = \sin^{-1}\left(\frac{y}{L}\right)$$

For example, if $y = 2.18$ m and $L = \frac{6}{\cos 20^{\circ}} \approx 6.39$ m:
$$\theta = \sin^{-1}\left(\frac{2.18}{6.39}\right) = \sin^{-1}(0.341) \approx 20^{\circ} \checkmark$$

---

# **Key Formulas Used**

- **Tangent Ratio:** $\tan\theta = \dfrac{\text{Opposite}}{\text{Adjacent}}$
- **Inverse Sine:** $\theta = \sin^{-1}\left(\dfrac{\text{Opposite}}{\text{Hypotenuse}}\right)$

---

# **Summary of Steps**

1. Identify the half-width as the adjacent side: $6$ m.
2. Use $\tan 20^{\circ} = \dfrac{y}{6}$ to find the rise.
3. Calculate $y = 6\tan 20^{\circ} \approx 2.18$ m.",,,"numerical","12",,"An architect is designing a roof with a $20^{\circ}$ pitch to allow snow to slide off easily. If the width of the building is $12$ meters, calculate the rise of the roof.

---","ms7b97k9jtt2h324t4f5f08gpx85pag5",,"xd7cv18w5mrpjmsbwbqntahy8n8c7pkk","Exercise 9.3","exercise",
"maths-12","09-solution-of-trigonometric-equations","Solution Of Trigonometric Equations","exercise-9-3","9.3 Angles of Elevation and Depression","m17e2hwghqr7fy5zt2cva8x3rd8c62t8",,,,,,,"false",,"# **Background and Explanation**

To solve this problem, we use right-angle trigonometry. By splitting the symmetrical roof into two right-angled triangles, we can use the sine and cosine ratios to determine the unknown height (rise) based on the given width and angle of inclination.

---

# **Solution**

Based on the provided diagram:

## 1. Identify the known values
The total width of the building is given as $CD = 20 \text{ m}$. The roof forms a triangle where the base of the right-angled portion ($AC$) is half of the total width:
$$AC = \text{Base of building} = \frac{CD}{2} = \frac{20}{2} = 10 \text{ m}$$

The angle of inclination is:
$$\angle ACB = 30^{\circ} = \theta$$

The height (rise) we need to find is:
$$AB = \text{Height of building} = y$$

## 2. Calculate the Hypotenuse ($BC$)
We use the cosine ratio because we know the adjacent side (base) and the angle:
$$\cos \theta = \frac{\text{Base}}{\text{Hypotenuse}} = \frac{10}{BC}$$
$$\cos 30^{\circ} = \frac{10}{BC}$$

Since $\cos 30^{\circ} = \frac{\sqrt{3}}{2}$:
$$\frac{\sqrt{3}}{2} = \frac{10}{BC}$$
$$BC = \frac{10 \times 2}{\sqrt{3}} = \frac{20}{\sqrt{3}} \text{ m}$$

## 3. Calculate the Rise ($y$)
Now, we use the sine ratio to find the perpendicular height ($y$):
$$\sin \theta = \frac{\text{Perpendicular}}{\text{Hypotenuse}} = \frac{y}{BC}$$
$$\sin 30^{\circ} = \frac{y}{\frac{20}{\sqrt{3}}}$$

Rearranging the equation to solve for $y$:
$$\frac{20}{\sqrt{3}} \sin 30^{\circ} = y$$
$$y = \frac{20}{\sqrt{3}} \times \frac{1}{2}$$
$$y = \frac{10}{\sqrt{3}}$$

Converting to a decimal value:
$$y \approx 5.77 \text{ m}$$

---

# **Key Formulas or Methods Used**

*   **Base Calculation:** $\text{Base} = \frac{\text{Total Width}}{2}$
*   **Cosine Ratio:** $\cos \theta = \frac{\text{Adjacent}}{\text{Hypotenuse}}$
*   **Sine Ratio:** $\sin \theta = \frac{\text{Opposite}}{\text{Hypotenuse}}$
*   **Trigonometric Values:** $\cos 30^{\circ} = \frac{\sqrt{3}}{2}$ and $\sin 30^{\circ} = \frac{1}{2}$

---

# **Summary of Steps**

1.  Divide the total building width (20m) by 2 to find the base of the right triangle (10m).
2.  Use the cosine of $30^{\circ}$ to calculate the length of the roof slant (hypotenuse $BC$).
3.  Apply the sine ratio using the hypotenuse and the $30^{\circ}$ angle to find the vertical rise $y$.
4.  Simplify the fraction $\frac{10}{\sqrt{3}}$ to get the final height of approximately $5.77 \text{ m}$.",,,"unclassified","13",,"The roof of a warehouse needs to be designed with a $30^{\circ}$ incline to ensure water runoff. If the building is 20 meters wide, determine the rise of the roof using the inverse sine function.

---","ms7b97k9jtt2h324t4f5f08gpx85pag5",,"xd7cv18w5mrpjmsbwbqntahy8n8c7pkk","Exercise 9.3","exercise",
"maths-12","09-solution-of-trigonometric-equations","Solution Of Trigonometric Equations","exercise-9-3","9.3 Angles of Elevation and Depression","m17c09tjpfbx4zp8d1z7z1kpes8c7csz",,,,,,,"false",,"# **Background and Explanation**

This problem involves right-angled trigonometry. When we know the vertical height (opposite side) and the horizontal distance (adjacent side) of a point relative to an origin, we can use the tangent ratio to find the angle of elevation.

---

# **Solution**

To find the angle of the robotic arm, we model the situation as a right-angled triangle where the arm forms the hypotenuse.

**1. Identify the given dimensions:**
Based on the problem description:
*   Height of the robotic arm ($AB$) = $3 \text{ m}$ (This is the perpendicular side)
*   Width/Horizontal distance ($AC$) = $4 \text{ m}$ (This is the base side)
*   The angle to find is $\angle ACB = \theta$

**2. Apply the tangent ratio:**
The tangent of an angle in a right triangle is the ratio of the perpendicular side to the base side:
$$\tan \theta = \frac{\text{Perpendicular}}{\text{Base}}$$

Substituting the known values:
$$\tan \theta = \frac{3}{4}$$

**3. Solve for $\theta$ using the inverse tangent function:**
To isolate $\theta$, we take the inverse tangent ($\tan^{-1}$) of both sides:
$$\theta = \tan^{-1}\left(\frac{3}{4}\right)$$

**4. Calculate the final value:**
Using a calculator to find the inverse tangent of $0.75$:
$$\theta \approx 36.87^\circ$$

The robotic arm should be positioned at an angle of approximately $36.87^\circ$.

---

# **Key Formulas or Methods Used**

*   **Tangent Ratio:** $\tan \theta = \frac{\text{Opposite}}{\text{Adjacent}}$
*   **Inverse Tangent:** $\theta = \tan^{-1}\left(\frac{\text{Opposite}}{\text{Adjacent}}\right)$

---

# **Summary of Steps**

1.  Identify the vertical height ($3 \text{ m}$) and horizontal distance ($4 \text{ m}$).
2.  Set up the trigonometric ratio $\tan \theta = \frac{\text{height}}{\text{distance}}$.
3.  Apply the inverse tangent function to solve for the angle: $\theta = \tan^{-1}(3/4)$.
4.  Calculate the numerical value to determine the positioning angle.",,,"unclassified","14",,"A robotic arm on an assembly line needs to reach a point 4 meters away (horizontally) and 3 meters above its base (vertically). Find the angle $\theta$ at which the arm should be positioned relative to the horizontal using the inverse tangent function.

---","ms7b97k9jtt2h324t4f5f08gpx85pag5",,"xd7cv18w5mrpjmsbwbqntahy8n8c7pkk","Exercise 9.3","exercise",
"maths-12","09-solution-of-trigonometric-equations","Solution Of Trigonometric Equations","exercise-9-3","9.3 Angles of Elevation and Depression","m175pr3kksjmv303atvxw161j18c6knw",,,,,,,"false",,"# **Background and Explanation**

To solve this problem, we use right-angle trigonometry. The sine of an angle relates the length of the side opposite the angle (vertical height) to the hypotenuse (the length of the bridge).

---

# **Solution**

Based on the geometric properties of the bridge:
- Let $BC$ be the vertical height of the bridge, represented by $y$.
- Let $AC$ be the length of the bridge, which is $120 \text{ m}$.
- Let $\theta$ be the angle of the slope, which is $5^{\circ}$.

We start with the relationship defined by the inverse sine function as requested:

$$
\theta = \sin^{-1}\left(\frac{BC}{AC}\right)
$$

To solve for the height $BC$, we take the sine of both sides to isolate the ratio:

$$
\sin \theta = \frac{BC}{AC}
$$

Substitute the known values ($\theta = 5^{\circ}$ and $AC = 120$) into the equation:

$$
\sin 5^{\circ} = \frac{y}{120}
$$

Now, solve for $y$ by multiplying both sides by $120$:

$$
y = 120 \sin 5^{\circ}
$$

Using a calculator to find the value of $\sin 5^{\circ} \approx 0.08715$:

$$
y = 120 \times 0.08715
$$
$$
y = 10.46 \text{ m}
$$

The vertical height difference is **$10.46$ meters**.

---

# **Key Formulas or Methods Used**

*   **Sine Ratio:** $\sin \theta = \frac{\text{Opposite}}{\text{Hypotenuse}}$
*   **Inverse Sine Function:** $\theta = \sin^{-1}\left(\frac{\text{Opposite}}{\text{Hypotenuse}}\right)$
*   **Algebraic Rearrangement:** Isolating the unknown variable ($y$) by multiplying by the denominator.

---

# **Summary of Steps**

1.  Identify the given values: angle $\theta = 5^{\circ}$ and hypotenuse (bridge length) $= 120 \text{ m}$.
2.  Set up the trigonometric relationship using the inverse sine formula.
3.  Rearrange the formula to solve for the vertical height ($y$).
4.  Calculate the final value using the sine of the given angle.",,,"unclassified","2",,"A pedestrian bridge is to be constructed with a slope of $5^{\circ}$ to meet accessibility requirements. If the length of the bridge (the distance between the two ends along the slope) is $120$ meters, determine the vertical height difference using the inverse sine function.

---","ms7b97k9jtt2h324t4f5f08gpx85pag5",,"xd7cv18w5mrpjmsbwbqntahy8n8c7pkk","Exercise 9.3","exercise",
"maths-12","09-solution-of-trigonometric-equations","Solution Of Trigonometric Equations","exercise-9-3","9.3 Angles of Elevation and Depression","m170mnaj48b0ndjbk54t9pm9cn8c6grb",,,,,,,"false",,"# **Background and Explanation**

To solve this problem, we use basic trigonometry in a right-angled triangle. The angle of elevation is the angle formed between the horizontal ground and the ramp as it rises toward the platform.

---

# **Solution**

Based on the provided information, we can visualize the ramp as the hypotenuse of a right-angled triangle where the platform height is the perpendicular side.

**1. Identify the given values:**
From the figure and the problem description:
$$
\begin{aligned}
\text{Height of platform } (BC) &= 2 \text{ m} \\
\text{Length of ramp } (AC) &= 5 \text{ m} \\
\text{Angle of elevation } (\angle BAC) &= \theta
\end{aligned}
$$

**2. Choose the correct trigonometric ratio:**
In a right-angled triangle, the sine of an angle is the ratio of the length of the side opposite the angle (perpendicular) to the length of the longest side (hypotenuse).
$$
\sin \theta = \frac{\text{Perpendicular}}{\text{Hypotenuse}} = \frac{BC}{AC}
$$

**3. Substitute the values and solve for $\theta$:**
Substitute the known lengths into the equation:
$$
\sin \theta = \frac{2}{5}
$$

To find the value of the angle $\theta$, we take the inverse sine ($\sin^{-1}$) of the result:
$$
\theta = \sin^{-1}\left(\frac{2}{5}\right)
$$

Using a calculator to find the degree measure:
$$
\theta = 23^{\circ} 35^{\prime}
$$

The angle of elevation of the ramp is approximately $23^{\circ} 35^{\prime}$.

---

# **Key Formulas or Methods Used**

*   **Sine Ratio:** $\sin \theta = \frac{\text{Opposite}}{\text{Hypotenuse}}$
*   **Inverse Trigonometry:** Used to find an unknown angle when two sides are known ($\theta = \sin^{-1}(x)$).

---

# **Summary of Steps**

1.  Identify the height of the platform as the perpendicular side ($2 \text{ m}$) and the ramp length as the hypotenuse ($5 \text{ m}$).
2.  Set up the sine ratio formula: $\sin \theta = \frac{\text{Perp}}{\text{Hyp}}$.
3.  Divide the perpendicular by the hypotenuse to get $0.4$.
4.  Calculate the inverse sine of the result to find the angle of elevation.",,,"numerical","3",,"A ramp is to be constructed to a platform 2 meters high. If the ramp is 5 meters long, calculate the angle of elevation of the ramp.

---","ms7b97k9jtt2h324t4f5f08gpx85pag5",,"xd7cv18w5mrpjmsbwbqntahy8n8c7pkk","Exercise 9.3","exercise","{""blockIndex"":2,""chapterNumber"":9,""page"":271,""subjectSlug"":""maths-12""}"
"maths-12","09-solution-of-trigonometric-equations","Solution Of Trigonometric Equations","exercise-9-3","9.3 Angles of Elevation and Depression","m17fhs1xx4fvgtpvs656dsn2198c6tn1",,,,,,,"false",,"# **Background and Explanation**

Trigonometry relates the angles and sides of right-angled triangles. The tangent ratio ($\tan \theta = \frac{\text{Opposite}}{\text{Adjacent}}$) and its inverse ($\theta = \tan^{-1}(\frac{\text{Opposite}}{\text{Adjacent}})$) are used to find missing horizontal/vertical distances or angles of inclination and depression.

---

# **Solution**

## Part (a)

In this problem, we represent the conveyor belt setup as a right-angled triangle.
Let:
- $AC$ = The conveyor belt (hypotenuse).
- $AB$ = The horizontal length of the belt = $x$.
- $BC$ = The height to which the belt reaches = $6 \text{ m}$.
- $\theta$ = The angle of inclination = $18^{\circ}$.

Using the relationship between the angle, the height (opposite), and the horizontal distance (adjacent):

$$
\begin{aligned}
\theta &= \tan^{-1}\left(\frac{BC}{AB}\right) \\
18^{\circ} &= \tan^{-1}\left(\frac{6}{x}\right) \\
\tan 18^{\circ} &= \frac{6}{x} \\
x \tan 18^{\circ} &= 6 \\
x &= \frac{6}{\tan 18^{\circ}} \\
x &= 18.47 \text{ m}
\end{aligned}
$$

The horizontal distance covered by the conveyor belt is $18.47 \text{ m}$.

## Part (b)

We represent the lighthouse and the ship's position as a right-angled triangle.

Let:
- $AB$ = Height of the lighthouse = $120 \text{ m}$.
- $AC$ = Distance of the ship from the base of the lighthouse = $250 \text{ m}$.
- $\theta$ = The angle of depression (which is equal to the angle of elevation from the ship to the top of the lighthouse).

Using the inverse tangent function to find the angle:

$$
\begin{aligned}
\theta &= \tan^{-1}\left(\frac{AB}{AC}\right) \\
&= \tan^{-1}\left(\frac{120}{250}\right) \\
\theta &= 25^{\circ} 38^{\prime}
\end{aligned}
$$

The angle of depression from the lighthouse to the ship is $25^{\circ} 38^{\prime}$.

---

# **Key Formulas or Methods Used**

*   **Tangent Ratio:** $\tan \theta = \frac{\text{Opposite}}{\text{Adjacent}}$
*   **Inverse Tangent Function:** $\theta = \tan^{-1}\left(\frac{\text{Opposite}}{\text{Adjacent}}\right)$
*   **Angle of Depression:** The angle from the horizontal downward to an object, which is numerically equal to the angle of elevation from the object upward to the observer.

---

# **Summary of Steps**

1.  **Identify the knowns:** Determine which sides (opposite, adjacent) or angles are provided in the problem.
2.  **Set up the equation:** Use the tangent ratio if finding a side, or the inverse tangent function if finding an angle.
3.  **Substitute values:** Plug the given measurements into the formula.
4.  **Solve for the unknown:** Use algebraic manipulation to isolate the variable.
5.  **Calculate:** Use a scientific calculator to find the final numerical value (ensuring the calculator is in Degree mode).",,,"unclassified","4",,"(a) A conveyor belt in a factory is inclined at an angle of $18^{\circ}$. If the conveyor belt needs to move goods to a height of 6 meters, find the horizontal distance covered by the conveyor belt using the inverse tangent function.

(b) A lighthouse is 120 meters tall, and a ship is spotted at a distance of 250 meters from the base of the lighthouse. Find the angle of depression from the lighthouse to the ship using the inverse tangent function.

---","ms7b97k9jtt2h324t4f5f08gpx85pag5",,"xd7cv18w5mrpjmsbwbqntahy8n8c7pkk","Exercise 9.3","exercise",
"maths-12","09-solution-of-trigonometric-equations","Solution Of Trigonometric Equations","exercise-9-3","9.3 Angles of Elevation and Depression","m172m8qzwejmxw4cweg8z73nw98c78x2",,,,,,,"false",,"# **Background and Explanation**

This problem uses right-angled trigonometry to find an unknown angle. The angle of elevation is the angle between the horizontal ground and the line of sight to the top of the lighthouse, which can be found using the ratio of the opposite side (height) to the adjacent side (distance).

---

# **Solution**

To solve this problem, we represent the scenario as a right-angled triangle where:
- $AB$ is the height of the lighthouse (the side opposite to the angle $\theta$).
- $AC$ is the distance of the boat from the base of the lighthouse (the side adjacent to the angle $\theta$).

**Given values:**
- $AB = \text{Height of lighthouse} = 90 \text{ m}$
- $AC = \text{Distance of boat from point } A = 180 \text{ m}$

We use the tangent ratio, which is defined as $\tan(\theta) = \frac{\text{Opposite}}{\text{Adjacent}}$. To find the angle $\theta$ itself, we use the inverse tangent function ($\tan^{-1}$):

$$
\theta = \tan^{-1}\left(\frac{AB}{AC}\right)
$$

Substitute the known values into the equation:

$$
\theta = \tan^{-1}\left(\frac{90}{180}\right)
$$

Simplify the fraction inside the parentheses:

$$
\theta = \tan^{-1}(0.5)
$$

Using a calculator to find the inverse tangent of $0.5$:

$$
\theta = 26^{\circ} 34^{\prime}
$$

The angle of elevation from the boat to the top of the lighthouse is $26^{\circ} 34^{\prime}$.

---

# **Key Formulas or Methods Used**

*   **Tangent Ratio:** $\tan(\theta) = \frac{\text{Opposite}}{\text{Adjacent}}$
*   **Inverse Tangent Function:** $\theta = \tan^{-1}\left(\frac{\text{Opposite}}{\text{Adjacent}}\right)$

---

# **Summary of Steps**

1.  Identify the height of the lighthouse as the opposite side ($90 \text{ m}$).
2.  Identify the distance from the base as the adjacent side ($180 \text{ m}$).
3.  Apply the inverse tangent formula: $\theta = \tan^{-1}\left(\frac{\text{Opposite}}{\text{Adjacent}}\right)$.
4.  Simplify the ratio and calculate the final angle in degrees and minutes.",,,"unclassified","6",,"A lighthouse is 90 meters tall, and a boat is observed at a distance of 180 meters from the base of the lighthouse. Determine the angle of elevation from the boat to the top of the lighthouse using the inverse tangent function.

---","ms7b97k9jtt2h324t4f5f08gpx85pag5",,"xd7cv18w5mrpjmsbwbqntahy8n8c7pkk","Exercise 9.3","exercise","{""blockIndex"":2,""chapterNumber"":9,""page"":271,""subjectSlug"":""maths-12""}"
"maths-12","09-solution-of-trigonometric-equations","Solution Of Trigonometric Equations","exercise-9-3","9.3 Angles of Elevation and Depression","m172np48w78h557c9dkya8gqkd8c6eqt",,,,,,,"false",,"# **Background and Explanation**

This problem involves right-angled trigonometry, specifically the relationship between an angle and the ratio of the opposite side to the hypotenuse. We use the sine function and its inverse to find a missing side length when the height and angle are known.

---

# **Solution**

Based on the geometry of the installation:

First, we identify the known and unknown values from the figure:
- $AB = \text{Height of panel} = 2\text{ m}$ (This is the side opposite to the angle)
- $BC = \text{Length of supporting rod} = x$ (This is the hypotenuse)
- $\text{Angle } \theta = 48^{\circ}$

We use the definition of the inverse sine function, which states that the angle is the inverse sine of the ratio of the opposite side to the hypotenuse:

$$
\theta = \sin^{-1}\left(\frac{AB}{BC}\right)
$$

Substituting the known values into the equation:

$$
48^{\circ} = \sin^{-1}\left(\frac{2}{x}\right)
$$

To solve for $x$, we take the sine ($\sin$) of both sides of the equation:

$$
\sin 48^{\circ} = \frac{2}{x}
$$

Next, we rearrange the equation to isolate $x$:

$$
x \sin 48^{\circ} = 2
$$

$$
x = \frac{2}{\sin 48^{\circ}}
$$

Using a calculator to find the value of $\sin 48^{\circ} \approx 0.7431$:

$$
x \approx 2.69\text{ m}
$$

The length of the supporting rod required is approximately $2.69\text{ meters}$.

---

# **Key Formulas or Methods Used**

- **Sine Ratio:** $\sin(\theta) = \frac{\text{Opposite}}{\text{Hypotenuse}}$
- **Inverse Sine Function:** $\theta = \sin^{-1}\left(\frac{\text{Opposite}}{\text{Hypotenuse}}\right)$
- **Algebraic Rearrangement:** Solving for a variable in the denominator.

---

# **Summary of Steps**

1. Identify the height ($2\text{m}$) as the opposite side and the rod length ($x$) as the hypotenuse.
2. Set up the inverse sine equation using the given angle of $48^{\circ}$.
3. Convert the inverse sine equation into a standard sine equation.
4. Rearrange the formula to isolate the unknown variable $x$.
5. Calculate the final length using the sine value of the angle.",,,"numerical","7",,"For optional energy absorption, a solar panel needs to be installed at an angle where it directly faces the sun at noon, which is at a $48^{\circ}$ angle from the horizontal. If the panel is placed 2 meters above the ground, calculate the length of the supporting rod required using an inverse sine function.

---","ms7b97k9jtt2h324t4f5f08gpx85pag5",,"xd7cv18w5mrpjmsbwbqntahy8n8c7pkk","Exercise 9.3","exercise",
"maths-12","09-solution-of-trigonometric-equations","Solution Of Trigonometric Equations","exercise-9-3","9.3 Angles of Elevation and Depression","m17b0jg6v9nmcbg883vvgrt10s8c6pxx",,,,,,,"false",,"# **Background and Explanation**

To solve this problem, we treat the roof structure as a right-angled triangle. We use the Pythagorean theorem to find the length of the unknown side and then apply the inverse cosine function ($\cos^{-1}$), which relates the adjacent side (base) and the hypotenuse to find the angle of inclination.

---

# **Solution**

Based on the provided diagram and data:

First, we define the dimensions of the triangle formed by the roof:
- Let $AB$ be the peak (height) of the roof: $AB = 3 \text{ m}$
- Let $BC$ be the span (hypotenuse) of the roof: $BC = 10 \text{ m}$
- Let $AC$ be the horizontal length (base): $AC = x$
- Let the angle of installation be: $\angle ACB = \theta$

### **Step 1: Find the horizontal length ($x$)**
Using the Pythagoras theorem ($a^2 + b^2 = c^2$), where $BC$ is the hypotenuse:

$$
\begin{aligned}
(BC)^{2} &= (AC)^{2} + (AB)^{2} \\
(10)^{2} &= x^{2} + 3^{2} \\
100 &= x^{2} + 9 \\
x^{2} &= 100 - 9 \\
x^{2} &= 91 \\
x &= \sqrt{91}
\end{aligned}
$$

### **Step 2: Calculate the angle ($\theta$)**
We use the cosine ratio, which is defined as the ratio of the adjacent side (Base) to the hypotenuse (Hyp). To find the angle, we use the inverse cosine function:

$$
\begin{aligned}
\theta &= \cos^{-1}\left(\frac{\text{Base}}{\text{Hyp}}\right) \\
\theta &= \cos^{-1}\left(\frac{\sqrt{91}}{10}\right)
\end{aligned}
$$

By calculating the value:
$$
\theta \approx 17^{\circ} 27'
$$

The angle at which the roof trusses should be installed is approximately $17^{\circ} 27'$.

---

# **Key Formulas or Methods Used**

*   **Pythagorean Theorem:** $c^2 = a^2 + b^2$ (where $c$ is the hypotenuse)
*   **Cosine Ratio:** $\cos(\theta) = \frac{\text{Adjacent}}{\text{Hypotenuse}}$
*   **Inverse Cosine Function:** $\theta = \cos^{-1}\left(\frac{\text{Adjacent}}{\text{Hypotenuse}}\right)$

---

# **Summary of Steps**

1.  Identify the given sides: Height ($3\text{ m}$) and Hypotenuse ($10\text{ m}$).
2.  Apply the Pythagorean theorem to solve for the missing horizontal base ($x = \sqrt{91}$).
3.  Set up the cosine ratio using the base and the hypotenuse.
4.  Use the inverse cosine function to solve for the angle $\theta$.
5.  Convert the decimal result into degrees and minutes.",,,"unclassified","8",,"In constructing a roof, the horizontal span is 10 meters, and the desired height of the roof's peak is 3 meters. Determine the angle at which the roof trusses should be installed using an inverse cosine function.

---","ms7b97k9jtt2h324t4f5f08gpx85pag5",,"xd7cv18w5mrpjmsbwbqntahy8n8c7pkk","Exercise 9.3","exercise","{""blockIndex"":2,""chapterNumber"":9,""page"":271,""subjectSlug"":""maths-12""}"
"maths-12","09-solution-of-trigonometric-equations","Solution Of Trigonometric Equations","exercise-9-3","9.3 Angles of Elevation and Depression","m176rghye4brg3svj3k95b335h8c72p7",,,,,,,"false",,"# **Background and Explanation**

To solve this problem, we use right-angle trigonometry. We represent the tower and the cable as a right triangle where the tower is the opposite side, the ground is the adjacent side, and the cable is the hypotenuse. We utilize trigonometric ratios like tangent and cosine to find missing side lengths.

---

# **Solution**

Based on the problem description, let's define the components of our right triangle:
- Let $AB$ be the height of the tower: $AB = 15\text{ m}$
- Let $BC$ be the length of the cable (hypotenuse): $BC = r$
- Let $AC$ be the length of the base on the ground: $AC = x$
- Let $\theta$ be the angle the cable makes with the ground: $\theta = 60^{\circ}$

## Step 1: Find the length of the base ($AC$)
To use the inverse cosine function later, we first need the length of the adjacent side ($AC$). We use the tangent formula because we know the opposite side ($AB$) and the angle ($\theta$):

$$
\tan \theta = \frac{AB}{AC}
$$

Substituting the known values:

$$
\tan 60^{\circ} = \frac{15}{AC}
$$

Rearranging to solve for $AC$:

$$
AC = \frac{15}{\tan 60^{\circ}}
$$

Since $\tan 60^{\circ} = \sqrt{3}$:

$$
AC = \frac{15}{\sqrt{3}} = 5\sqrt{3}
$$

## Step 2: Use the inverse cosine function to find the cable length ($BC$)
The definition of the cosine function is the ratio of the adjacent side to the hypotenuse. The inverse cosine function relates the angle to this ratio:

$$
\theta = \cos^{-1}\left(\frac{AC}{BC}\right)
$$

Substituting our known values:

$$
60^{\circ} = \cos^{-1}\left(\frac{5\sqrt{3}}{BC}\right)
$$

To solve for $BC$, we take the cosine of both sides:

$$
\cos 60^{\circ} = \frac{5\sqrt{3}}{BC}
$$

Now, isolate $BC$:

$$
BC = \frac{5\sqrt{3}}{\cos 60^{\circ}}
$$

Since $\cos 60^{\circ} = 0.5$ (or $\frac{1}{2}$):

$$
BC = \frac{5\sqrt{3}}{0.5} = 10\sqrt{3} \text{ m}
$$

## Step 3: Final Calculation
Converting the exact value to a decimal:

$$
BC \approx 10 \times 1.732 = 17.32 \text{ m}
$$

The length of the cable needed is approximately **$17.32\text{ m}$**.

---

# **Key Formulas or Methods Used**

- **Tangent Ratio:** $\tan \theta = \frac{\text{Opposite}}{\text{Adjacent}}$
- **Cosine Ratio:** $\cos \theta = \frac{\text{Adjacent}}{\text{Hypotenuse}}$
- **Inverse Cosine Function:** $\theta = \cos^{-1}\left(\frac{\text{Adjacent}}{\text{Hypotenuse}}\right)$
- **Pythagoras Theorem:** $(BC)^{2} = (AC)^{2} + (AB)^{2}$

---

# **Summary of Steps**

1. Identify the given values: height ($AB = 15$) and angle ($\theta = 60^{\circ}$).
2. Calculate the length of the base ($AC$) using the tangent function.
3. Set up the inverse cosine equation using the base ($AC$) and the unknown cable length ($BC$).
4. Solve the equation for $BC$ by applying the cosine of the given angle.
5. Calculate the final numerical value for the cable length.",,,"unclassified","9",,"A cable supporting a 15-meter high tower forms a $60^{\circ}$ angle with the ground. Determine the length of the cable needed to support the tower using the inverse cosine function.

---","ms7b97k9jtt2h324t4f5f08gpx85pag5",,"xd7cv18w5mrpjmsbwbqntahy8n8c7pkk","Exercise 9.3","exercise",